Date,PW|base,PW|stop 1%,PW|stop 2%,PW|stop 3%,PW|band overhedge -2% x0.5,PW|band overhedge -4% x0.25,PW|delta overhedge 1.25x,PW|delta overhedge 1.5x,"PW|delta overhedge 1.5x, daily",PW|delta hedge daily (1.0x),CO|base,CO|stop 1%,CO|stop 2%,CO|stop 3%,EV|base,EV|stop 0.5%,EV|stop 1%,EV|stop 2%
2007-02-16,0.0,0.0,0.0,0.0,0.0,0.0,0.0,0.0,0.0,0.0,0.0,0.0,0.0,0.0,0.0,0.0,0.0,0.0
2007-02-20,0.0,0.0,0.0,0.0,0.0,0.0,0.0,0.0,0.0,0.0,-1330.2698929553153,-1330.2698929553153,-1330.2698929553153,-1330.2698929553153,27.137984350323677,27.137984350323677,27.137984350323677,27.137984350323677
2007-02-21,0.0,0.0,0.0,0.0,0.0,0.0,0.0,0.0,0.0,0.0,-777.2992996301036,-777.2992996301036,-777.2992996301036,-777.2992996301036,60.98635528294835,60.98635528294835,60.98635528294835,60.98635528294835
2007-02-22,0.0,0.0,0.0,0.0,0.0,0.0,0.0,0.0,0.0,0.0,977.1288884095848,977.1288884095848,977.1288884095848,977.1288884095848,90.60612711613066,90.60612711613066,90.60612711613066,90.60612711613066
2007-02-23,0.0,0.0,0.0,0.0,0.0,0.0,0.0,0.0,0.0,0.0,431.0398998619057,431.0398998619057,431.0398998619057,431.0398998619057,-55.124555687070824,-55.124555687070824,-55.124555687070824,-55.124555687070824
2007-02-26,0.0,0.0,0.0,0.0,0.0,0.0,0.0,0.0,0.0,0.0,51.439399926690385,51.439399926690385,51.439399926690385,51.439399926690385,-121.22888190217782,-121.22888190217782,-121.22888190217782,-121.22888190217782
2007-02-27,0.0,0.0,0.0,0.0,0.0,0.0,0.0,0.0,0.0,0.0,-1907.0151849697577,-1907.0151849697577,-1907.0151849697577,-1907.0151849697577,-409.0058169941185,-409.0058169941185,-409.0058169941185,-409.0058169941185
2007-02-28,0.0,0.0,0.0,0.0,0.0,0.0,0.0,0.0,0.0,0.0,-1012.3604661200661,-1012.3604661200661,-1012.3604661200661,-1012.3604661200661,-284.7536195515422,-284.7536195515422,-284.7536195515422,-284.7536195515422
2007-03-01,0.0,0.0,0.0,0.0,0.0,0.0,0.0,0.0,0.0,0.0,-1148.2383281246293,-1148.2383281246293,-1148.2383281246293,-1148.2383281246293,-378.7583055647556,-378.7583055647556,-378.7583055647556,-378.7583055647556
2007-03-02,0.0,0.0,0.0,0.0,0.0,0.0,0.0,0.0,0.0,0.0,-1379.018941789167,-1379.018941789167,-1379.018941789167,-1379.018941789167,-567.1498981741024,-567.1498981741024,-567.1498981741024,-567.1498981741024
2007-03-05,0.0,0.0,0.0,0.0,0.0,0.0,0.0,0.0,0.0,0.0,-1330.3088583218632,-1330.3088583218632,-1330.3088583218632,-1330.3088583218632,-579.1530182512943,-579.1530182512943,-579.1530182512943,-579.1530182512943
2007-03-06,0.0,0.0,0.0,0.0,0.0,0.0,0.0,0.0,0.0,0.0,-967.2992989455815,-967.2992989455815,-967.2992989455815,-967.2992989455815,-636.3662936675828,-636.3662936675828,-636.3662936675828,-636.3662936675828
2007-03-07,0.0,0.0,0.0,0.0,0.0,0.0,0.0,0.0,0.0,0.0,-272.8712385732215,-272.8712385732215,-272.8712385732215,-272.8712385732215,-592.815129802213,-592.815129802213,-592.815129802213,-592.815129802213
2007-03-08,0.0,0.0,0.0,0.0,0.0,0.0,0.0,0.0,0.0,0.0,112.36595698294695,112.36595698294695,112.36595698294695,112.36595698294695,-668.9752378420671,-668.9752378420671,-668.9752378420671,-668.9752378420671
2007-03-09,0.0,0.0,0.0,0.0,0.0,0.0,0.0,0.0,0.0,0.0,409.2557080211118,409.2557080211118,409.2557080211118,409.2557080211118,-682.5668370928615,-682.5668370928615,-682.5668370928615,-682.5668370928615
2007-03-12,0.0,0.0,0.0,0.0,0.0,0.0,0.0,0.0,0.0,0.0,-0.9193327309330925,-0.9193327309330925,-0.9193327309330925,-0.9193327309330925,-777.5334767270833,-777.5334767270833,-777.5334767270833,-777.5334767270833
2007-03-13,0.0,0.0,0.0,0.0,0.0,0.0,0.0,0.0,0.0,0.0,213.03849751339294,213.03849751339294,213.03849751339294,213.03849751339294,-953.2604363170685,-953.2604363170685,-953.2604363170685,-953.2604363170685
2007-03-14,0.0,0.0,0.0,0.0,0.0,0.0,0.0,0.0,0.0,0.0,-30.990837121848017,-30.990837121848017,-30.990837121848017,-30.990837121848017,-909.1025577354012,-909.1025577354012,-909.1025577354012,-909.1025577354012
2007-03-15,0.0,0.0,0.0,0.0,0.0,0.0,0.0,0.0,0.0,0.0,49.71318546705879,49.71318546705879,49.71318546705879,49.71318546705879,-923.7200535387965,-923.7200535387965,-923.7200535387965,-923.7200535387965
2007-03-16,0.0,0.0,0.0,0.0,0.0,0.0,0.0,0.0,0.0,0.0,251.25208891776856,251.25208891776856,251.25208891776856,251.25208891776856,-956.4285209311638,-956.4285209311638,-956.4285209311638,-956.4285209311638
2007-03-19,-331.85340718203224,-331.85340718203224,-331.85340718203224,-331.85340718203224,-331.85340718203224,-331.85340718203224,-331.85340718203224,-331.85340718203224,-362.0518342173891,-358.09218804258853,-24.54120688699186,-24.54120688699186,-24.54120688699186,-24.54120688699186,-965.049183215946,-965.049183215946,-965.049183215946,-965.049183215946
2007-03-20,613.640206662938,613.640206662938,613.640206662938,613.640206662938,613.640206662938,613.640206662938,613.640206662938,613.640206662938,420.7677822787082,643.929064495489,187.94300712121185,187.94300712121185,187.94300712121185,187.94300712121185,-1191.2204292912502,-1191.2204292912502,-1191.2204292912502,-1191.2204292912502
2007-03-21,-981.6303441805067,-981.6303441805067,-981.6303441805067,-981.6303441805067,-981.6303441805067,-981.6303441805067,-981.6303441805067,-981.6303441805067,539.3102976904484,1138.1328383758664,-538.171144346823,-538.171144346823,-538.171144346823,-538.171144346823,-2540.1508672153577,-2540.1508672153577,-2540.1508672153577,-2540.1508672153577
2007-03-22,-1284.5248227898264,-1284.5248227898264,-1284.5248227898264,-1284.5248227898264,-1284.5248227898264,-1284.5248227898264,-1284.5248227898264,-1284.5248227898264,375.8713359568501,980.6415491410298,356.6550872914959,356.6550872914959,356.6550872914959,356.6550872914959,-2381.5589419647586,-2381.5589419647586,-2381.5589419647586,-2381.5589419647586
2007-03-23,-951.1287058914313,-951.1287058914313,-951.1287058914313,-951.1287058914313,-951.1287058914313,-951.1287058914313,-951.7244490138255,-952.3201921362197,477.82579695340246,1070.2146616816754,-917.7140097350348,-917.7140097350348,-917.7140097350348,-917.7140097350348,-2267.724150453345,-2267.724150453345,-2267.724150453345,-2267.724150453345
2007-03-26,-1382.902763164835,-1382.902763164835,-1382.902763164835,-1382.902763164835,-1382.902763164835,-1382.902763164835,-1391.3926383288344,-1399.8825134929502,27.199737566756085,635.8385522773024,-2316.0142299901927,-2316.0142299901927,-2316.0142299901927,-2316.0142299901927,-1906.1946385045303,-1906.1946385045303,-1906.1946385045303,-1906.1946385045303
2007-03-27,-1943.3799357517855,-1943.3799357517855,-1943.3799357517855,-1943.3799357517855,-1943.3799357517855,-1943.3799357517855,-1965.994890039321,-1988.609844326973,-576.008085683221,71.84658207686152,-764.1485909244511,-764.1485909244511,-764.1485909244511,-764.1485909244511,-1466.5698959914735,-1466.5698959914735,-1466.5698959914735,-1466.5698959914735
2007-03-28,-2994.7479899784084,-2994.7479899784084,-2994.7479899784084,-2994.7479899784084,-2994.7479899784084,-2994.7479899784084,-3060.5700004001847,-3126.3920108220773,-1847.1541980470065,-1078.339857285493,-1744.4103519094642,-1744.4103519094642,-1744.4103519094642,-1744.4103519094642,-1715.478556611226,-1715.478556611226,-1715.478556611226,-1715.478556611226
2007-03-29,-2825.281193633098,-2825.281193633098,-2825.281193633098,-2825.281193633098,-2825.281193633098,-2825.281193633098,-2884.8736146748997,-2944.466035716934,-1689.2037924919277,-930.0852019304875,-2804.8170401401585,-2804.8170401401585,-2804.8170401401585,-2804.8170401401585,-1760.6130507257767,-1760.6130507257767,-1760.6130507257767,-1760.6130507257767
2007-03-30,-3412.650598102249,-3412.650598102249,-3412.650598102249,-3412.650598102249,-3412.650598102249,-3412.650598102249,-3471.248981298879,-3529.8473644958576,-2188.0257972662803,-1431.5424991052132,-1985.4875850247918,-1985.4875850247918,-1985.4875850247918,-1985.4875850247918,-1139.341942967265,-1139.341942967265,-1139.341942967265,-1139.341942967265
2007-04-02,-2968.0999975792365,-2968.0999975792365,-2968.0999975792365,-2968.0999975792365,-2968.0999975792365,-2968.0999975792365,-3017.197783177602,-3066.295568776317,-1729.402998836129,-990.9520807033405,-2667.900150105823,-2667.900150105823,-2667.900150105823,-2667.900150105823,-1301.2320431614062,-1301.2320431614062,-1301.2320431614062,-1301.2320431614062
2007-04-03,-2282.094234445365,-2282.094234445365,-2282.094234445365,-2282.094234445365,-2282.094234445365,-2282.094234445365,-2240.3393213741947,-2198.5844083033735,-730.0914448520634,-277.01180714846123,-977.733394339215,-977.733394339215,-977.733394339215,-977.733394339215,-691.0438070816454,-691.0438070816454,-691.0438070816454,-691.0438070816454
2007-04-04,-1830.477916500182,-1830.477916500182,-1830.477916500182,-1830.477916500182,-1830.477916500182,-1830.477916500182,-1779.2224058307474,-1727.9668951616623,-419.58231781132054,-2.9967779263388366,-337.91365826432593,-337.91365826432593,-337.91365826432593,-337.91365826432593,-128.11835537361912,-128.11835537361912,-128.11835537361912,-128.11835537361912
2007-04-05,-1772.554814047413,-1772.554814047413,-1772.554814047413,-1772.554814047413,-1772.554814047413,-1772.554814047413,-1698.1390094234375,-1623.7232047998114,-396.3120590390172,-72.46090403047856,-934.9372365738964,-934.9372365738964,-934.9372365738964,-934.9372365738964,-255.9951155029703,-255.9951155029703,-255.9951155029703,-255.9951155029703
2007-04-09,-2048.914276672178,-2048.914276672178,-2048.914276672178,-2048.914276672178,-2048.914276672178,-2048.914276672178,-1963.57719585835,-1878.240115044755,-407.18333301425446,-130.3032927562017,-2043.335026799352,-2043.335026799352,-2043.335026799352,-2043.335026799352,337.1456269567134,337.1456269567134,337.1456269567134,337.1456269567134
2007-04-10,-2268.364114346681,-2268.364114346681,-2268.364114346681,-2268.364114346681,-2268.364114346681,-2268.364114346681,-2161.7088549545733,-2055.0535955626983,-585.7578230832005,-351.3672215222614,-2073.178282099194,-2073.178282099194,-2073.178282099194,-2073.178282099194,133.45228410407435,133.45228410407435,133.45228410407435,133.45228410407435
2007-04-11,-2541.8724817560287,-2541.8724817560287,-2541.8724817560287,-2541.8724817560287,-2541.8724817560287,-2541.8724817560287,-2509.2247436505277,-2476.577005545376,-873.6355052134022,-496.46152294788044,-1153.5279421049636,-1153.5279421049636,-1153.5279421049636,-1153.5279421049636,908.0599059311207,908.0599059311207,908.0599059311207,908.0599059311207
2007-04-12,-2692.2928443206474,-2692.2928443206474,-2692.2928443206474,-2692.2928443206474,-2692.2928443206474,-2692.2928443206474,-2579.356518914923,-2466.420193509548,-704.2637664135545,-514.1358744523022,-1357.203401218867,-1357.203401218867,-1357.203401218867,-1357.203401218867,1899.8666523449356,1899.8666523449356,1899.8666523449356,1899.8666523449356
2007-04-13,-2232.6239134697244,-2232.6239134697244,-2232.6239134697244,-2232.6239134697244,-2232.6239134697244,-2232.6239134697244,-2036.887121013482,-1841.1503285574727,-128.5018479244318,-91.88649367529433,-527.5032606008463,-527.5032606008463,-527.5032606008463,-527.5032606008463,2124.8885740701808,2124.8885740701808,2124.8885740701808,2124.8885740701808
2007-04-16,-1676.7511286967201,-1676.7511286967201,-1676.7511286967201,-1676.7511286967201,-1676.7511286967201,-1676.7511286967201,-1309.58872579108,-942.4263228855561,173.77053400105797,-7.2520587022881955,-3032.8842111874837,-3032.8842111874837,-3032.8842111874837,-3032.8842111874837,2697.205732449307,2697.205732449307,2697.205732449307,2697.205732449307
2007-04-17,-1577.4457822364056,-1577.4457822364056,-1577.4457822364056,-1577.4457822364056,-1577.4457822364056,-1577.4457822364056,-1207.0576658815844,-836.6695495267631,278.7412087954581,91.47130490874406,-2414.6674359416356,-2414.6674359416356,-2414.6674359416356,-2414.6674359416356,3140.527460876154,3140.527460876154,3140.527460876154,3140.527460876154
2007-04-18,-1487.3131849047495,-1487.3131849047495,-1487.3131849047495,-1487.3131849047495,-1487.3131849047495,-1487.3131849047495,-1115.4353488878114,-743.5575128709897,366.89242769335397,179.17953768442385,-1642.1269149583532,-1642.1269149583532,-1642.1269149583532,-1642.1269149583532,3786.6557915521553,3786.6557915521553,3786.6557915521553,3786.6557915521553
2007-04-19,-1409.6507849443005,-1409.6507849443005,-1409.6507849443005,-1409.6507849443005,-1409.6507849443005,-1409.6507849443005,-1038.1039276546799,-666.5570703650592,407.8981176165398,220.19196592376102,-774.9939399281284,-774.9939399281284,-774.9939399281284,-774.9939399281284,3646.6197749100393,3646.6197749100393,3646.6197749100393,3646.6197749100393
2007-04-20,-423.73960724903736,-423.73960724903736,-423.73960724903736,-423.73960724903736,-423.73960724903736,-423.73960724903736,-40.694821111042984,342.3499650269514,1348.3530380688608,1160.646817852743,-1719.332584992284,-1719.332584992284,-1719.332584992284,-1719.332584992284,4099.053727412014,4099.053727412014,4099.053727412014,4099.053727412014
2007-04-23,-423.73960724903736,-423.73960724903736,-423.73960724903736,-423.73960724903736,-423.73960724903736,-423.73960724903736,-40.694821111042984,342.3499650269514,1348.3530380688608,1160.646817852743,-3659.866891501588,-3659.866891501588,-3659.866891501588,-3659.866891501588,4163.734062928241,4163.734062928241,4163.734062928241,4163.734062928241
2007-04-24,-423.73960724903736,-423.73960724903736,-423.73960724903736,-423.73960724903736,-423.73960724903736,-423.73960724903736,-40.694821111042984,342.3499650269514,1348.3530380688608,1160.646817852743,-2121.881295520696,-2121.881295520696,-2121.881295520696,-2121.881295520696,4119.1823912430555,4119.1823912430555,4119.1823912430555,4119.1823912430555
2007-04-25,-423.73960724903736,-423.73960724903736,-423.73960724903736,-423.73960724903736,-423.73960724903736,-423.73960724903736,-40.694821111042984,342.3499650269514,1348.3530380688608,1160.646817852743,-1375.5554164847126,-1375.5554164847126,-1375.5554164847126,-1375.5554164847126,4167.529130768264,4167.529130768264,4167.529130768264,4167.529130768264
2007-04-26,-423.73960724903736,-423.73960724903736,-423.73960724903736,-423.73960724903736,-423.73960724903736,-423.73960724903736,-40.694821111042984,342.3499650269514,1348.3530380688608,1160.646817852743,-982.8063733071322,-982.8063733071322,-982.8063733071322,-982.8063733071322,4036.1414943215204,4036.1414943215204,4036.1414943215204,4036.1414943215204
2007-04-27,-423.73960724903736,-423.73960724903736,-423.73960724903736,-423.73960724903736,-423.73960724903736,-423.73960724903736,-40.694821111042984,342.3499650269514,1348.3530380688608,1160.646817852743,27.21601742261555,27.21601742261555,27.21601742261555,27.21601742261555,3730.106315652607,3730.106315652607,3730.106315652607,3730.106315652607
2007-04-30,-423.73960724903736,-423.73960724903736,-423.73960724903736,-423.73960724903736,-423.73960724903736,-423.73960724903736,-40.694821111042984,342.3499650269514,1348.3530380688608,1160.646817852743,-1461.50988047407,-1461.50988047407,-1461.50988047407,-1461.50988047407,3967.6541152307764,3967.6541152307764,3967.6541152307764,3967.6541152307764
2007-05-01,-423.73960724903736,-423.73960724903736,-423.73960724903736,-423.73960724903736,-423.73960724903736,-423.73960724903736,-40.694821111042984,342.3499650269514,1348.3530380688608,1160.646817852743,-535.2855988441734,-535.2855988441734,-535.2855988441734,-535.2855988441734,3760.4277395704994,3760.4277395704994,3760.4277395704994,3760.4277395704994
2007-05-02,-423.73960724903736,-423.73960724903736,-423.73960724903736,-423.73960724903736,-423.73960724903736,-423.73960724903736,-40.694821111042984,342.3499650269514,1348.3530380688608,1160.646817852743,-863.9709000793518,-863.9709000793518,-863.9709000793518,-863.9709000793518,3797.415433685179,3797.415433685179,3797.415433685179,3797.415433685179
2007-05-03,-423.73960724903736,-423.73960724903736,-423.73960724903736,-423.73960724903736,-423.73960724903736,-423.73960724903736,-40.694821111042984,342.3499650269514,1348.3530380688608,1160.646817852743,-1012.1439330498688,-1012.1439330498688,-1012.1439330498688,-1012.1439330498688,3802.82281601883,3802.82281601883,3802.82281601883,3802.82281601883
2007-05-04,-423.73960724903736,-423.73960724903736,-423.73960724903736,-423.73960724903736,-423.73960724903736,-423.73960724903736,-40.694821111042984,342.3499650269514,1348.3530380688608,1160.646817852743,-525.6584972331766,-525.6584972331766,-525.6584972331766,-525.6584972331766,4087.499196935445,4087.499196935445,4087.499196935445,4087.499196935445
2007-05-07,-423.73960724903736,-423.73960724903736,-423.73960724903736,-423.73960724903736,-423.73960724903736,-423.73960724903736,-40.694821111042984,342.3499650269514,1348.3530380688608,1160.646817852743,-2111.634741644608,-2111.634741644608,-2111.634741644608,-2111.634741644608,4306.407520041568,4306.407520041568,4306.407520041568,4306.407520041568
2007-05-08,-423.73960724903736,-423.73960724903736,-423.73960724903736,-423.73960724903736,-423.73960724903736,-423.73960724903736,-40.694821111042984,342.3499650269514,1348.3530380688608,1160.646817852743,-2156.2836452018237,-2156.2836452018237,-2156.2836452018237,-2156.2836452018237,4197.917840618873,4197.917840618873,4197.917840618873,4197.917840618873
2007-05-09,-423.73960724903736,-423.73960724903736,-423.73960724903736,-423.73960724903736,-423.73960724903736,-423.73960724903736,-40.694821111042984,342.3499650269514,1348.3530380688608,1160.646817852743,-1599.4174657502444,-1599.4174657502444,-1599.4174657502444,-1599.4174657502444,4084.8764362133807,4084.8764362133807,4084.8764362133807,4084.8764362133807
2007-05-10,-423.73960724903736,-423.73960724903736,-423.73960724903736,-423.73960724903736,-423.73960724903736,-423.73960724903736,-40.694821111042984,342.3499650269514,1348.3530380688608,1160.646817852743,-149.6065638733562,-149.6065638733562,-149.6065638733562,-149.6065638733562,4077.212862970773,4077.212862970773,4077.212862970773,4077.212862970773
2007-05-11,-423.73960724903736,-423.73960724903736,-423.73960724903736,-423.73960724903736,-423.73960724903736,-423.73960724903736,-40.694821111042984,342.3499650269514,1348.3530380688608,1160.646817852743,926.6215162533335,926.6215162533335,926.6215162533335,926.6215162533335,4154.559355508303,4154.559355508303,4154.559355508303,4154.559355508303
2007-05-14,-423.73960724903736,-423.73960724903736,-423.73960724903736,-423.73960724903736,-423.73960724903736,-423.73960724903736,-40.694821111042984,342.3499650269514,1348.3530380688608,1160.646817852743,279.0656729360344,279.0656729360344,279.0656729360344,279.0656729360344,4249.239487770828,4249.239487770828,4249.239487770828,4249.239487770828
2007-05-15,-423.73960724903736,-423.73960724903736,-423.73960724903736,-423.73960724903736,-423.73960724903736,-423.73960724903736,-40.694821111042984,342.3499650269514,1348.3530380688608,1160.646817852743,1085.1517192350002,1085.1517192350002,1085.1517192350002,1085.1517192350002,4338.408391385805,4338.408391385805,4338.408391385805,4338.408391385805
2007-05-16,-423.73960724903736,-423.73960724903736,-423.73960724903736,-423.73960724903736,-423.73960724903736,-423.73960724903736,-40.694821111042984,342.3499650269514,1348.3530380688608,1160.646817852743,2309.0741673004813,2309.0741673004813,2309.0741673004813,2309.0741673004813,4247.96608509589,4247.96608509589,4247.96608509589,4247.96608509589
2007-05-17,-423.73960724903736,-423.73960724903736,-423.73960724903736,-423.73960724903736,-423.73960724903736,-423.73960724903736,-40.694821111042984,342.3499650269514,1348.3530380688608,1160.646817852743,3029.5042478970718,3029.5042478970718,3029.5042478970718,3029.5042478970718,4266.146640895517,4266.146640895517,4266.146640895517,4266.146640895517
2007-05-18,-423.73960724903736,-423.73960724903736,-423.73960724903736,-423.73960724903736,-423.73960724903736,-423.73960724903736,-40.694821111042984,342.3499650269514,1348.3530380688608,1160.646817852743,6590.145721719367,6590.145721719367,6590.145721719367,6590.145721719367,4228.332218686002,4228.332218686002,4228.332218686002,4228.332218686002
2007-05-21,-1695.0207065897994,-1695.0207065897994,-1695.0207065897994,-1695.0207065897994,-1695.0207065897994,-1695.0207065897994,-1311.975920451805,-928.9311343138106,31.78485928021837,-147.77026257431135,6590.145721719367,6590.145721719367,6590.145721719367,6590.145721719367,4298.334514571819,4298.334514571819,4298.334514571819,4298.334514571819
2007-05-22,-1414.9054196428042,-1414.9054196428042,-1414.9054196428042,-1414.9054196428042,-1414.9054196428042,-1414.9054196428042,-1031.8606335048098,-648.8158473668154,247.13796037365682,3.6755637747701257,6590.145721719367,6590.145721719367,6590.145721719367,6590.145721719367,4301.90685836866,4301.90685836866,4301.90685836866,4301.90685836866
2007-05-23,-1715.084028939018,-1715.084028939018,-1715.084028939018,-1715.084028939018,-1715.084028939018,-1715.084028939018,-1332.0392428010236,-948.9944566630293,-418.53723308455665,-650.8662638608366,6590.145721719367,6590.145721719367,6590.145721719367,6590.145721719367,4295.150147848297,4295.150147848297,4295.150147848297,4295.150147848297
2007-05-24,-1529.843404659303,-1529.843404659303,-1529.843404659303,-1529.843404659303,-1529.843404659303,-1529.843404659303,-1146.7986185213085,-763.7538323833141,-444.0085013213102,-1395.716152223642,6590.145721719367,6590.145721719367,6590.145721719367,6590.145721719367,4180.457464849576,4180.457464849576,4180.457464849576,4180.457464849576
2007-05-25,-1589.6071376084583,-1589.6071376084583,-1589.6071376084583,-1589.6071376084583,-1589.6071376084583,-1589.6071376084583,-1211.6314204563387,-833.6557033042191,-101.05652915360406,-520.279924918199,6590.145721719367,6590.145721719367,6590.145721719367,6590.145721719367,4428.730181003339,4428.730181003339,4428.730181003339,4428.730181003339
2007-05-29,-2507.1226588350255,-2507.1226588350255,-2507.1226588350255,-2507.1226588350255,-2507.1226588350255,-2507.1226588350255,-2312.9067618428962,-2118.6908648506505,-1399.6261180737056,-1448.1848952310393,6590.145721719367,6590.145721719367,6590.145721719367,6590.145721719367,4684.999406498508,4684.999406498508,4684.999406498508,4684.999406498508
2007-05-30,-2471.096709846519,-2471.096709846519,-2471.096709846519,-2471.096709846519,-2471.096709846519,-2471.096709846519,-2691.244974501431,-2911.39323915611,-1368.3256530242506,-839.7595966444351,6590.145721719367,6590.145721719367,6590.145721719367,6590.145721719367,4724.529991853982,4724.529991853982,4724.529991853982,4724.529991853982
2007-05-31,-2360.53464011685,-2360.53464011685,-2360.53464011685,-2360.53464011685,-2360.53464011685,-2360.53464011685,-2527.231591447722,-2693.928542778245,-1335.4291818143101,-833.2358755975729,6590.145721719367,6590.145721719367,6590.145721719367,6590.145721719367,4797.568420750671,4797.568420750671,4797.568420750671,4797.568420750671
2007-06-01,-2508.2031751393806,-2508.2031751393806,-2508.2031751393806,-2508.2031751393806,-2508.2031751393806,-2508.2031751393806,-2928.8775871928083,-3349.5519992458867,-1219.9013638574397,-586.0922255645273,6590.145721719367,6590.145721719367,6590.145721719367,6590.145721719367,4818.818650495377,4818.818650495377,4818.818650495377,4818.818650495377
2007-06-04,-2160.0815430437215,-2160.0815430437215,-2160.0815430437215,-2160.0815430437215,-2160.0815430437215,-2160.0815430437215,-2593.277653643745,-3026.473764243303,-1307.0786644998007,-671.6560614587506,6590.145721719367,6590.145721719367,6590.145721719367,6590.145721719367,5029.202633067849,5029.202633067849,5029.202633067849,5029.202633067849
2007-06-05,-2853.123182826559,-2853.123182826559,-2853.123182826559,-2853.123182826559,-2853.123182826559,-2853.123182826559,-3313.731370573747,-3774.339558320469,-2060.8745846603997,-1369.5352200354682,6590.145721719367,6590.145721719367,6590.145721719367,6590.145721719367,5066.606854523532,5066.606854523532,5066.606854523532,5066.606854523532
2007-06-06,-4628.011006207205,-4628.011006207205,-4628.011006207205,-4628.011006207205,-4628.011006207205,-4628.011006207205,-5162.770186762442,-5697.529367317213,-3839.0143996184925,-3110.986379527021,6590.145721719367,6590.145721719367,6590.145721719367,6590.145721719367,5011.270624461351,5011.270624461351,5011.270624461351,5011.270624461351
2007-06-07,-8812.55594298779,-8812.55594298779,-8812.55594298779,-8812.55594298779,-8899.55594298779,-8812.55594298779,-9470.443072275375,-10128.330201562494,-5630.415862138732,-5890.367508309544,6590.145721719367,6590.145721719367,6590.145721719367,6590.145721719367,4638.4424235676415,4638.4424235676415,4638.4424235676415,4638.4424235676415
2007-06-08,-5736.478553878027,-5736.478553878027,-5736.478553878027,-5736.478553878027,-17143.212463586824,-5736.478553878027,-6307.186378543614,-6877.894203208736,-8333.661734947935,-5860.956939027179,6590.145721719367,6590.145721719367,6590.145721719367,6590.145721719367,5015.518964098184,5015.518964098184,5015.518964098184,5015.518964098184
2007-06-11,-5562.882819184684,-5562.882819184684,-5562.882819184684,-5562.882819184684,-18486.668914282927,-5562.882819184684,-6125.029097670456,-6687.1753761556465,-8567.949792585336,-5942.952741510584,6590.145721719367,6590.145721719367,6590.145721719367,6590.145721719367,5314.855422847439,5314.855422847439,5314.855422847439,5314.855422847439
2007-06-12,-7568.652065830305,-7568.652065830305,-7568.652065830305,-7568.652065830305,-10864.483119097538,-7568.652065830305,-7864.46346634801,-8160.274866865133,-10082.217426411924,-7979.403367764666,6590.145721719367,6590.145721719367,6590.145721719367,6590.145721719367,5211.14460976643,5211.14460976643,5211.14460976643,5211.14460976643
2007-06-13,-5005.5439901625505,-5005.5439901625505,-5005.5439901625505,-5005.5439901625505,-21371.617342522368,-5005.5439901625505,-5662.913101805607,-6320.282213447965,-11755.359942416195,-7344.888443870703,6590.145721719367,6590.145721719367,6590.145721719367,6590.145721719367,5358.984848925029,5358.984848925029,5358.984848925029,5358.984848925029
2007-06-14,-4645.693848202005,-4645.693848202005,-4645.693848202005,-4645.693848202005,-26761.304797778605,-4645.693848202005,-5459.64314018446,-6273.592432166217,-11301.119378977688,-6847.020161484368,6590.145721719367,6590.145721719367,6590.145721719367,6590.145721719367,5343.958235605853,5343.958235605853,5343.958235605853,5343.958235605853
2007-06-15,-6406.834822769626,-6406.834822769626,-6406.834822769626,-6406.834822769626,-28522.445772346226,-6406.834822769626,-7361.160343129071,-8315.485863487818,-13131.418743909104,-8686.040796821704,6590.145721719367,6590.145721719367,6590.145721719367,6590.145721719367,5122.125454812078,5122.125454812078,5122.125454812078,5122.125454812078
2007-06-18,-6684.135482714279,-6684.135482714279,-6684.135482714279,-6684.135482714279,-28799.746432290878,-6684.135482714279,-7638.461003073724,-8592.78652343247,-13456.110455909395,-9002.349624585477,6590.145721719367,6590.145721719367,6590.145721719367,6590.145721719367,5416.065585821634,5416.065585821634,5416.065585821634,5416.065585821634
2007-06-19,-6731.492396590649,-6731.492396590649,-6731.492396590649,-6731.492396590649,-28847.10334616725,-6731.492396590649,-7685.8179169500945,-8640.143437308841,-13558.446797565906,-8895.482171368436,6590.145721719367,6590.145721719367,6590.145721719367,6590.145721719367,5601.746122175129,5601.746122175129,5601.746122175129,5601.746122175129
2007-06-20,-8431.012773549533,-8431.012773549533,-8431.012773549533,-8431.012773549533,-30546.623723126133,-8431.012773549533,-9385.338293908979,-10339.663814267726,-14643.614708616282,-11022.349969840376,6590.145721719367,6590.145721719367,6590.145721719367,6590.145721719367,5437.45453818643,5437.45453818643,5437.45453818643,5437.45453818643
2007-06-21,-8565.36024122336,-8565.36024122336,-8565.36024122336,-8565.36024122336,-30680.97119079996,-8565.36024122336,-9519.685761582805,-10474.011281941552,-14378.191041493323,-10115.693319536047,6590.145721719367,6590.145721719367,6590.145721719367,6590.145721719367,5858.192008627579,5858.192008627579,5858.192008627579,5858.192008627579
2007-06-22,-10661.984500104445,-10661.984500104445,-10661.984500104445,-10661.984500104445,-32777.595449681045,-10661.984500104445,-11622.572731057764,-12583.160962010501,-16804.794226211146,-13445.376828994602,6590.145721719367,6590.145721719367,6590.145721719367,6590.145721719367,5184.313096352969,5184.313096352969,5184.313096352969,5184.313096352969
2007-06-25,-11227.73823342775,-11227.73823342775,-11227.73823342775,-11227.73823342775,-33430.34918300435,-11227.73823342775,-11888.810336902854,-12549.882440377492,-16778.857608023565,-14017.07729209133,6590.145721719367,6590.145721719367,6590.145721719367,6590.145721719367,6448.765861394233,6448.765861394233,6448.765861394233,6448.765861394233
2007-06-26,-10642.812173018,-10642.812173018,-10642.812173018,-10642.812173018,-23903.60268221947,-10642.812173018,-10663.284142492921,-10683.756111967261,-14735.78694087523,-13394.728685584269,6590.145721719367,6590.145721719367,6590.145721719367,6590.145721719367,7554.28143717919,7554.28143717919,7554.28143717919,7554.28143717919
2007-06-27,-8595.133823118405,-8595.133823118405,-8595.133823118405,-8595.133823118405,-34107.668741848436,-8595.133823118405,-9493.331884591607,-10391.529946064227,-16212.248521049507,-12362.507620879565,6590.145721719367,6590.145721719367,6590.145721719367,6590.145721719367,7218.377190393163,7218.377190393163,7218.377190393163,7218.377190393163
2007-06-28,-8709.274417007575,-8709.274417007575,-8709.274417007575,-8709.274417007575,-34105.487135208095,-8709.274417007575,-9599.13905043411,-10489.003683859948,-16582.29304875678,-12748.763689932064,6590.145721719367,6590.145721719367,6590.145721719367,6590.145721719367,7383.7916138941655,7383.7916138941655,7383.7916138941655,7383.7916138941655
2007-06-29,-10617.266487709596,-10617.266487709596,-10617.266487709596,-10617.266487709596,-36304.190238743904,-10617.266487709596,-11528.279955151374,-12439.293422592455,-18512.391984108603,-14638.141927706776,6590.145721719367,6590.145721719367,6590.145721719367,6590.145721719367,7256.88728803955,7256.88728803955,7256.88728803955,7256.88728803955
2007-07-02,-7546.1621273724595,-7546.1621273724595,-7546.1621273724595,-7546.1621273724595,-41129.83290482103,-7546.1621273724595,-8993.792399632977,-10441.422671892797,-16532.48708264262,-11580.84620213206,6590.145721719367,6590.145721719367,6590.145721719367,6590.145721719367,8216.024198209983,8216.024198209983,8216.024198209983,8216.024198209983
2007-07-03,-6665.520392865292,-6665.520392865292,-6665.520392865292,-6665.520392865292,-43442.792938937666,-6665.520392865292,-8330.169188222731,-9994.817983579473,-16002.699841198511,-10766.00892503094,6590.145721719367,6590.145721719367,6590.145721719367,6590.145721719367,8438.142831907026,8438.142831907026,8438.142831907026,8438.142831907026
2007-07-05,-6486.190149621922,-6486.190149621922,-6486.190149621922,-6486.190149621922,-42334.522545283195,-6486.190149621922,-8087.713598084752,-9689.237046546885,-15815.161541118752,-10643.40684865939,6590.145721719367,6590.145721719367,6590.145721719367,6590.145721719367,8969.110453358153,8969.110453358153,8969.110453358153,8969.110453358153
2007-07-06,-6248.413040586398,-6248.413040586398,-6248.413040586398,-6248.413040586398,-46741.76108326996,-6248.413040586398,-8165.584621945047,-10082.756203302997,-15634.571340972325,-10146.070522523252,6590.145721719367,6590.145721719367,6590.145721719367,6590.145721719367,8808.272675177897,8808.272675177897,8808.272675177897,8808.272675177897
2007-07-09,-5985.373167966143,-5985.373167966143,-5985.373167966143,-5985.373167966143,-47264.73447207117,-5985.373167966143,-7954.844539407408,-9924.315910847858,-15642.12132891477,-10123.158605494886,6590.145721719367,6590.145721719367,6590.145721719367,6590.145721719367,9733.106275336584,9733.106275336584,9733.106275336584,9733.106275336584
2007-07-10,-10175.357560715172,-10175.357560715172,-10175.357560715172,-10175.357560715172,-51454.7188648202,-10175.357560715172,-11986.33143156895,-13797.305302421912,-19538.23441461078,-14330.664943689131,6590.145721719367,6590.145721719367,6590.145721719367,6590.145721719367,8993.093143661506,8993.093143661506,8993.093143661506,8993.093143661506
2007-07-11,-8403.11183640745,-8403.11183640745,-8403.11183640745,-8403.11183640745,-49682.47314051248,-8403.11183640745,-10291.886689340696,-12180.661542273127,-18818.096138941357,-13054.083507371251,6590.145721719367,6590.145721719367,6590.145721719367,6590.145721719367,9416.529049784294,9416.529049784294,9416.529049784294,9416.529049784294
2007-07-12,-5184.721011427813,-5184.721011427813,-5184.721011427813,-5184.721011427813,-46464.08231553284,-5184.721011427813,-7247.975590530201,-9311.230169631774,-16280.774720977293,-9845.644738554605,6590.145721719367,6590.145721719367,6590.145721719367,6590.145721719367,9915.162552044494,9915.162552044494,9915.162552044494,9915.162552044494
2007-07-13,-4540.878287355532,-4540.878287355532,-4540.878287355532,-4540.878287355532,-45820.23959146056,-4540.878287355532,-6637.573473447468,-8734.268659538706,-15385.591346218018,-9003.13752816047,6590.145721719367,6590.145721719367,6590.145721719367,6590.145721719367,9946.786754410248,9946.786754410248,9946.786754410248,9946.786754410248
2007-07-16,-4771.44265007996,-4771.44265007996,-4771.44265007996,-4771.44265007996,-46050.80395418499,-4771.44265007996,-6869.630111694569,-8967.817573308363,-15364.279324848321,-8977.34122101427,6590.145721719367,6590.145721719367,6590.145721719367,6590.145721719367,10977.589535533916,10977.589535533916,10977.589535533916,10977.589535533916
2007-07-17,-4635.6158775986405,-4635.6158775986405,-4635.6158775986405,-4635.6158775986405,-45914.97718170367,-4635.6158775986405,-6743.168365058838,-8850.720852518105,-15250.492678826326,-8844.363930630498,6590.145721719367,6590.145721719367,6590.145721719367,6590.145721719367,11151.132151084952,11151.132151084952,11151.132151084952,11151.132151084952
2007-07-18,-4697.850933021167,-4697.850933021167,-4697.850933021167,-4697.850933021167,-45977.212237126194,-4697.850933021167,-6838.166419720394,-8978.481906418572,-15300.757122019539,-8836.019283465226,6590.145721719367,6590.145721719367,6590.145721719367,6590.145721719367,10955.460277399048,10955.460277399048,10955.460277399048,10955.460277399048
2007-07-19,-3837.3541324030375,-3837.3541324030375,-3837.3541324030375,-3837.3541324030375,-45116.715436508064,-3837.3541324030375,-5907.468086111359,-7977.582039818517,-14890.672171488404,-8492.818641018122,6590.145721719367,6590.145721719367,6590.145721719367,6590.145721719367,9415.73262355628,9415.73262355628,9415.73262355628,9415.73262355628
2007-07-20,-4738.378749880241,-4738.378749880241,-4738.378749880241,-4738.378749880241,-46017.74005398527,-4738.378749880241,-6992.156834633322,-9245.93491938524,-16057.172918146243,-9536.738250875263,6590.145721719367,6590.145721719367,6590.145721719367,6590.145721719367,9921.94055152312,9921.94055152312,9921.94055152312,9921.94055152312
2007-07-23,-5688.074890217278,-5688.074890217278,-5688.074890217278,-5688.074890217278,-46967.436194322305,-5688.074890217278,-7941.852974970359,-10195.631059722276,-17046.704913905938,-10519.46930064261,6700.858953749179,6700.858953749179,6700.858953749179,6700.858953749179,10025.171682472457,10025.171682472457,10025.171682472457,10025.171682472457
2007-07-24,-6776.94436264527,-6776.94436264527,-6776.94436264527,-6776.94436264527,-48056.3056667503,-6776.94436264527,-9030.722447398352,-11284.500532150269,-18178.29930044769,-12823.335169593222,5259.136214990169,5259.136214990169,5259.136214990169,5259.136214990169,9938.195056829369,9938.195056829369,9938.195056829369,9938.195056829369
2007-07-25,-6841.413598180516,-6841.413598180516,-6841.413598180516,-6841.413598180516,-48120.77490228554,-6841.413598180516,-9095.191682933597,-11348.969767685514,-17547.82162277249,-11908.861096399138,6165.714128797525,6165.714128797525,6165.714128797525,6165.714128797525,9922.115146754892,9922.115146754892,9922.115146754892,9922.115146754892
2007-07-26,-10030.82087500079,-10030.82087500079,-10030.82087500079,-10030.82087500079,-51397.18217910582,-10030.82087500079,-12284.598959753872,-14538.377044505789,-16919.801909686066,-14286.6566831643,3128.1452956986614,3128.1452956986614,3128.1452956986614,3128.1452956986614,9313.829387590173,9313.829387590173,9313.829387590173,9313.829387590173
2007-07-27,-14895.50277457002,-15029.447601598105,-14895.50277457002,-14895.50277457002,-39158.04618946323,-14939.00277457002,-17165.19484250399,-19434.88691043679,-12898.600487267948,-14961.926550085074,1163.2838550625602,1163.2838550625602,1163.2838550625602,1163.2838550625602,8829.62077927636,8829.62077927636,8829.62077927636,8829.62077927636
2007-07-30,-18173.04947654612,-15029.447601598105,-18173.04947654612,-18173.04947654612,-55777.76805299008,-25021.417779404437,-22932.225675977534,-27691.4018754079,-21178.28158064722,-18256.780336883035,911.3563778129173,911.3563778129173,911.3563778129173,911.3563778129173,8576.841956068063,8576.841956068063,8576.841956068063,8576.841956068063
2007-07-31,-19555.274433759158,-15029.447601598105,-19555.274433759158,-19555.274433759158,-47402.81183975062,-21427.217823279672,-22493.881843029056,-25432.489252297906,-20216.339446043246,-20270.758804172394,1073.0720365263987,1073.0720365263987,1073.0720365263987,1073.0720365263987,8753.205881893286,8753.205881893286,8753.205881893286,8753.205881893286
2007-08-01,-17591.46444339445,-15029.447601598105,-17591.46444339445,-17591.46444339445,-49612.78246296442,-21592.148241171148,-21308.84746309102,-25026.23048278643,-19595.493870545994,-18116.40254341194,1129.3147131815786,1129.3147131815786,1129.3147131815786,1129.3147131815786,9308.503513779142,9308.503513779142,9308.503513779142,9308.503513779142
2007-08-02,-18282.62335415394,-15029.447601598105,-18282.62335415394,-18282.62335415394,-57180.428531982005,-25790.50061413995,-23283.073449019925,-28283.52354388486,-22539.92648405081,-18676.768856443,1303.6334356396692,1303.6334356396692,1303.6334356396692,1303.6334356396692,9208.450697208056,9208.450697208056,9208.450697208056,9208.450697208056
2007-08-03,-19581.401431254344,-15029.447601598105,-19581.401431254344,-19581.401431254344,-36144.32939972752,-15697.8903958624,-20416.83813597425,-21252.27484069334,-20257.59111875086,-23164.13568369497,1901.075234796619,1901.075234796619,1901.075234796619,1901.075234796619,9003.01107798121,9003.01107798121,9003.01107798121,9003.01107798121
2007-08-06,-13088.643894926296,-15029.447601598105,-13088.643894926296,-13088.643894926296,-43816.4928185544,-16429.623653059825,-16968.837446596357,-20849.030998265487,-19881.119819989428,-16693.375636729877,2039.6219237849582,2039.6219237849582,2039.6219237849582,2039.6219237849582,9848.575249445741,9848.575249445741,9848.575249445741,9848.575249445741
2007-08-07,-16983.818409176078,-15029.447601598105,-16983.818409176078,-16983.818409176078,-56880.82686989196,-25001.316226942698,-22834.927391275414,-28686.03637337382,-26391.81597464974,-19766.196367183467,1983.6756849933881,1983.6756849933881,1983.6756849933881,1983.6756849933881,9472.912391537102,9472.912391537102,9472.912391537102,9472.912391537102
2007-08-08,-17405.629009814584,-15029.447601598105,-17405.629009814584,-17405.629009814584,-69410.24769802461,-31598.33379817102,-25859.274868545705,-34312.92072727601,-30159.013989438186,-19762.3792729032,2831.8087301815394,2831.8087301815394,2831.8087301815394,2831.8087301815394,8837.051362207625,8837.051362207625,8837.051362207625,8837.051362207625
2007-08-09,-16741.39086229389,-15029.447601598105,-16741.39086229389,-16741.39086229389,-42649.68086076679,-17624.26589863829,-19585.617811460164,-22429.844760625623,-28322.839348011417,-23159.98561822879,1645.9908636990003,1645.9908636990003,1645.9908636990003,1645.9908636990003,9337.62998615962,9337.62998615962,9337.62998615962,9337.62998615962
2007-08-10,-14576.122693898971,-15029.447601598105,-14576.122693898971,-14576.122693898971,-36487.72705900669,-13420.580526626436,-16561.95848004485,-18547.794266189914,-24541.229147587437,-21059.408303292934,1891.8410951979458,1891.8410951979458,1891.8410951979458,1891.8410951979458,9820.453570615966,9820.453570615966,9820.453570615966,9820.453570615966
2007-08-13,-16384.249732090975,-15029.447601598105,-16384.249732090975,-16384.249732090975,-41352.0493622825,-16787.44937677181,-19052.111752053606,-21719.973772015423,-27723.82359555608,-22876.796941690845,1644.0815195522737,1644.0815195522737,1644.0815195522737,1644.0815195522737,10100.792161524063,10100.792161524063,10100.792161524063,10100.792161524063
2007-08-14,-19716.453728232067,-15029.447601598105,-19716.453728232067,-19716.453728232067,-31636.089013555087,-13464.738496906939,-19472.46306390327,-19228.472399573657,-25144.430354378303,-26295.583428067504,1921.1189259792445,1921.1189259792445,1921.1189259792445,1921.1189259792445,10040.579623261816,10040.579623261816,10040.579623261816,10040.579623261816
2007-08-15,-19067.196204988635,-15029.447601598105,-19067.196204988635,-19067.196204988635,-19407.828741553356,-6909.878039383329,-16239.213697496918,-13411.231190004386,-19469.95997054025,-26196.99411413679,2091.391791252303,2091.391791252303,2091.391791252303,2091.391791252303,10101.721992789884,10101.721992789884,10101.721992789884,10101.721992789884
2007-08-16,-20204.193263294408,-15029.447601598105,-20204.193263294408,-20204.193263294408,-26775.215901075862,-11224.541677602567,-18766.596227728878,-17328.999192162533,-23968.345169701264,-27691.696900519426,2333.597406151588,2333.597406151588,2333.597406151588,2333.597406151588,10027.915913111996,10027.915913111996,10027.915913111996,10027.915913111996
2007-08-17,-14511.073100152425,-15029.447601598105,-14511.073100152425,-14511.073100152425,-36507.73198956635,-13398.911028663279,-16496.908886298188,-18482.744672443252,-23568.265099914395,-19895.52834633866,2192.385646184557,2192.385646184557,2192.385646184557,2192.385646184557,11088.799323871965,11088.799323871965,11088.799323871965,11088.799323871965
2007-08-20,-13210.168969179038,-13728.543470624718,-13210.168969179038,-13210.168969179038,-35206.827858592966,-12098.006897689891,-15196.0047553248,-17181.840541469865,-22314.144087221008,-18633.209441514802,2192.385646184557,2192.385646184557,2192.385646184557,2192.385646184557,11966.841730277985,11966.841730277985,11966.841730277985,11966.841730277985
2007-08-21,-10582.816252988647,-11101.190754434327,-10582.816252988647,-10582.816252988647,-32579.475142402574,-9470.6541814995,-12568.65203913441,-14554.487825279473,-20947.795240271837,-17101.91163500969,2192.385646184557,2192.385646184557,2192.385646184557,2192.385646184557,12724.147228798713,12724.147228798713,12724.147228798713,12724.147228798713
2007-08-22,-10596.227089751395,-11114.601591197075,-10596.227089751395,-10596.227089751395,-32592.885979165323,-9484.065018262248,-12582.062875897158,-14567.898662042222,-21118.237403045874,-16365.283930429607,2192.385646184557,2192.385646184557,2192.385646184557,2192.385646184557,12417.304642310366,12417.304642310366,12417.304642310366,12417.304642310366
2007-08-23,-12666.627644262393,-13185.002145708073,-12666.627644262393,-12666.627644262393,-34663.28653367632,-11554.465572773246,-14652.463430408156,-16638.29921655322,-21883.946118051652,-17176.531725757755,2192.385646184557,2192.385646184557,2192.385646184557,2192.385646184557,13435.81534030661,13435.81534030661,13435.81534030661,13435.81534030661
2007-08-24,-13598.275179979391,-14116.649681425071,-13598.275179979391,-13598.275179979391,-35594.93406939332,-12486.113108490244,-15585.491129446193,-17572.707078912295,-22366.676545710303,-17027.466850407887,2192.385646184557,2192.385646184557,2192.385646184557,2192.385646184557,12930.12794138526,12930.12794138526,12930.12794138526,12930.12794138526
2007-08-27,-14055.138068355154,-14573.512569800834,-14055.138068355154,-14055.138068355154,-36051.79695776908,-12942.975996866007,-15913.94863697805,-17772.759205600247,-22571.44793305779,-17488.154839971685,2192.385646184557,2192.385646184557,2192.385646184557,2192.385646184557,15103.448195574922,15103.448195574922,15103.448195574922,15103.448195574922
2007-08-28,-15321.115428882535,-15839.489930328215,-15321.115428882535,-15321.115428882535,-37317.77431829646,-14208.953357393388,-16879.38565231196,-18437.655875740573,-22846.20230500598,-18555.853117051418,2192.385646184557,2192.385646184557,2192.385646184557,2192.385646184557,14234.78647565213,14234.78647565213,14234.78647565213,14234.78647565213
2007-08-29,-14463.743948379415,-14982.118449825095,-14463.743948379415,-14463.743948379415,-36460.40283779334,-13351.581876890268,-16284.402774027316,-18105.06159967452,-24342.229479156667,-18433.510976015357,2192.385646184557,2192.385646184557,2192.385646184557,2192.385646184557,16421.16613422148,16421.16613422148,16421.16613422148,16421.16613422148
2007-08-30,-14559.127551350859,-15077.502052796539,-14559.127551350859,-14559.127551350859,-36555.78644076479,-13446.965479861712,-16343.498623793945,-18127.86969623645,-24456.61350763461,-18644.70814657514,2192.385646184557,2192.385646184557,2192.385646184557,2192.385646184557,16864.989750506356,16864.989750506356,16864.989750506356,16864.989750506356
2007-08-31,-14477.440636186395,-14995.815137632075,-14477.440636186395,-14477.440636186395,-36474.09952560032,-13365.278564697248,-16396.305746002705,-18315.170855818433,-25084.44192438468,-18883.989149717847,2192.385646184557,2192.385646184557,2192.385646184557,2192.385646184557,17852.523892740603,17852.523892740603,17852.523892740603,17852.523892740603
2007-09-04,-14440.935541532352,-14959.310042978032,-14440.935541532352,-14440.935541532352,-36437.59443094628,-13328.773470043205,-16447.48459101352,-18454.033640493988,-25236.13111932925,-18857.39263935946,2192.385646184557,2192.385646184557,2192.385646184557,2192.385646184557,21405.212375225732,21405.212375225732,21405.212375225732,21405.212375225732
2007-09-05,-14602.685506563052,-15121.060008008732,-14602.685506563052,-14602.685506563052,-36599.34439597698,-13490.523435073905,-16533.322016141028,-18463.958525718306,-25766.43120125751,-19286.05185088527,2192.385646184557,2192.385646184557,2192.385646184557,2192.385646184557,22822.1341411483,22822.1341411483,22822.1341411483,22822.1341411483
2007-09-06,-14498.407727555605,-15016.782229001285,-14498.407727555605,-14498.407727555605,-36495.06661696953,-13386.245656066458,-16449.04534076783,-18399.68295397947,-25617.45469745004,-19140.222971860087,2192.385646184557,2192.385646184557,2192.385646184557,2192.385646184557,23416.31353350554,23416.31353350554,23416.31353350554,23416.31353350554
2007-09-07,-14314.185825095396,-14832.560326541075,-14314.185825095396,-14314.185825095396,-36310.84471450932,-13202.023753606249,-16143.609869858483,-17973.03391462087,-25878.0029721671,-19268.16102219536,2192.385646184557,2192.385646184557,2192.385646184557,2192.385646184557,24690.259358583717,24690.259358583717,24690.259358583717,24690.259358583717
2007-09-10,-14287.004862782429,-14805.379364228109,-14287.004862782429,-14287.004862782429,-36283.66375219636,-13174.842791293282,-16100.45783242886,-17913.91080207459,-25944.415646252804,-19361.53479946102,2192.385646184557,2192.385646184557,2192.385646184557,2192.385646184557,28099.009731659782,28099.009731659782,28099.009731659782,28099.009731659782
2007-09-11,-14017.882163362694,-14536.256664808374,-14017.882163362694,-14017.882163362694,-36014.54105277662,-12905.720091873547,-15871.974551920313,-17726.066940477118,-25769.153951183078,-19102.03792795108,2192.385646184557,2192.385646184557,2192.385646184557,2192.385646184557,28795.991230749525,28795.991230749525,28795.991230749525,28795.991230749525
2007-09-12,-14218.639240375021,-14737.013741820701,-14218.639240375021,-14218.639240375021,-36215.29812978895,-13106.477168885875,-16081.81639934075,-17944.99355830578,-25826.716622970183,-19216.702611875837,2192.385646184557,2192.385646184557,2192.385646184557,2192.385646184557,29848.40908108116,29848.40908108116,29848.40908108116,29848.40908108116
2007-09-13,-14487.149833070464,-15005.524334516143,-14487.149833070464,-14487.149833070464,-36483.80872248439,-13374.987761581317,-16375.190123858978,-18263.230414646678,-25849.446093150065,-19459.95472519356,2192.385646184557,2192.385646184557,2192.385646184557,2192.385646184557,29680.444065880496,29680.444065880496,29680.444065880496,29680.444065880496
2007-09-14,-14088.178627246874,-14606.553128692554,-14088.178627246874,-14088.178627246874,-36084.8375166608,-12976.016555757727,-15975.980111244135,-17863.78159524058,-25490.33394959022,-19097.23449864157,2192.385646184557,2192.385646184557,2192.385646184557,2192.385646184557,30613.04393095954,30613.04393095954,30613.04393095954,30613.04393095954
2007-09-17,-14376.719553556642,-14895.094055002322,-14376.719553556642,-14376.719553556642,-36373.37844297057,-13264.557482067496,-16248.345873602317,-18119.972193647176,-26250.5321202951,-19580.262585266843,2192.385646184557,2192.385646184557,2192.385646184557,2192.385646184557,36194.0576277466,36194.0576277466,36194.0576277466,36194.0576277466
2007-09-18,-14083.819814548595,-14602.194315994275,-14083.819814548595,-14083.819814548595,-36080.47870396252,-12971.657743059448,-15191.180688019842,-16298.541561490274,-24445.29149950482,-19299.061296832282,2192.385646184557,2192.385646184557,2192.385646184557,2192.385646184557,34814.099012320396,34814.099012320396,34814.099012320396,34814.099012320396
2007-09-19,-14255.397090792889,-14773.771592238569,-14255.397090792889,-14255.397090792889,-36252.05598020682,-13143.235019303742,-15204.995117349434,-16154.59314390528,-23489.582443687366,-18923.875972528476,2192.385646184557,2192.385646184557,2192.385646184557,2192.385646184557,33181.8874679358,33181.8874679358,33181.8874679358,33181.8874679358
2007-09-20,-15868.293308355613,-16386.667809801293,-15868.293308355613,-15868.293308355613,-37864.95219776954,-14756.131236866466,-17007.190020313254,-18146.086732270312,-26046.308716433006,-20787.934119283687,2192.385646184557,2192.385646184557,2192.385646184557,2192.385646184557,34357.995033429586,34357.995033429586,34357.995033429586,34357.995033429586
2007-09-21,-16653.58890018449,-17171.96340163017,-16653.58890018449,-16653.58890018449,-38650.24778959842,-15541.426828695345,-17720.461004353827,-18787.333108522464,-25981.50634671829,-21155.04460357572,2192.385646184557,2192.385646184557,2192.385646184557,2192.385646184557,32956.23467752,32956.23467752,32956.23467752,32956.23467752
2007-09-24,-16936.887265259982,-17455.261766705662,-16936.887265259982,-16936.887265259982,-38933.54615467391,-15824.725193770835,-18003.759369429317,-19070.631473597954,-26313.936116832425,-21478.941199379275,2192.385646184557,2192.385646184557,2192.385646184557,2192.385646184557,32981.17453107191,32981.17453107191,32981.17453107191,32981.17453107191
2007-09-25,-15877.90295661299,-16396.27745805867,-15877.90295661299,-15877.90295661299,-37874.56184602692,-14765.740885123843,-16944.775060782325,-18011.647164950962,-25641.71185391629,-20975.058182533947,2192.385646184557,2192.385646184557,2192.385646184557,2192.385646184557,32973.335165329976,32973.335165329976,32973.335165329976,32973.335165329976
2007-09-26,-15552.03637768433,-16070.41087913001,-15552.03637768433,-15552.03637768433,-37548.69526709826,-14439.874306195183,-16618.908481853665,-17685.7805860223,-25849.792170603294,-20706.561577065615,2192.385646184557,2192.385646184557,2192.385646184557,2192.385646184557,33064.28765443282,33064.28765443282,33064.28765443282,33064.28765443282
2007-09-27,-15580.479967171792,-16098.854468617472,-15580.479967171792,-15580.479967171792,-37577.13885658572,-14468.317895682645,-16647.352071341127,-17714.224175509764,-26178.862868311582,-20618.341287886607,2192.385646184557,2192.385646184557,2192.385646184557,2192.385646184557,33111.73488568165,33111.73488568165,33111.73488568165,33111.73488568165
2007-09-28,-16051.773302993737,-16570.147804439417,-16051.773302993737,-16051.773302993737,-38048.432192407665,-14939.61123150459,-17121.48434439546,-18191.1953857966,-26829.788200083654,-21433.444055231404,2192.385646184557,2192.385646184557,2192.385646184557,2192.385646184557,33114.060824504704,33114.060824504704,33114.060824504704,33114.060824504704
2007-10-01,-16472.94002305495,-16991.31452450063,-16472.94002305495,-16472.94002305495,-38469.59891246888,-15360.777951565804,-17862.671771486872,-19252.40351991821,-27909.672837808146,-21869.072028644383,2192.385646184557,2192.385646184557,2192.385646184557,2192.385646184557,33211.40159009397,33211.40159009397,33211.40159009397,33211.40159009397
2007-10-02,-16117.125028910348,-16635.499530356028,-16117.125028910348,-16117.125028910348,-38113.783918324276,-15004.962957421201,-17467.7828819009,-18818.44073489087,-27752.717087520636,-21732.866599454544,2192.385646184557,2192.385646184557,2192.385646184557,2192.385646184557,33204.084361965884,33204.084361965884,33204.084361965884,33204.084361965884
2007-10-03,-15987.586610257975,-16505.961111703655,-15987.586610257975,-15987.586610257975,-37984.2454996719,-14875.424538768828,-17280.563568353653,-18573.54052644875,-27728.24470863014,-21738.36648320069,2192.385646184557,2192.385646184557,2192.385646184557,2192.385646184557,33135.881310237106,33135.881310237106,33135.881310237106,33135.881310237106
2007-10-04,-15847.982119178516,-16366.356620624196,-15847.982119178516,-15847.982119178516,-37844.64100859244,-14735.820047689369,-17185.61467084603,-18523.24722251296,-27606.67607197631,-21590.30403657758,2192.385646184557,2192.385646184557,2192.385646184557,2192.385646184557,33097.32362460403,33097.32362460403,33097.32362460403,33097.32362460403
2007-10-05,-16844.531273923232,-17362.905775368912,-16844.531273923232,-16844.531273923232,-38841.19016333716,-15732.369202434085,-18526.57437782036,-20208.61748171691,-27832.740599296056,-21716.26754800661,2192.385646184557,2192.385646184557,2192.385646184557,2192.385646184557,32898.854652775335,32898.854652775335,32898.854652775335,32898.854652775335
2007-10-08,-17176.987087236368,-17695.361588682048,-17176.987087236368,-17176.987087236368,-39173.645976650296,-16064.825015747221,-18912.881485244958,-20648.775883252965,-28277.49623147305,-22052.84533570707,2192.385646184557,2192.385646184557,2192.385646184557,2192.385646184557,33094.97573958954,33094.97573958954,33094.97573958954,33094.97573958954
2007-10-09,-16579.796989326947,-17098.171490772627,-16579.796989326947,-16579.796989326947,-38576.455878740875,-15467.6349178378,-18220.96698060329,-19862.136971879052,-27513.44313530193,-21521.32317399711,2192.385646184557,2192.385646184557,2192.385646184557,2192.385646184557,33051.9985664296,33051.9985664296,33051.9985664296,33051.9985664296
2007-10-10,-16019.218897347455,-16537.593398793135,-16019.218897347455,-16019.218897347455,-38015.87778676138,-14907.056825858308,-17677.26171515626,-19335.30453296448,-27468.167042147485,-21406.065683232155,2192.385646184557,2192.385646184557,2192.385646184557,2192.385646184557,33213.93488334492,33213.93488334492,33213.93488334492,33213.93488334492
2007-10-11,-16503.055369578535,-17021.429871024215,-16503.055369578535,-16503.055369578535,-38499.71425899246,-15390.893298089388,-18209.75428694382,-19916.45320430852,-27954.903339512064,-21675.308000083896,2192.385646184557,2192.385646184557,2192.385646184557,2192.385646184557,33249.450910165906,33249.450910165906,33249.450910165906,33249.450910165906
2007-10-12,-16412.674448948004,-16931.048950393684,-16412.674448948004,-16412.674448948004,-38409.33333836193,-15300.512377458857,-18065.375212030835,-19718.075975113083,-27481.546353541897,-21450.987381508923,2192.385646184557,2192.385646184557,2192.385646184557,2192.385646184557,33250.034484614036,33250.034484614036,33250.034484614036,33250.034484614036
2007-10-15,-16948.139480688493,-17466.513982134173,-16948.139480688493,-16948.139480688493,-38944.79837010242,-15835.977409199346,-18838.191074211267,-20728.242667733575,-28498.27833888319,-21992.165012770798,2192.385646184557,2192.385646184557,2192.385646184557,2192.385646184557,33431.92655656568,33431.92655656568,33431.92655656568,33431.92655656568
2007-10-16,-16531.645707550575,-17050.020208996255,-16531.645707550575,-16531.645707550575,-38528.3045969645,-15419.483636061428,-18642.841211390216,-20754.03671522939,-29002.036790261278,-21983.752072907286,2192.385646184557,2192.385646184557,2192.385646184557,2192.385646184557,33030.49374642805,33030.49374642805,33030.49374642805,33030.49374642805
2007-10-17,-15723.043858698918,-16241.418360144598,-15723.043858698918,-15723.043858698918,-37719.702748112846,-14610.881787209772,-17749.72852312785,-19776.4131875562,-28112.084904918796,-21219.665501533425,2192.385646184557,2192.385646184557,2192.385646184557,2192.385646184557,32803.475782971946,32803.475782971946,32803.475782971946,32803.475782971946
2007-10-18,-15122.301018867176,-15640.675520312856,-15122.301018867176,-15122.301018867176,-37118.959908281104,-14010.13894737803,-17249.67626955069,-19377.05152023374,-28308.184262632858,-21226.171738035628,2192.385646184557,2192.385646184557,2192.385646184557,2192.385646184557,32545.51559099066,32545.51559099066,32545.51559099066,32545.51559099066
2007-10-19,-20242.266059518093,-20760.640560963773,-20242.266059518093,-20242.266059518093,-42238.92494893202,-19130.103988028946,-23092.442774412688,-25942.619489306933,-32930.07109708991,-25427.39240956446,2192.385646184557,2192.385646184557,2192.385646184557,2192.385646184557,32298.22829999309,32298.22829999309,32298.22829999309,32298.22829999309
2007-10-22,-19071.205870894482,-19589.580372340162,-19071.205870894482,-19071.205870894482,-41067.86476030841,-17959.043799405335,-21921.382585789077,-24771.559300683322,-31800.95988041931,-24291.565281139105,2192.385646184557,2192.385646184557,2192.385646184557,2192.385646184557,32474.976751904236,32474.976751904236,32474.976751904236,32474.976751904236
2007-10-23,-18071.2757847046,-18589.65028615028,-18071.2757847046,-18071.2757847046,-40067.93467411853,-16959.113713215454,-20921.452499599196,-23771.62921449344,-30656.22386632592,-22600.323720996967,2192.385646184557,2192.385646184557,2192.385646184557,2192.385646184557,32451.68149335636,32451.68149335636,32451.68149335636,32451.68149335636
2007-10-24,-18940.26115279831,-19458.63565424399,-18940.26115279831,-18940.26115279831,-40936.92004221224,-17828.099081309163,-21790.437867692905,-24640.61458258715,-31345.736462961184,-23373.119499404216,2192.385646184557,2192.385646184557,2192.385646184557,2192.385646184557,32569.177176902886,32569.177176902886,32569.177176902886,32569.177176902886
2007-10-25,-19682.863572085043,-20201.238073530723,-19682.863572085043,-19682.863572085043,-41679.52246149897,-18570.701500595897,-22533.040286979638,-25383.217001873883,-32613.196140304906,-24528.80601104861,2192.385646184557,2192.385646184557,2192.385646184557,2192.385646184557,32366.409484028118,32366.409484028118,32366.409484028118,32366.409484028118
2007-10-26,-19123.125796294073,-19641.500297739753,-19123.125796294073,-19123.125796294073,-41119.784685708,-18010.963724804926,-21973.892354465905,-24824.65891263727,-30420.966309838463,-21885.3533414806,2192.385646184557,2192.385646184557,2192.385646184557,2192.385646184557,31642.666350147338,31642.666350147338,31642.666350147338,31642.666350147338
2007-10-29,-19717.321844089893,-20235.696345535573,-19717.321844089893,-19717.321844089893,-41713.98073350382,-18605.159772600746,-22587.66865833965,-25458.015472588944,-31062.74492272432,-22486.40884535853,2192.385646184557,2192.385646184557,2192.385646184557,2192.385646184557,32254.894717238843,32254.894717238843,32254.894717238843,32254.894717238843
2007-10-30,-20658.921164180152,-21177.295665625832,-20658.921164180152,-20658.921164180152,-42655.58005359408,-19546.759092691005,-23488.183428409626,-26317.44569263875,-31955.958474758896,-23352.518138614716,2192.385646184557,2192.385646184557,2192.385646184557,2192.385646184557,32054.602890022914,32054.602890022914,32054.602890022914,32054.602890022914
2007-10-31,-18321.57331159385,-18839.94781303953,-18321.57331159385,-18321.57331159385,-40318.23220100778,-17209.411240104702,-21211.885023700423,-24102.196735806647,-29594.35976380622,-20945.600998174516,2192.385646184557,2192.385646184557,2192.385646184557,2192.385646184557,31888.43681214447,31888.43681214447,31888.43681214447,31888.43681214447
2007-11-01,-23198.67029426177,-23717.04479570745,-23198.67029426177,-23198.67029426177,-45195.3291836757,-22086.508222772623,-25949.98747178039,-28701.30464929866,-35039.82298143429,-26017.78424807673,2192.385646184557,2192.385646184557,2192.385646184557,2192.385646184557,31356.28040243301,31356.28040243301,31356.28040243301,31356.28040243301
2007-11-02,-20888.19529322826,-21406.56979467394,-20888.19529322826,-20888.19529322826,-42884.854182642186,-19776.03322173911,-23646.433152023936,-26404.67101081903,-33040.45826824324,-23987.549543344183,2192.385646184557,2192.385646184557,2192.385646184557,2192.385646184557,31113.431548059452,31113.431548059452,31113.431548059452,31113.431548059452
2007-11-05,-21862.80288134783,-22381.17738279351,-21862.80288134783,-21862.80288134783,-43859.46177076176,-20750.640809858683,-24547.12352850777,-27231.444175667013,-33873.34515579103,-24967.352267682087,2192.385646184557,2192.385646184557,2192.385646184557,2192.385646184557,31077.310091142775,31077.310091142775,31077.310091142775,31077.310091142775
2007-11-06,-18396.94497720548,-18915.31947865116,-18396.94497720548,-18396.94497720548,-40393.60386661941,-17284.782905716333,-21211.105576857924,-24025.266176509554,-31216.903683190816,-21923.204208256677,2192.385646184557,2192.385646184557,2192.385646184557,2192.385646184557,31065.10546135297,31065.10546135297,31065.10546135297,31065.10546135297
2007-11-07,-26715.04843993683,-27233.42294138251,-26715.04843993683,-26715.04843993683,-48711.70732935076,-25602.886368447682,-29261.816227332805,-31808.584014727967,-40072.827947224956,-30366.161219425732,2192.385646184557,2192.385646184557,2192.385646184557,2192.385646184557,30580.7038071024,30580.7038071024,30580.7038071024,30580.7038071024
2007-11-08,-23814.00794575934,-24332.38244720502,-23814.00794575934,-23814.00794575934,-45810.666835173266,-22701.84587427019,-26312.564511857345,-28811.121077954653,-35931.32838894334,-26601.18966632092,2192.385646184557,2192.385646184557,2192.385646184557,2192.385646184557,30460.24685930356,30460.24685930356,30460.24685930356,30460.24685930356
2007-11-09,-27215.28722279286,-27733.66172423854,-27215.28722279286,-27215.28722279286,-49301.94611220679,-26103.125151303713,-29591.162546332227,-31967.037869870896,-37495.25883502851,-29439.826214869157,2192.385646184557,2192.385646184557,2192.385646184557,2192.385646184557,30850.769855436287,30850.769855436287,30850.769855436287,30850.769855436287
2007-11-12,-28550.16590985097,-29068.54041129665,-28550.16590985097,-28550.16590985097,-41707.11608294817,-27438.003838361823,-30124.23212460312,-31698.298339354573,-37255.03747224144,-30797.17874596012,2192.385646184557,2192.385646184557,2192.385646184557,2192.385646184557,31286.81051115552,31286.81051115552,31286.81051115552,31286.81051115552
2007-11-13,-20295.991468394175,-20814.365969839855,-20295.991468394175,-20295.991468394175,-60612.7053907942,-19183.82939690503,-24308.76499807916,-28321.538527763332,-38540.45254208997,-25342.853306050063,2192.385646184557,2192.385646184557,2192.385646184557,2192.385646184557,31815.033243119717,31815.033243119717,31815.033243119717,31815.033243119717
2007-11-14,-22774.28372049646,-23292.65822194214,-22774.28372049646,-22774.28372049646,-60548.88022397051,-21662.121649007313,-26558.797520009335,-30343.311319521512,-40790.73883232649,-27667.259512107237,2192.385646184557,2192.385646184557,2192.385646184557,2192.385646184557,32037.08607031114,32037.08607031114,32037.08607031114,32037.08607031114
2007-11-15,-22566.290473245666,-23084.664974691346,-22566.290473245666,-22566.290473245666,-47132.47943169752,-21454.12840175652,-25164.80573477468,-27763.32099630311,-42890.45901323133,-30066.74729760131,2192.385646184557,2192.385646184557,2192.385646184557,2192.385646184557,31361.72150543763,31361.72150543763,31361.72150543763,31361.72150543763
2007-11-16,-13822.525478773983,-14340.899980219663,-13822.525478773983,-13822.525478773983,-40030.01192839909,-12710.363407284836,-16560.297387440805,-19298.06929610716,-33417.76106256037,-20486.513456902816,2192.385646184557,2192.385646184557,2192.385646184557,2192.385646184557,30910.193518067128,30910.193518067128,30910.193518067128,30910.193518067128
2007-11-19,-12127.211291756015,-12645.585793201695,-12127.211291756015,-12127.211291756015,-38334.697741381126,-11015.049220266868,-14864.983200422837,-17602.755109089194,-31786.059272005456,-18842.91198847012,2192.385646184557,2192.385646184557,2192.385646184557,2192.385646184557,31046.390967696556,31046.390967696556,31046.390967696556,31046.390967696556
2007-11-20,-12774.95962954918,-13293.33413099486,-12774.95962954918,-12774.95962954918,-38982.44607917429,-11662.797558060032,-15512.731538216001,-18250.503446882358,-32909.31172720832,-19235.945904931752,2192.385646184557,2192.385646184557,2192.385646184557,2192.385646184557,31219.69224918203,31219.69224918203,31219.69224918203,31219.69224918203
2007-11-21,-10551.311637843843,-11069.686139289523,-10551.311637843843,-10551.311637843843,-36848.79808746895,-9439.149566354696,-13289.083546510665,-16026.855455177021,-29683.628993575927,-18086.263877987978,2192.385646184557,2192.385646184557,2192.385646184557,2192.385646184557,30761.264473155024,30761.264473155024,30761.264473155024,30761.264473155024
2007-11-23,-12655.891511519672,-13174.266012965352,-12655.891511519672,-12655.891511519672,-54516.86124196125,-11543.729440030525,-15393.663420186494,-18131.43532885285,-34221.59711432981,-19896.99487859197,2192.385646184557,2192.385646184557,2192.385646184557,2192.385646184557,31933.73876911041,31933.73876911041,31933.73876911041,31933.73876911041
2007-11-26,-11931.301695423084,-12449.676196868764,-11931.301695423084,-11931.301695423084,-33591.60221356212,-10819.139623933937,-14677.596900334349,-17423.89210524503,-33369.4442675364,-21392.15852130996,2192.385646184557,2192.385646184557,2192.385646184557,2192.385646184557,31810.98297484906,31810.98297484906,31810.98297484906,31810.98297484906
2007-11-27,-9796.955008097459,-10315.329509543139,-9796.955008097459,-9796.955008097459,-41748.0861473775,-8684.792936608312,-13522.87318379851,-17248.791359499097,-33212.451348141185,-19272.034348865738,2192.385646184557,2192.385646184557,2192.385646184557,2192.385646184557,31911.980703781126,31911.980703781126,31911.980703781126,31911.980703781126
2007-11-28,-13035.428160077427,-13553.802661523107,-13035.428160077427,-13035.428160077427,-74046.66159134405,-11923.26608858828,-19518.790047895047,-26002.1519357122,-39580.92748654529,-21358.740127941943,2192.385646184557,2192.385646184557,2192.385646184557,2192.385646184557,30655.575666057877,30655.575666057877,30655.575666057877,30655.575666057877
2007-11-29,-12384.550814553164,-12902.925315998844,-12384.550814553164,-12384.550814553164,-73395.78424581978,-11272.388743064017,-18898.14262006129,-25411.734425568953,-39139.41381219623,-20902.545102523756,2192.385646184557,2192.385646184557,2192.385646184557,2192.385646184557,31105.17408860789,31105.17408860789,31105.17408860789,31105.17408860789
2007-11-30,-13653.764110011049,-14172.138611456729,-13653.764110011049,-13653.764110011049,-74664.99754127767,-12541.602038521902,-21062.314228039584,-28470.86434606777,-39127.82697764796,-20500.946145986323,2192.385646184557,2192.385646184557,2192.385646184557,2192.385646184557,30510.435709264362,30510.435709264362,30510.435709264362,30510.435709264362
2007-12-03,-13451.467758154497,-13969.842259600176,-13451.467758154497,-13451.467758154497,-74462.70118942112,-12339.30568666535,-20275.439575108583,-27099.41139206232,-39764.664931292646,-21228.159027519636,2192.385646184557,2192.385646184557,2192.385646184557,2192.385646184557,32071.948216503486,32071.948216503486,32071.948216503486,32071.948216503486
2007-12-04,-13093.602941125515,-13611.977442571195,-13093.602941125515,-13093.602941125515,-74104.83637239214,-11981.440869636368,-19837.56586082559,-26581.528780525317,-39256.2168371249,-20877.766218605684,2192.385646184557,2192.385646184557,2192.385646184557,2192.385646184557,32101.454879388213,32101.454879388213,32101.454879388213,32101.454879388213
2007-12-05,-13100.787073009065,-13619.161574454745,-13100.787073009065,-13100.787073009065,-74112.02050427569,-11988.625001519918,-19993.252698341734,-26885.718323674053,-40127.64769413008,-21119.312922382494,2192.385646184557,2192.385646184557,2192.385646184557,2192.385646184557,32214.65018258535,32214.65018258535,32214.65018258535,32214.65018258535
2007-12-06,-13183.867417781847,-13702.241919227527,-13183.867417781847,-13183.867417781847,-74195.10084904847,-12071.7053462927,-20205.43630161567,-27227.00518544903,-40027.56992087141,-21096.592104278854,2192.385646184557,2192.385646184557,2192.385646184557,2192.385646184557,32604.521771807456,32604.521771807456,32604.521771807456,32604.521771807456
2007-12-07,-12842.468811330036,-13360.843312775716,-12842.468811330036,-12842.468811330036,-73853.70224259666,-11730.30673984089,-19862.21807688079,-26881.96734243119,-39583.99655367818,-20646.637755009462,2192.385646184557,2192.385646184557,2192.385646184557,2192.385646184557,32754.64852487459,32754.64852487459,32754.64852487459,32754.64852487459
2007-12-10,-13965.007878371049,-14483.382379816729,-13965.007878371049,-13965.007878371049,-74976.24130963767,-12852.845806881902,-21059.119777126005,-28153.23167588073,-40233.221105202916,-21556.570319015067,2192.385646184557,2192.385646184557,2192.385646184557,2192.385646184557,33069.457843685406,33069.457843685406,33069.457843685406,33069.457843685406
2007-12-11,-15199.569625310949,-15717.944126756629,-15199.569625310949,-15199.569625310949,-76210.80305657757,-14087.407553821802,-22986.866341940477,-30774.16305856977,-42868.06025147892,-22801.94667817687,2192.385646184557,2192.385646184557,2192.385646184557,2192.385646184557,32904.084779471625,32904.084779471625,32904.084779471625,32904.084779471625
2007-12-12,-13596.155130542,-14114.52963198768,-13596.155130542,-13596.155130542,-74607.38856180862,-12483.993059052853,-21140.756050568307,-28685.356970594497,-42074.30039553216,-22185.87409674027,2192.385646184557,2192.385646184557,2192.385646184557,2192.385646184557,33887.92358731269,33887.92358731269,33887.92358731269,33887.92358731269
2007-12-13,-13174.943729936494,-13693.318231382174,-13174.943729936494,-13174.943729936494,-74186.17716120312,-12062.781658447348,-20771.06766515039,-28367.191600364284,-42163.00402659131,-22186.65087439178,2192.385646184557,2192.385646184557,2192.385646184557,2192.385646184557,33726.726528511965,33726.726528511965,33726.726528511965,33726.726528511965
2007-12-14,-13216.698049900937,-13735.072551346617,-13216.698049900937,-13216.698049900937,-74227.93148116756,-12104.53597841179,-21127.00435026188,-29037.31065062282,-42724.98449753644,-22196.241598033812,2192.385646184557,2192.385646184557,2192.385646184557,2192.385646184557,33255.612457758514,33255.612457758514,33255.612457758514,33255.612457758514
2007-12-17,-14826.705604691524,-15345.080106137204,-14826.705604691524,-14826.705604691524,-75837.93903595814,-13714.543533202377,-23089.02407853352,-31351.342552375398,-44150.277207970736,-23354.46677686379,2192.385646184557,2192.385646184557,2192.385646184557,2192.385646184557,33372.946218284196,33372.946218284196,33372.946218284196,33372.946218284196
2007-12-18,-14578.833575073513,-15097.208076519193,-14578.833575073513,-14578.833575073513,-75590.06700634013,-13466.671503584366,-22869.246464145486,-31159.659353217343,-43966.94591422484,-23113.576121496153,2192.385646184557,2192.385646184557,2192.385646184557,2192.385646184557,33730.28978039301,33730.28978039301,33730.28978039301,33730.28978039301
2007-12-19,-15035.659422497149,-15554.033923942829,-15035.659422497149,-15035.659422497149,-76046.89285376377,-13923.497351008002,-23326.07231156912,-31616.48520064098,-44421.15783738636,-23567.626367566292,2192.385646184557,2192.385646184557,2192.385646184557,2192.385646184557,34114.310400271555,34114.310400271555,34114.310400271555,34114.310400271555
2007-12-20,-15319.958222230664,-15838.33272367646,-15319.958222230664,-15319.958222230664,-76331.19165349728,-14207.796150741633,-23642.275294118095,-31964.592366005294,-44743.27123775822,-23902.06786137889,2192.385646184557,2192.385646184557,2192.385646184557,2192.385646184557,33740.174209993915,33740.174209993915,33740.174209993915,33740.174209993915
2007-12-21,-13567.686849308782,-14086.061350754462,-13567.686849308782,-13567.686849308782,-74578.9202805754,-12455.524777819635,-21963.395110246493,-30359.103371184086,-43255.2318906486,-22429.166274420917,2192.385646184557,2192.385646184557,2192.385646184557,2192.385646184557,32881.425597829395,32881.425597829395,32881.425597829395,32881.425597829395
2007-12-24,-15585.173198158387,-16103.547699604067,-15585.173198158387,-15585.173198158387,-76596.40662942501,-14473.01112666924,-23980.881459096097,-32376.58972003369,-45310.195331754745,-24478.190515750437,2192.385646184557,2192.385646184557,2192.385646184557,2192.385646184557,32884.030677939765,32884.030677939765,32884.030677939765,32884.030677939765
2007-12-26,-16432.753271891037,-16951.127773336717,-16432.753271891037,-16432.753271891037,-77443.98670315766,-15320.59120040189,-24828.461532828747,-33224.16979376634,-45719.069573923014,-24758.524962518364,2192.385646184557,2192.385646184557,2192.385646184557,2192.385646184557,32920.35839114268,32920.35839114268,32920.35839114268,32920.35839114268
2007-12-27,-16255.726228355546,-16774.100729801226,-16255.726228355546,-16255.726228355546,-77266.95965962217,-15143.5641568664,-24651.434489293257,-33047.14275023085,-46185.42229364079,-25822.18793568737,2192.385646184557,2192.385646184557,2192.385646184557,2192.385646184557,32979.66697463556,32979.66697463556,32979.66697463556,32979.66697463556
2007-12-28,-16750.508930633194,-17268.883432078874,-16750.508930633194,-16750.508930633194,-77761.74236189981,-15638.346859144047,-25146.217191570904,-33541.9254525085,-45964.98701140564,-25816.08215045603,2192.385646184557,2192.385646184557,2192.385646184557,2192.385646184557,33002.384549933835,33002.384549933835,33002.384549933835,33002.384549933835
2007-12-31,-17595.679408012074,-18114.053909457754,-17595.679408012074,-17595.679408012074,-78606.9128392787,-16483.517336522928,-25997.18758529739,-34398.695762582705,-46300.66469789692,-26834.89596504357,2192.385646184557,2192.385646184557,2192.385646184557,2192.385646184557,33069.887348338845,33069.887348338845,33069.887348338845,33069.887348338845
2008-01-02,-18432.788259833353,-18951.162761279033,-18432.788259833353,-18432.788259833353,-79534.02169109997,-17320.626188344206,-26326.547341317753,-34220.306422802154,-46141.25957575708,-27687.201124119805,2192.385646184557,2192.385646184557,2192.385646184557,2192.385646184557,33078.83134728903,33078.83134728903,33078.83134728903,33078.83134728903
2008-01-03,-16979.777745636646,-17498.152247082326,-16979.777745636646,-16979.777745636646,-77645.91461769654,-15867.615674147499,-24845.743142031017,-32711.708538425388,-45000.82097259059,-26620.53951130493,2192.385646184557,2192.385646184557,2192.385646184557,2192.385646184557,33046.22754344402,33046.22754344402,33046.22754344402,33046.22754344402
2008-01-04,-18648.073445185204,-19166.447946630884,-18648.073445185204,-18648.073445185204,-57269.384665567195,-17580.911373696057,-25105.829723253613,-31563.586001322023,-42888.742353986716,-28270.329762006062,2192.385646184557,2192.385646184557,2192.385646184557,2192.385646184557,32906.663280393,32906.663280393,32906.663280393,32906.663280393
2008-01-07,-15158.20250258979,-15676.57700403547,-15158.20250258979,-15158.20250258979,-53034.28166999179,-13708.878891633707,-21568.35384202737,-27978.50518146495,-39012.89295662148,-24626.372885106946,2192.385646184557,2192.385646184557,2192.385646184557,2192.385646184557,32995.079056145856,32995.079056145856,32995.079056145856,32995.079056145856
2008-01-08,-17823.231123016216,-18341.605624461896,-17823.231123016216,-17823.231123016216,-41540.834824307356,-9113.31698995817,-23341.231085900683,-28859.231048785266,-35077.42526437016,-25321.418871487258,2192.385646184557,2192.385646184557,2192.385646184557,2192.385646184557,32739.634327764157,32739.634327764157,32739.634327764157,32739.634327764157
2008-01-09,-15107.364922555978,-15625.739424001542,-15107.364922555978,-15107.364922555978,-47891.24733281089,-11046.71810804482,-22495.46334084787,-29883.561759139877,-36121.65674518049,-22621.751999597065,2192.385646184557,2192.385646184557,2192.385646184557,2192.385646184557,32814.07839651941,32814.07839651941,32814.07839651941,32814.07839651941
2008-01-10,-14938.449269793578,-15456.823771239142,-14938.449269793578,-14938.449269793578,-53435.79964671715,-13807.718989475747,-23505.062927080086,-32071.676584366825,-37914.23119265924,-22297.02041128988,2192.385646184557,2192.385646184557,2192.385646184557,2192.385646184557,32979.956466864096,32979.956466864096,32979.956466864096,32979.956466864096
2008-01-11,-15749.653092257562,-16268.027593703126,-15749.653092257562,-15749.653092257562,-47167.36564733565,-10988.422381844604,-22855.952084566117,-29962.25107687479,-36653.83598077169,-23418.7923978467,2192.385646184557,2192.385646184557,2192.385646184557,2192.385646184557,33114.42990597291,33114.42990597291,33114.42990597291,33114.42990597291
2008-01-14,-14423.274289856898,-14941.648791302461,-14423.274289856898,-14423.274289856898,-52858.67758578388,-13260.777002545074,-22977.110142246005,-31530.94599463523,-38311.7170457053,-22318.325831169263,2192.385646184557,2192.385646184557,2192.385646184557,2192.385646184557,33130.64774287131,33130.64774287131,33130.64774287131,33130.64774287131
2008-01-15,-18219.696873256355,-18738.071374701918,-18219.696873256355,-18219.696873256355,-37341.94741320866,-7153.2452945680125,-22792.784520506626,-27365.87216775713,-32378.371032917756,-23550.43067110912,2192.385646184557,2192.385646184557,2192.385646184557,2192.385646184557,32818.42863174155,32818.42863174155,32818.42863174155,32818.42863174155
2008-01-16,-15107.504043312161,-15625.878544757725,-15107.504043312161,-15107.504043312161,-26839.84790471557,-251.4434408332454,-17900.502643272164,-20693.501243232517,-25719.284206109936,-20450.913588726078,2192.385646184557,2192.385646184557,2192.385646184557,2192.385646184557,33146.65950202965,33146.65950202965,33146.65950202965,33146.65950202965
2008-01-17,-16101.209291963838,-16619.5837934094,-16101.209291963838,-16101.209291963838,-5788.660820224322,10059.66564012901,-13584.00938768161,-11066.809483399848,-16028.35631393618,-21538.0206941528,2192.385646184557,2192.385646184557,2192.385646184557,2192.385646184557,32981.50936934794,32981.50936934794,32981.50936934794,32981.50936934794
2008-01-18,-5962.719486649148,-6481.093988094712,-5962.719486649148,-5962.719486649148,12775.64258490852,24518.986633114167,-1396.1459678546526,3170.4275509393774,-3503.1044803267578,-13174.578012969461,2192.385646184557,2192.385646184557,2192.385646184557,2192.385646184557,32866.956180716166,32866.956180716166,32866.956180716166,32866.956180716166
2008-01-22,-9897.826562031638,-10416.201063477201,-9897.826562031638,-9897.826562031638,8840.535509526031,20583.879557731678,-5331.253043237142,-764.6795244431123,-7495.363995336695,-17156.500310253352,2192.385646184557,2192.385646184557,2192.385646184557,2192.385646184557,33090.8455720488,33090.8455720488,33090.8455720488,33090.8455720488
2008-01-23,-6676.949268014985,-7195.323769460549,-6676.949268014985,-6676.949268014985,12061.412803542684,23804.75685174833,-2110.3757492204895,2456.1977695735404,-7151.305777339498,-14323.845143479295,2192.385646184557,2192.385646184557,2192.385646184557,2192.385646184557,32047.920137017034,32047.920137017034,32047.920137017034,32047.920137017034
2008-01-24,-8845.775531361694,-9364.150032807258,-8845.775531361694,-8845.775531361694,9892.586540195975,21635.93058840162,-4279.202012567199,287.3715062268311,-5539.527670718264,-12284.269218848087,2192.385646184557,2192.385646184557,2192.385646184557,2192.385646184557,30865.925782007165,30865.925782007165,30865.925782007165,30865.925782007165
2008-01-25,-9216.791615619557,-9735.16611706512,-9216.791615619557,-9216.791615619557,9521.570455938112,21264.91450414376,-4650.218096825061,-83.64457803103141,-7082.014888457372,-14293.295390463434,2192.385646184557,2192.385646184557,2192.385646184557,2192.385646184557,31396.0648617798,31396.0648617798,31396.0648617798,31396.0648617798
2008-01-28,-8233.881888376782,-8752.256389822345,-8233.881888376782,-8233.881888376782,10504.480183180887,22247.824231386534,-3668.108896908816,897.6640945588006,-5893.827354960842,-12155.961840286851,2192.385646184557,2192.385646184557,2192.385646184557,2192.385646184557,30975.280698680668,30975.280698680668,30975.280698680668,30975.280698680668
2008-01-29,-7912.073540323763,-8430.448041769327,-7912.073540323763,-7912.073540323763,10826.288531233906,22569.632579439553,-3385.955088716815,1140.163362889667,-5657.837393762777,-11839.49424568098,2192.385646184557,2192.385646184557,2192.385646184557,2192.385646184557,30761.36025790288,30761.36025790288,30761.36025790288,30761.36025790288
2008-01-30,-7763.808117608656,-8282.18261905422,-7763.808117608656,-7763.808117608656,10974.553953949013,22717.89800215466,-3178.5002375708427,1406.807642466505,-5591.825828754227,-11805.072035185178,2192.385646184557,2192.385646184557,2192.385646184557,2192.385646184557,30600.74892770918,30600.74892770918,30600.74892770918,30600.74892770918
2008-01-31,-1816.4838288731407,-2334.8583303187042,-1816.4838288731407,-1816.4838288731407,16921.87824268453,28665.222290890175,2623.210506158299,7062.904841189273,50.586470023030415,-5931.3747360780835,2192.385646184557,2192.385646184557,2192.385646184557,2192.385646184557,30216.51768667763,30216.51768667763,30216.51768667763,30216.51768667763
2008-02-01,-5905.8882762509165,-6424.26277769648,-5905.8882762509165,-5905.8882762509165,12832.473795306752,24575.8178435124,-1597.0104469239013,2711.867382402532,-3017.6987556512468,-9274.727335199132,2192.385646184557,2192.385646184557,2192.385646184557,2192.385646184557,28948.10078848293,28948.10078848293,28948.10078848293,28948.10078848293
2008-02-04,-6430.296561620897,-6948.67106306646,-6430.296561620897,-6430.296561620897,12308.065509936772,24051.40955814242,-2019.9312562606065,2390.4340490989853,-4189.856132179149,-10039.608598016202,2192.385646184557,2192.385646184557,2192.385646184557,2192.385646184557,31626.74919001863,31626.74919001863,31626.74919001863,31626.74919001863
2008-02-05,-9222.253085817792,-9740.627587263356,-9222.253085817792,-9222.253085817792,9516.108985739877,21259.453033945523,-5313.663992804475,-1405.0748997918563,-8001.89921448112,-12844.88315673254,2192.385646184557,2192.385646184557,2192.385646184557,2192.385646184557,32615.359714783146,32615.359714783146,32615.359714783146,32615.359714783146
2008-02-06,-9408.281461869366,-9926.65596331493,-9408.281461869366,-9408.281461869366,9330.080609688303,21073.42465789395,-5646.554945786833,-1884.8284297049977,-8208.191708753468,-13015.073997765081,2192.385646184557,2192.385646184557,2192.385646184557,2192.385646184557,32477.661883351277,32477.661883351277,32477.661883351277,32477.661883351277
2008-02-07,-7086.700268176035,-7605.0747696215985,-7086.700268176035,-7086.700268176035,11651.661803381634,23395.00585158728,-3205.31270774547,676.0748526842799,-6344.006250525126,-11088.746263697161,2192.385646184557,2192.385646184557,2192.385646184557,2192.385646184557,32307.77596931765,32307.77596931765,32307.77596931765,32307.77596931765
2008-02-08,-7334.838732605218,-7853.2132340507815,-7334.838732605218,-7334.838732605218,11403.523338952451,23146.867387158098,-3570.3933774185134,194.0519777672598,-5868.15654588223,-10534.812681294163,2192.385646184557,2192.385646184557,2192.385646184557,2192.385646184557,33292.40527087764,33292.40527087764,33292.40527087764,33292.40527087764
2008-02-11,-4994.687576466007,-5513.062077911571,-4994.687576466007,-4994.687576466007,13743.674495091662,25487.01854329731,-1138.2422386653489,2718.2030991344946,-3927.2488929769024,-8602.423798569944,2192.385646184557,2192.385646184557,2192.385646184557,2192.385646184557,34068.058273782255,34068.058273782255,34068.058273782255,34068.058273782255
2008-02-12,-4217.704047355684,-4736.078548801248,-4217.704047355684,-4217.704047355684,14520.658024201985,26264.00207240763,-236.32802413695026,3745.047999080969,-2910.087581916596,-7832.922104577767,2192.385646184557,2192.385646184557,2192.385646184557,2192.385646184557,33927.150198949035,33927.150198949035,33927.150198949035,33927.150198949035
2008-02-13,-3156.5995120841544,-3674.974013529718,-3156.5995120841544,-3156.5995120841544,15581.762559473515,27325.10660767916,963.8082431138027,5084.215998310945,-1154.5027945796028,-6577.211823534453,2192.385646184557,2192.385646184557,2192.385646184557,2192.385646184557,33323.11850052746,33323.11850052746,33323.11850052746,33323.11850052746
2008-02-14,-3768.50721431477,-4286.8817157603335,-3768.50721431477,-3768.50721431477,14969.854857242899,26713.198905448546,231.00413524312899,4230.515484800213,-3102.7996431947686,-7795.788124311832,2192.385646184557,2192.385646184557,2192.385646184557,2192.385646184557,34630.73090397543,34630.73090397543,34630.73090397543,34630.73090397543
2008-02-15,-2290.9887796418043,-2809.363281087368,-2290.9887796418043,-2290.9887796418043,16447.373291915865,28190.71734012151,1705.498753348831,5701.986286338535,-1575.5356653291965,-6261.406673838384,2192.385646184557,2192.385646184557,2192.385646184557,2192.385646184557,35447.2862626689,35447.2862626689,35447.2862626689,35447.2862626689
2008-02-19,-3570.285031066509,-4088.6595325120725,-3570.285031066509,-3570.285031066509,15168.07704049116,26911.421088696807,426.2025019241264,4422.6900349138305,-2899.717589827138,-7577.981134908972,2192.385646184557,2192.385646184557,2192.385646184557,2192.385646184557,35760.91744861496,35760.91744861496,35760.91744861496,35760.91744861496
2008-02-20,-3638.424818953383,-4156.799320398946,-3638.424818953383,-3638.424818953383,15099.937252604286,26843.281300809933,358.0627140372526,4354.550247026957,-899.6789350921754,-5352.590407467214,2192.385646184557,2192.385646184557,2192.385646184557,2192.385646184557,35930.24984424014,35930.24984424014,35930.24984424014,35930.24984424014
2008-02-21,-4236.764117510291,-4755.138618955854,-4236.764117510291,-4236.764117510291,14501.597954047378,26244.942002253025,-240.27658451965544,3756.2109484700486,-1443.3707149318652,-6461.013550756616,2192.385646184557,2192.385646184557,2192.385646184557,2192.385646184557,36012.59994951484,36012.59994951484,36012.59994951484,36012.59994951484
2008-02-22,-3437.986688813544,-3956.3611902591074,-3437.986688813544,-3437.986688813544,15300.375382744125,27043.71943094977,558.5008441770915,4554.9883771667955,-705.9289084108314,-5205.195728685707,2192.385646184557,2192.385646184557,2192.385646184557,2192.385646184557,36302.12430578144,36302.12430578144,36302.12430578144,36302.12430578144
2008-02-25,-4165.80433051486,-4684.178831960424,-4165.80433051486,-4165.80433051486,14572.557741042809,26315.901789248455,-171.12284077366348,3823.558648966602,-1659.4615841262275,-5290.39235109312,2192.385646184557,2192.385646184557,2192.385646184557,2192.385646184557,36713.913747793646,36713.913747793646,36713.913747793646,36713.913747793646
2008-02-26,-4062.3808374863584,-4580.755338931922,-4062.3808374863584,-4062.3808374863584,14675.98123407131,26419.325282276957,-203.14936467190273,3656.0821081416216,-1834.9988009419758,-5193.396633848548,2192.385646184557,2192.385646184557,2192.385646184557,2192.385646184557,36798.280411679996,36798.280411679996,36798.280411679996,36798.280411679996
2008-02-27,-3732.505716654239,-4250.880218099803,-3732.505716654239,-3732.505716654239,15005.85635490343,26749.20040310896,145.13889221218415,4022.783501077909,-1402.528102306882,-4781.10502056079,2192.385646184557,2192.385646184557,2192.385646184557,2192.385646184557,36914.71002520842,36914.71002520842,36914.71002520842,36914.71002520842
2008-02-28,-3743.497719752835,-4261.872221198399,-3743.497719752835,-3743.497719752835,14994.864351804834,26738.20840001048,311.6820567899849,4366.861833331874,-1205.0574006998213,-4765.796183280414,2192.385646184557,2192.385646184557,2192.385646184557,2192.385646184557,37055.975108843646,37055.975108843646,37055.975108843646,37055.975108843646
2008-02-29,-5899.3162402253365,-6417.6907416709,-5899.3162402253365,-5899.3162402253365,12839.045831332332,24582.38987953798,-1443.0170483757975,3013.2821434729267,-2525.31752378738,-6842.142631879193,2192.385646184557,2192.385646184557,2192.385646184557,2192.385646184557,36570.71502493997,36570.71502493997,36570.71502493997,36570.71502493997
2008-03-03,-4814.273086727015,-5332.647588172578,-4814.273086727015,-4814.273086727015,13924.088984830654,25667.4330330363,-318.3882011597743,4177.496684406535,-1426.0161972969072,-5946.749236000585,2192.385646184557,2192.385646184557,2192.385646184557,2192.385646184557,37080.9774247983,37080.9774247983,37080.9774247983,37080.9774247983
2008-03-04,-3753.566002669977,-4271.9405041155405,-3753.566002669977,-3753.566002669977,14984.796068887692,26728.14011709334,904.4491614248836,5562.464325518813,-47.23598360246979,-4891.294258002425,2192.385646184557,2192.385646184557,2192.385646184557,2192.385646184557,37397.53266356699,37397.53266356699,37397.53266356699,37397.53266356699
2008-03-05,-3219.0977352900663,-3737.47223673563,-3219.0977352900663,-3219.0977352900663,15519.264336267603,27262.60838447325,1171.8941816921579,5562.886098673567,-167.7864493682282,-4416.479884839617,2192.385646184557,2192.385646184557,2192.385646184557,2192.385646184557,37434.91418905789,37434.91418905789,37434.91418905789,37434.91418905789
2008-03-06,-4497.4688753630035,-5015.843376808567,-4497.4688753630035,-4497.4688753630035,14150.893196194666,25984.237244400312,774.0655316500925,6045.59993866249,-904.4727500883164,-6638.290548811317,2192.385646184557,2192.385646184557,2192.385646184557,2192.385646184557,37234.9341039242,37234.9341039242,37234.9341039242,37234.9341039242
2008-03-07,-3900.4865478310967,-4418.86104927666,-3900.4865478310967,-3900.4865478310967,24018.55041358003,26536.21957193222,1800.2047983068042,7500.896144444123,1856.3339213266736,-5295.149448152515,2192.385646184557,2192.385646184557,2192.385646184557,2192.385646184557,37405.72144516057,37405.72144516057,37405.72144516057,37405.72144516057
2008-03-10,-5042.27859659004,-5560.653098035604,-5042.27859659004,-5042.27859659004,34619.362515058834,31326.83787348203,1194.823038221337,7431.924673032132,3313.6319419868523,-6124.447665154701,2192.385646184557,2192.385646184557,2192.385646184557,2192.385646184557,37383.74628994323,37383.74628994323,37383.74628994323,37383.74628994323
2008-03-11,-5291.737449330511,-5810.111950776074,-5291.737449330511,-5291.737449330511,2781.4453459687065,15118.764162519015,-3096.1111197428545,-900.4847901556641,-5077.592687534634,-6417.63729168498,2192.385646184557,2192.385646184557,2192.385646184557,2192.385646184557,35663.66966806108,35663.66966806108,35663.66966806108,35663.66966806108
2008-03-12,-3458.7034276896156,-3977.077929135179,-3458.7034276896156,-3458.7034276896156,13129.55782721634,21253.64971054718,-173.64503491297364,3111.413357863319,-3847.307795834844,-5952.328571953345,2192.385646184557,2192.385646184557,2192.385646184557,2192.385646184557,35640.47125967196,35640.47125967196,35640.47125967196,35640.47125967196
2008-03-13,-2491.8095266947057,-3010.184028140269,-2491.8095266947057,-2491.8095266947057,12105.222490153275,21214.56667571445,538.4879748710664,3568.7854764364893,-3296.2169371607015,-5147.364359625964,2192.385646184557,2192.385646184557,2192.385646184557,2192.385646184557,35637.68508574425,35637.68508574425,35637.68508574425,35637.68508574425
2008-03-14,-8111.268962845672,-8629.643464291235,-8111.268962845672,-8111.268962845672,20494.640326832072,22672.447790795355,-3288.6544388708426,1533.9600851035211,-8091.198582281941,-11493.952350772568,2192.385646184557,2192.385646184557,2192.385646184557,2192.385646184557,35575.20212421275,35575.20212421275,35575.20212421275,35575.20212421275
2008-03-17,-2208.7658689296804,-2727.140370375244,-2208.7658689296804,-2208.7658689296804,35393.14311760175,33119.765734142275,3764.660032553482,9738.085934036179,-1618.9800910979975,-6707.318287427188,2192.385646184557,2192.385646184557,2192.385646184557,2192.385646184557,35668.70945559116,35668.70945559116,35668.70945559116,35668.70945559116
2008-03-18,-885.273159863078,-1403.6476613086415,-885.273159863078,-885.273159863078,114.93124280846678,15951.931618754985,467.7891622640891,1820.8514843907906,-9619.688330737292,-5444.862457176787,2192.385646184557,2192.385646184557,2192.385646184557,2192.385646184557,35216.17981316126,35216.17981316126,35216.17981316126,35216.17981316126
2008-03-19,7571.877688183915,7053.503186738351,7571.877688183915,7571.877688183915,31302.136390925385,35892.396361027495,11794.235750464606,16016.593812744832,-8225.508107220288,-4226.386478686589,2192.385646184557,2192.385646184557,2192.385646184557,2192.385646184557,36682.78198468359,36682.78198468359,36682.78198468359,36682.78198468359
2008-03-20,12111.849785591592,11593.475284146029,12111.849785591592,12111.849785591592,19174.3664249304,32011.75883316691,14241.68550332496,16371.521221057978,-6368.773716337397,-1258.4428441603668,2192.385646184557,2192.385646184557,2192.385646184557,2192.385646184557,36425.64038550563,36425.64038550563,36425.64038550563,36425.64038550563
2008-03-24,9796.843262725393,9278.46876127983,9796.843262725393,9796.843262725393,16859.3599020642,29696.75231030071,11926.67898045876,14056.514698191779,-8715.565634989296,-3601.300821566372,2192.385646184557,2192.385646184557,2192.385646184557,2192.385646184557,36422.50047660642,36422.50047660642,36422.50047660642,36422.50047660642
2008-03-25,10170.203471750952,9651.828970305389,10170.203471750952,10170.203471750952,17232.72011108976,30070.11251932627,12300.03918948432,14429.874907217338,-8476.529391635791,-3323.883767746156,2192.385646184557,2192.385646184557,2192.385646184557,2192.385646184557,36390.28752694896,36390.28752694896,36390.28752694896,36390.28752694896
2008-03-26,11733.849176231772,11215.474674786208,11733.849176231772,11733.849176231772,18796.365815570578,31633.75822380709,13863.684893965139,15993.520611698157,-6907.150089004892,-2181.527656360413,2192.385646184557,2192.385646184557,2192.385646184557,2192.385646184557,36410.58895803301,36410.58895803301,36410.58895803301,36410.58895803301
2008-03-27,14742.702872258844,14224.32837081328,14742.702872258844,14742.702872258844,21805.21951159765,34642.611919834046,16872.538589992095,19002.374307725113,-7068.253760075662,-2517.1610956348013,2192.385646184557,2192.385646184557,2192.385646184557,2192.385646184557,36512.91163304204,36512.91163304204,36512.91163304204,36512.91163304204
2008-03-28,16471.171907011303,15952.79740556574,16471.171907011303,16471.171907011303,23533.68854635011,36371.08095458662,18597.049848139286,20722.92778926692,-5999.13951723068,-2015.7028386900201,2192.385646184557,2192.385646184557,2192.385646184557,2192.385646184557,36537.96547233628,36537.96547233628,36537.96547233628,36537.96547233628
2008-03-31,17460.818555988488,16942.444054542924,17460.818555988488,17460.818555988488,24523.335195327294,37360.727603563806,19448.246711450396,21435.67486691207,-5297.0759882818675,-1035.074088592548,2192.385646184557,2192.385646184557,2192.385646184557,2192.385646184557,36593.32741974108,36593.32741974108,36593.32741974108,36593.32741974108
2008-04-01,17991.068506475305,17472.69400502974,17991.068506475305,17991.068506475305,25053.58514581411,37890.97755405062,18582.091255484615,19173.11400449369,-6763.401708058314,-287.0622003384633,2192.385646184557,2192.385646184557,2192.385646184557,2192.385646184557,36569.44511864567,36569.44511864567,36569.44511864567,36569.44511864567
2008-04-02,17812.06822315778,17293.693721712218,17812.06822315778,17812.06822315778,24874.584862496587,37711.9772707331,18376.02806667029,18939.987910182565,-6645.764646990225,-173.34429212706164,2192.385646184557,2192.385646184557,2192.385646184557,2192.385646184557,36713.12403609394,36713.12403609394,36713.12403609394,36713.12403609394
2008-04-03,16336.626255146926,15818.251753701363,16336.626255146926,16336.626255146926,23399.142894485733,36236.53530272236,16798.235193353146,17259.844131559134,-6876.1871139658615,-430.8609631268773,2192.385646184557,2192.385646184557,2192.385646184557,2192.385646184557,36827.18070048629,36827.18070048629,36827.18070048629,36827.18070048629
2008-04-04,15200.69547989068,14682.320978445117,15200.69547989068,15200.69547989068,22263.212119229487,35100.604527466,15702.324370642309,16203.953261393704,-6498.317735085147,-33.20200805156492,2192.385646184557,2192.385646184557,2192.385646184557,2192.385646184557,36849.311854641186,36849.311854641186,36849.311854641186,36849.311854641186
2008-04-07,13853.995208806358,13335.620707360795,13853.995208806358,13853.995208806358,20916.511848145165,33753.90425638179,14360.899569630157,14867.803930453723,-7844.156723344,-1388.236343511613,2192.385646184557,2192.385646184557,2192.385646184557,2192.385646184557,37024.612176882336,37024.612176882336,37024.612176882336,37024.612176882336
2008-04-08,14124.343440335244,13605.96893888968,14124.343440335244,14124.343440335244,21186.86007967405,34024.25248791056,14620.70731864078,15117.071196946083,-7756.863462477224,-1265.6240067766048,2192.385646184557,2192.385646184557,2192.385646184557,2192.385646184557,37044.65119336662,37044.65119336662,37044.65119336662,37044.65119336662
2008-04-09,14585.355443051783,14066.98094160622,14585.355443051783,14585.355443051783,21647.87208239059,34485.2644906271,15007.183799094753,15429.012155137607,-8195.766097967862,-1429.604018670856,2192.385646184557,2192.385646184557,2192.385646184557,2192.385646184557,37131.987105292035,37131.987105292035,37131.987105292035,37131.987105292035
2008-04-10,14362.981640816899,13844.607139371336,14362.981640816899,14362.981640816899,21425.498280155705,34262.89068839222,14799.109593688278,15235.237546559656,-8498.445800939924,-1779.8655930261593,2192.385646184557,2192.385646184557,2192.385646184557,2192.385646184557,37199.683804042055,37199.683804042055,37199.683804042055,37199.683804042055
2008-04-11,19324.81780075282,18806.443299307255,19324.81780075282,19324.81780075282,26387.334440091625,39224.72684832814,19561.698113681166,19798.578426609398,-8839.39379152155,-1307.9318229854107,2192.385646184557,2192.385646184557,2192.385646184557,2192.385646184557,37182.92678463971,37182.92678463971,37182.92678463971,37182.92678463971
2008-04-14,18782.645360223134,18264.27085877757,18782.645360223134,18782.645360223134,25845.16199956194,38682.55440779845,19002.476085348637,19222.306810474023,-9421.369739265647,-1855.4709529954707,2192.385646184557,2192.385646184557,2192.385646184557,2192.385646184557,37352.29687691154,37352.29687691154,37352.29687691154,37352.29687691154
2008-04-15,18191.80827558122,17673.433774135658,18191.80827558122,18191.80827558122,25254.324914920027,38091.71732315654,18423.385234841146,18654.96219410107,-9802.337289407034,-2267.332130719209,2192.385646184557,2192.385646184557,2192.385646184557,2192.385646184557,37411.344449271215,37411.344449271215,37411.344449271215,37411.344449271215
2008-04-16,17228.586673251004,16710.21217180544,17228.586673251004,17228.586673251004,24291.10331258981,37128.49572082632,17596.92951732804,17965.272361405077,-9988.30374836584,-2939.101227708976,2192.385646184557,2192.385646184557,2192.385646184557,2192.385646184557,37085.813526128535,37085.813526128535,37085.813526128535,37085.813526128535
2008-04-17,17765.582818957628,17247.208317512064,17765.582818957628,17765.582818957628,24828.099458296434,37665.491866532946,18141.499974193284,18517.41712942894,-10036.45568293333,-3126.384938633302,2192.385646184557,2192.385646184557,2192.385646184557,2192.385646184557,36964.50365770655,36964.50365770655,36964.50365770655,36964.50365770655
2008-04-18,15314.385335949832,14796.010834504268,15314.385335949832,15314.385335949832,22376.901975288638,35214.29438352515,15744.480007524951,16174.574679099955,-10923.42199049471,-5352.75799704995,2192.385646184557,2192.385646184557,2192.385646184557,2192.385646184557,35890.462264687056,35890.462264687056,35890.462264687056,35890.462264687056
2008-04-21,15314.385335949832,14796.010834504268,15314.385335949832,15314.385335949832,22376.901975288638,35214.29438352515,15744.480007524951,16174.574679099955,-10923.42199049471,-5352.75799704995,2192.385646184557,2192.385646184557,2192.385646184557,2192.385646184557,35960.456836421625,35960.456836421625,35960.456836421625,35960.456836421625
2008-04-22,15314.385335949832,14796.010834504268,15314.385335949832,15314.385335949832,22376.901975288638,35214.29438352515,15744.480007524951,16174.574679099955,-10923.42199049471,-5352.75799704995,2192.385646184557,2192.385646184557,2192.385646184557,2192.385646184557,36082.95319979079,36082.95319979079,36082.95319979079,36082.95319979079
2008-04-23,15314.385335949832,14796.010834504268,15314.385335949832,15314.385335949832,22376.901975288638,35214.29438352515,15744.480007524951,16174.574679099955,-10923.42199049471,-5352.75799704995,2192.385646184557,2192.385646184557,2192.385646184557,2192.385646184557,36090.00053228205,36090.00053228205,36090.00053228205,36090.00053228205
2008-04-24,15314.385335949832,14796.010834504268,15314.385335949832,15314.385335949832,22376.901975288638,35214.29438352515,15744.480007524951,16174.574679099955,-10923.42199049471,-5352.75799704995,2192.385646184557,2192.385646184557,2192.385646184557,2192.385646184557,36245.9176617075,36245.9176617075,36245.9176617075,36245.9176617075
2008-04-25,15314.385335949832,14796.010834504268,15314.385335949832,15314.385335949832,22376.901975288638,35214.29438352515,15744.480007524951,16174.574679099955,-10923.42199049471,-5352.75799704995,2192.385646184557,2192.385646184557,2192.385646184557,2192.385646184557,36498.193672517315,36498.193672517315,36498.193672517315,36498.193672517315
2008-04-28,15314.385335949832,14796.010834504268,15314.385335949832,15314.385335949832,22376.901975288638,35214.29438352515,15744.480007524951,16174.574679099955,-10923.42199049471,-5352.75799704995,2192.385646184557,2192.385646184557,2192.385646184557,2192.385646184557,36868.1203987418,36868.1203987418,36868.1203987418,36868.1203987418
2008-04-29,15314.385335949832,14796.010834504268,15314.385335949832,15314.385335949832,22376.901975288638,35214.29438352515,15744.480007524951,16174.574679099955,-10923.42199049471,-5352.75799704995,2192.385646184557,2192.385646184557,2192.385646184557,2192.385646184557,36932.66705476015,36932.66705476015,36932.66705476015,36932.66705476015
2008-04-30,15314.385335949832,14796.010834504268,15314.385335949832,15314.385335949832,22376.901975288638,35214.29438352515,15744.480007524951,16174.574679099955,-10923.42199049471,-5352.75799704995,2192.385646184557,2192.385646184557,2192.385646184557,2192.385646184557,36881.53600377636,36881.53600377636,36881.53600377636,36881.53600377636
2008-05-01,15314.385335949832,14796.010834504268,15314.385335949832,15314.385335949832,22376.901975288638,35214.29438352515,15744.480007524951,16174.574679099955,-10923.42199049471,-5352.75799704995,2192.385646184557,2192.385646184557,2192.385646184557,2192.385646184557,37186.32318142371,37186.32318142371,37186.32318142371,37186.32318142371
2008-05-02,15314.385335949832,14796.010834504268,15314.385335949832,15314.385335949832,22376.901975288638,35214.29438352515,15744.480007524951,16174.574679099955,-10923.42199049471,-5352.75799704995,2192.385646184557,2192.385646184557,2192.385646184557,2192.385646184557,37297.26360564248,37297.26360564248,37297.26360564248,37297.26360564248
2008-05-05,15314.385335949832,14796.010834504268,15314.385335949832,15314.385335949832,22376.901975288638,35214.29438352515,15744.480007524951,16174.574679099955,-10923.42199049471,-5352.75799704995,2192.385646184557,2192.385646184557,2192.385646184557,2192.385646184557,37758.65373072855,37758.65373072855,37758.65373072855,37758.65373072855
2008-05-06,15314.385335949832,14796.010834504268,15314.385335949832,15314.385335949832,22376.901975288638,35214.29438352515,15744.480007524951,16174.574679099955,-10923.42199049471,-5352.75799704995,2192.385646184557,2192.385646184557,2192.385646184557,2192.385646184557,37818.374374718056,37818.374374718056,37818.374374718056,37818.374374718056
2008-05-07,15314.385335949832,14796.010834504268,15314.385335949832,15314.385335949832,22376.901975288638,35214.29438352515,15744.480007524951,16174.574679099955,-10923.42199049471,-5352.75799704995,2192.385646184557,2192.385646184557,2192.385646184557,2192.385646184557,37855.19814753183,37855.19814753183,37855.19814753183,37855.19814753183
2008-05-08,15314.385335949832,14796.010834504268,15314.385335949832,15314.385335949832,22376.901975288638,35214.29438352515,15744.480007524951,16174.574679099955,-10923.42199049471,-5352.75799704995,2192.385646184557,2192.385646184557,2192.385646184557,2192.385646184557,37803.84201859997,37803.84201859997,37803.84201859997,37803.84201859997
2008-05-09,15314.385335949832,14796.010834504268,15314.385335949832,15314.385335949832,22376.901975288638,35214.29438352515,15744.480007524951,16174.574679099955,-10923.42199049471,-5352.75799704995,2192.385646184557,2192.385646184557,2192.385646184557,2192.385646184557,37731.71735455922,37731.71735455922,37731.71735455922,37731.71735455922
2008-05-12,15314.385335949832,14796.010834504268,15314.385335949832,15314.385335949832,22376.901975288638,35214.29438352515,15744.480007524951,16174.574679099955,-10923.42199049471,-5352.75799704995,2192.385646184557,2192.385646184557,2192.385646184557,2192.385646184557,38250.91928444733,38250.91928444733,38250.91928444733,38250.91928444733
2008-05-13,15314.385335949832,14796.010834504268,15314.385335949832,15314.385335949832,22376.901975288638,35214.29438352515,15744.480007524951,16174.574679099955,-10923.42199049471,-5352.75799704995,2192.385646184557,2192.385646184557,2192.385646184557,2192.385646184557,38298.20718224603,38298.20718224603,38298.20718224603,38298.20718224603
2008-05-14,15314.385335949832,14796.010834504268,15314.385335949832,15314.385335949832,22376.901975288638,35214.29438352515,15744.480007524951,16174.574679099955,-10923.42199049471,-5352.75799704995,2192.385646184557,2192.385646184557,2192.385646184557,2192.385646184557,38089.80212876678,38089.80212876678,38089.80212876678,38089.80212876678
2008-05-15,15314.385335949832,14796.010834504268,15314.385335949832,15314.385335949832,22376.901975288638,35214.29438352515,15744.480007524951,16174.574679099955,-10923.42199049471,-5352.75799704995,2192.385646184557,2192.385646184557,2192.385646184557,2192.385646184557,37939.98566398001,37939.98566398001,37939.98566398001,37939.98566398001
2008-05-16,15314.385335949832,14796.010834504268,15314.385335949832,15314.385335949832,22376.901975288638,35214.29438352515,15744.480007524951,16174.574679099955,-10923.42199049471,-5352.75799704995,2192.385646184557,2192.385646184557,2192.385646184557,2192.385646184557,37639.49208187556,37639.49208187556,37639.49208187556,37639.49208187556
2008-05-19,15314.385335949832,14796.010834504268,15314.385335949832,15314.385335949832,22376.901975288638,35214.29438352515,15744.480007524951,16174.574679099955,-10923.42199049471,-5352.75799704995,2192.385646184557,2192.385646184557,2192.385646184557,2192.385646184557,37713.387481096666,37713.387481096666,37713.387481096666,37713.387481096666
2008-05-20,15314.385335949832,14796.010834504268,15314.385335949832,15314.385335949832,22376.901975288638,35214.29438352515,15744.480007524951,16174.574679099955,-10923.42199049471,-5352.75799704995,2192.385646184557,2192.385646184557,2192.385646184557,2192.385646184557,37606.85286643519,37606.85286643519,37606.85286643519,37606.85286643519
2008-05-21,15314.385335949832,14796.010834504268,15314.385335949832,15314.385335949832,22376.901975288638,35214.29438352515,15744.480007524951,16174.574679099955,-10923.42199049471,-5352.75799704995,2192.385646184557,2192.385646184557,2192.385646184557,2192.385646184557,37283.50266867806,37283.50266867806,37283.50266867806,37283.50266867806
2008-05-22,15314.385335949832,14796.010834504268,15314.385335949832,15314.385335949832,22376.901975288638,35214.29438352515,15744.480007524951,16174.574679099955,-10923.42199049471,-5352.75799704995,2192.385646184557,2192.385646184557,2192.385646184557,2192.385646184557,37496.324878311134,37496.324878311134,37496.324878311134,37496.324878311134
2008-05-23,15314.385335949832,14796.010834504268,15314.385335949832,15314.385335949832,22376.901975288638,35214.29438352515,15744.480007524951,16174.574679099955,-10923.42199049471,-5352.75799704995,2192.385646184557,2192.385646184557,2192.385646184557,2192.385646184557,37379.54591249535,37379.54591249535,37379.54591249535,37379.54591249535
2008-05-27,15314.385335949832,14796.010834504268,15314.385335949832,15314.385335949832,22376.901975288638,35214.29438352515,15744.480007524951,16174.574679099955,-10923.42199049471,-5352.75799704995,2192.385646184557,2192.385646184557,2192.385646184557,2192.385646184557,38147.59985945048,38147.59985945048,38147.59985945048,38147.59985945048
2008-05-28,15314.385335949832,14796.010834504268,15314.385335949832,15314.385335949832,22376.901975288638,35214.29438352515,15744.480007524951,16174.574679099955,-10923.42199049471,-5352.75799704995,2192.385646184557,2192.385646184557,2192.385646184557,2192.385646184557,38423.409167189966,38423.409167189966,38423.409167189966,38423.409167189966
2008-05-29,15314.385335949832,14796.010834504268,15314.385335949832,15314.385335949832,22376.901975288638,35214.29438352515,15744.480007524951,16174.574679099955,-10923.42199049471,-5352.75799704995,2192.385646184557,2192.385646184557,2192.385646184557,2192.385646184557,38570.147468594485,38570.147468594485,38570.147468594485,38570.147468594485
2008-05-30,15314.385335949832,14796.010834504268,15314.385335949832,15314.385335949832,22376.901975288638,35214.29438352515,15744.480007524951,16174.574679099955,-10923.42199049471,-5352.75799704995,2192.385646184557,2192.385646184557,2192.385646184557,2192.385646184557,38489.44897700602,38489.44897700602,38489.44897700602,38489.44897700602
2008-06-02,15314.385335949832,14796.010834504268,15314.385335949832,15314.385335949832,22376.901975288638,35214.29438352515,15744.480007524951,16174.574679099955,-10923.42199049471,-5352.75799704995,2192.385646184557,2192.385646184557,2192.385646184557,2192.385646184557,39311.46934916638,39311.46934916638,39311.46934916638,39311.46934916638
2008-06-03,15314.385335949832,14796.010834504268,15314.385335949832,15314.385335949832,22376.901975288638,35214.29438352515,15744.480007524951,16174.574679099955,-10923.42199049471,-5352.75799704995,2192.385646184557,2192.385646184557,2192.385646184557,2192.385646184557,39655.063963504275,39655.063963504275,39655.063963504275,39655.063963504275
2008-06-04,15314.385335949832,14796.010834504268,15314.385335949832,15314.385335949832,22376.901975288638,35214.29438352515,15744.480007524951,16174.574679099955,-10923.42199049471,-5352.75799704995,2192.385646184557,2192.385646184557,2192.385646184557,2192.385646184557,39684.300918479916,39684.300918479916,39684.300918479916,39684.300918479916
2008-06-05,15314.385335949832,14796.010834504268,15314.385335949832,15314.385335949832,22376.901975288638,35214.29438352515,15744.480007524951,16174.574679099955,-10923.42199049471,-5352.75799704995,2192.385646184557,2192.385646184557,2192.385646184557,2192.385646184557,39691.751044170116,39691.751044170116,39691.751044170116,39691.751044170116
2008-06-06,15314.385335949832,14796.010834504268,15314.385335949832,15314.385335949832,22376.901975288638,35214.29438352515,15744.480007524951,16174.574679099955,-10923.42199049471,-5352.75799704995,2192.385646184557,2192.385646184557,2192.385646184557,2192.385646184557,39585.617523181485,39585.617523181485,39585.617523181485,39585.617523181485
2008-06-09,15314.385335949832,14796.010834504268,15314.385335949832,15314.385335949832,22376.901975288638,35214.29438352515,15744.480007524951,16174.574679099955,-10923.42199049471,-5352.75799704995,2192.385646184557,2192.385646184557,2192.385646184557,2192.385646184557,39567.8529291685,39567.8529291685,39567.8529291685,39567.8529291685
2008-06-10,15314.385335949832,14796.010834504268,15314.385335949832,15314.385335949832,22376.901975288638,35214.29438352515,15744.480007524951,16174.574679099955,-10923.42199049471,-5352.75799704995,2192.385646184557,2192.385646184557,2192.385646184557,2192.385646184557,40300.66736061487,40300.66736061487,40300.66736061487,40300.66736061487
2008-06-11,15314.385335949832,14796.010834504268,15314.385335949832,15314.385335949832,22376.901975288638,35214.29438352515,15744.480007524951,16174.574679099955,-10923.42199049471,-5352.75799704995,2192.385646184557,2192.385646184557,2192.385646184557,2192.385646184557,39760.34712229797,39760.34712229797,39760.34712229797,39760.34712229797
2008-06-12,15314.385335949832,14796.010834504268,15314.385335949832,15314.385335949832,22376.901975288638,35214.29438352515,15744.480007524951,16174.574679099955,-10923.42199049471,-5352.75799704995,2192.385646184557,2192.385646184557,2192.385646184557,2192.385646184557,40214.83596245223,40214.83596245223,40214.83596245223,40214.83596245223
2008-06-13,15314.385335949832,14796.010834504268,15314.385335949832,15314.385335949832,22376.901975288638,35214.29438352515,15744.480007524951,16174.574679099955,-10923.42199049471,-5352.75799704995,2192.385646184557,2192.385646184557,2192.385646184557,2192.385646184557,40791.212487077224,40791.212487077224,40791.212487077224,40791.212487077224
2008-06-16,15314.385335949832,14796.010834504268,15314.385335949832,15314.385335949832,22376.901975288638,35214.29438352515,15744.480007524951,16174.574679099955,-10923.42199049471,-5352.75799704995,2192.385646184557,2192.385646184557,2192.385646184557,2192.385646184557,41475.8485569763,41475.8485569763,41475.8485569763,41475.8485569763
2008-06-17,15314.385335949832,14796.010834504268,15314.385335949832,15314.385335949832,22376.901975288638,35214.29438352515,15744.480007524951,16174.574679099955,-10923.42199049471,-5352.75799704995,2192.385646184557,2192.385646184557,2192.385646184557,2192.385646184557,40981.64501345286,40981.64501345286,40981.64501345286,40981.64501345286
2008-06-18,15314.385335949832,14796.010834504268,15314.385335949832,15314.385335949832,22376.901975288638,35214.29438352515,15744.480007524951,16174.574679099955,-10923.42199049471,-5352.75799704995,2192.385646184557,2192.385646184557,2192.385646184557,2192.385646184557,40369.74514555058,40369.74514555058,40369.74514555058,40369.74514555058
2008-06-19,15314.385335949832,14796.010834504268,15314.385335949832,15314.385335949832,22376.901975288638,35214.29438352515,15744.480007524951,16174.574679099955,-10923.42199049471,-5352.75799704995,2192.385646184557,2192.385646184557,2192.385646184557,2192.385646184557,39744.15906792437,39744.15906792437,39744.15906792437,39744.15906792437
2008-06-20,15314.385335949832,14796.010834504268,15314.385335949832,15314.385335949832,22376.901975288638,35214.29438352515,15744.480007524951,16174.574679099955,-10923.42199049471,-5352.75799704995,2192.385646184557,2192.385646184557,2192.385646184557,2192.385646184557,38167.58980790223,38167.58980790223,38167.58980790223,38167.58980790223
2008-06-23,15314.385335949832,14796.010834504268,15314.385335949832,15314.385335949832,22376.901975288638,35214.29438352515,15744.480007524951,16174.574679099955,-10923.42199049471,-5352.75799704995,2192.385646184557,2192.385646184557,2192.385646184557,2192.385646184557,38260.91353331844,38260.91353331844,38260.91353331844,38260.91353331844
2008-06-24,15314.385335949832,14796.010834504268,15314.385335949832,15314.385335949832,22376.901975288638,35214.29438352515,15744.480007524951,16174.574679099955,-10923.42199049471,-5352.75799704995,2192.385646184557,2192.385646184557,2192.385646184557,2192.385646184557,38354.16044590797,38354.16044590797,38354.16044590797,38354.16044590797
2008-06-25,15314.385335949832,14796.010834504268,15314.385335949832,15314.385335949832,22376.901975288638,35214.29438352515,15744.480007524951,16174.574679099955,-10923.42199049471,-5352.75799704995,2192.385646184557,2192.385646184557,2192.385646184557,2192.385646184557,38441.556041981676,38441.556041981676,38441.556041981676,38441.556041981676
2008-06-26,15314.385335949832,14796.010834504268,15314.385335949832,15314.385335949832,22376.901975288638,35214.29438352515,15744.480007524951,16174.574679099955,-10923.42199049471,-5352.75799704995,2192.385646184557,2192.385646184557,2192.385646184557,2192.385646184557,38301.95079461043,38301.95079461043,38301.95079461043,38301.95079461043
2008-06-27,15314.385335949832,14796.010834504268,15314.385335949832,15314.385335949832,22376.901975288638,35214.29438352515,15744.480007524951,16174.574679099955,-10923.42199049471,-5352.75799704995,2192.385646184557,2192.385646184557,2192.385646184557,2192.385646184557,38231.6606404566,38231.6606404566,38231.6606404566,38231.6606404566
2008-06-30,15314.385335949832,14796.010834504268,15314.385335949832,15314.385335949832,22376.901975288638,35214.29438352515,15744.480007524951,16174.574679099955,-10923.42199049471,-5352.75799704995,2192.385646184557,2192.385646184557,2192.385646184557,2192.385646184557,38238.29111142375,38238.29111142375,38238.29111142375,38238.29111142375
2008-07-01,15314.385335949832,14796.010834504268,15314.385335949832,15314.385335949832,22376.901975288638,35214.29438352515,15744.480007524951,16174.574679099955,-10923.42199049471,-5352.75799704995,2192.385646184557,2192.385646184557,2192.385646184557,2192.385646184557,38406.191240568296,38406.191240568296,38406.191240568296,38406.191240568296
2008-07-02,15314.385335949832,14796.010834504268,15314.385335949832,15314.385335949832,22376.901975288638,35214.29438352515,15744.480007524951,16174.574679099955,-10923.42199049471,-5352.75799704995,2192.385646184557,2192.385646184557,2192.385646184557,2192.385646184557,38152.1178866619,38152.1178866619,38152.1178866619,38152.1178866619
2008-07-03,15314.385335949832,14796.010834504268,15314.385335949832,15314.385335949832,22376.901975288638,35214.29438352515,15744.480007524951,16174.574679099955,-10923.42199049471,-5352.75799704995,2192.385646184557,2192.385646184557,2192.385646184557,2192.385646184557,38117.63414192153,38117.63414192153,38117.63414192153,38117.63414192153
2008-07-07,15314.385335949832,14796.010834504268,15314.385335949832,15314.385335949832,22376.901975288638,35214.29438352515,15744.480007524951,16174.574679099955,-10923.42199049471,-5352.75799704995,2192.385646184557,2192.385646184557,2192.385646184557,2192.385646184557,37935.855488323024,37935.855488323024,37935.855488323024,37935.855488323024
2008-07-08,15314.385335949832,14796.010834504268,15314.385335949832,15314.385335949832,22376.901975288638,35214.29438352515,15744.480007524951,16174.574679099955,-10923.42199049471,-5352.75799704995,2192.385646184557,2192.385646184557,2192.385646184557,2192.385646184557,38715.51716986019,38715.51716986019,38715.51716986019,38715.51716986019
2008-07-09,15314.385335949832,14796.010834504268,15314.385335949832,15314.385335949832,22376.901975288638,35214.29438352515,15744.480007524951,16174.574679099955,-10923.42199049471,-5352.75799704995,2192.385646184557,2192.385646184557,2192.385646184557,2192.385646184557,38143.779153473675,38143.779153473675,38143.779153473675,38143.779153473675
2008-07-10,15314.385335949832,14796.010834504268,15314.385335949832,15314.385335949832,22376.901975288638,35214.29438352515,15744.480007524951,16174.574679099955,-10923.42199049471,-5352.75799704995,2192.385646184557,2192.385646184557,2192.385646184557,2192.385646184557,38601.28841297922,38601.28841297922,38601.28841297922,38601.28841297922
2008-07-11,15314.385335949832,14796.010834504268,15314.385335949832,15314.385335949832,22376.901975288638,35214.29438352515,15744.480007524951,16174.574679099955,-10923.42199049471,-5352.75799704995,2192.385646184557,2192.385646184557,2192.385646184557,2192.385646184557,38972.74365100893,38972.74365100893,38972.74365100893,38972.74365100893
2008-07-14,15314.385335949832,14796.010834504268,15314.385335949832,15314.385335949832,22376.901975288638,35214.29438352515,15744.480007524951,16174.574679099955,-10923.42199049471,-5352.75799704995,2192.385646184557,2192.385646184557,2192.385646184557,2192.385646184557,38260.243594122,38260.243594122,38260.243594122,38260.243594122
2008-07-15,15314.385335949832,14796.010834504268,15314.385335949832,15314.385335949832,22376.901975288638,35214.29438352515,15744.480007524951,16174.574679099955,-10923.42199049471,-5352.75799704995,2192.385646184557,2192.385646184557,2192.385646184557,2192.385646184557,38216.03143057239,38216.03143057239,38216.03143057239,38216.03143057239
2008-07-16,15314.385335949832,14796.010834504268,15314.385335949832,15314.385335949832,22376.901975288638,35214.29438352515,15744.480007524951,16174.574679099955,-10923.42199049471,-5352.75799704995,2192.385646184557,2192.385646184557,2192.385646184557,2192.385646184557,39852.23501873494,39852.23501873494,39852.23501873494,39852.23501873494
2008-07-17,15314.385335949832,14796.010834504268,15314.385335949832,15314.385335949832,22376.901975288638,35214.29438352515,15744.480007524951,16174.574679099955,-10923.42199049471,-5352.75799704995,2192.385646184557,2192.385646184557,2192.385646184557,2192.385646184557,39612.42421790678,39612.42421790678,39612.42421790678,39612.42421790678
2008-07-18,15314.385335949832,14796.010834504268,15314.385335949832,15314.385335949832,22376.901975288638,35214.29438352515,15744.480007524951,16174.574679099955,-10923.42199049471,-5352.75799704995,2192.385646184557,2192.385646184557,2192.385646184557,2192.385646184557,40472.43400080816,40472.43400080816,40472.43400080816,40472.43400080816
2008-07-21,15314.385335949832,14796.010834504268,15314.385335949832,15314.385335949832,22376.901975288638,35214.29438352515,15744.480007524951,16174.574679099955,-10923.42199049471,-5352.75799704995,2192.385646184557,2192.385646184557,2192.385646184557,2192.385646184557,40751.21907182585,40751.21907182585,40751.21907182585,40751.21907182585
2008-07-22,15314.385335949832,14796.010834504268,15314.385335949832,15314.385335949832,22376.901975288638,35214.29438352515,15744.480007524951,16174.574679099955,-10923.42199049471,-5352.75799704995,2192.385646184557,2192.385646184557,2192.385646184557,2192.385646184557,40437.741190147586,40437.741190147586,40437.741190147586,40437.741190147586
2008-07-23,15314.385335949832,14796.010834504268,15314.385335949832,15314.385335949832,22376.901975288638,35214.29438352515,15744.480007524951,16174.574679099955,-10923.42199049471,-5352.75799704995,2192.385646184557,2192.385646184557,2192.385646184557,2192.385646184557,40023.78898438357,40023.78898438357,40023.78898438357,40023.78898438357
2008-07-24,15314.385335949832,14796.010834504268,15314.385335949832,15314.385335949832,22376.901975288638,35214.29438352515,15744.480007524951,16174.574679099955,-10923.42199049471,-5352.75799704995,2192.385646184557,2192.385646184557,2192.385646184557,2192.385646184557,40884.27517719311,40884.27517719311,40884.27517719311,40884.27517719311
2008-07-25,15314.385335949832,14796.010834504268,15314.385335949832,15314.385335949832,22376.901975288638,35214.29438352515,15744.480007524951,16174.574679099955,-10923.42199049471,-5352.75799704995,2192.385646184557,2192.385646184557,2192.385646184557,2192.385646184557,41129.086794301984,41129.086794301984,41129.086794301984,41129.086794301984
2008-07-28,15314.385335949832,14796.010834504268,15314.385335949832,15314.385335949832,22376.901975288638,35214.29438352515,15744.480007524951,16174.574679099955,-10923.42199049471,-5352.75799704995,2192.385646184557,2192.385646184557,2192.385646184557,2192.385646184557,41265.59748305543,41265.59748305543,41265.59748305543,41265.59748305543
2008-07-29,15314.385335949832,14796.010834504268,15314.385335949832,15314.385335949832,22376.901975288638,35214.29438352515,15744.480007524951,16174.574679099955,-10923.42199049471,-5352.75799704995,2192.385646184557,2192.385646184557,2192.385646184557,2192.385646184557,41776.24256261147,41776.24256261147,41776.24256261147,41776.24256261147
2008-07-30,15314.385335949832,14796.010834504268,15314.385335949832,15314.385335949832,22376.901975288638,35214.29438352515,15744.480007524951,16174.574679099955,-10923.42199049471,-5352.75799704995,2192.385646184557,2192.385646184557,2192.385646184557,2192.385646184557,41899.56996927224,41899.56996927224,41899.56996927224,41899.56996927224
2008-07-31,15314.385335949832,14796.010834504268,15314.385335949832,15314.385335949832,22376.901975288638,35214.29438352515,15744.480007524951,16174.574679099955,-10923.42199049471,-5352.75799704995,2192.385646184557,2192.385646184557,2192.385646184557,2192.385646184557,41995.651161400136,41995.651161400136,41995.651161400136,41995.651161400136
2008-08-01,15314.385335949832,14796.010834504268,15314.385335949832,15314.385335949832,22376.901975288638,35214.29438352515,15744.480007524951,16174.574679099955,-10923.42199049471,-5352.75799704995,2192.385646184557,2192.385646184557,2192.385646184557,2192.385646184557,42099.74256272579,42099.74256272579,42099.74256272579,42099.74256272579
2008-08-04,15314.385335949832,14796.010834504268,15314.385335949832,15314.385335949832,22376.901975288638,35214.29438352515,15744.480007524951,16174.574679099955,-10923.42199049471,-5352.75799704995,2192.385646184557,2192.385646184557,2192.385646184557,2192.385646184557,42239.01453094848,42239.01453094848,42239.01453094848,42239.01453094848
2008-08-05,15314.385335949832,14796.010834504268,15314.385335949832,15314.385335949832,22376.901975288638,35214.29438352515,15744.480007524951,16174.574679099955,-10923.42199049471,-5352.75799704995,2192.385646184557,2192.385646184557,2192.385646184557,2192.385646184557,40922.66445604758,40922.66445604758,40922.66445604758,40922.66445604758
2008-08-06,15314.385335949832,14796.010834504268,15314.385335949832,15314.385335949832,22376.901975288638,35214.29438352515,15744.480007524951,16174.574679099955,-10923.42199049471,-5352.75799704995,2192.385646184557,2192.385646184557,2192.385646184557,2192.385646184557,41584.58459413622,41584.58459413622,41584.58459413622,41584.58459413622
2008-08-07,15314.385335949832,14796.010834504268,15314.385335949832,15314.385335949832,22376.901975288638,35214.29438352515,15744.480007524951,16174.574679099955,-10923.42199049471,-5352.75799704995,2192.385646184557,2192.385646184557,2192.385646184557,2192.385646184557,41849.52728676051,41849.52728676051,41849.52728676051,41849.52728676051
2008-08-08,15314.385335949832,14796.010834504268,15314.385335949832,15314.385335949832,22376.901975288638,35214.29438352515,15744.480007524951,16174.574679099955,-10923.42199049471,-5352.75799704995,2192.385646184557,2192.385646184557,2192.385646184557,2192.385646184557,40780.111467107316,40780.111467107316,40780.111467107316,40780.111467107316
2008-08-11,15314.385335949832,14796.010834504268,15314.385335949832,15314.385335949832,22376.901975288638,35214.29438352515,15744.480007524951,16174.574679099955,-10923.42199049471,-5352.75799704995,2192.385646184557,2192.385646184557,2192.385646184557,2192.385646184557,40930.452505045454,40930.452505045454,40930.452505045454,40930.452505045454
2008-08-12,15314.385335949832,14796.010834504268,15314.385335949832,15314.385335949832,22376.901975288638,35214.29438352515,15744.480007524951,16174.574679099955,-10923.42199049471,-5352.75799704995,2192.385646184557,2192.385646184557,2192.385646184557,2192.385646184557,41894.793475273764,41894.793475273764,41894.793475273764,41894.793475273764
2008-08-13,15314.385335949832,14796.010834504268,15314.385335949832,15314.385335949832,22376.901975288638,35214.29438352515,15744.480007524951,16174.574679099955,-10923.42199049471,-5352.75799704995,2192.385646184557,2192.385646184557,2192.385646184557,2192.385646184557,42782.20577703207,42782.20577703207,42782.20577703207,42782.20577703207
2008-08-14,15314.385335949832,14796.010834504268,15314.385335949832,15314.385335949832,22376.901975288638,35214.29438352515,15744.480007524951,16174.574679099955,-10923.42199049471,-5352.75799704995,2192.385646184557,2192.385646184557,2192.385646184557,2192.385646184557,42830.924799417495,42830.924799417495,42830.924799417495,42830.924799417495
2008-08-15,15314.385335949832,14796.010834504268,15314.385335949832,15314.385335949832,22376.901975288638,35214.29438352515,15744.480007524951,16174.574679099955,-10923.42199049471,-5352.75799704995,2192.385646184557,2192.385646184557,2192.385646184557,2192.385646184557,42985.92182635155,42985.92182635155,42985.92182635155,42985.92182635155
2008-08-18,15314.385335949832,14796.010834504268,15314.385335949832,15314.385335949832,22376.901975288638,35214.29438352515,15744.480007524951,16174.574679099955,-10923.42199049471,-5352.75799704995,2192.385646184557,2192.385646184557,2192.385646184557,2192.385646184557,43095.87967943901,43095.87967943901,43095.87967943901,43095.87967943901
2008-08-19,15314.385335949832,14796.010834504268,15314.385335949832,15314.385335949832,22376.901975288638,35214.29438352515,15744.480007524951,16174.574679099955,-10923.42199049471,-5352.75799704995,2192.385646184557,2192.385646184557,2192.385646184557,2192.385646184557,42821.594492572825,42821.594492572825,42821.594492572825,42821.594492572825
2008-08-20,15314.385335949832,14796.010834504268,15314.385335949832,15314.385335949832,22376.901975288638,35214.29438352515,15744.480007524951,16174.574679099955,-10923.42199049471,-5352.75799704995,2192.385646184557,2192.385646184557,2192.385646184557,2192.385646184557,42814.155040107435,42814.155040107435,42814.155040107435,42814.155040107435
2008-08-21,15314.385335949832,14796.010834504268,15314.385335949832,15314.385335949832,22376.901975288638,35214.29438352515,15744.480007524951,16174.574679099955,-10923.42199049471,-5352.75799704995,2192.385646184557,2192.385646184557,2192.385646184557,2192.385646184557,42889.96724631591,42889.96724631591,42889.96724631591,42889.96724631591
2008-08-22,15314.385335949832,14796.010834504268,15314.385335949832,15314.385335949832,22376.901975288638,35214.29438352515,15744.480007524951,16174.574679099955,-10923.42199049471,-5352.75799704995,2192.385646184557,2192.385646184557,2192.385646184557,2192.385646184557,43414.21863012621,43414.21863012621,43414.21863012621,43414.21863012621
2008-08-25,15314.385335949832,14796.010834504268,15314.385335949832,15314.385335949832,22376.901975288638,35214.29438352515,15744.480007524951,16174.574679099955,-10923.42199049471,-5352.75799704995,2192.385646184557,2192.385646184557,2192.385646184557,2192.385646184557,43436.357460576575,43436.357460576575,43436.357460576575,43436.357460576575
2008-08-26,15314.385335949832,14796.010834504268,15314.385335949832,15314.385335949832,22376.901975288638,35214.29438352515,15744.480007524951,16174.574679099955,-10923.42199049471,-5352.75799704995,2192.385646184557,2192.385646184557,2192.385646184557,2192.385646184557,43603.39533615718,43603.39533615718,43603.39533615718,43603.39533615718
2008-08-27,15314.385335949832,14796.010834504268,15314.385335949832,15314.385335949832,22376.901975288638,35214.29438352515,15744.480007524951,16174.574679099955,-10923.42199049471,-5352.75799704995,2192.385646184557,2192.385646184557,2192.385646184557,2192.385646184557,43782.10581746593,43782.10581746593,43782.10581746593,43782.10581746593
2008-08-28,15314.385335949832,14796.010834504268,15314.385335949832,15314.385335949832,22376.901975288638,35214.29438352515,15744.480007524951,16174.574679099955,-10923.42199049471,-5352.75799704995,2192.385646184557,2192.385646184557,2192.385646184557,2192.385646184557,43981.27648124541,43981.27648124541,43981.27648124541,43981.27648124541
2008-08-29,15314.385335949832,14796.010834504268,15314.385335949832,15314.385335949832,22376.901975288638,35214.29438352515,15744.480007524951,16174.574679099955,-10923.42199049471,-5352.75799704995,2192.385646184557,2192.385646184557,2192.385646184557,2192.385646184557,44390.382829180104,44390.382829180104,44390.382829180104,44390.382829180104
2008-09-02,15314.385335949832,14796.010834504268,15314.385335949832,15314.385335949832,22376.901975288638,35214.29438352515,15744.480007524951,16174.574679099955,-10923.42199049471,-5352.75799704995,2192.385646184557,2192.385646184557,2192.385646184557,2192.385646184557,44545.93727553403,44545.93727553403,44545.93727553403,44545.93727553403
2008-09-03,15314.385335949832,14796.010834504268,15314.385335949832,15314.385335949832,22376.901975288638,35214.29438352515,15744.480007524951,16174.574679099955,-10923.42199049471,-5352.75799704995,2192.385646184557,2192.385646184557,2192.385646184557,2192.385646184557,43863.63771765772,43863.63771765772,43863.63771765772,43863.63771765772
2008-09-04,15314.385335949832,14796.010834504268,15314.385335949832,15314.385335949832,22376.901975288638,35214.29438352515,15744.480007524951,16174.574679099955,-10923.42199049471,-5352.75799704995,2192.385646184557,2192.385646184557,2192.385646184557,2192.385646184557,43555.47427731287,43555.47427731287,43555.47427731287,43555.47427731287
2008-09-05,15314.385335949832,14796.010834504268,15314.385335949832,15314.385335949832,22376.901975288638,35214.29438352515,15744.480007524951,16174.574679099955,-10923.42199049471,-5352.75799704995,2192.385646184557,2192.385646184557,2192.385646184557,2192.385646184557,43131.76374905056,43131.76374905056,43131.76374905056,43131.76374905056
2008-09-08,15314.385335949832,14796.010834504268,15314.385335949832,15314.385335949832,22376.901975288638,35214.29438352515,15744.480007524951,16174.574679099955,-10923.42199049471,-5352.75799704995,2192.385646184557,2192.385646184557,2192.385646184557,2192.385646184557,42783.930931391544,42783.930931391544,42783.930931391544,42783.930931391544
2008-09-09,15314.385335949832,14796.010834504268,15314.385335949832,15314.385335949832,22376.901975288638,35214.29438352515,15744.480007524951,16174.574679099955,-10923.42199049471,-5352.75799704995,2192.385646184557,2192.385646184557,2192.385646184557,2192.385646184557,42794.299070014735,42794.299070014735,42794.299070014735,42794.299070014735
2008-09-10,15314.385335949832,14796.010834504268,15314.385335949832,15314.385335949832,22376.901975288638,35214.29438352515,15744.480007524951,16174.574679099955,-10923.42199049471,-5352.75799704995,2192.385646184557,2192.385646184557,2192.385646184557,2192.385646184557,43306.64786546538,43306.64786546538,43306.64786546538,43306.64786546538
2008-09-11,15314.385335949832,14796.010834504268,15314.385335949832,15314.385335949832,22376.901975288638,35214.29438352515,15744.480007524951,16174.574679099955,-10923.42199049471,-5352.75799704995,2192.385646184557,2192.385646184557,2192.385646184557,2192.385646184557,43831.75307270442,43831.75307270442,43831.75307270442,43831.75307270442
2008-09-12,15314.385335949832,14796.010834504268,15314.385335949832,15314.385335949832,22376.901975288638,35214.29438352515,15744.480007524951,16174.574679099955,-10923.42199049471,-5352.75799704995,2192.385646184557,2192.385646184557,2192.385646184557,2192.385646184557,44624.288514962536,44624.288514962536,44624.288514962536,44624.288514962536
2008-09-15,15314.385335949832,14796.010834504268,15314.385335949832,15314.385335949832,22376.901975288638,35214.29438352515,15744.480007524951,16174.574679099955,-10923.42199049471,-5352.75799704995,2192.385646184557,2192.385646184557,2192.385646184557,2192.385646184557,41858.78724591038,41858.78724591038,41858.78724591038,41858.78724591038
2008-09-16,15314.385335949832,14796.010834504268,15314.385335949832,15314.385335949832,22376.901975288638,35214.29438352515,15744.480007524951,16174.574679099955,-10923.42199049471,-5352.75799704995,2192.385646184557,2192.385646184557,2192.385646184557,2192.385646184557,41145.30198657187,41145.30198657187,41145.30198657187,41145.30198657187
2008-09-17,15314.385335949832,14796.010834504268,15314.385335949832,15314.385335949832,22376.901975288638,35214.29438352515,15744.480007524951,16174.574679099955,-10923.42199049471,-5352.75799704995,2192.385646184557,2192.385646184557,2192.385646184557,2192.385646184557,38176.822515230044,37714.4628631837,38176.822515230044,38176.822515230044
2008-09-18,15314.385335949832,14796.010834504268,15314.385335949832,15314.385335949832,22376.901975288638,35214.29438352515,15744.480007524951,16174.574679099955,-10923.42199049471,-5352.75799704995,2192.385646184557,2192.385646184557,2192.385646184557,2192.385646184557,39787.87011247536,37714.4628631837,39787.87011247536,39787.87011247536
2008-09-19,15314.385335949832,14796.010834504268,15314.385335949832,15314.385335949832,22376.901975288638,35214.29438352515,15744.480007524951,16174.574679099955,-10923.42199049471,-5352.75799704995,2192.385646184557,2192.385646184557,2192.385646184557,2192.385646184557,41311.68475104077,37714.4628631837,41311.68475104077,41311.68475104077
2008-09-22,15314.385335949832,14796.010834504268,15314.385335949832,15314.385335949832,22376.901975288638,35214.29438352515,15744.480007524951,16174.574679099955,-10923.42199049471,-5352.75799704995,2192.385646184557,2192.385646184557,2192.385646184557,2192.385646184557,40125.10215704108,36527.880269183894,40125.10215704108,40125.10215704108
2008-09-23,15314.385335949832,14796.010834504268,15314.385335949832,15314.385335949832,22376.901975288638,35214.29438352515,15744.480007524951,16174.574679099955,-10923.42199049471,-5352.75799704995,2192.385646184557,2192.385646184557,2192.385646184557,2192.385646184557,39262.170740351896,35664.94885249471,39262.170740351896,39262.170740351896
2008-09-24,15314.385335949832,14796.010834504268,15314.385335949832,15314.385335949832,22376.901975288638,35214.29438352515,15744.480007524951,16174.574679099955,-10923.42199049471,-5352.75799704995,2192.385646184557,2192.385646184557,2192.385646184557,2192.385646184557,40672.6404133921,37075.418525534915,40672.6404133921,40672.6404133921
2008-09-25,15314.385335949832,14796.010834504268,15314.385335949832,15314.385335949832,22376.901975288638,35214.29438352515,15744.480007524951,16174.574679099955,-10923.42199049471,-5352.75799704995,2192.385646184557,2192.385646184557,2192.385646184557,2192.385646184557,42362.51373040967,38765.291842552484,42362.51373040967,42362.51373040967
2008-09-26,15314.385335949832,14796.010834504268,15314.385335949832,15314.385335949832,22376.901975288638,35214.29438352515,15744.480007524951,16174.574679099955,-10923.42199049471,-5352.75799704995,2192.385646184557,2192.385646184557,2192.385646184557,2192.385646184557,43079.108082338935,39481.88619448175,43079.108082338935,43079.108082338935
2008-09-29,15314.385335949832,14796.010834504268,15314.385335949832,15314.385335949832,22376.901975288638,35214.29438352515,15744.480007524951,16174.574679099955,-10923.42199049471,-5352.75799704995,2192.385646184557,2192.385646184557,2192.385646184557,2192.385646184557,36508.63747987384,31993.201194566325,36508.63747987384,36508.63747987384
2008-09-30,15314.385335949832,14796.010834504268,15314.385335949832,15314.385335949832,22376.901975288638,35214.29438352515,15744.480007524951,16174.574679099955,-10923.42199049471,-5352.75799704995,2192.385646184557,2192.385646184557,2192.385646184557,2192.385646184557,42523.62357178517,31993.201194566325,42523.62357178517,42523.62357178517
2008-10-01,15314.385335949832,14796.010834504268,15314.385335949832,15314.385335949832,22376.901975288638,35214.29438352515,15744.480007524951,16174.574679099955,-10923.42199049471,-5352.75799704995,2192.385646184557,2192.385646184557,2192.385646184557,2192.385646184557,42062.97982425382,31993.201194566325,42062.97982425382,42062.97982425382
2008-10-02,15314.385335949832,14796.010834504268,15314.385335949832,15314.385335949832,22376.901975288638,35214.29438352515,15744.480007524951,16174.574679099955,-10923.42199049471,-5352.75799704995,2192.385646184557,2192.385646184557,2192.385646184557,2192.385646184557,40211.57121221139,31993.201194566325,40211.57121221139,40211.57121221139
2008-10-03,15314.385335949832,14796.010834504268,15314.385335949832,15314.385335949832,22376.901975288638,35214.29438352515,15744.480007524951,16174.574679099955,-10923.42199049471,-5352.75799704995,2192.385646184557,2192.385646184557,2192.385646184557,2192.385646184557,40146.8610670272,31993.201194566325,40146.8610670272,40146.8610670272
2008-10-06,15314.385335949832,14796.010834504268,15314.385335949832,15314.385335949832,22376.901975288638,35214.29438352515,15744.480007524951,16174.574679099955,-10923.42199049471,-5352.75799704995,2192.385646184557,2192.385646184557,2192.385646184557,2192.385646184557,40932.27227530547,31993.201194566325,40932.27227530547,40932.27227530547
2008-10-07,15314.385335949832,14796.010834504268,15314.385335949832,15314.385335949832,22376.901975288638,35214.29438352515,15744.480007524951,16174.574679099955,-10923.42199049471,-5352.75799704995,2192.385646184557,2192.385646184557,2192.385646184557,2192.385646184557,37599.77281763207,31993.201194566325,37599.77281763207,37599.77281763207
2008-10-08,15314.385335949832,14796.010834504268,15314.385335949832,15314.385335949832,22376.901975288638,35214.29438352515,15744.480007524951,16174.574679099955,-10923.42199049471,-5352.75799704995,2192.385646184557,2192.385646184557,2192.385646184557,2192.385646184557,38711.8175710137,31993.201194566325,38711.8175710137,38711.8175710137
2008-10-09,15314.385335949832,14796.010834504268,15314.385335949832,15314.385335949832,22376.901975288638,35214.29438352515,15744.480007524951,16174.574679099955,-10923.42199049471,-5352.75799704995,2192.385646184557,2192.385646184557,2192.385646184557,2192.385646184557,33655.83050315594,31993.201194566325,33655.83050315594,33655.83050315594
2008-10-10,15314.385335949832,14796.010834504268,15314.385335949832,15314.385335949832,22376.901975288638,35214.29438352515,15744.480007524951,16174.574679099955,-10923.42199049471,-5352.75799704995,2192.385646184557,2192.385646184557,2192.385646184557,2192.385646184557,35821.47014375101,31993.201194566325,35821.47014375101,35821.47014375101
2008-10-13,15314.385335949832,14796.010834504268,15314.385335949832,15314.385335949832,22376.901975288638,35214.29438352515,15744.480007524951,16174.574679099955,-10923.42199049471,-5352.75799704995,2192.385646184557,2192.385646184557,2192.385646184557,2192.385646184557,35705.03435869375,31993.201194566325,35705.03435869375,35705.03435869375
2008-10-14,15314.385335949832,14796.010834504268,15314.385335949832,15314.385335949832,22376.901975288638,35214.29438352515,15744.480007524951,16174.574679099955,-10923.42199049471,-5352.75799704995,2192.385646184557,2192.385646184557,2192.385646184557,2192.385646184557,38587.10013703746,31993.201194566325,38587.10013703746,38587.10013703746
2008-10-15,15314.385335949832,14796.010834504268,15314.385335949832,15314.385335949832,22376.901975288638,35214.29438352515,15744.480007524951,16174.574679099955,-10923.42199049471,-5352.75799704995,2192.385646184557,2192.385646184557,2192.385646184557,2192.385646184557,40548.33152463054,31993.201194566325,40548.33152463054,40548.33152463054
2008-10-16,15314.385335949832,14796.010834504268,15314.385335949832,15314.385335949832,22376.901975288638,35214.29438352515,15744.480007524951,16174.574679099955,-10923.42199049471,-5352.75799704995,2192.385646184557,2192.385646184557,2192.385646184557,2192.385646184557,38536.55211840011,31993.201194566325,38536.55211840011,38536.55211840011
2008-10-17,15314.385335949832,14796.010834504268,15314.385335949832,15314.385335949832,22376.901975288638,35214.29438352515,15744.480007524951,16174.574679099955,-10923.42199049471,-5352.75799704995,2192.385646184557,2192.385646184557,2192.385646184557,2192.385646184557,37712.344947084086,31993.201194566325,37712.344947084086,37712.344947084086
2008-10-20,20359.633421947598,19841.258920502034,20359.633421947598,20359.633421947598,27422.150061286404,40259.542469522916,20789.728093522717,21219.82276509772,-5906.0907976620365,-331.8682188496459,2192.385646184557,2192.385646184557,2192.385646184557,2192.385646184557,34538.939825543435,28819.79607302579,34538.939825543435,34538.939825543435
2008-10-21,22385.084501952748,21866.710000507184,22385.084501952748,22385.084501952748,29447.601141291554,42284.993549528066,22815.179173527868,23245.27384510287,-5972.8222271705745,-1458.7114869580837,2192.385646184557,2192.385646184557,2192.385646184557,2192.385646184557,38769.497471351526,33050.35371883388,38769.497471351526,38769.497471351526
2008-10-22,13920.124681037152,13401.750179591589,13920.124681037152,13920.124681037152,20892.64132037596,33820.03372861247,14350.219352612272,14780.314024187275,-17134.920086224214,-15755.37815943791,2192.385646184557,2192.385646184557,2192.385646184557,2192.385646184557,41129.3278514815,35410.18409896386,41129.3278514815,41129.3278514815
2008-10-23,15544.168652469758,15025.794151024194,15544.168652469758,15544.168652469758,12090.549594114069,35444.07770004496,15974.263324044878,16404.357995619765,-16061.887151383562,-13406.556960548274,2192.385646184557,2192.385646184557,2192.385646184557,2192.385646184557,40473.572868047515,34754.42911552987,40473.572868047515,40473.572868047515
2008-10-24,8833.414637177368,8315.040135731804,8833.414637177368,8833.414637177368,51550.98038223619,28688.323684752686,9255.898392308853,9678.382147440221,-20427.806870552362,-22681.76395693398,2192.385646184557,2192.385646184557,2192.385646184557,2192.385646184557,39825.75916250283,34106.615409985185,39825.75916250283,39825.75916250283
2008-10-27,11802.704597803415,11284.330096357851,11802.704597803415,11802.704597803415,85202.50240259408,47633.22872585105,14927.167719886056,18051.630841968465,-12073.517622490413,-19726.857502002502,2192.385646184557,2192.385646184557,2192.385646184557,2192.385646184557,41599.482330030296,35880.33857751265,41599.482330030296,41599.482330030296
2008-10-28,18200.32577788818,17681.951276442618,18200.32577788818,18200.32577788818,-5900.260278471047,3264.3802523710765,12746.77944896731,7293.233120046323,-32843.75948249549,-17978.871047278168,2192.385646184557,2192.385646184557,2192.385646184557,2192.385646184557,40038.54333270376,34319.39958018612,40038.54333270376,40038.54333270376
2008-10-29,10942.79036840389,10424.415866958327,10942.79036840389,10942.79036840389,-13157.795687955339,-3993.155157113215,6083.856599180726,1224.9228299575625,-38483.83614021074,-24091.32728202257,2192.385646184557,2192.385646184557,2192.385646184557,2192.385646184557,43067.07103219314,37347.927279675496,43067.07103219314,43067.07103219314
2008-10-30,14737.595036751707,14219.220535306144,14737.595036751707,14737.595036751707,-9362.991019607522,-198.35048876539804,7063.046476841671,-611.5020830683643,-32914.99134870444,-16060.113539489568,2192.385646184557,2192.385646184557,2192.385646184557,2192.385646184557,39343.8419209728,33624.69816845516,39343.8419209728,39343.8419209728
2008-10-31,21424.646804147284,20906.27230270172,21424.646804147284,21424.646804147284,-2675.939252211945,6488.701278630178,13279.44936830143,5134.25193245546,-26119.193446280085,-9079.059263498057,2192.385646184557,2192.385646184557,2192.385646184557,2192.385646184557,41183.3237015272,35464.17994900956,41183.3237015272,41183.3237015272
2008-11-03,23421.820939396624,22903.44643795106,23421.820939396624,23421.820939396624,-678.7651169626042,8485.87541387952,15239.629830973106,7057.438722549472,-24202.552645712276,-7087.224754028255,2192.385646184557,2192.385646184557,2192.385646184557,2192.385646184557,46019.132261749706,40299.98850923206,46019.132261749706,46019.132261749706
2008-11-04,27978.293948389706,27459.919446944143,27978.293948389706,27978.293948389706,3877.7078920304775,13042.348422872601,19360.06747486838,10741.841001347057,-19532.54134943406,-1952.055501338793,2192.385646184557,2192.385646184557,2192.385646184557,2192.385646184557,46366.33178551425,40647.18803299661,46366.33178551425,46366.33178551425
2008-11-05,23572.438103118446,23054.063601672882,23572.438103118446,23572.438103118446,-528.147953240783,8636.49257760134,15511.81239854847,7451.186693978612,-23061.763146528392,-4793.840083266143,2192.385646184557,2192.385646184557,2192.385646184557,2192.385646184557,49011.22525017732,43292.081497659674,49011.22525017732,49011.22525017732
2008-11-06,16958.367165214382,16439.99266376882,16958.367165214382,16958.367165214382,-7232.218891144963,2022.4216396971606,9601.997014273657,2245.626863333164,-32068.78454181901,-14686.354951241985,2192.385646184557,2192.385646184557,2192.385646184557,2192.385646184557,45220.58718286152,39501.443430343876,45220.58718286152,45220.58718286152
2008-11-07,23784.628066704376,23266.253565258812,23784.628066704376,23784.628066704376,-30214.44281074684,8848.68254118727,16031.23851879104,8277.848970877938,-28250.785886652186,-8078.799968071748,2192.385646184557,2192.385646184557,2192.385646184557,2192.385646184557,48949.93624007795,43230.792487560306,48949.93624007795,48949.93624007795
2008-11-10,20870.861720254645,20352.48721880908,20870.861720254645,20870.861720254645,-33128.20915719657,5934.91619473754,13362.557438960415,5854.253157666302,-30679.940845755627,-10997.347720776335,2192.385646184557,2192.385646184557,2192.385646184557,2192.385646184557,50622.04017362557,44902.896421108046,50622.04017362557,50622.04017362557
2008-11-11,18640.278488606913,18121.90398716135,18640.278488606913,18640.278488606913,-35448.792388844304,3704.332963089808,11701.867593315314,4763.4566980238305,-31295.53211741906,-12988.200086483732,2192.385646184557,2192.385646184557,2192.385646184557,2192.385646184557,50787.03265251545,45067.88889999781,50787.03265251545,50787.03265251545
2008-11-12,10699.723109859508,10181.348608413944,10699.723109859508,10699.723109859508,-3788.2803613741416,-4281.222415657598,4548.396610031952,-1602.9298897954868,-33237.42131273844,-18877.238172355224,2192.385646184557,2192.385646184557,2192.385646184557,2192.385646184557,44060.66029713978,38341.516544622136,44060.66029713978,44060.66029713978
2008-11-13,24554.145933134365,24035.7714316888,24554.145933134365,24554.145933134365,-43570.59605678229,-18479.52190416504,17336.77140286879,10119.39687260345,-37741.50306091097,-12901.311083351378,2192.385646184557,2192.385646184557,2192.385646184557,2192.385646184557,49426.12650719937,43706.982754681725,49426.12650719937,49426.12650719937
2008-11-14,19036.708555347286,18518.334053901723,19036.708555347286,19036.708555347286,-3471.4134647658793,-138.8648460038239,12720.382547147921,6404.056538948789,-39914.199719460215,-17903.298425631365,2192.385646184557,2192.385646184557,2192.385646184557,2192.385646184557,47362.201545895194,41643.05779337755,47362.201545895194,47362.201545895194
2008-11-17,13317.798062404268,12799.423560958705,13317.798062404268,13317.798062404268,2339.030302036437,172.22913960926235,7973.691613381612,2629.5851643591886,-43701.14346145198,-23632.343083251384,2192.385646184557,2192.385646184557,2192.385646184557,2192.385646184557,48698.20713932393,42979.0633868064,48698.20713932393,48698.20713932393
2008-11-18,17246.439660974313,16728.06515952875,17246.439660974313,17246.439660974313,-9873.40286752046,-4341.124446264235,10541.22761642863,3836.015571883181,-43483.37481462292,-20245.54892108112,2192.385646184557,2192.385646184557,2192.385646184557,2192.385646184557,47334.249297915376,41615.10554539773,47334.249297915376,47334.249297915376
2008-11-19,13934.055048512993,13415.68054706743,13934.055048512993,13934.055048512993,42756.97025926679,21605.29174751311,11946.248857153812,9958.442665794748,-47293.33111263171,-30911.992208847194,2192.385646184557,2192.385646184557,2192.385646184557,2192.385646184557,42928.94401895709,37209.800266439444,42928.94401895709,42928.94401895709
2008-11-20,-5426.193438732997,-7873.928116261377,-7355.5536148158135,-5426.193438732997,84051.82573485235,33968.4633498186,-2299.222418114543,827.7486025040271,-21806.534718706855,-29325.41769913747,2192.385646184557,2192.385646184557,2192.385646184557,2192.385646184557,33342.88668369502,27623.742931177374,33342.88668369502,33342.88668369502
2008-11-21,1972.9342489453265,-7873.928116261377,-7355.5536148158135,1972.9342489453265,50566.7868243563,19984.632188727264,1659.0466959726764,1345.159143000259,-45727.60616048949,-33598.7472588385,2192.385646184557,2192.385646184557,2192.385646184557,2192.385646184557,44554.76875810744,38835.6250055898,44554.76875810744,44554.76875810744
2008-11-24,-10035.310862129321,-21172.49677604763,-19363.79872589046,-10035.310862129321,38558.54171328165,7976.387077652616,-10349.198415101971,-10663.085968074389,-57762.28824814898,-45630.07961332123,2192.385646184557,2192.385646184557,2192.385646184557,2192.385646184557,39887.45592457615,33473.68798349751,39887.45592457615,39887.45592457615
2008-11-25,-8904.834319870919,-21172.49677604763,-18233.32218363206,-8904.834319870919,39689.01825554005,9106.863619911019,-9218.72187284357,-9532.609425815986,-56239.162801391445,-43858.05088197254,2192.385646184557,2192.385646184557,2192.385646184557,2192.385646184557,38928.609601345146,33473.68798349751,38928.609601345146,38928.609601345146
2008-11-26,-10879.906580161536,-21172.49677604763,-20208.394443922676,-10879.906580161536,37713.945995249436,7131.791359620402,-11193.794133134186,-11507.681686106604,-54219.83753322379,-40810.63866682199,2192.385646184557,2192.385646184557,2192.385646184557,2192.385646184557,37027.58422886382,33473.68798349751,37027.58422886382,37027.58422886382
2008-11-28,-13243.35242779483,-21172.49677604763,-22571.84029155597,-13243.35242779483,35350.50014761614,4768.345511987107,-13557.239980767481,-13871.127533739898,-55070.543963613105,-41606.815246129525,2192.385646184557,2192.385646184557,2192.385646184557,2192.385646184557,34655.00357965357,33473.68798349751,33803.40582074481,34655.00357965357
2008-12-01,-12216.858861315413,-21172.49677604763,-21545.346725076553,-12216.858861315413,36376.99371409556,5794.839078466524,-12532.704484109883,-12848.55010690412,-67670.73135599308,-53625.05270385416,2192.385646184557,2192.385646184557,2192.385646184557,2192.385646184557,42724.73487554665,33473.68798349751,33803.40582074481,42724.73487554665
2008-12-02,-9693.484953945037,-21172.49677604763,-19021.972817706177,-9693.484953945037,38900.367621465935,8318.2129858369,-10762.887416053913,-11832.289878162555,-66669.37222223543,-51113.30731410056,2192.385646184557,2192.385646184557,2192.385646184557,2192.385646184557,41280.74771116197,33473.68798349751,33803.40582074481,41280.74771116197
2008-12-03,-7650.834010028979,-21172.49677604763,-16979.32187379012,-7650.834010028979,40943.01856538199,10360.863929752959,-9209.103881541989,-10767.37375305465,-64832.84583832056,-49084.05243808881,2192.385646184557,2192.385646184557,2192.385646184557,2192.385646184557,39068.98949611676,33473.68798349751,33803.40582074481,39068.98949611676
2008-12-04,-10375.928681819583,-21172.49677604763,-19704.416545580723,-10375.928681819583,38217.92389359139,7635.7692579623545,-11452.49015825137,-12529.051634682808,-67973.45746407553,-52001.80609972682,2192.385646184557,2192.385646184557,2192.385646184557,2192.385646184557,39355.70800378162,33473.68798349751,33803.40582074481,39355.70800378162
2008-12-05,-8138.965501267114,-21172.49677604763,-17467.453365028254,-8138.965501267114,40454.88707414386,9872.732438514824,-9842.70452719729,-11546.443553127116,-65117.00844984385,-49140.365102663054,2192.385646184557,2192.385646184557,2192.385646184557,2192.385646184557,38316.895454953425,33473.68798349751,33803.40582074481,38316.895454953425
2008-12-08,-5445.510681610089,-21172.49677604763,-14773.998545371229,-5445.510681610089,43148.34189380088,12566.187258171849,-7885.747713252902,-10325.98474489525,-61778.7012317779,-46531.56412639539,2192.385646184557,2192.385646184557,2192.385646184557,2192.385646184557,35805.87782612245,33473.68798349751,33803.40582074481,35805.87782612245
2008-12-09,-9839.951541127753,-21172.49677604763,-19168.439404888893,-9839.951541127753,38753.90103428322,8171.746398654184,-12646.203105823486,-15452.454670518753,-66907.37552026985,-50928.03144662455,2192.385646184557,2192.385646184557,2192.385646184557,2192.385646184557,37603.68071251188,33473.68798349751,33803.40582074481,37603.68071251188
2008-12-10,-9371.951359436847,-21172.49677604763,-18700.439223197987,-9371.951359436847,39221.901215974125,8639.74658034509,-12029.366935563856,-14686.782511690399,-66294.31269235548,-50624.152313599945,2192.385646184557,2192.385646184557,2192.385646184557,2192.385646184557,39060.59812487755,33473.68798349751,33803.40582074481,39060.59812487755
2008-12-11,-13806.760182767408,-21172.49677604763,-23135.248046528548,-13806.760182767408,34787.09239264368,4204.93775701453,-16993.653243364533,-20180.546303961193,-72261.54067090456,-55341.609294474125,2192.385646184557,2192.385646184557,2192.385646184557,2192.385646184557,41914.55370842223,33473.68798349751,33803.40582074481,41914.55370842223
2008-12-12,-15192.661113758804,-21172.49677604763,-24521.148977519944,-15192.661113758804,33401.19146165217,2819.0368260231335,-18123.341164037003,-21054.02121431462,-72636.40313614218,-56314.97631058865,2192.385646184557,2192.385646184557,2192.385646184557,2192.385646184557,42510.126717385836,33473.68798349751,33803.40582074481,42510.126717385836
2008-12-15,-19102.009737037122,-21172.49677604763,-29073.36431968806,-19102.009737037122,29491.84283837385,-1090.3117972551845,-22336.90680963616,-25571.80388223473,-77752.40609185805,-60591.62217171269,2192.385646184557,2192.385646184557,2192.385646184557,2192.385646184557,44418.334004421486,33473.68798349751,33803.40582074481,44418.334004421486
2008-12-16,-10927.977084982092,-21172.49677604763,-29073.36431968806,-10927.977084982092,37665.87549042888,7083.720854799845,-12378.765009287512,-13829.552933592466,-66017.20642892143,-52423.002683382714,2192.385646184557,2192.385646184557,2192.385646184557,2192.385646184557,41389.51232786942,33473.68798349751,33803.40582074481,41389.51232786942
2008-12-17,-15092.718543194816,-21172.49677604763,-29073.36431968806,-15092.718543194816,33501.134032216156,2918.9793965871213,-16927.950708825258,-18763.182874455233,-71088.97586792754,-56564.69689755852,2192.385646184557,2192.385646184557,2192.385646184557,2192.385646184557,42232.75275318429,33473.68798349751,33803.40582074481,42232.75275318429
2008-12-18,-21856.649628167506,-21172.49677604763,-29073.36431968806,-21856.649628167506,26737.20294724335,-3844.9516883855686,-24426.270802131854,-26995.891976095736,-81135.25169156678,-64364.19674438238,2192.385646184557,2192.385646184557,2192.385646184557,2192.385646184557,43780.071099190856,33473.68798349751,33803.40582074481,43780.071099190856
2008-12-19,-27323.12765991129,-21172.49677604763,-29073.36431968806,-27323.12765991129,21270.724915499683,-9311.429720129352,-30058.675094465376,-32794.22252901876,-87995.00209882995,-70548.76415883796,2192.385646184557,2192.385646184557,2192.385646184557,2192.385646184557,45495.672149585094,33473.68798349751,33803.40582074481,45495.672149585094
2008-12-22,-28719.072306784336,-22568.441422920674,-30469.308966561104,-28719.072306784336,19874.780268626637,-10707.374367002398,-31454.61974133842,-34190.16717589181,-89444.14803646016,-71988.08389128488,2192.385646184557,2192.385646184557,2192.385646184557,2192.385646184557,45527.54473741038,33505.5605713228,33835.2784085701,45527.54473741038
2008-12-23,-28225.6491930068,-22075.01830914314,-29975.88585278357,-28225.6491930068,20281.203382404172,-10213.951253224863,-30961.196627560887,-33696.744062114274,-89293.36860131414,-72851.62291685282,2192.385646184557,2192.385646184557,2192.385646184557,2192.385646184557,45543.599710192764,33521.61554410518,33851.33338135248,45543.599710192764
2008-12-24,-27865.849532317487,-21715.218648453825,-29616.086192094255,-27865.849532317487,15591.900366957881,-9854.151592535549,-30601.396966871573,-33336.94440142496,-88835.31979050755,-71741.48124789668,2192.385646184557,2192.385646184557,2192.385646184557,2192.385646184557,45566.91669191909,33544.93252583151,33874.65036307881,45566.91669191909
2008-12-26,-27457.763437239802,-21307.13255337614,-29208.00009701657,-27457.763437239802,10951.466114047915,-9446.065497457865,-30193.31087179389,-32928.858306347276,-88829.95201489946,-71146.85581461713,2192.385646184557,2192.385646184557,2192.385646184557,2192.385646184557,45601.51277855283,33579.52861246525,33909.24644971255,45601.51277855283
2008-12-29,-28857.782531239674,-22707.151647376013,-30608.019191016443,-28857.782531239674,12075.73366350308,-10846.084591457737,-31597.72259143053,-34337.66265162069,-89127.74601653335,-71701.13843645959,2192.385646184557,2192.385646184557,2192.385646184557,2192.385646184557,45653.17687984812,33631.19271376054,33960.91055100784,45653.17687984812
2008-12-30,-26160.386633605696,-20009.755749742035,-27910.623293382465,-26160.386633605696,-6116.992794951657,-8148.6886938237585,-29941.468913247925,-33722.55119288957,-88530.81326453888,-69017.6778330775,2192.385646184557,2192.385646184557,2192.385646184557,2192.385646184557,45610.98868601606,33589.00451992848,33918.72235717578,45610.98868601606
2008-12-31,-24869.76368610037,-18719.13280223671,-26620.00034587714,-24869.76368610037,-4826.369847446331,-6858.0657463184325,-29292.76411683054,-33715.76454756013,-87470.78416292323,-67277.14967972692,2192.385646184557,2192.385646184557,2192.385646184557,2192.385646184557,45597.05349657498,33575.0693304874,33904.7871677347,45597.05349657498
2009-01-02,-25457.44412431959,-19306.81324045593,-27207.68078409636,-25457.44412431959,-5414.050285665551,-7445.746184537653,-31255.201375698787,-37052.9586270774,-87521.87985769578,-66600.77247877163,2192.385646184557,2192.385646184557,2192.385646184557,2192.385646184557,45654.63852694479,33632.65436085721,33962.37219810451,45654.63852694479
2009-01-05,-26836.05129950063,-20685.420415636967,-28586.287959277397,-26836.05129950063,-6792.657460846589,-8824.35335971869,-32578.204792438424,-38320.35828537564,-88152.0996378127,-67210.65946265159,2192.385646184557,2192.385646184557,2192.385646184557,2192.385646184557,45713.21111816913,33691.226952081546,34020.944789328845,45713.21111816913
2009-01-06,-24394.576569770346,-18243.945685906685,-26144.813229547115,-24394.576569770346,-4351.182731116307,-6382.878629988409,-30456.729415672016,-36518.88226157322,-86956.67829631874,-66206.49492439069,2192.385646184557,2192.385646184557,2192.385646184557,2192.385646184557,45660.758434528834,33638.77426844125,33968.49210568855,45660.758434528834
2009-01-07,-27243.536838456173,-21092.905954592512,-28993.773498232942,-27243.536838456173,-7200.142999802134,-9231.838898674236,-33880.37398691138,-40517.21113536612,-90965.72291099885,-69063.86136456567,2192.385646184557,2192.385646184557,2192.385646184557,2192.385646184557,45651.04848325986,33629.06431717228,33958.782154419576,45651.04848325986
2009-01-08,-25318.521833947976,-19167.890950084315,-27068.758493724745,-25318.521833947976,-5275.127995293937,-7306.823894166038,-31879.424229033524,-38440.32662411872,-89243.51926285599,-67398.23255777697,2192.385646184557,2192.385646184557,2192.385646184557,2192.385646184557,45711.210269706906,33689.22610361932,34018.94394086662,45711.210269706906
2009-01-09,-26438.296154502896,-20287.665270639234,-28188.532814279664,-26438.296154502896,-6394.902315848856,-8426.598214720958,-33399.42703895748,-40360.55792341172,-90932.88389161986,-68555.36761262105,2192.385646184557,2192.385646184557,2192.385646184557,2192.385646184557,45664.09429912339,33642.11013303581,33971.827970283106,45664.09429912339
2009-01-12,-29374.664919483243,-23224.03403561958,-31124.90157926001,-29374.664919483243,-9331.271080829203,-11362.966979701305,-36775.02037456352,-44175.37582964334,-94133.63903575751,-71807.66723084194,2192.385646184557,2192.385646184557,2192.385646184557,2192.385646184557,45555.58497957629,33533.60081348871,33863.31865073601,45555.58497957629
2009-01-13,-28276.526757475105,-22125.895873611444,-30026.763417251874,-28276.526757475105,-8233.132918821066,-10264.828817693167,-35646.74552349292,-43016.96428951039,-91974.6936552804,-69592.0601040395,2192.385646184557,2192.385646184557,2192.385646184557,2192.385646184557,45454.46507671883,33432.480910631246,33762.198747878545,45454.46507671883
2009-01-14,-31563.426817944506,-25412.795934080845,-33313.663477721275,-31563.426817944506,-11607.032979290467,-13595.228878162568,-38643.67459048482,-45723.92236302479,-94707.5954516771,-72899.31344122835,2192.385646184557,2192.385646184557,2192.385646184557,2192.385646184557,45482.07706784492,33460.092901757336,33789.810739004635,45482.07706784492
2009-01-15,-23410.878773653763,-17260.247889790102,-25161.115433430532,-23410.878773653763,-3763.9361957177753,-5597.406464230851,-30494.302443815395,-37577.726113976794,-89390.75651858305,-67552.75548899954,2192.385646184557,2192.385646184557,2192.385646184557,2192.385646184557,45819.80107965192,33797.81691356434,34127.53475081164,45819.80107965192
2009-01-16,-17085.644983696868,-10935.014099833206,-18835.881643473636,-17085.644983696868,-4331.8547757765045,-2718.748859281768,-24238.912878940697,-31392.18077418441,-85260.06290999078,-63117.38605930796,2192.385646184557,2192.385646184557,2192.385646184557,2192.385646184557,45915.53909073223,33893.554924644646,34223.272761891945,45915.53909073223
2009-01-20,-17085.644983696868,-10935.014099833206,-18835.881643473636,-17085.644983696868,-4331.8547757765045,-2718.748859281768,-24238.912878940697,-31392.18077418441,-85260.06290999078,-63117.38605930796,2192.385646184557,2192.385646184557,2192.385646184557,2192.385646184557,46764.68476074957,34742.70059466199,35072.41843190952,46764.68476074957
2009-01-21,-17085.644983696868,-10935.014099833206,-18835.881643473636,-17085.644983696868,-4331.8547757765045,-2718.748859281768,-24238.912878940697,-31392.18077418441,-85260.06290999078,-63117.38605930796,2192.385646184557,2192.385646184557,2192.385646184557,2192.385646184557,48446.50176115532,36424.51759506774,36754.23543231527,48446.50176115532
2009-01-22,-17085.644983696868,-10935.014099833206,-18835.881643473636,-17085.644983696868,-4331.8547757765045,-2718.748859281768,-24238.912878940697,-31392.18077418441,-85260.06290999078,-63117.38605930796,2192.385646184557,2192.385646184557,2192.385646184557,2192.385646184557,48682.74023069674,36660.756064609275,36990.47390185681,48682.74023069674
2009-01-23,-17085.644983696868,-10935.014099833206,-18835.881643473636,-17085.644983696868,-4331.8547757765045,-2718.748859281768,-24238.912878940697,-31392.18077418441,-85260.06290999078,-63117.38605930796,2192.385646184557,2192.385646184557,2192.385646184557,2192.385646184557,48714.45220514876,36692.46803906129,37022.185876308824,48714.45220514876
2009-01-26,-17085.644983696868,-10935.014099833206,-18835.881643473636,-17085.644983696868,-4331.8547757765045,-2718.748859281768,-24238.912878940697,-31392.18077418441,-85260.06290999078,-63117.38605930796,2192.385646184557,2192.385646184557,2192.385646184557,2192.385646184557,50696.18637106917,38674.202204981586,39003.92004222912,50696.18637106917
2009-01-27,-17085.644983696868,-10935.014099833206,-18835.881643473636,-17085.644983696868,-4331.8547757765045,-2718.748859281768,-24238.912878940697,-31392.18077418441,-85260.06290999078,-63117.38605930796,2192.385646184557,2192.385646184557,2192.385646184557,2192.385646184557,51585.48427914735,39563.50011305988,39893.217950307415,51585.48427914735
2009-01-28,-17085.644983696868,-10935.014099833206,-18835.881643473636,-17085.644983696868,-4331.8547757765045,-2718.748859281768,-24238.912878940697,-31392.18077418441,-85260.06290999078,-63117.38605930796,2192.385646184557,2192.385646184557,2192.385646184557,2192.385646184557,50189.05992014916,38167.075754061574,38496.793591309106,50189.05992014916
2009-01-29,-17085.644983696868,-10935.014099833206,-18835.881643473636,-17085.644983696868,-4331.8547757765045,-2718.748859281768,-24238.912878940697,-31392.18077418441,-85260.06290999078,-63117.38605930796,2192.385646184557,2192.385646184557,2192.385646184557,2192.385646184557,52497.782093832735,40475.797927745036,40805.51576499257,52497.782093832735
2009-01-30,-17085.644983696868,-10935.014099833206,-18835.881643473636,-17085.644983696868,-4331.8547757765045,-2718.748859281768,-24238.912878940697,-31392.18077418441,-85260.06290999078,-63117.38605930796,2192.385646184557,2192.385646184557,2192.385646184557,2192.385646184557,52829.062775572296,40807.07860948483,41136.79644673236,52829.062775572296
2009-02-02,-17085.644983696868,-10935.014099833206,-18835.881643473636,-17085.644983696868,-4331.8547757765045,-2718.748859281768,-24238.912878940697,-31392.18077418441,-85260.06290999078,-63117.38605930796,2192.385646184557,2192.385646184557,2192.385646184557,2192.385646184557,55375.12409315142,43353.13992706395,43682.857764311484,55375.12409315142
2009-02-03,-17085.644983696868,-10935.014099833206,-18835.881643473636,-17085.644983696868,-4331.8547757765045,-2718.748859281768,-24238.912878940697,-31392.18077418441,-85260.06290999078,-63117.38605930796,2192.385646184557,2192.385646184557,2192.385646184557,2192.385646184557,55378.69238643395,43356.70822034648,43686.42605759401,55378.69238643395
2009-02-04,-17085.644983696868,-10935.014099833206,-18835.881643473636,-17085.644983696868,-4331.8547757765045,-2718.748859281768,-24238.912878940697,-31392.18077418441,-85260.06290999078,-63117.38605930796,2192.385646184557,2192.385646184557,2192.385646184557,2192.385646184557,55617.33187150676,43595.34770541906,43925.06554266659,55617.33187150676
2009-02-05,-17085.644983696868,-10935.014099833206,-18835.881643473636,-17085.644983696868,-4331.8547757765045,-2718.748859281768,-24238.912878940697,-31392.18077418441,-85260.06290999078,-63117.38605930796,2192.385646184557,2192.385646184557,2192.385646184557,2192.385646184557,55290.31547266594,43268.33130657824,43598.049143825774,55290.31547266594
2009-02-06,-17085.644983696868,-10935.014099833206,-18835.881643473636,-17085.644983696868,-4331.8547757765045,-2718.748859281768,-24238.912878940697,-31392.18077418441,-85260.06290999078,-63117.38605930796,2192.385646184557,2192.385646184557,2192.385646184557,2192.385646184557,54715.820887225214,42693.83672113775,43023.55455838528,54715.820887225214
2009-02-09,-17085.644983696868,-10935.014099833206,-18835.881643473636,-17085.644983696868,-4331.8547757765045,-2718.748859281768,-24238.912878940697,-31392.18077418441,-85260.06290999078,-63117.38605930796,2192.385646184557,2192.385646184557,2192.385646184557,2192.385646184557,58743.64837928256,46721.664213195094,47051.382050442626,58743.64837928256
2009-02-10,-17085.644983696868,-10935.014099833206,-18835.881643473636,-17085.644983696868,-4331.8547757765045,-2718.748859281768,-24238.912878940697,-31392.18077418441,-85260.06290999078,-63117.38605930796,2192.385646184557,2192.385646184557,2192.385646184557,2192.385646184557,57113.101163097424,45091.11699700984,45420.83483425737,57113.101163097424
2009-02-11,-17085.644983696868,-10935.014099833206,-18835.881643473636,-17085.644983696868,-4331.8547757765045,-2718.748859281768,-24238.912878940697,-31392.18077418441,-85260.06290999078,-63117.38605930796,2192.385646184557,2192.385646184557,2192.385646184557,2192.385646184557,59034.29639455117,47012.31222846359,47342.03006571112,59034.29639455117
2009-02-12,-17085.644983696868,-10935.014099833206,-18835.881643473636,-17085.644983696868,-4331.8547757765045,-2718.748859281768,-24238.912878940697,-31392.18077418441,-85260.06290999078,-63117.38605930796,2192.385646184557,2192.385646184557,2192.385646184557,2192.385646184557,59400.62736731814,47378.64320123056,47708.36103847809,59400.62736731814
2009-02-13,-17085.644983696868,-10935.014099833206,-18835.881643473636,-17085.644983696868,-4331.8547757765045,-2718.748859281768,-24238.912878940697,-31392.18077418441,-85260.06290999078,-63117.38605930796,2192.385646184557,2192.385646184557,2192.385646184557,2192.385646184557,58830.22762853326,46808.24346244568,47137.96129969321,58830.22762853326
2009-02-17,-17085.644983696868,-10935.014099833206,-18835.881643473636,-17085.644983696868,-4331.8547757765045,-2718.748859281768,-24238.912878940697,-31392.18077418441,-85260.06290999078,-63117.38605930796,2192.385646184557,2192.385646184557,2192.385646184557,2192.385646184557,55385.03911421844,43363.05494813097,43692.7727853785,55385.03911421844
2009-02-18,-17085.644983696868,-10935.014099833206,-18835.881643473636,-17085.644983696868,-4331.8547757765045,-2718.748859281768,-24238.912878940697,-31392.18077418441,-85260.06290999078,-63117.38605930796,2192.385646184557,2192.385646184557,2192.385646184557,2192.385646184557,55400.13404909824,43378.149883010774,43707.867720258306,55400.13404909824
2009-02-19,-17085.644983696868,-10935.014099833206,-18835.881643473636,-17085.644983696868,-4331.8547757765045,-2718.748859281768,-24238.912878940697,-31392.18077418441,-85260.06290999078,-63117.38605930796,2192.385646184557,2192.385646184557,2192.385646184557,2192.385646184557,53452.938141469145,41430.953975381446,41760.67181262898,53452.938141469145
2009-02-20,-17085.644983696868,-10935.014099833206,-18835.881643473636,-17085.644983696868,-4331.8547757765045,-2718.748859281768,-24238.912878940697,-31392.18077418441,-85260.06290999078,-63117.38605930796,2192.385646184557,2192.385646184557,2192.385646184557,2192.385646184557,52121.469003422186,40099.48483733472,40429.20267458225,52121.469003422186
2009-02-23,-17085.644983696868,-10935.014099833206,-18835.881643473636,-17085.644983696868,-4331.8547757765045,-2718.748859281768,-24238.912878940697,-31392.18077418441,-85260.06290999078,-63117.38605930796,2192.385646184557,2192.385646184557,2192.385646184557,2192.385646184557,52301.28530894569,40279.30114285799,40609.018980105524,52301.28530894569
2009-02-24,-17085.644983696868,-10935.014099833206,-18835.881643473636,-17085.644983696868,-4331.8547757765045,-2718.748859281768,-24238.912878940697,-31392.18077418441,-85260.06290999078,-63117.38605930796,2192.385646184557,2192.385646184557,2192.385646184557,2192.385646184557,50195.68950694031,38173.70534085273,38503.42317810026,50195.68950694031
2009-02-25,-17085.644983696868,-10935.014099833206,-18835.881643473636,-17085.644983696868,-4331.8547757765045,-2718.748859281768,-24238.912878940697,-31392.18077418441,-85260.06290999078,-63117.38605930796,2192.385646184557,2192.385646184557,2192.385646184557,2192.385646184557,49520.630741267,37498.6465751793,37828.36441242683,49520.630741267
2009-02-26,-17085.644983696868,-10935.014099833206,-18835.881643473636,-17085.644983696868,-4331.8547757765045,-2718.748859281768,-24238.912878940697,-31392.18077418441,-85260.06290999078,-63117.38605930796,2192.385646184557,2192.385646184557,2192.385646184557,2192.385646184557,47931.93847086595,35909.954304778366,36239.6721420259,47931.93847086595
2009-02-27,-17085.644983696868,-10935.014099833206,-18835.881643473636,-17085.644983696868,-4331.8547757765045,-2718.748859281768,-24238.912878940697,-31392.18077418441,-85260.06290999078,-63117.38605930796,2192.385646184557,2192.385646184557,2192.385646184557,2192.385646184557,51596.37272153678,39574.388555449084,39904.106392696616,51596.37272153678
2009-03-02,-17085.644983696868,-10935.014099833206,-18835.881643473636,-17085.644983696868,-4331.8547757765045,-2718.748859281768,-24238.912878940697,-31392.18077418441,-85260.06290999078,-63117.38605930796,2192.385646184557,2192.385646184557,2192.385646184557,2192.385646184557,53027.66310117999,41005.67893509241,41335.39677233994,53027.66310117999
2009-03-03,-17085.644983696868,-10935.014099833206,-18835.881643473636,-17085.644983696868,-4331.8547757765045,-2718.748859281768,-24238.912878940697,-31392.18077418441,-85260.06290999078,-63117.38605930796,2192.385646184557,2192.385646184557,2192.385646184557,2192.385646184557,53470.98222996667,41448.998063879204,41778.715901126736,53470.98222996667
2009-03-04,-17085.644983696868,-10935.014099833206,-18835.881643473636,-17085.644983696868,-4331.8547757765045,-2718.748859281768,-24238.912878940697,-31392.18077418441,-85260.06290999078,-63117.38605930796,2192.385646184557,2192.385646184557,2192.385646184557,2192.385646184557,55119.71138258488,43097.72721649741,43427.445053744945,55119.71138258488
2009-03-05,-17085.644983696868,-10935.014099833206,-18835.881643473636,-17085.644983696868,-4331.8547757765045,-2718.748859281768,-24238.912878940697,-31392.18077418441,-85260.06290999078,-63117.38605930796,2192.385646184557,2192.385646184557,2192.385646184557,2192.385646184557,54260.285271278815,42238.301105191116,42568.01894243865,54260.285271278815
2009-03-06,-17085.644983696868,-10935.014099833206,-18835.881643473636,-17085.644983696868,-4331.8547757765045,-2718.748859281768,-24238.912878940697,-31392.18077418441,-85260.06290999078,-63117.38605930796,2192.385646184557,2192.385646184557,2192.385646184557,2192.385646184557,54364.674644361716,42342.69047827402,42672.40831552155,54364.674644361716
2009-03-09,-17085.644983696868,-10935.014099833206,-18835.881643473636,-17085.644983696868,-4331.8547757765045,-2718.748859281768,-24238.912878940697,-31392.18077418441,-85260.06290999078,-63117.38605930796,2192.385646184557,2192.385646184557,2192.385646184557,2192.385646184557,56118.28193881991,44096.29777273245,44426.01560997998,56118.28193881991
2009-03-10,-17085.644983696868,-10935.014099833206,-18835.881643473636,-17085.644983696868,-4331.8547757765045,-2718.748859281768,-24238.912878940697,-31392.18077418441,-85260.06290999078,-63117.38605930796,2192.385646184557,2192.385646184557,2192.385646184557,2192.385646184557,54853.66114295041,42831.67697686271,43161.394814110245,54853.66114295041
2009-03-11,-17085.644983696868,-10935.014099833206,-18835.881643473636,-17085.644983696868,-4331.8547757765045,-2718.748859281768,-24238.912878940697,-31392.18077418441,-85260.06290999078,-63117.38605930796,2192.385646184557,2192.385646184557,2192.385646184557,2192.385646184557,54553.52400803217,42531.5398419447,42861.25767919223,54553.52400803217
2009-03-12,-17085.644983696868,-10935.014099833206,-18835.881643473636,-17085.644983696868,-4331.8547757765045,-2718.748859281768,-24238.912878940697,-31392.18077418441,-85260.06290999078,-63117.38605930796,2192.385646184557,2192.385646184557,2192.385646184557,2192.385646184557,50565.30342559749,38543.319259510026,38873.03709675756,50565.30342559749
2009-03-13,-17085.644983696868,-10935.014099833206,-18835.881643473636,-17085.644983696868,-4331.8547757765045,-2718.748859281768,-24238.912878940697,-31392.18077418441,-85260.06290999078,-63117.38605930796,2192.385646184557,2192.385646184557,2192.385646184557,2192.385646184557,51296.974172537215,39274.99000644975,39604.70784369728,51296.974172537215
2009-03-16,-17085.644983696868,-10935.014099833206,-18835.881643473636,-17085.644983696868,-4331.8547757765045,-2718.748859281768,-24238.912878940697,-31392.18077418441,-85260.06290999078,-63117.38605930796,2192.385646184557,2192.385646184557,2192.385646184557,2192.385646184557,51658.86236010911,39636.87819402153,39966.59603126906,51658.86236010911
2009-03-17,-17085.644983696868,-10935.014099833206,-18835.881643473636,-17085.644983696868,-4331.8547757765045,-2718.748859281768,-24238.912878940697,-31392.18077418441,-85260.06290999078,-63117.38605930796,2192.385646184557,2192.385646184557,2192.385646184557,2192.385646184557,51220.376418444794,39198.39225235733,39528.11008960486,51220.376418444794
2009-03-18,-17085.644983696868,-10935.014099833206,-18835.881643473636,-17085.644983696868,-4331.8547757765045,-2718.748859281768,-24238.912878940697,-31392.18077418441,-85260.06290999078,-63117.38605930796,2192.385646184557,2192.385646184557,2192.385646184557,2192.385646184557,44355.4923549518,31635.926438586554,32663.226026111748,44355.4923549518
2009-03-19,-17085.644983696868,-10935.014099833206,-18835.881643473636,-17085.644983696868,-4331.8547757765045,-2718.748859281768,-24238.912878940697,-31392.18077418441,-85260.06290999078,-63117.38605930796,2192.385646184557,2192.385646184557,2192.385646184557,2192.385646184557,49665.73325288459,31635.926438586554,37973.46692404465,49665.73325288459
2009-03-20,-17085.644983696868,-10935.014099833206,-18835.881643473636,-17085.644983696868,-4331.8547757765045,-2718.748859281768,-24238.912878940697,-31392.18077418441,-85260.06290999078,-63117.38605930796,2192.385646184557,2192.385646184557,2192.385646184557,2192.385646184557,53555.105622715084,31635.926438586554,41862.83929387515,53555.105622715084
2009-03-23,-17085.644983696868,-10935.014099833206,-18835.881643473636,-17085.644983696868,-4331.8547757765045,-2718.748859281768,-24238.912878940697,-31392.18077418441,-85260.06290999078,-63117.38605930796,2192.385646184557,2192.385646184557,2192.385646184557,2192.385646184557,53568.560475642094,31649.38129151368,41876.29414680228,53568.560475642094
2009-03-24,-17085.644983696868,-10935.014099833206,-18835.881643473636,-17085.644983696868,-4331.8547757765045,-2718.748859281768,-24238.912878940697,-31392.18077418441,-85260.06290999078,-63117.38605930796,2192.385646184557,2192.385646184557,2192.385646184557,2192.385646184557,53702.6852452124,31783.50606108387,42010.418916372466,53702.6852452124
2009-03-25,-17085.644983696868,-10935.014099833206,-18835.881643473636,-17085.644983696868,-4331.8547757765045,-2718.748859281768,-24238.912878940697,-31392.18077418441,-85260.06290999078,-63117.38605930796,2192.385646184557,2192.385646184557,2192.385646184557,2192.385646184557,53750.227429858176,31831.048245729762,42057.96110101836,53750.227429858176
2009-03-26,-17085.644983696868,-10935.014099833206,-18835.881643473636,-17085.644983696868,-4331.8547757765045,-2718.748859281768,-24238.912878940697,-31392.18077418441,-85260.06290999078,-63117.38605930796,2192.385646184557,2192.385646184557,2192.385646184557,2192.385646184557,53777.43374033994,31858.254556211643,42085.16741150024,53777.43374033994
2009-03-27,-17085.644983696868,-10935.014099833206,-18835.881643473636,-17085.644983696868,-4331.8547757765045,-2718.748859281768,-24238.912878940697,-31392.18077418441,-85260.06290999078,-63117.38605930796,2192.385646184557,2192.385646184557,2192.385646184557,2192.385646184557,53882.90580343455,31963.72661930602,42190.639474594616,53882.90580343455
2009-03-30,-17085.644983696868,-10935.014099833206,-18835.881643473636,-17085.644983696868,-4331.8547757765045,-2718.748859281768,-24238.912878940697,-31392.18077418441,-85260.06290999078,-63117.38605930796,2192.385646184557,2192.385646184557,2192.385646184557,2192.385646184557,54069.18803211558,32150.008847987163,42376.92170327576,54069.18803211558
2009-03-31,-17085.644983696868,-10935.014099833206,-18835.881643473636,-17085.644983696868,-4331.8547757765045,-2718.748859281768,-24238.912878940697,-31392.18077418441,-85260.06290999078,-63117.38605930796,2192.385646184557,2192.385646184557,2192.385646184557,2192.385646184557,54157.43502625008,32238.255842121784,42465.16869741038,54157.43502625008
2009-04-01,-17085.644983696868,-10935.014099833206,-18835.881643473636,-17085.644983696868,-4331.8547757765045,-2718.748859281768,-24238.912878940697,-31392.18077418441,-85260.06290999078,-63117.38605930796,2192.385646184557,2192.385646184557,2192.385646184557,2192.385646184557,54200.916680066846,32281.737495938665,42508.65035122726,54200.916680066846
2009-04-02,-17085.644983696868,-10935.014099833206,-18835.881643473636,-17085.644983696868,-4331.8547757765045,-2718.748859281768,-24238.912878940697,-31392.18077418441,-85260.06290999078,-63117.38605930796,2192.385646184557,2192.385646184557,2192.385646184557,2192.385646184557,54136.97871658974,32217.799532461562,42444.71238775016,54136.97871658974
2009-04-03,-17085.644983696868,-10935.014099833206,-18835.881643473636,-17085.644983696868,-4331.8547757765045,-2718.748859281768,-24238.912878940697,-31392.18077418441,-85260.06290999078,-63117.38605930796,2192.385646184557,2192.385646184557,2192.385646184557,2192.385646184557,54051.448872786714,32132.269688658533,42359.18254394713,54051.448872786714
2009-04-06,-17085.644983696868,-10935.014099833206,-18835.881643473636,-17085.644983696868,-4331.8547757765045,-2718.748859281768,-24238.912878940697,-31392.18077418441,-85260.06290999078,-63117.38605930796,2192.385646184557,2192.385646184557,2192.385646184557,2192.385646184557,54209.423749988666,32290.244565860485,42517.15742114908,54209.423749988666
2009-04-07,-17085.644983696868,-10935.014099833206,-18835.881643473636,-17085.644983696868,-4331.8547757765045,-2718.748859281768,-24238.912878940697,-31392.18077418441,-85260.06290999078,-63117.38605930796,2192.385646184557,2192.385646184557,2192.385646184557,2192.385646184557,54296.83470194205,32377.655517813866,42604.56837310246,54296.83470194205
2009-04-08,-17085.644983696868,-10935.014099833206,-18835.881643473636,-17085.644983696868,-4331.8547757765045,-2718.748859281768,-24238.912878940697,-31392.18077418441,-85260.06290999078,-63117.38605930796,2192.385646184557,2192.385646184557,2192.385646184557,2192.385646184557,54421.125872889534,32501.946688761353,42728.85954404995,54421.125872889534
2009-04-09,-17085.644983696868,-10935.014099833206,-18835.881643473636,-17085.644983696868,-4331.8547757765045,-2718.748859281768,-24238.912878940697,-31392.18077418441,-85260.06290999078,-63117.38605930796,2192.385646184557,2192.385646184557,2192.385646184557,2192.385646184557,54189.41725760838,32270.238073480083,42497.15092876868,54189.41725760838
2009-04-13,-17085.644983696868,-10935.014099833206,-18835.881643473636,-17085.644983696868,-4331.8547757765045,-2718.748859281768,-24238.912878940697,-31392.18077418441,-85260.06290999078,-63117.38605930796,2192.385646184557,2192.385646184557,2192.385646184557,2192.385646184557,54661.58909504046,32742.40991091251,42969.322766201105,54661.58909504046
2009-04-14,-17085.644983696868,-10935.014099833206,-18835.881643473636,-17085.644983696868,-4331.8547757765045,-2718.748859281768,-24238.912878940697,-31392.18077418441,-85260.06290999078,-63117.38605930796,2192.385646184557,2192.385646184557,2192.385646184557,2192.385646184557,55111.03366440069,33191.854480272625,43418.76733556122,55111.03366440069
2009-04-15,-17085.644983696868,-10935.014099833206,-18835.881643473636,-17085.644983696868,-4331.8547757765045,-2718.748859281768,-24238.912878940697,-31392.18077418441,-85260.06290999078,-63117.38605930796,2192.385646184557,2192.385646184557,2192.385646184557,2192.385646184557,54611.5506061241,32692.371421995922,42919.28427728452,54611.5506061241
2009-04-16,-17085.644983696868,-10935.014099833206,-18835.881643473636,-17085.644983696868,-4331.8547757765045,-2718.748859281768,-24238.912878940697,-31392.18077418441,-85260.06290999078,-63117.38605930796,2192.385646184557,2192.385646184557,2192.385646184557,2192.385646184557,54314.57545417594,32395.396270048106,42622.3091253367,54314.57545417594
2009-04-17,-17085.644983696868,-10935.014099833206,-18835.881643473636,-17085.644983696868,-4331.8547757765045,-2718.748859281768,-24238.912878940697,-31392.18077418441,-85260.06290999078,-63117.38605930796,2192.385646184557,2192.385646184557,2192.385646184557,2192.385646184557,54726.82514046575,32807.6459563378,43034.5588116264,54726.82514046575
2009-04-20,-17085.644983696868,-10935.014099833206,-18835.881643473636,-17085.644983696868,-4331.8547757765045,-2718.748859281768,-24238.912878940697,-31392.18077418441,-85260.06290999078,-63117.38605930796,2192.385646184557,2192.385646184557,2192.385646184557,2192.385646184557,54828.28433972341,32909.10515559546,43136.018010884174,54828.28433972341
2009-04-21,-17085.644983696868,-10935.014099833206,-18835.881643473636,-17085.644983696868,-4331.8547757765045,-2718.748859281768,-24238.912878940697,-31392.18077418441,-85260.06290999078,-63117.38605930796,2192.385646184557,2192.385646184557,2192.385646184557,2192.385646184557,55192.4749672038,33273.29578307574,43500.20863836445,55192.4749672038
2009-04-22,-17085.644983696868,-10935.014099833206,-18835.881643473636,-17085.644983696868,-4331.8547757765045,-2718.748859281768,-24238.912878940697,-31392.18077418441,-85260.06290999078,-63117.38605930796,2192.385646184557,2192.385646184557,2192.385646184557,2192.385646184557,55089.50721370592,33170.32802957785,43397.240884866565,55089.50721370592
2009-04-23,-17085.644983696868,-10935.014099833206,-18835.881643473636,-17085.644983696868,-4331.8547757765045,-2718.748859281768,-24238.912878940697,-31392.18077418441,-85260.06290999078,-63117.38605930796,2192.385646184557,2192.385646184557,2192.385646184557,2192.385646184557,55416.82478672918,33497.645602601,43724.55845788971,55416.82478672918
2009-04-24,-17085.644983696868,-10935.014099833206,-18835.881643473636,-17085.644983696868,-4331.8547757765045,-2718.748859281768,-24238.912878940697,-31392.18077418441,-85260.06290999078,-63117.38605930796,2192.385646184557,2192.385646184557,2192.385646184557,2192.385646184557,55558.43793620495,33639.25875207677,43866.1716073656,55558.43793620495
2009-04-27,-17085.644983696868,-10935.014099833206,-18835.881643473636,-17085.644983696868,-4331.8547757765045,-2718.748859281768,-24238.912878940697,-31392.18077418441,-85260.06290999078,-63117.38605930796,2192.385646184557,2192.385646184557,2192.385646184557,2192.385646184557,55985.36075455672,34066.18157042854,44293.09442571737,55985.36075455672
2009-04-28,-17085.644983696868,-10935.014099833206,-18835.881643473636,-17085.644983696868,-4331.8547757765045,-2718.748859281768,-24238.912878940697,-31392.18077418441,-85260.06290999078,-63117.38605930796,2192.385646184557,2192.385646184557,2192.385646184557,2192.385646184557,55955.08917889348,34035.9099947653,44262.82285005413,55955.08917889348
2009-04-29,-17085.644983696868,-10935.014099833206,-18835.881643473636,-17085.644983696868,-4331.8547757765045,-2718.748859281768,-24238.912878940697,-31392.18077418441,-85260.06290999078,-63117.38605930796,2192.385646184557,2192.385646184557,2192.385646184557,2192.385646184557,56465.56219099974,34546.38300687168,44773.29586216051,56465.56219099974
2009-04-30,-17085.644983696868,-10935.014099833206,-18835.881643473636,-17085.644983696868,-4331.8547757765045,-2718.748859281768,-24238.912878940697,-31392.18077418441,-85260.06290999078,-63117.38605930796,2192.385646184557,2192.385646184557,2192.385646184557,2192.385646184557,56363.17152003222,34443.99233590416,44670.90519119287,56363.17152003222
2009-05-01,-17085.644983696868,-10935.014099833206,-18835.881643473636,-17085.644983696868,-4331.8547757765045,-2718.748859281768,-24238.912878940697,-31392.18077418441,-85260.06290999078,-63117.38605930796,2192.385646184557,2192.385646184557,2192.385646184557,2192.385646184557,56125.13274345058,34205.953559322516,44432.86641461123,56125.13274345058
2009-05-04,-17085.644983696868,-10935.014099833206,-18835.881643473636,-17085.644983696868,-4331.8547757765045,-2718.748859281768,-24238.912878940697,-31392.18077418441,-85260.06290999078,-63117.38605930796,2192.385646184557,2192.385646184557,2192.385646184557,2192.385646184557,56721.67865798739,34802.49947385944,45029.412329148035,56721.67865798739
2009-05-05,-17085.644983696868,-10935.014099833206,-18835.881643473636,-17085.644983696868,-4331.8547757765045,-2718.748859281768,-24238.912878940697,-31392.18077418441,-85260.06290999078,-63117.38605930796,2192.385646184557,2192.385646184557,2192.385646184557,2192.385646184557,56951.475142007694,35032.29595787963,45259.208813168225,56951.475142007694
2009-05-06,-17085.644983696868,-10935.014099833206,-18835.881643473636,-17085.644983696868,-4331.8547757765045,-2718.748859281768,-24238.912878940697,-31392.18077418441,-85260.06290999078,-63117.38605930796,2192.385646184557,2192.385646184557,2192.385646184557,2192.385646184557,57067.082667913055,35147.90348378522,45374.8163390737,57067.082667913055
2009-05-07,-17085.644983696868,-10935.014099833206,-18835.881643473636,-17085.644983696868,-4331.8547757765045,-2718.748859281768,-24238.912878940697,-31392.18077418441,-85260.06290999078,-63117.38605930796,2192.385646184557,2192.385646184557,2192.385646184557,2192.385646184557,57459.94356575189,35540.76438162406,45767.67723691254,57459.94356575189
2009-05-08,-17085.644983696868,-10935.014099833206,-18835.881643473636,-17085.644983696868,-4331.8547757765045,-2718.748859281768,-24238.912878940697,-31392.18077418441,-85260.06290999078,-63117.38605930796,2192.385646184557,2192.385646184557,2192.385646184557,2192.385646184557,57605.76086533512,35686.58168120717,45913.49453649577,57605.76086533512
2009-05-11,-17085.644983696868,-10935.014099833206,-18835.881643473636,-17085.644983696868,-4331.8547757765045,-2718.748859281768,-24238.912878940697,-31392.18077418441,-85260.06290999078,-63117.38605930796,2192.385646184557,2192.385646184557,2192.385646184557,2192.385646184557,58006.27774758125,36087.09856345353,46314.01141874201,58006.27774758125
2009-05-12,-17085.644983696868,-10935.014099833206,-18835.881643473636,-17085.644983696868,-4331.8547757765045,-2718.748859281768,-24238.912878940697,-31392.18077418441,-85260.06290999078,-63117.38605930796,2192.385646184557,2192.385646184557,2192.385646184557,2192.385646184557,58230.52473605657,36311.345551928855,46538.25840721722,58230.52473605657
2009-05-13,-17085.644983696868,-10935.014099833206,-18835.881643473636,-17085.644983696868,-4331.8547757765045,-2718.748859281768,-24238.912878940697,-31392.18077418441,-85260.06290999078,-63117.38605930796,2192.385646184557,2192.385646184557,2192.385646184557,2192.385646184557,58610.82261740719,36691.643433279474,46918.55628856784,58610.82261740719
2009-05-14,-17085.644983696868,-10935.014099833206,-18835.881643473636,-17085.644983696868,-4331.8547757765045,-2718.748859281768,-24238.912878940697,-31392.18077418441,-85260.06290999078,-63117.38605930796,2192.385646184557,2192.385646184557,2192.385646184557,2192.385646184557,59590.27262117388,37671.09343704616,47898.006292334525,59590.27262117388
2009-05-15,-17085.644983696868,-10935.014099833206,-18835.881643473636,-17085.644983696868,-4331.8547757765045,-2718.748859281768,-24238.912878940697,-31392.18077418441,-85260.06290999078,-63117.38605930796,2192.385646184557,2192.385646184557,2192.385646184557,2192.385646184557,59894.611468050396,37975.4322839228,48202.34513921116,59894.611468050396
2009-05-18,-17085.644983696868,-10935.014099833206,-18835.881643473636,-17085.644983696868,-4331.8547757765045,-2718.748859281768,-24238.912878940697,-31392.18077418441,-85260.06290999078,-63117.38605930796,2192.385646184557,2192.385646184557,2192.385646184557,2192.385646184557,60000.03368617175,38080.854502044036,48307.7673573324,60000.03368617175
2009-05-19,-17085.644983696868,-10935.014099833206,-18835.881643473636,-17085.644983696868,-4331.8547757765045,-2718.748859281768,-24238.912878940697,-31392.18077418441,-85260.06290999078,-63117.38605930796,2192.385646184557,2192.385646184557,2192.385646184557,2192.385646184557,60078.40652604983,38159.227341922,48386.14019721036,60078.40652604983
2009-05-20,-17085.644983696868,-10935.014099833206,-18835.881643473636,-17085.644983696868,-4331.8547757765045,-2718.748859281768,-24238.912878940697,-31392.18077418441,-85260.06290999078,-63117.38605930796,2192.385646184557,2192.385646184557,2192.385646184557,2192.385646184557,60216.75057975226,38297.57139562466,48524.484250913025,60216.75057975226
2009-05-21,-17085.644983696868,-10935.014099833206,-18835.881643473636,-17085.644983696868,-4331.8547757765045,-2718.748859281768,-24238.912878940697,-31392.18077418441,-85260.06290999078,-63117.38605930796,2192.385646184557,2192.385646184557,2192.385646184557,2192.385646184557,60292.189448793884,38373.01026466605,48599.92311995453,60292.189448793884
2009-05-22,-17085.644983696868,-10935.014099833206,-18835.881643473636,-17085.644983696868,-4331.8547757765045,-2718.748859281768,-24238.912878940697,-31392.18077418441,-85260.06290999078,-63117.38605930796,2192.385646184557,2192.385646184557,2192.385646184557,2192.385646184557,60415.194510743255,38496.01532661542,48722.9281819039,60415.194510743255
2009-05-26,-17085.644983696868,-10935.014099833206,-18835.881643473636,-17085.644983696868,-4331.8547757765045,-2718.748859281768,-24238.912878940697,-31392.18077418441,-85260.06290999078,-63117.38605930796,2192.385646184557,2192.385646184557,2192.385646184557,2192.385646184557,60676.68620077567,38757.50701664772,48984.41987193632,60676.68620077567
2009-05-27,-17085.644983696868,-10935.014099833206,-18835.881643473636,-17085.644983696868,-4331.8547757765045,-2718.748859281768,-24238.912878940697,-31392.18077418441,-85260.06290999078,-63117.38605930796,2192.385646184557,2192.385646184557,2192.385646184557,2192.385646184557,60972.815197713906,39053.63601358596,49280.54886887455,60972.815197713906
2009-05-28,-17085.644983696868,-10935.014099833206,-18835.881643473636,-17085.644983696868,-4331.8547757765045,-2718.748859281768,-24238.912878940697,-31392.18077418441,-85260.06290999078,-63117.38605930796,2192.385646184557,2192.385646184557,2192.385646184557,2192.385646184557,60829.67709167418,38910.49790754623,49137.41076283483,60829.67709167418
2009-05-29,-17085.644983696868,-10935.014099833206,-18835.881643473636,-17085.644983696868,-4331.8547757765045,-2718.748859281768,-24238.912878940697,-31392.18077418441,-85260.06290999078,-63117.38605930796,2192.385646184557,2192.385646184557,2192.385646184557,2192.385646184557,60980.141782348976,39060.96259822103,49287.87545350962,60980.141782348976
2009-06-01,-17085.644983696868,-10935.014099833206,-18835.881643473636,-17085.644983696868,-4331.8547757765045,-2718.748859281768,-24238.912878940697,-31392.18077418441,-85260.06290999078,-63117.38605930796,2192.385646184557,2192.385646184557,2192.385646184557,2192.385646184557,60357.70587054524,38438.526686417405,48665.439541705884,60357.70587054524
2009-06-02,-17085.644983696868,-10935.014099833206,-18835.881643473636,-17085.644983696868,-4331.8547757765045,-2718.748859281768,-24238.912878940697,-31392.18077418441,-85260.06290999078,-63117.38605930796,2192.385646184557,2192.385646184557,2192.385646184557,2192.385646184557,60959.24743552948,39040.06825140165,49266.98110669013,60959.24743552948
2009-06-03,-17085.644983696868,-10935.014099833206,-18835.881643473636,-17085.644983696868,-4331.8547757765045,-2718.748859281768,-24238.912878940697,-31392.18077418441,-85260.06290999078,-63117.38605930796,2192.385646184557,2192.385646184557,2192.385646184557,2192.385646184557,60831.64859755221,38912.46941342438,49139.382268712856,60831.64859755221
2009-06-04,-17085.644983696868,-10935.014099833206,-18835.881643473636,-17085.644983696868,-4331.8547757765045,-2718.748859281768,-24238.912878940697,-31392.18077418441,-85260.06290999078,-63117.38605930796,2192.385646184557,2192.385646184557,2192.385646184557,2192.385646184557,61074.24966224027,39155.07047811232,49381.983333400916,61074.24966224027
2009-06-05,-17085.644983696868,-10935.014099833206,-18835.881643473636,-17085.644983696868,-4331.8547757765045,-2718.748859281768,-24238.912878940697,-31392.18077418441,-85260.06290999078,-63117.38605930796,2192.385646184557,2192.385646184557,2192.385646184557,2192.385646184557,61102.07804930187,39182.89886517404,49409.811720462516,61102.07804930187
2009-06-08,-17085.644983696868,-10935.014099833206,-18835.881643473636,-17085.644983696868,-4331.8547757765045,-2718.748859281768,-24238.912878940697,-31392.18077418441,-85260.06290999078,-63117.38605930796,2192.385646184557,2192.385646184557,2192.385646184557,2192.385646184557,61728.770284080645,39809.59109995316,50036.50395524129,61728.770284080645
2009-06-09,-17085.644983696868,-10935.014099833206,-18835.881643473636,-17085.644983696868,-4331.8547757765045,-2718.748859281768,-24238.912878940697,-31392.18077418441,-85260.06290999078,-63117.38605930796,2192.385646184557,2192.385646184557,2192.385646184557,2192.385646184557,62265.76254666899,40346.58336254151,50573.49621782964,62265.76254666899
2009-06-10,-17085.644983696868,-10935.014099833206,-18835.881643473636,-17085.644983696868,-4331.8547757765045,-2718.748859281768,-24238.912878940697,-31392.18077418441,-85260.06290999078,-63117.38605930796,2192.385646184557,2192.385646184557,2192.385646184557,2192.385646184557,61965.37531459541,40046.19613046781,50273.10898575606,61965.37531459541
2009-06-11,-17085.644983696868,-10935.014099833206,-18835.881643473636,-17085.644983696868,-4331.8547757765045,-2718.748859281768,-24238.912878940697,-31392.18077418441,-85260.06290999078,-63117.38605930796,2192.385646184557,2192.385646184557,2192.385646184557,2192.385646184557,61621.16502387426,39701.98583974666,49928.898695034906,61621.16502387426
2009-06-12,-17085.644983696868,-10935.014099833206,-18835.881643473636,-17085.644983696868,-4331.8547757765045,-2718.748859281768,-24238.912878940697,-31392.18077418441,-85260.06290999078,-63117.38605930796,2192.385646184557,2192.385646184557,2192.385646184557,2192.385646184557,61209.86640916392,39290.687225036556,49517.60008032457,61209.86640916392
2009-06-15,-17085.644983696868,-10935.014099833206,-18835.881643473636,-17085.644983696868,-4331.8547757765045,-2718.748859281768,-24238.912878940697,-31392.18077418441,-85260.06290999078,-63117.38605930796,2192.385646184557,2192.385646184557,2192.385646184557,2192.385646184557,61995.20992006431,40076.03073593683,50302.94359122496,61995.20992006431
2009-06-16,-17085.644983696868,-10935.014099833206,-18835.881643473636,-17085.644983696868,-4331.8547757765045,-2718.748859281768,-24238.912878940697,-31392.18077418441,-85260.06290999078,-63117.38605930796,2192.385646184557,2192.385646184557,2192.385646184557,2192.385646184557,61854.49789376068,39935.318709632964,50162.23156492133,61854.49789376068
2009-06-17,-17085.644983696868,-10935.014099833206,-18835.881643473636,-17085.644983696868,-4331.8547757765045,-2718.748859281768,-24238.912878940697,-31392.18077418441,-85260.06290999078,-63117.38605930796,2192.385646184557,2192.385646184557,2192.385646184557,2192.385646184557,62033.2654705639,40114.086286436184,50340.99914172455,62033.2654705639
2009-06-18,-17085.644983696868,-10935.014099833206,-18835.881643473636,-17085.644983696868,-4331.8547757765045,-2718.748859281768,-24238.912878940697,-31392.18077418441,-85260.06290999078,-63117.38605930796,2192.385646184557,2192.385646184557,2192.385646184557,2192.385646184557,61034.406879663235,39115.22769553552,49342.14055082388,61034.406879663235
2009-06-19,-17085.644983696868,-10935.014099833206,-18835.881643473636,-17085.644983696868,-4331.8547757765045,-2718.748859281768,-24238.912878940697,-31392.18077418441,-85260.06290999078,-63117.38605930796,2192.385646184557,2192.385646184557,2192.385646184557,2192.385646184557,61882.67219455424,39963.49301042664,50190.405865714885,61882.67219455424
2009-06-22,-17085.644983696868,-10935.014099833206,-18835.881643473636,-17085.644983696868,-4331.8547757765045,-2718.748859281768,-24238.912878940697,-31392.18077418441,-85260.06290999078,-63117.38605930796,2192.385646184557,2192.385646184557,2192.385646184557,2192.385646184557,61933.87706844928,40014.69788432191,50241.610739609925,61933.87706844928
2009-06-23,-17085.644983696868,-10935.014099833206,-18835.881643473636,-17085.644983696868,-4331.8547757765045,-2718.748859281768,-24238.912878940697,-31392.18077418441,-85260.06290999078,-63117.38605930796,2192.385646184557,2192.385646184557,2192.385646184557,2192.385646184557,61987.4613696984,40068.282185571035,50295.19504085905,61987.4613696984
2009-06-24,-17085.644983696868,-10935.014099833206,-18835.881643473636,-17085.644983696868,-4331.8547757765045,-2718.748859281768,-24238.912878940697,-31392.18077418441,-85260.06290999078,-63117.38605930796,2192.385646184557,2192.385646184557,2192.385646184557,2192.385646184557,62031.93233636231,40112.753152234945,50339.66600752296,62031.93233636231
2009-06-25,-17085.644983696868,-10935.014099833206,-18835.881643473636,-17085.644983696868,-4331.8547757765045,-2718.748859281768,-24238.912878940697,-31392.18077418441,-85260.06290999078,-63117.38605930796,2192.385646184557,2192.385646184557,2192.385646184557,2192.385646184557,62090.10785797797,40170.928673850605,50397.84152913862,62090.10785797797
2009-06-26,-17085.644983696868,-10935.014099833206,-18835.881643473636,-17085.644983696868,-4331.8547757765045,-2718.748859281768,-24238.912878940697,-31392.18077418441,-85260.06290999078,-63117.38605930796,2192.385646184557,2192.385646184557,2192.385646184557,2192.385646184557,62130.26885886607,40211.08967473882,50438.002530026715,62130.26885886607
2009-06-29,-17085.644983696868,-10935.014099833206,-18835.881643473636,-17085.644983696868,-4331.8547757765045,-2718.748859281768,-24238.912878940697,-31392.18077418441,-85260.06290999078,-63117.38605930796,2192.385646184557,2192.385646184557,2192.385646184557,2192.385646184557,62083.080793378176,40163.90160925081,50390.814464538824,62083.080793378176
2009-06-30,-17085.644983696868,-10935.014099833206,-18835.881643473636,-17085.644983696868,-4331.8547757765045,-2718.748859281768,-24238.912878940697,-31392.18077418441,-85260.06290999078,-63117.38605930796,2192.385646184557,2192.385646184557,2192.385646184557,2192.385646184557,61549.65215516975,39630.472971042385,49857.3858263304,61549.65215516975
2009-07-01,-17085.644983696868,-10935.014099833206,-18835.881643473636,-17085.644983696868,-4331.8547757765045,-2718.748859281768,-24238.912878940697,-31392.18077418441,-85260.06290999078,-63117.38605930796,2192.385646184557,2192.385646184557,2192.385646184557,2192.385646184557,60219.73360557179,38300.55442144431,48527.46727673244,60219.73360557179
2009-07-02,-17085.644983696868,-10935.014099833206,-18835.881643473636,-17085.644983696868,-4331.8547757765045,-2718.748859281768,-24238.912878940697,-31392.18077418441,-85260.06290999078,-63117.38605930796,2192.385646184557,2192.385646184557,2192.385646184557,2192.385646184557,60282.436793876346,38363.25760974886,48590.170465036994,60282.436793876346
2009-07-06,-17085.644983696868,-10935.014099833206,-18835.881643473636,-17085.644983696868,-4331.8547757765045,-2718.748859281768,-24238.912878940697,-31392.18077418441,-85260.06290999078,-63117.38605930796,2192.385646184557,2192.385646184557,2192.385646184557,2192.385646184557,59683.717971595936,37764.53878746834,47991.45164275658,59683.717971595936
2009-07-07,-17085.644983696868,-10935.014099833206,-18835.881643473636,-17085.644983696868,-4331.8547757765045,-2718.748859281768,-24238.912878940697,-31392.18077418441,-85260.06290999078,-63117.38605930796,2192.385646184557,2192.385646184557,2192.385646184557,2192.385646184557,59058.70738435793,37139.528200230096,47366.44105551846,59058.70738435793
2009-07-08,-17085.644983696868,-10935.014099833206,-18835.881643473636,-17085.644983696868,-4331.8547757765045,-2718.748859281768,-24238.912878940697,-31392.18077418441,-85260.06290999078,-63117.38605930796,2192.385646184557,2192.385646184557,2192.385646184557,2192.385646184557,58870.87198300287,36951.692798875156,47178.605654163635,58870.87198300287
2009-07-09,-17085.644983696868,-10935.014099833206,-18835.881643473636,-17085.644983696868,-4331.8547757765045,-2718.748859281768,-24238.912878940697,-31392.18077418441,-85260.06290999078,-63117.38605930796,2192.385646184557,2192.385646184557,2192.385646184557,2192.385646184557,57797.50068620755,35878.321502079954,46105.23435736832,57797.50068620755
2009-07-10,-17085.644983696868,-10935.014099833206,-18835.881643473636,-17085.644983696868,-4331.8547757765045,-2718.748859281768,-24238.912878940697,-31392.18077418441,-85260.06290999078,-63117.38605930796,2192.385646184557,2192.385646184557,2192.385646184557,2192.385646184557,58473.28003648762,36554.100852359785,46781.01370764815,58473.28003648762
2009-07-13,-17085.644983696868,-10935.014099833206,-18835.881643473636,-17085.644983696868,-4331.8547757765045,-2718.748859281768,-24238.912878940697,-31392.18077418441,-85260.06290999078,-63117.38605930796,2192.385646184557,2192.385646184557,2192.385646184557,2192.385646184557,59192.40575925796,37273.22657513048,47500.13943041873,59192.40575925796
2009-07-14,-17085.644983696868,-10935.014099833206,-18835.881643473636,-17085.644983696868,-4331.8547757765045,-2718.748859281768,-24238.912878940697,-31392.18077418441,-85260.06290999078,-63117.38605930796,2192.385646184557,2192.385646184557,2192.385646184557,2192.385646184557,59094.74627062818,37175.56708650035,47402.47994178871,59094.74627062818
2009-07-15,-17085.644983696868,-10935.014099833206,-18835.881643473636,-17085.644983696868,-4331.8547757765045,-2718.748859281768,-24238.912878940697,-31392.18077418441,-85260.06290999078,-63117.38605930796,2192.385646184557,2192.385646184557,2192.385646184557,2192.385646184557,58939.430355139775,37020.25117101206,47247.16402630042,58939.430355139775
2009-07-16,-17085.644983696868,-10935.014099833206,-18835.881643473636,-17085.644983696868,-4331.8547757765045,-2718.748859281768,-24238.912878940697,-31392.18077418441,-85260.06290999078,-63117.38605930796,2192.385646184557,2192.385646184557,2192.385646184557,2192.385646184557,58514.336130534764,36595.15694640705,46822.06980169541,58514.336130534764
2009-07-17,-17085.644983696868,-10935.014099833206,-18835.881643473636,-17085.644983696868,-4331.8547757765045,-2718.748859281768,-24238.912878940697,-31392.18077418441,-85260.06290999078,-63117.38605930796,2192.385646184557,2192.385646184557,2192.385646184557,2192.385646184557,58692.40413191519,36773.22494778747,47000.137803075835,58692.40413191519
2009-07-20,-17085.644983696868,-10935.014099833206,-18835.881643473636,-17085.644983696868,-4331.8547757765045,-2718.748859281768,-24238.912878940697,-31392.18077418441,-85260.06290999078,-63117.38605930796,2192.385646184557,2192.385646184557,2192.385646184557,2192.385646184557,58832.83982889331,36913.66064476536,47140.57350005384,58832.83982889331
2009-07-21,-17085.644983696868,-10935.014099833206,-18835.881643473636,-17085.644983696868,-4331.8547757765045,-2718.748859281768,-24238.912878940697,-31392.18077418441,-85260.06290999078,-63117.38605930796,2192.385646184557,2192.385646184557,2192.385646184557,2192.385646184557,58794.15230745869,36874.97312333074,47101.88597861922,58794.15230745869
2009-07-22,-17085.644983696868,-10935.014099833206,-18835.881643473636,-17085.644983696868,-4331.8547757765045,-2718.748859281768,-24238.912878940697,-31392.18077418441,-85260.06290999078,-63117.38605930796,2192.385646184557,2192.385646184557,2192.385646184557,2192.385646184557,59211.77406183048,37292.594877702766,47519.507732991246,59211.77406183048
2009-07-23,-17085.644983696868,-10935.014099833206,-18835.881643473636,-17085.644983696868,-4331.8547757765045,-2718.748859281768,-24238.912878940697,-31392.18077418441,-85260.06290999078,-63117.38605930796,2192.385646184557,2192.385646184557,2192.385646184557,2192.385646184557,58749.71002331609,36830.53083918814,47057.44369447662,58749.71002331609
2009-07-24,-17085.644983696868,-10935.014099833206,-18835.881643473636,-17085.644983696868,-4331.8547757765045,-2718.748859281768,-24238.912878940697,-31392.18077418441,-85260.06290999078,-63117.38605930796,2192.385646184557,2192.385646184557,2192.385646184557,2192.385646184557,58588.47031421936,36669.291130091646,46896.203985380125,58588.47031421936
2009-07-27,-17085.644983696868,-10935.014099833206,-18835.881643473636,-17085.644983696868,-4331.8547757765045,-2718.748859281768,-24238.912878940697,-31392.18077418441,-85260.06290999078,-63117.38605930796,2192.385646184557,2192.385646184557,2192.385646184557,2192.385646184557,59036.112905013375,37116.93372088543,47343.846576173906,59036.112905013375
2009-07-28,-17085.644983696868,-10935.014099833206,-18835.881643473636,-17085.644983696868,-4331.8547757765045,-2718.748859281768,-24238.912878940697,-31392.18077418441,-85260.06290999078,-63117.38605930796,2192.385646184557,2192.385646184557,2192.385646184557,2192.385646184557,59638.101611106424,37718.922426978475,47945.835282266955,59638.101611106424
2009-07-29,-17085.644983696868,-10935.014099833206,-18835.881643473636,-17085.644983696868,-4331.8547757765045,-2718.748859281768,-24238.912878940697,-31392.18077418441,-85260.06290999078,-63117.38605930796,2192.385646184557,2192.385646184557,2192.385646184557,2192.385646184557,59745.9763428506,37826.79715872288,48053.71001401136,59745.9763428506
2009-07-30,-17085.644983696868,-10935.014099833206,-18835.881643473636,-17085.644983696868,-4331.8547757765045,-2718.748859281768,-24238.912878940697,-31392.18077418441,-85260.06290999078,-63117.38605930796,2192.385646184557,2192.385646184557,2192.385646184557,2192.385646184557,59711.1134702696,37791.93428614177,48018.84714143025,59711.1134702696
2009-07-31,-17085.644983696868,-10935.014099833206,-18835.881643473636,-17085.644983696868,-4331.8547757765045,-2718.748859281768,-24238.912878940697,-31392.18077418441,-85260.06290999078,-63117.38605930796,2192.385646184557,2192.385646184557,2192.385646184557,2192.385646184557,59885.107753753895,37965.92856962606,48192.84142491454,59885.107753753895
2009-08-03,-17085.644983696868,-10935.014099833206,-18835.881643473636,-17085.644983696868,-4331.8547757765045,-2718.748859281768,-24238.912878940697,-31392.18077418441,-85260.06290999078,-63117.38605930796,2192.385646184557,2192.385646184557,2192.385646184557,2192.385646184557,60663.9354460442,38744.756261916365,48971.669117204845,60663.9354460442
2009-08-04,-17085.644983696868,-10935.014099833206,-18835.881643473636,-17085.644983696868,-4331.8547757765045,-2718.748859281768,-24238.912878940697,-31392.18077418441,-85260.06290999078,-63117.38605930796,2192.385646184557,2192.385646184557,2192.385646184557,2192.385646184557,60487.91836955771,38568.73918542999,48795.652040718356,60487.91836955771
2009-08-05,-17085.644983696868,-10935.014099833206,-18835.881643473636,-17085.644983696868,-4331.8547757765045,-2718.748859281768,-24238.912878940697,-31392.18077418441,-85260.06290999078,-63117.38605930796,2192.385646184557,2192.385646184557,2192.385646184557,2192.385646184557,55891.03790581878,33971.85872169107,44198.77157697955,55891.03790581878
2009-08-06,-17085.644983696868,-10935.014099833206,-18835.881643473636,-17085.644983696868,-4331.8547757765045,-2718.748859281768,-24238.912878940697,-31392.18077418441,-85260.06290999078,-63117.38605930796,2192.385646184557,2192.385646184557,2192.385646184557,2192.385646184557,54701.663424135884,32782.48424000805,43009.39709529653,54701.663424135884
2009-08-07,-17085.644983696868,-10935.014099833206,-18835.881643473636,-17085.644983696868,-4331.8547757765045,-2718.748859281768,-24238.912878940697,-31392.18077418441,-85260.06290999078,-63117.38605930796,2192.385646184557,2192.385646184557,2192.385646184557,2192.385646184557,52231.01119781309,29657.123813827173,40538.744868973736,52231.01119781309
2009-08-10,-17085.644983696868,-10935.014099833206,-18835.881643473636,-17085.644983696868,-4331.8547757765045,-2718.748859281768,-24238.912878940697,-31392.18077418441,-85260.06290999078,-63117.38605930796,2192.385646184557,2192.385646184557,2192.385646184557,2192.385646184557,51286.54007824045,29657.123813827173,39594.273749401094,51286.54007824045
2009-08-11,-17085.644983696868,-10935.014099833206,-18835.881643473636,-17085.644983696868,-4331.8547757765045,-2718.748859281768,-24238.912878940697,-31392.18077418441,-85260.06290999078,-63117.38605930796,2192.385646184557,2192.385646184557,2192.385646184557,2192.385646184557,54457.31969961547,29657.123813827173,42765.05337077624,54457.31969961547
2009-08-12,-17085.644983696868,-10935.014099833206,-18835.881643473636,-17085.644983696868,-4331.8547757765045,-2718.748859281768,-24238.912878940697,-31392.18077418441,-85260.06290999078,-63117.38605930796,2192.385646184557,2192.385646184557,2192.385646184557,2192.385646184557,53972.956355932634,29657.123813827173,42280.690027093166,53972.956355932634
2009-08-13,-17085.644983696868,-10935.014099833206,-18835.881643473636,-17085.644983696868,-4331.8547757765045,-2718.748859281768,-24238.912878940697,-31392.18077418441,-85260.06290999078,-63117.38605930796,2192.385646184557,2192.385646184557,2192.385646184557,2192.385646184557,53935.82750647259,29657.123813827173,42243.56117763324,53935.82750647259
2009-08-14,-17085.644983696868,-10935.014099833206,-18835.881643473636,-17085.644983696868,-4331.8547757765045,-2718.748859281768,-24238.912878940697,-31392.18077418441,-85260.06290999078,-63117.38605930796,2192.385646184557,2192.385646184557,2192.385646184557,2192.385646184557,54218.30622947775,29657.123813827173,42526.03990063851,54218.30622947775
2009-08-17,-17085.644983696868,-10935.014099833206,-18835.881643473636,-17085.644983696868,-4331.8547757765045,-2718.748859281768,-24238.912878940697,-31392.18077418441,-85260.06290999078,-63117.38605930796,2192.385646184557,2192.385646184557,2192.385646184557,2192.385646184557,54673.8026234454,29657.123813827173,42981.53629460605,54673.8026234454
2009-08-18,-17085.644983696868,-10935.014099833206,-18835.881643473636,-17085.644983696868,-4331.8547757765045,-2718.748859281768,-24238.912878940697,-31392.18077418441,-85260.06290999078,-63117.38605930796,2192.385646184557,2192.385646184557,2192.385646184557,2192.385646184557,53786.92188413837,29657.123813827173,42094.65555529902,53786.92188413837
2009-08-19,-17085.644983696868,-10935.014099833206,-18835.881643473636,-17085.644983696868,-4331.8547757765045,-2718.748859281768,-24238.912878940697,-31392.18077418441,-85260.06290999078,-63117.38605930796,2192.385646184557,2192.385646184557,2192.385646184557,2192.385646184557,53086.60597420088,29657.123813827173,41394.33964536153,53086.60597420088
2009-08-20,-17085.644983696868,-10935.014099833206,-18835.881643473636,-17085.644983696868,-4331.8547757765045,-2718.748859281768,-24238.912878940697,-31392.18077418441,-85260.06290999078,-63117.38605930796,2192.385646184557,2192.385646184557,2192.385646184557,2192.385646184557,48545.861293111346,29657.123813827173,36092.99910458049,48545.861293111346
2009-08-21,-17085.644983696868,-10935.014099833206,-18835.881643473636,-17085.644983696868,-4331.8547757765045,-2718.748859281768,-24238.912878940697,-31392.18077418441,-85260.06290999078,-63117.38605930796,2192.385646184557,2192.385646184557,2192.385646184557,2192.385646184557,47827.93687997467,29657.123813827173,36092.99910458049,47827.93687997467
2009-08-24,-18445.823158934596,-12295.192275070935,-20196.059818711365,-18445.823158934596,-5692.032951014233,-4078.9270345194964,-25599.091054178425,-32752.358949422138,-86667.1404790302,-64516.21863972419,2192.385646184557,2192.385646184557,2192.385646184557,2192.385646184557,47827.93687997467,29657.123813827173,36092.99910458049,47827.93687997467
2009-08-25,-17811.453237747657,-11660.822353883996,-19561.689897524426,-17811.453237747657,-5057.663029827294,-3444.5571133325575,-24964.721132991486,-32117.9890282352,-86349.96693502029,-64038.124047571444,2192.385646184557,2192.385646184557,2192.385646184557,2192.385646184557,47827.93687997467,29657.123813827173,36092.99910458049,47827.93687997467
2009-08-26,-18110.805443629273,-11960.174559765612,-19861.042103406042,-18110.805443629273,-5357.01523570891,-3743.9093192141736,-25264.073338873102,-32417.341234116815,-86271.33221889229,-63951.91490863671,2192.385646184557,2192.385646184557,2192.385646184557,2192.385646184557,47827.93687997467,29657.123813827173,36092.99910458049,47827.93687997467
2009-08-27,-18175.284154431778,-12024.653270568117,-19925.520814208547,-18175.284154431778,-5421.493946511415,-3808.3880300166784,-25328.552049675607,-32481.81994491932,-85834.18580358278,-63352.43004652648,2192.385646184557,2192.385646184557,2192.385646184557,2192.385646184557,47827.93687997467,29657.123813827173,36092.99910458049,47827.93687997467
2009-08-28,-18334.806949622813,-12184.176065759151,-20085.04360939958,-18334.806949622813,-5581.0167417024495,-3967.910825207713,-25491.162800427177,-32647.51865123154,-86091.99138065765,-63622.39937224623,2192.385646184557,2192.385646184557,2192.385646184557,2192.385646184557,47827.93687997467,29657.123813827173,36092.99910458049,47827.93687997467
2009-08-31,-18881.70648765762,-12731.075603793957,-20631.943147434387,-18881.70648765762,-6127.9162797372555,-4514.810363242519,-25763.25853507244,-32644.810582487262,-86098.07746030611,-64176.36926155735,2192.385646184557,2192.385646184557,2192.385646184557,2192.385646184557,47827.93687997467,29657.123813827173,36092.99910458049,47827.93687997467
2009-09-01,-21839.139543159283,-15688.508659295621,-23589.37620293605,-21839.139543159283,-9175.34933523892,-7472.243418744183,-28045.62301503145,-34252.1064869035,-86763.15272167104,-66564.25015885173,2192.385646184557,2192.385646184557,2192.385646184557,2192.385646184557,47827.93687997467,29657.123813827173,36092.99910458049,47827.93687997467
2009-09-02,-21314.559228898725,-15163.928345035063,-23064.795888675493,-21314.559228898725,-5238.050206881831,-6947.663104483625,-27407.552041828865,-33500.54485475889,-85291.21110693761,-65668.53059000138,2192.385646184557,2192.385646184557,2192.385646184557,2192.385646184557,47827.93687997467,29657.123813827173,36092.99910458049,47827.93687997467
2009-09-03,-19536.87336409837,-13386.242480234709,-21287.11002387514,-19536.87336409837,-10915.13852605794,-5169.97723968327,-25877.77621019876,-32218.679056299035,-85214.98587752099,-64213.44179890549,2192.385646184557,2192.385646184557,2192.385646184557,2192.385646184557,47827.93687997467,29657.123813827173,36092.99910458049,47827.93687997467
2009-09-04,-18605.89771652443,-12455.266832660767,-20356.134376301197,-18605.89771652443,-22649.189115305082,-4239.001592109329,-25368.876601433032,-32131.855486341403,-86861.83076541347,-63994.10783558956,2192.385646184557,2192.385646184557,2192.385646184557,2192.385646184557,47827.93687997467,29657.123813827173,36092.99910458049,47827.93687997467
2009-09-08,-19039.66256563959,-12889.03168177593,-20789.89922541636,-19039.66256563959,-30986.669769454864,-4672.766441224492,-26142.906500631012,-33246.1504356222,-87997.85954574717,-64444.87868567195,2192.385646184557,2192.385646184557,2192.385646184557,2192.385646184557,47827.93687997467,29657.123813827173,36092.99910458049,47827.93687997467
2009-09-09,-19574.060825219145,-13423.429941355484,-21324.297484995914,-19574.060825219145,-38710.17574568093,-5207.164700804045,-26982.793903918355,-34391.526982617215,-88265.92221794103,-64461.84838595451,2192.385646184557,2192.385646184557,2192.385646184557,2192.385646184557,47827.93687997467,29657.123813827173,36092.99910458049,47827.93687997467
2009-09-10,-19698.463436170947,-13547.832552307285,-21448.700095947715,-19698.463436170947,-38834.57835663273,-5331.567311755847,-27517.081432314473,-35335.699428457534,-88024.46888367378,-64186.04948939057,2192.385646184557,2192.385646184557,2192.385646184557,2192.385646184557,47827.93687997467,29657.123813827173,36092.99910458049,47827.93687997467
2009-09-11,-20158.42138153792,-14007.790497674257,-21908.658041314688,-20158.42138153792,-39294.5363019997,-5791.525257122819,-27969.309174480033,-35780.19696742168,-88494.31873760826,-64649.99539988465,2192.385646184557,2192.385646184557,2192.385646184557,2192.385646184557,47827.93687997467,29657.123813827173,36092.99910458049,47827.93687997467
2009-09-14,-21563.548813181696,-15412.917929318035,-23313.785472958465,-21563.548813181696,-40699.66373364348,-7196.652688766597,-29578.737228706246,-37593.92564423056,-88991.38104096148,-65307.3617310893,2192.385646184557,2192.385646184557,2192.385646184557,2192.385646184557,47827.93687997467,29657.123813827173,36092.99910458049,47827.93687997467
2009-09-15,-20972.372721317923,-14821.741837454261,-22722.60938109469,-20972.372721317923,-40108.487641779706,-6605.476596902823,-28861.874645234202,-36751.376569150365,-88157.34642018646,-64723.070389358094,2192.385646184557,2192.385646184557,2192.385646184557,2192.385646184557,47827.93687997467,29657.123813827173,36092.99910458049,47827.93687997467
2009-09-16,-20030.864195147064,-13880.233311283402,-21781.100854923832,-20030.864195147064,-39166.97911560885,-5663.968070731964,-27463.34422522108,-34895.82425529498,-85605.46729443735,-63328.4510745306,2192.385646184557,2192.385646184557,2192.385646184557,2192.385646184557,47827.93687997467,29657.123813827173,36092.99910458049,47827.93687997467
2009-09-17,-20154.129079097533,-14003.498195233871,-21904.3657388743,-20154.129079097533,-39290.243999559316,-5787.232954682433,-27632.291781101376,-35110.45448310522,-86058.49618800322,-63609.96435469284,2192.385646184557,2192.385646184557,2192.385646184557,2192.385646184557,47827.93687997467,29657.123813827173,36092.99910458049,47827.93687997467
2009-09-18,-20876.738883932936,-14726.108000069275,-22626.975543709705,-20876.738883932936,-40012.85380439472,-6509.842759517836,-28335.398917541024,-35794.05895114911,-86756.35323962441,-64407.964271442965,2192.385646184557,2192.385646184557,2192.385646184557,2192.385646184557,47827.93687997467,29657.123813827173,36092.99910458049,47827.93687997467
2009-09-21,-20876.738883932936,-14726.108000069275,-22626.975543709705,-20876.738883932936,-40012.85380439472,-6509.842759517836,-28335.398917541024,-35794.05895114911,-86756.35323962441,-64407.964271442965,2192.385646184557,2192.385646184557,2192.385646184557,2192.385646184557,47827.93687997467,29657.123813827173,36092.99910458049,47827.93687997467
2009-09-22,-20876.738883932936,-14726.108000069275,-22626.975543709705,-20876.738883932936,-40012.85380439472,-6509.842759517836,-28335.398917541024,-35794.05895114911,-86756.35323962441,-64407.964271442965,2192.385646184557,2192.385646184557,2192.385646184557,2192.385646184557,47827.93687997467,29657.123813827173,36092.99910458049,47827.93687997467
2009-09-23,-20876.738883932936,-14726.108000069275,-22626.975543709705,-20876.738883932936,-40012.85380439472,-6509.842759517836,-28335.398917541024,-35794.05895114911,-86756.35323962441,-64407.964271442965,2192.385646184557,2192.385646184557,2192.385646184557,2192.385646184557,47827.93687997467,29657.123813827173,36092.99910458049,47827.93687997467
2009-09-24,-20876.738883932936,-14726.108000069275,-22626.975543709705,-20876.738883932936,-40012.85380439472,-6509.842759517836,-28335.398917541024,-35794.05895114911,-86756.35323962441,-64407.964271442965,2192.385646184557,2192.385646184557,2192.385646184557,2192.385646184557,47827.93687997467,29657.123813827173,36092.99910458049,47827.93687997467
2009-09-25,-20876.738883932936,-14726.108000069275,-22626.975543709705,-20876.738883932936,-40012.85380439472,-6509.842759517836,-28335.398917541024,-35794.05895114911,-86756.35323962441,-64407.964271442965,2192.385646184557,2192.385646184557,2192.385646184557,2192.385646184557,47827.93687997467,29657.123813827173,36092.99910458049,47827.93687997467
2009-09-28,-20876.738883932936,-14726.108000069275,-22626.975543709705,-20876.738883932936,-40012.85380439472,-6509.842759517836,-28335.398917541024,-35794.05895114911,-86756.35323962441,-64407.964271442965,2192.385646184557,2192.385646184557,2192.385646184557,2192.385646184557,47827.93687997467,29657.123813827173,36092.99910458049,47827.93687997467
2009-09-29,-20876.738883932936,-14726.108000069275,-22626.975543709705,-20876.738883932936,-40012.85380439472,-6509.842759517836,-28335.398917541024,-35794.05895114911,-86756.35323962441,-64407.964271442965,2192.385646184557,2192.385646184557,2192.385646184557,2192.385646184557,47827.93687997467,29657.123813827173,36092.99910458049,47827.93687997467
2009-09-30,-20876.738883932936,-14726.108000069275,-22626.975543709705,-20876.738883932936,-40012.85380439472,-6509.842759517836,-28335.398917541024,-35794.05895114911,-86756.35323962441,-64407.964271442965,2192.385646184557,2192.385646184557,2192.385646184557,2192.385646184557,47827.93687997467,29657.123813827173,36092.99910458049,47827.93687997467
2009-10-01,-20876.738883932936,-14726.108000069275,-22626.975543709705,-20876.738883932936,-40012.85380439472,-6509.842759517836,-28335.398917541024,-35794.05895114911,-86756.35323962441,-64407.964271442965,2192.385646184557,2192.385646184557,2192.385646184557,2192.385646184557,47827.93687997467,29657.123813827173,36092.99910458049,47827.93687997467
2009-10-02,-20876.738883932936,-14726.108000069275,-22626.975543709705,-20876.738883932936,-40012.85380439472,-6509.842759517836,-28335.398917541024,-35794.05895114911,-86756.35323962441,-64407.964271442965,2192.385646184557,2192.385646184557,2192.385646184557,2192.385646184557,47827.93687997467,29657.123813827173,36092.99910458049,47827.93687997467
2009-10-05,-20876.738883932936,-14726.108000069275,-22626.975543709705,-20876.738883932936,-40012.85380439472,-6509.842759517836,-28335.398917541024,-35794.05895114911,-86756.35323962441,-64407.964271442965,2192.385646184557,2192.385646184557,2192.385646184557,2192.385646184557,47827.93687997467,29657.123813827173,36092.99910458049,47827.93687997467
2009-10-06,-20876.738883932936,-14726.108000069275,-22626.975543709705,-20876.738883932936,-40012.85380439472,-6509.842759517836,-28335.398917541024,-35794.05895114911,-86756.35323962441,-64407.964271442965,2192.385646184557,2192.385646184557,2192.385646184557,2192.385646184557,47827.93687997467,29657.123813827173,36092.99910458049,47827.93687997467
2009-10-07,-20876.738883932936,-14726.108000069275,-22626.975543709705,-20876.738883932936,-40012.85380439472,-6509.842759517836,-28335.398917541024,-35794.05895114911,-86756.35323962441,-64407.964271442965,2192.385646184557,2192.385646184557,2192.385646184557,2192.385646184557,47827.93687997467,29657.123813827173,36092.99910458049,47827.93687997467
2009-10-08,-20876.738883932936,-14726.108000069275,-22626.975543709705,-20876.738883932936,-40012.85380439472,-6509.842759517836,-28335.398917541024,-35794.05895114911,-86756.35323962441,-64407.964271442965,2192.385646184557,2192.385646184557,2192.385646184557,2192.385646184557,47827.93687997467,29657.123813827173,36092.99910458049,47827.93687997467
2009-10-09,-20876.738883932936,-14726.108000069275,-22626.975543709705,-20876.738883932936,-40012.85380439472,-6509.842759517836,-28335.398917541024,-35794.05895114911,-86756.35323962441,-64407.964271442965,2192.385646184557,2192.385646184557,2192.385646184557,2192.385646184557,47827.93687997467,29657.123813827173,36092.99910458049,47827.93687997467
2009-10-12,-20876.738883932936,-14726.108000069275,-22626.975543709705,-20876.738883932936,-40012.85380439472,-6509.842759517836,-28335.398917541024,-35794.05895114911,-86756.35323962441,-64407.964271442965,2192.385646184557,2192.385646184557,2192.385646184557,2192.385646184557,47827.93687997467,29657.123813827173,36092.99910458049,47827.93687997467
2009-10-13,-20876.738883932936,-14726.108000069275,-22626.975543709705,-20876.738883932936,-40012.85380439472,-6509.842759517836,-28335.398917541024,-35794.05895114911,-86756.35323962441,-64407.964271442965,2192.385646184557,2192.385646184557,2192.385646184557,2192.385646184557,47827.93687997467,29657.123813827173,36092.99910458049,47827.93687997467
2009-10-14,-20876.738883932936,-14726.108000069275,-22626.975543709705,-20876.738883932936,-40012.85380439472,-6509.842759517836,-28335.398917541024,-35794.05895114911,-86756.35323962441,-64407.964271442965,2192.385646184557,2192.385646184557,2192.385646184557,2192.385646184557,47827.93687997467,29657.123813827173,36092.99910458049,47827.93687997467
2009-10-15,-20876.738883932936,-14726.108000069275,-22626.975543709705,-20876.738883932936,-40012.85380439472,-6509.842759517836,-28335.398917541024,-35794.05895114911,-86756.35323962441,-64407.964271442965,2192.385646184557,2192.385646184557,2192.385646184557,2192.385646184557,47827.93687997467,29657.123813827173,36092.99910458049,47827.93687997467
2009-10-16,-20876.738883932936,-14726.108000069275,-22626.975543709705,-20876.738883932936,-40012.85380439472,-6509.842759517836,-28335.398917541024,-35794.05895114911,-86756.35323962441,-64407.964271442965,2192.385646184557,2192.385646184557,2192.385646184557,2192.385646184557,47827.93687997467,29657.123813827173,36092.99910458049,47827.93687997467
2009-10-19,-20876.738883932936,-14726.108000069275,-22626.975543709705,-20876.738883932936,-40012.85380439472,-6509.842759517836,-28335.398917541024,-35794.05895114911,-86756.35323962441,-64407.964271442965,2192.385646184557,2192.385646184557,2192.385646184557,2192.385646184557,47951.11991349794,29780.30684735044,36216.18213810376,47951.11991349794
2009-10-20,-20876.738883932936,-14726.108000069275,-22626.975543709705,-20876.738883932936,-40012.85380439472,-6509.842759517836,-28335.398917541024,-35794.05895114911,-86756.35323962441,-64407.964271442965,2192.385646184557,2192.385646184557,2192.385646184557,2192.385646184557,48159.84019247361,29989.02712632611,36424.90241707943,48159.84019247361
2009-10-21,-20876.738883932936,-14726.108000069275,-22626.975543709705,-20876.738883932936,-40012.85380439472,-6509.842759517836,-28335.398917541024,-35794.05895114911,-86756.35323962441,-64407.964271442965,2192.385646184557,2192.385646184557,2192.385646184557,2192.385646184557,48318.21328078455,30147.400214637048,36583.27550539037,48318.21328078455
2009-10-22,-20876.738883932936,-14726.108000069275,-22626.975543709705,-20876.738883932936,-40012.85380439472,-6509.842759517836,-28335.398917541024,-35794.05895114911,-86756.35323962441,-64407.964271442965,2192.385646184557,2192.385646184557,2192.385646184557,2192.385646184557,48109.3573046783,29938.544238530798,36374.41952928412,48109.3573046783
2009-10-23,-20876.738883932936,-14726.108000069275,-22626.975543709705,-20876.738883932936,-40012.85380439472,-6509.842759517836,-28335.398917541024,-35794.05895114911,-86756.35323962441,-64407.964271442965,2192.385646184557,2192.385646184557,2192.385646184557,2192.385646184557,48466.52639779344,30295.713331646053,36731.58862239937,48466.52639779344
2009-10-26,-20876.738883932936,-14726.108000069275,-22626.975543709705,-20876.738883932936,-40012.85380439472,-6509.842759517836,-28335.398917541024,-35794.05895114911,-86756.35323962441,-64407.964271442965,2192.385646184557,2192.385646184557,2192.385646184557,2192.385646184557,48744.05248140544,30573.23941525817,37009.11470601149,48744.05248140544
2009-10-27,-20876.738883932936,-14726.108000069275,-22626.975543709705,-20876.738883932936,-40012.85380439472,-6509.842759517836,-28335.398917541024,-35794.05895114911,-86756.35323962441,-64407.964271442965,2192.385646184557,2192.385646184557,2192.385646184557,2192.385646184557,48789.30091287615,30618.487846728996,37054.363137482316,48789.30091287615
2009-10-28,-20876.738883932936,-14726.108000069275,-22626.975543709705,-20876.738883932936,-40012.85380439472,-6509.842759517836,-28335.398917541024,-35794.05895114911,-86756.35323962441,-64407.964271442965,2192.385646184557,2192.385646184557,2192.385646184557,2192.385646184557,48367.5475251826,30196.73445903533,36632.60974978865,48367.5475251826
2009-10-29,-20876.738883932936,-14726.108000069275,-22626.975543709705,-20876.738883932936,-40012.85380439472,-6509.842759517836,-28335.398917541024,-35794.05895114911,-86756.35323962441,-64407.964271442965,2192.385646184557,2192.385646184557,2192.385646184557,2192.385646184557,49090.92795602698,30920.114889879595,37355.990180632914,49090.92795602698
2009-10-30,-20876.738883932936,-14726.108000069275,-22626.975543709705,-20876.738883932936,-40012.85380439472,-6509.842759517836,-28335.398917541024,-35794.05895114911,-86756.35323962441,-64407.964271442965,2192.385646184557,2192.385646184557,2192.385646184557,2192.385646184557,48359.64898304804,30188.835916900774,36624.711207654094,48359.64898304804
2009-11-02,-20876.738883932936,-14726.108000069275,-22626.975543709705,-20876.738883932936,-40012.85380439472,-6509.842759517836,-28335.398917541024,-35794.05895114911,-86756.35323962441,-64407.964271442965,2192.385646184557,2192.385646184557,2192.385646184557,2192.385646184557,48267.58213197312,30096.76906582585,36532.64435657917,48267.58213197312
2009-11-03,-20876.738883932936,-14726.108000069275,-22626.975543709705,-20876.738883932936,-40012.85380439472,-6509.842759517836,-28335.398917541024,-35794.05895114911,-86756.35323962441,-64407.964271442965,2192.385646184557,2192.385646184557,2192.385646184557,2192.385646184557,48155.6167112987,29984.80364515155,36420.67893590487,48155.6167112987
2009-11-04,-20876.738883932936,-14726.108000069275,-22626.975543709705,-20876.738883932936,-40012.85380439472,-6509.842759517836,-28335.398917541024,-35794.05895114911,-86756.35323962441,-64407.964271442965,2192.385646184557,2192.385646184557,2192.385646184557,2192.385646184557,48215.065488841385,30044.252422694233,36480.12771344755,48215.065488841385
2009-11-05,-20876.738883932936,-14726.108000069275,-22626.975543709705,-20876.738883932936,-40012.85380439472,-6509.842759517836,-28335.398917541024,-35794.05895114911,-86756.35323962441,-64407.964271442965,2192.385646184557,2192.385646184557,2192.385646184557,2192.385646184557,48089.99478180078,29919.181715653744,36355.05700640706,48089.99478180078
2009-11-06,-20876.738883932936,-14726.108000069275,-22626.975543709705,-20876.738883932936,-40012.85380439472,-6509.842759517836,-28335.398917541024,-35794.05895114911,-86756.35323962441,-64407.964271442965,2192.385646184557,2192.385646184557,2192.385646184557,2192.385646184557,48440.60232672538,30269.789260578225,36705.664551331545,48440.60232672538
2009-11-09,-20876.738883932936,-14726.108000069275,-22626.975543709705,-20876.738883932936,-40012.85380439472,-6509.842759517836,-28335.398917541024,-35794.05895114911,-86756.35323962441,-64407.964271442965,2192.385646184557,2192.385646184557,2192.385646184557,2192.385646184557,49052.11654775869,30881.303481611772,37317.17877236509,49052.11654775869
2009-11-10,-20876.738883932936,-14726.108000069275,-22626.975543709705,-20876.738883932936,-40012.85380439472,-6509.842759517836,-28335.398917541024,-35794.05895114911,-86756.35323962441,-64407.964271442965,2192.385646184557,2192.385646184557,2192.385646184557,2192.385646184557,49207.02812581463,31036.215059667826,37472.090350421146,49207.02812581463
2009-11-11,-20876.738883932936,-14726.108000069275,-22626.975543709705,-20876.738883932936,-40012.85380439472,-6509.842759517836,-28335.398917541024,-35794.05895114911,-86756.35323962441,-64407.964271442965,2192.385646184557,2192.385646184557,2192.385646184557,2192.385646184557,49209.76008801418,31038.947021867265,37474.822312620585,49209.76008801418
2009-11-12,-20876.738883932936,-14726.108000069275,-22626.975543709705,-20876.738883932936,-40012.85380439472,-6509.842759517836,-28335.398917541024,-35794.05895114911,-86756.35323962441,-64407.964271442965,2192.385646184557,2192.385646184557,2192.385646184557,2192.385646184557,49426.33912970568,31255.526063558762,37691.40135431208,49426.33912970568
2009-11-13,-20876.738883932936,-14726.108000069275,-22626.975543709705,-20876.738883932936,-40012.85380439472,-6509.842759517836,-28335.398917541024,-35794.05895114911,-86756.35323962441,-64407.964271442965,2192.385646184557,2192.385646184557,2192.385646184557,2192.385646184557,49512.145507335896,31341.332441189094,37777.20773194241,49512.145507335896
2009-11-16,-20876.738883932936,-14726.108000069275,-22626.975543709705,-20876.738883932936,-40012.85380439472,-6509.842759517836,-28335.398917541024,-35794.05895114911,-86756.35323962441,-64407.964271442965,2192.385646184557,2192.385646184557,2192.385646184557,2192.385646184557,50091.21298027085,31920.399914123933,38356.27520487725,50091.21298027085
2009-11-17,-20876.738883932936,-14726.108000069275,-22626.975543709705,-20876.738883932936,-40012.85380439472,-6509.842759517836,-28335.398917541024,-35794.05895114911,-86756.35323962441,-64407.964271442965,2192.385646184557,2192.385646184557,2192.385646184557,2192.385646184557,50610.37761806254,32439.56455191574,38875.43984266906,50610.37761806254
2009-11-18,-20876.738883932936,-14726.108000069275,-22626.975543709705,-20876.738883932936,-40012.85380439472,-6509.842759517836,-28335.398917541024,-35794.05895114911,-86756.35323962441,-64407.964271442965,2192.385646184557,2192.385646184557,2192.385646184557,2192.385646184557,51111.54999653017,32940.73693038337,39376.61222113669,51111.54999653017
2009-11-19,-20876.738883932936,-14726.108000069275,-22626.975543709705,-20876.738883932936,-40012.85380439472,-6509.842759517836,-28335.398917541024,-35794.05895114911,-86756.35323962441,-64407.964271442965,2192.385646184557,2192.385646184557,2192.385646184557,2192.385646184557,51535.3956413765,33364.582575229346,39800.457865982666,51535.3956413765
2009-11-20,-20876.738883932936,-14726.108000069275,-22626.975543709705,-20876.738883932936,-40012.85380439472,-6509.842759517836,-28335.398917541024,-35794.05895114911,-86756.35323962441,-64407.964271442965,2192.385646184557,2192.385646184557,2192.385646184557,2192.385646184557,51695.79927716055,33524.98621101328,39960.8615017666,51695.79927716055
2009-11-23,-22841.637095869402,-16691.00621200574,-24591.87375564617,-22841.637095869402,-41977.752016331186,-8474.740971454303,-30300.29712947749,-37758.95716308558,-88753.19209232985,-66399.91453890479,2192.385646184557,2192.385646184557,2192.385646184557,2192.385646184557,51697.07922003651,33526.26615388936,39962.14144464268,51697.07922003651
2009-11-24,-21746.4034794193,-15595.772595555638,-23496.640139196068,-21746.4034794193,-40882.51839988108,-7379.5073550042,-29205.063513027388,-36663.723546635476,-88304.03496264468,-65875.13652375259,2192.385646184557,2192.385646184557,2192.385646184557,2192.385646184557,51693.30880261515,33522.495736467885,39958.371027221205,51693.30880261515
2009-11-25,-22305.612708742265,-16154.981824878603,-24055.849368519033,-22305.612708742265,-41441.72762920405,-7938.716584327165,-29764.272742350353,-37222.93277595844,-89165.70891685563,-66586.27430354897,2192.385646184557,2192.385646184557,2192.385646184557,2192.385646184557,51681.41595167178,33510.60288552474,39946.47817627806,51681.41595167178
2009-11-27,-22814.928351736395,-16664.297467872733,-24565.165011513163,-22814.928351736395,-41951.04327219818,-8448.032227321295,-30273.588385344483,-37732.24841895257,-91345.05367085885,-69277.09527314838,2192.385646184557,2192.385646184557,2192.385646184557,2192.385646184557,51736.50860166387,33565.695535516716,40001.570826270035,51736.50860166387
2009-11-30,-23806.17555161845,-17655.544667754788,-25556.412211395218,-23806.17555161845,-42942.29047208023,-9439.27942720335,-31267.273581323097,-38728.371611027746,-90607.36790187925,-68306.97010542639,2192.385646184557,2192.385646184557,2192.385646184557,2192.385646184557,51751.61601212481,33580.80294597766,40016.67823673098,51751.61601212481
2009-12-01,-22874.571068892605,-16723.940185028943,-24624.807728669373,-22874.571068892605,-42010.68598935439,-8507.674944477505,-30637.258037685184,-38399.94500647776,-90295.00614174851,-67387.75458042708,2192.385646184557,2192.385646184557,2192.385646184557,2192.385646184557,51704.36946792365,33533.55640177638,39969.4316925297,51704.36946792365
2009-12-02,-22517.944940616726,-16367.314056753065,-24268.181600393495,-22517.944940616726,-41654.05986107851,-8151.048816201626,-30269.545727215707,-38021.146513814805,-89858.02359797573,-66956.13163379463,2192.385646184557,2192.385646184557,2192.385646184557,2192.385646184557,51589.32849189872,33418.51542575145,39854.39071650477,51589.32849189872
2009-12-03,-21728.72070720978,-15578.08982334612,-23478.95736698655,-21728.72070720978,-40864.835627671564,-7361.824582794681,-29287.39404824481,-36846.06738927995,-89569.37001724506,-66740.79213834216,2192.385646184557,2192.385646184557,2192.385646184557,2192.385646184557,51579.73279651278,33408.919730365626,39844.795021118945,51579.73279651278
2009-12-04,-21845.775994876283,-15695.145111012622,-23596.012654653052,-21845.775994876283,-40981.89091533807,-7478.879870461184,-29544.150768656167,-37242.52554243605,-89386.20989871223,-66409.79357376811,2192.385646184557,2192.385646184557,2192.385646184557,2192.385646184557,51618.09109245939,33447.278026312124,39883.153317065444,51618.09109245939
2009-12-07,-22384.771338767838,-16234.140454904176,-24135.007998544606,-22384.771338767838,-41520.88625922962,-8017.875214352738,-30048.145290452172,-37711.51924213662,-89922.17268400127,-66953.86750070262,2192.385646184557,2192.385646184557,2192.385646184557,2192.385646184557,51522.37488057907,33351.561814431916,39787.437105185236,51522.37488057907
2009-12-08,-22911.207043995382,-16760.57616013172,-24661.44370377215,-22911.207043995382,-42047.321964457165,-8544.310919580283,-30601.38653650449,-38291.56602901383,-90516.84963549417,-67491.99970888777,2192.385646184557,2192.385646184557,2192.385646184557,2192.385646184557,51442.85957683064,33272.04651068349,39707.92180143681,51442.85957683064
2009-12-09,-22373.123677337426,-16222.492793473764,-24123.360337114194,-22373.123677337426,-41509.23859779921,-8006.227552922326,-30054.368288965314,-37735.612900593434,-90000.81330187956,-66882.26777333708,2192.385646184557,2192.385646184557,2192.385646184557,2192.385646184557,51443.59565064288,33272.78258449561,39708.65787524893,51443.59565064288
2009-12-10,-22409.892992398934,-16259.262108535273,-24160.129652175703,-22409.892992398934,-41546.00791286072,-8042.996867983835,-30077.62649052113,-37745.35998864344,-90088.8194179344,-66932.45545682951,2192.385646184557,2192.385646184557,2192.385646184557,2192.385646184557,51417.694789940724,33246.881723793456,39682.757014546776,51417.694789940724
2009-12-11,-22857.883315618034,-16707.252431754372,-24608.119975394802,-22857.883315618034,-41993.99823607982,-8490.987191202934,-30515.372833928675,-38172.862352239434,-89918.81233837886,-66830.90555014554,2192.385646184557,2192.385646184557,2192.385646184557,2192.385646184557,51335.074688497,33164.26162234973,39600.13691310305,51335.074688497
2009-12-14,-23862.19312820898,-17711.562244345318,-25612.429787985748,-23862.19312820898,-42998.30804867076,-9495.29700379388,-31506.172658799216,-39150.152189389686,-90637.83306449256,-67774.19361216587,2192.385646184557,2192.385646184557,2192.385646184557,2192.385646184557,51278.57324389741,33107.760177750024,39543.635468503344,51278.57324389741
2009-12-15,-22942.764067269745,-16792.133183406084,-24693.000727046514,-22942.764067269745,-42078.87898773153,-8575.867942854646,-30739.979291992495,-38537.19451671548,-90031.21313226852,-66860.24820698844,2192.385646184557,2192.385646184557,2192.385646184557,2192.385646184557,51301.28228274523,33130.46921659785,39566.34450735117,51301.28228274523
2009-12-16,-22921.853628766723,-16771.22274490306,-24672.09028854349,-22921.853628766723,-42057.968549228506,-8554.957504351623,-30668.984188763658,-38416.11474876094,-89905.20831610693,-66820.73592407757,2192.385646184557,2192.385646184557,2192.385646184557,2192.385646184557,51329.948900619056,33159.13583447179,39595.01112522511,51329.948900619056
2009-12-17,-22170.427080958383,-16019.796197094722,-23920.66374073515,-22170.427080958383,-41306.542001420166,-7803.5309565432835,-30312.43248563097,-38454.43789030379,-89931.00095320528,-66076.69666154752,2192.385646184557,2192.385646184557,2192.385646184557,2192.385646184557,51267.64975957456,33096.836693427176,39532.711984180496,51267.64975957456
2009-12-18,-19805.714278072817,-13655.083394209156,-21555.950937849586,-19805.714278072817,-38941.8291985346,-5438.818153657718,-27764.038463714067,-35722.36264935555,-87354.93981874059,-63523.608951782226,2192.385646184557,2192.385646184557,2192.385646184557,2192.385646184557,51278.826498709386,33108.013432562235,39543.888723315555,51278.826498709386
2009-12-21,-19805.714278072817,-13655.083394209156,-21555.950937849586,-19805.714278072817,-38941.8291985346,-5438.818153657718,-27764.038463714067,-35722.36264935555,-87354.93981874059,-63523.608951782226,2192.385646184557,2192.385646184557,2192.385646184557,2192.385646184557,51330.93155817827,33160.11849203112,39595.99378278444,51330.93155817827
2009-12-22,-19805.714278072817,-13655.083394209156,-21555.950937849586,-19805.714278072817,-38941.8291985346,-5438.818153657718,-27764.038463714067,-35722.36264935555,-87354.93981874059,-63523.608951782226,2192.385646184557,2192.385646184557,2192.385646184557,2192.385646184557,51373.57284187572,33202.75977572857,39638.63506648189,51373.57284187572
2009-12-23,-19805.714278072817,-13655.083394209156,-21555.950937849586,-19805.714278072817,-38941.8291985346,-5438.818153657718,-27764.038463714067,-35722.36264935555,-87354.93981874059,-63523.608951782226,2192.385646184557,2192.385646184557,2192.385646184557,2192.385646184557,51401.24187738635,33230.428811239195,39666.304101992515,51401.24187738635
2009-12-24,-19805.714278072817,-13655.083394209156,-21555.950937849586,-19805.714278072817,-38941.8291985346,-5438.818153657718,-27764.038463714067,-35722.36264935555,-87354.93981874059,-63523.608951782226,2192.385646184557,2192.385646184557,2192.385646184557,2192.385646184557,51434.74009363935,33263.9270274922,39699.80231824552,51434.74009363935
2009-12-28,-19805.714278072817,-13655.083394209156,-21555.950937849586,-19805.714278072817,-38941.8291985346,-5438.818153657718,-27764.038463714067,-35722.36264935555,-87354.93981874059,-63523.608951782226,2192.385646184557,2192.385646184557,2192.385646184557,2192.385646184557,51563.78922365513,33392.976157507976,39828.851448261295,51563.78922365513
2009-12-29,-19805.714278072817,-13655.083394209156,-21555.950937849586,-19805.714278072817,-38941.8291985346,-5438.818153657718,-27764.038463714067,-35722.36264935555,-87354.93981874059,-63523.608951782226,2192.385646184557,2192.385646184557,2192.385646184557,2192.385646184557,51600.941293220036,33430.12822707265,39866.00351782597,51600.941293220036
2009-12-30,-19805.714278072817,-13655.083394209156,-21555.950937849586,-19805.714278072817,-38941.8291985346,-5438.818153657718,-27764.038463714067,-35722.36264935555,-87354.93981874059,-63523.608951782226,2192.385646184557,2192.385646184557,2192.385646184557,2192.385646184557,51635.93075716286,33465.11769101536,39900.99298176868,51635.93075716286
2009-12-31,-19805.714278072817,-13655.083394209156,-21555.950937849586,-19805.714278072817,-38941.8291985346,-5438.818153657718,-27764.038463714067,-35722.36264935555,-87354.93981874059,-63523.608951782226,2192.385646184557,2192.385646184557,2192.385646184557,2192.385646184557,51666.54350365745,33495.73043751018,39931.6057282635,51666.54350365745
2010-01-04,-19805.714278072817,-13655.083394209156,-21555.950937849586,-19805.714278072817,-38941.8291985346,-5438.818153657718,-27764.038463714067,-35722.36264935555,-87354.93981874059,-63523.608951782226,2192.385646184557,2192.385646184557,2192.385646184557,2192.385646184557,51841.91598203988,33671.102915892494,40106.978206645814,51841.91598203988
2010-01-05,-19805.714278072817,-13655.083394209156,-21555.950937849586,-19805.714278072817,-38941.8291985346,-5438.818153657718,-27764.038463714067,-35722.36264935555,-87354.93981874059,-63523.608951782226,2192.385646184557,2192.385646184557,2192.385646184557,2192.385646184557,51832.31437195046,33661.50130580319,40097.37659655651,51832.31437195046
2010-01-06,-19805.714278072817,-13655.083394209156,-21555.950937849586,-19805.714278072817,-38941.8291985346,-5438.818153657718,-27764.038463714067,-35722.36264935555,-87354.93981874059,-63523.608951782226,2192.385646184557,2192.385646184557,2192.385646184557,2192.385646184557,51773.2154846366,33602.40241848922,40038.27770924254,51773.2154846366
2010-01-07,-19805.714278072817,-13655.083394209156,-21555.950937849586,-19805.714278072817,-38941.8291985346,-5438.818153657718,-27764.038463714067,-35722.36264935555,-87354.93981874059,-63523.608951782226,2192.385646184557,2192.385646184557,2192.385646184557,2192.385646184557,51816.648618154926,33645.835552007426,40081.710842760745,51816.648618154926
2010-01-08,-19805.714278072817,-13655.083394209156,-21555.950937849586,-19805.714278072817,-38941.8291985346,-5438.818153657718,-27764.038463714067,-35722.36264935555,-87354.93981874059,-63523.608951782226,2192.385646184557,2192.385646184557,2192.385646184557,2192.385646184557,51946.03711662046,33775.224050472956,40211.099341226276,51946.03711662046
2010-01-11,-19805.714278072817,-13655.083394209156,-21555.950937849586,-19805.714278072817,-38941.8291985346,-5438.818153657718,-27764.038463714067,-35722.36264935555,-87354.93981874059,-63523.608951782226,2192.385646184557,2192.385646184557,2192.385646184557,2192.385646184557,52060.47432480729,33889.66125865979,40325.53654941311,52060.47432480729
2010-01-12,-19805.714278072817,-13655.083394209156,-21555.950937849586,-19805.714278072817,-38941.8291985346,-5438.818153657718,-27764.038463714067,-35722.36264935555,-87354.93981874059,-63523.608951782226,2192.385646184557,2192.385646184557,2192.385646184557,2192.385646184557,52249.28836780437,34078.47530165687,40514.35059241019,52249.28836780437
2010-01-13,-19805.714278072817,-13655.083394209156,-21555.950937849586,-19805.714278072817,-38941.8291985346,-5438.818153657718,-27764.038463714067,-35722.36264935555,-87354.93981874059,-63523.608951782226,2192.385646184557,2192.385646184557,2192.385646184557,2192.385646184557,52387.418263226515,34216.6051970789,40652.48048783222,52387.418263226515
2010-01-14,-19805.714278072817,-13655.083394209156,-21555.950937849586,-19805.714278072817,-38941.8291985346,-5438.818153657718,-27764.038463714067,-35722.36264935555,-87354.93981874059,-63523.608951782226,2192.385646184557,2192.385646184557,2192.385646184557,2192.385646184557,52489.14725742489,34318.33419127739,40754.20948203071,52489.14725742489
2010-01-15,-19805.714278072817,-13655.083394209156,-21555.950937849586,-19805.714278072817,-38941.8291985346,-5438.818153657718,-27764.038463714067,-35722.36264935555,-87354.93981874059,-63523.608951782226,2192.385646184557,2192.385646184557,2192.385646184557,2192.385646184557,52783.04602779355,34612.23296164605,41048.10825239937,52783.04602779355
2010-01-19,-19805.714278072817,-13655.083394209156,-21555.950937849586,-19805.714278072817,-38941.8291985346,-5438.818153657718,-27764.038463714067,-35722.36264935555,-87354.93981874059,-63523.608951782226,2192.385646184557,2192.385646184557,2192.385646184557,2192.385646184557,52909.422025188105,34738.60895904072,41174.48424979404,52909.422025188105
2010-01-20,-19805.714278072817,-13655.083394209156,-21555.950937849586,-19805.714278072817,-38941.8291985346,-5438.818153657718,-27764.038463714067,-35722.36264935555,-87354.93981874059,-63523.608951782226,2192.385646184557,2192.385646184557,2192.385646184557,2192.385646184557,53185.311030778335,35014.497964630835,41450.373255384155,53185.311030778335
2010-01-21,-19805.714278072817,-13655.083394209156,-21555.950937849586,-19805.714278072817,-38941.8291985346,-5438.818153657718,-27764.038463714067,-35722.36264935555,-87354.93981874059,-63523.608951782226,2192.385646184557,2192.385646184557,2192.385646184557,2192.385646184557,53033.139894161606,34862.326828014106,41298.202118767425,53033.139894161606
2010-01-22,-19805.714278072817,-13655.083394209156,-21555.950937849586,-19805.714278072817,-38941.8291985346,-5438.818153657718,-27764.038463714067,-35722.36264935555,-87354.93981874059,-63523.608951782226,2192.385646184557,2192.385646184557,2192.385646184557,2192.385646184557,52355.087937355274,34184.274871207774,40620.15016196109,52355.087937355274
2010-01-25,-19805.714278072817,-13655.083394209156,-21555.950937849586,-19805.714278072817,-38941.8291985346,-5438.818153657718,-27764.038463714067,-35722.36264935555,-87354.93981874059,-63523.608951782226,2192.385646184557,2192.385646184557,2192.385646184557,2192.385646184557,53289.2805860613,35118.4675199138,41554.34281066712,53289.2805860613
2010-01-26,-19805.714278072817,-13655.083394209156,-21555.950937849586,-19805.714278072817,-38941.8291985346,-5438.818153657718,-27764.038463714067,-35722.36264935555,-87354.93981874059,-63523.608951782226,2192.385646184557,2192.385646184557,2192.385646184557,2192.385646184557,53549.49211340281,35378.679047255195,41814.554338008515,53549.49211340281
2010-01-27,-19805.714278072817,-13655.083394209156,-21555.950937849586,-19805.714278072817,-38941.8291985346,-5438.818153657718,-27764.038463714067,-35722.36264935555,-87354.93981874059,-63523.608951782226,2192.385646184557,2192.385646184557,2192.385646184557,2192.385646184557,53082.84789822623,34912.03483207873,41347.910122831934,53082.84789822623
2010-01-28,-19805.714278072817,-13655.083394209156,-21555.950937849586,-19805.714278072817,-38941.8291985346,-5438.818153657718,-27764.038463714067,-35722.36264935555,-87354.93981874059,-63523.608951782226,2192.385646184557,2192.385646184557,2192.385646184557,2192.385646184557,52909.190436857054,34738.37737070955,41174.25266146287,52909.190436857054
2010-01-29,-19805.714278072817,-13655.083394209156,-21555.950937849586,-19805.714278072817,-38941.8291985346,-5438.818153657718,-27764.038463714067,-35722.36264935555,-87354.93981874059,-63523.608951782226,2192.385646184557,2192.385646184557,2192.385646184557,2192.385646184557,52672.91004586895,34502.09697972145,40937.972270474886,52672.91004586895
2010-02-01,-19805.714278072817,-13655.083394209156,-21555.950937849586,-19805.714278072817,-38941.8291985346,-5438.818153657718,-27764.038463714067,-35722.36264935555,-87354.93981874059,-63523.608951782226,2192.385646184557,2192.385646184557,2192.385646184557,2192.385646184557,53051.17494604387,34880.36187989614,41316.23717064969,53051.17494604387
2010-02-02,-19805.714278072817,-13655.083394209156,-21555.950937849586,-19805.714278072817,-38941.8291985346,-5438.818153657718,-27764.038463714067,-35722.36264935555,-87354.93981874059,-63523.608951782226,2192.385646184557,2192.385646184557,2192.385646184557,2192.385646184557,52874.56929369923,34703.75622755161,41139.63151830505,52874.56929369923
2010-02-03,-19805.714278072817,-13655.083394209156,-21555.950937849586,-19805.714278072817,-38941.8291985346,-5438.818153657718,-27764.038463714067,-35722.36264935555,-87354.93981874059,-63523.608951782226,2192.385646184557,2192.385646184557,2192.385646184557,2192.385646184557,53034.22267705761,34863.40961090999,41299.284901663545,53034.22267705761
2010-02-04,-19805.714278072817,-13655.083394209156,-21555.950937849586,-19805.714278072817,-38941.8291985346,-5438.818153657718,-27764.038463714067,-35722.36264935555,-87354.93981874059,-63523.608951782226,2192.385646184557,2192.385646184557,2192.385646184557,2192.385646184557,53223.86742106336,35053.05435491586,41488.9296456693,53223.86742106336
2010-02-05,-19805.714278072817,-13655.083394209156,-21555.950937849586,-19805.714278072817,-38941.8291985346,-5438.818153657718,-27764.038463714067,-35722.36264935555,-87354.93981874059,-63523.608951782226,2192.385646184557,2192.385646184557,2192.385646184557,2192.385646184557,52559.69710831647,34388.884042168735,40824.75933292229,52559.69710831647
2010-02-08,-19805.714278072817,-13655.083394209156,-21555.950937849586,-19805.714278072817,-38941.8291985346,-5438.818153657718,-27764.038463714067,-35722.36264935555,-87354.93981874059,-63523.608951782226,2192.385646184557,2192.385646184557,2192.385646184557,2192.385646184557,52922.12689383258,34751.31382768473,41187.189118438284,52922.12689383258
2010-02-09,-19805.714278072817,-13655.083394209156,-21555.950937849586,-19805.714278072817,-38941.8291985346,-5438.818153657718,-27764.038463714067,-35722.36264935555,-87354.93981874059,-63523.608951782226,2192.385646184557,2192.385646184557,2192.385646184557,2192.385646184557,52774.00790632772,34603.19484017987,41039.07013093354,52774.00790632772
2010-02-10,-19805.714278072817,-13655.083394209156,-21555.950937849586,-19805.714278072817,-38941.8291985346,-5438.818153657718,-27764.038463714067,-35722.36264935555,-87354.93981874059,-63523.608951782226,2192.385646184557,2192.385646184557,2192.385646184557,2192.385646184557,52832.96599588217,34662.15292973432,41098.02822048799,52832.96599588217
2010-02-11,-19805.714278072817,-13655.083394209156,-21555.950937849586,-19805.714278072817,-38941.8291985346,-5438.818153657718,-27764.038463714067,-35722.36264935555,-87354.93981874059,-63523.608951782226,2192.385646184557,2192.385646184557,2192.385646184557,2192.385646184557,52751.36034383974,34580.54727769201,41016.422568445676,52751.36034383974
2010-02-12,-19805.714278072817,-13655.083394209156,-21555.950937849586,-19805.714278072817,-38941.8291985346,-5438.818153657718,-27764.038463714067,-35722.36264935555,-87354.93981874059,-63523.608951782226,2192.385646184557,2192.385646184557,2192.385646184557,2192.385646184557,52529.430279528024,34358.61721338041,40794.49250413396,52529.430279528024
2010-02-16,-19805.714278072817,-13655.083394209156,-21555.950937849586,-19805.714278072817,-38941.8291985346,-5438.818153657718,-27764.038463714067,-35722.36264935555,-87354.93981874059,-63523.608951782226,2192.385646184557,2192.385646184557,2192.385646184557,2192.385646184557,53263.13188153505,35092.31881538755,41528.19410614087,53263.13188153505
2010-02-17,-19805.714278072817,-13655.083394209156,-21555.950937849586,-19805.714278072817,-38941.8291985346,-5438.818153657718,-27764.038463714067,-35722.36264935555,-87354.93981874059,-63523.608951782226,2192.385646184557,2192.385646184557,2192.385646184557,2192.385646184557,53267.00055774255,35096.18749159493,41532.06278234825,53267.00055774255
2010-02-18,-19805.714278072817,-13655.083394209156,-21555.950937849586,-19805.714278072817,-38941.8291985346,-5438.818153657718,-27764.038463714067,-35722.36264935555,-87354.93981874059,-63523.608951782226,2192.385646184557,2192.385646184557,2192.385646184557,2192.385646184557,53341.7975560762,35170.9844899287,41606.85978068202,53341.7975560762
2010-02-19,-19805.714278072817,-13655.083394209156,-21555.950937849586,-19805.714278072817,-38941.8291985346,-5438.818153657718,-27764.038463714067,-35722.36264935555,-87354.93981874059,-63523.608951782226,2192.385646184557,2192.385646184557,2192.385646184557,2192.385646184557,53683.76785698789,35512.954790840624,41948.830081593944,53683.76785698789
2010-02-22,-20581.49404019036,-14430.863156326697,-22331.730699967127,-20581.49404019036,-39717.60896065214,-6214.597915775259,-28539.81822583161,-36498.14241147309,-88178.24959487258,-64338.775735203526,2192.385646184557,2192.385646184557,2192.385646184557,2192.385646184557,53698.92508854484,35528.11202239734,41963.98731315066,53698.92508854484
2010-02-23,-20482.491807722254,-14331.860923858592,-22232.728467499022,-20482.491807722254,-39618.60672818404,-6115.595683307154,-28440.815993363503,-36399.140179004986,-88178.04282262118,-65323.259140551556,2192.385646184557,2192.385646184557,2192.385646184557,2192.385646184557,53704.76523801871,35533.952171871206,41969.827462624526,53704.76523801871
2010-02-24,-20189.675558375544,-14039.044674511882,-21939.912218152313,-20189.675558375544,-39325.79047883733,-5822.779433960444,-28147.999744016794,-36106.323929658276,-88864.57404292095,-64876.17243157665,2192.385646184557,2192.385646184557,2192.385646184557,2192.385646184557,53691.9841351849,35521.17106903752,41957.04635979084,53691.9841351849
2010-02-25,-18699.74612635013,-12549.11524248647,-20449.9827861269,-18699.74612635013,-37835.861046811915,-4332.850001935032,-26658.07031199138,-34616.394497632864,-88135.72296400624,-64265.060839171405,2192.385646184557,2192.385646184557,2192.385646184557,2192.385646184557,53682.01313442574,35511.200068278355,41947.075359031674,53682.01313442574
2010-02-26,-18593.32130350708,-12442.690419643419,-20343.55796328385,-18593.32130350708,-37729.43622396886,-4226.425179091981,-26555.891831025598,-34518.46235854435,-87965.2276569769,-64037.37013867381,2192.385646184557,2192.385646184557,2192.385646184557,2192.385646184557,53706.72535714274,35535.91229099559,41971.78758174891,53706.72535714274
2010-03-01,-19279.07303769968,-13128.442153836018,-21029.30969747645,-19279.07303769968,-38415.18795816146,-4912.17691328458,-27682.59846807504,-36086.12389845075,-89552.06897214625,-64737.6878667156,2192.385646184557,2192.385646184557,2192.385646184557,2192.385646184557,53730.958158285124,35560.14509213797,41996.02038289129,53730.958158285124
2010-03-02,-19405.725850261748,-13255.094966398086,-21155.962510038516,-19405.725850261748,-38541.84077072353,-5038.829725846648,-27928.1295157884,-36450.533181315404,-89268.87665551703,-64343.32738728041,2192.385646184557,2192.385646184557,2192.385646184557,2192.385646184557,53793.83456510515,35623.02149895788,42058.8967897112,53793.83456510515
2010-03-03,-19266.276454903535,-13115.645571039873,-21016.513114680303,-19266.276454903535,-38402.39137536532,-4899.380330488435,-27827.034276493592,-36387.792098084115,-89181.73907953652,-64231.19204840413,2192.385646184557,2192.385646184557,2192.385646184557,2192.385646184557,53817.589168864535,35646.77610271715,42082.65139347047,53817.589168864535
2010-03-04,-19013.30197731557,-12862.671093451907,-20763.538637092337,-19013.30197731557,-38149.41689777735,-4646.405852900469,-27704.428561959532,-36395.55514660396,-88955.32958061458,-63941.05733252212,2192.385646184557,2192.385646184557,2192.385646184557,2192.385646184557,53816.686065193266,35645.872999045765,42081.748289799085,53816.686065193266
2010-03-05,-20550.367835805402,-14399.73695194174,-22300.60449558217,-20550.367835805402,-39686.482756267185,-6183.4717113903025,-29864.46465041174,-39178.56146501843,-89203.60136971448,-64074.517276075436,2192.385646184557,2192.385646184557,2192.385646184557,2192.385646184557,53823.25778714474,35652.444720997475,42088.320011750795,53823.25778714474
2010-03-08,-20559.8320699241,-14409.20118606044,-22310.06872970087,-20559.8320699241,-39695.946990385884,-6192.935945509002,-29871.769225022523,-39183.70638012129,-89216.08551135904,-64090.0108541419,2192.385646184557,2192.385646184557,2192.385646184557,2192.385646184557,53882.09227663581,35711.279210488545,42147.154501241865,53882.09227663581
2010-03-09,-20456.363962078234,-14305.733078214573,-22206.600621855003,-20456.363962078234,-39592.47888254002,-6089.467837663135,-29747.80038619018,-39039.236810302595,-89205.172746395,-64141.286905207904,2192.385646184557,2192.385646184557,2192.385646184557,2192.385646184557,53890.576874525286,35719.76380837802,42155.63909913134,53890.576874525286
2010-03-10,-20318.40527004539,-14167.774386181729,-22068.64192982216,-20318.40527004539,-39454.52019050717,-5951.509145630291,-29554.808527373825,-38791.21178470261,-88939.34064564866,-64069.75975266541,2192.385646184557,2192.385646184557,2192.385646184557,2192.385646184557,53853.25572154741,35682.442655400024,42118.317946153344,53853.25572154741
2010-03-11,-20304.657901978586,-14154.027018114924,-22054.894561755355,-20304.657901978586,-39440.77282244037,-5937.761777563486,-29489.271352142794,-38673.88480230747,-88771.83362792793,-64110.0623318709,2192.385646184557,2192.385646184557,2192.385646184557,2192.385646184557,53790.58027060772,35619.76720446022,42055.64249521354,53790.58027060772
2010-03-12,-20443.342039678013,-14292.711155814352,-22193.57869945478,-20443.342039678013,-39579.456960139796,-6076.445915262913,-29628.45993742568,-38813.57783517358,-88830.27316568955,-64172.68922017305,2192.385646184557,2192.385646184557,2192.385646184557,2192.385646184557,53670.05649301526,35499.24342686799,41935.11871762131,53670.05649301526
2010-03-15,-20844.409473913023,-14693.778590049362,-22594.646133689792,-20844.409473913023,-39980.52439437481,-6477.513349497924,-30022.176453175838,-39199.94343243877,-89223.47483809886,-64579.15795677912,2192.385646184557,2192.385646184557,2192.385646184557,2192.385646184557,53644.599130089395,35473.786063941894,41909.661354695214,53644.599130089395
2010-03-16,-20113.8775053774,-13963.24662151374,-21864.11416515417,-20113.8775053774,-39249.992425839184,-5746.981380962301,-29066.266528961598,-38018.655552545795,-87821.62066608609,-63740.11090127588,2192.385646184557,2192.385646184557,2192.385646184557,2192.385646184557,53713.658058494795,35542.844992347294,41978.720283100614,53713.658058494795
2010-03-17,-19778.02897246636,-13627.398088602698,-21528.26563224313,-19778.02897246636,-38914.14389292814,-5411.13284805126,-28561.392060970305,-37344.75514947425,-87430.63937682775,-63636.85931613308,2192.385646184557,2192.385646184557,2192.385646184557,2192.385646184557,53725.1036138176,35554.2905476701,41990.16583842342,53725.1036138176
2010-03-18,-19439.534577577142,-13288.90369371348,-21189.771237354027,-19439.534577577142,-38575.649498038925,-5072.638453162042,-28237.58443969325,-37035.634301809594,-87193.39248847705,-63388.22359646647,2192.385646184557,2192.385646184557,2192.385646184557,2192.385646184557,53821.08282465744,35650.26975850994,42086.14504926326,53821.08282465744
2010-03-19,-18622.182715411764,-12471.551831548102,-20372.419375188532,-18622.182715411764,-37758.29763587355,-4255.286590996664,-27565.375559210894,-36508.56840301014,-85823.66178105166,-61988.60952495597,2192.385646184557,2192.385646184557,2192.385646184557,2192.385646184557,53820.5153441194,35649.70227797178,42085.5775687251,53820.5153441194
2010-03-22,-18622.182715411764,-12471.551831548102,-20372.419375188532,-18622.182715411764,-37758.29763587355,-4255.286590996664,-27565.375559210894,-36508.56840301014,-85823.66178105166,-61988.60952495597,2192.385646184557,2192.385646184557,2192.385646184557,2192.385646184557,53820.5153441194,35649.70227797178,42085.5775687251,53820.5153441194
2010-03-23,-18622.182715411764,-12471.551831548102,-20372.419375188532,-18622.182715411764,-37758.29763587355,-4255.286590996664,-27565.375559210894,-36508.56840301014,-85823.66178105166,-61988.60952495597,2192.385646184557,2192.385646184557,2192.385646184557,2192.385646184557,53820.5153441194,35649.70227797178,42085.5775687251,53820.5153441194
2010-03-24,-18622.182715411764,-12471.551831548102,-20372.419375188532,-18622.182715411764,-37758.29763587355,-4255.286590996664,-27565.375559210894,-36508.56840301014,-85823.66178105166,-61988.60952495597,2192.385646184557,2192.385646184557,2192.385646184557,2192.385646184557,53820.5153441194,35649.70227797178,42085.5775687251,53820.5153441194
2010-03-25,-18622.182715411764,-12471.551831548102,-20372.419375188532,-18622.182715411764,-37758.29763587355,-4255.286590996664,-27565.375559210894,-36508.56840301014,-85823.66178105166,-61988.60952495597,2192.385646184557,2192.385646184557,2192.385646184557,2192.385646184557,53820.5153441194,35649.70227797178,42085.5775687251,53820.5153441194
2010-03-26,-18622.182715411764,-12471.551831548102,-20372.419375188532,-18622.182715411764,-37758.29763587355,-4255.286590996664,-27565.375559210894,-36508.56840301014,-85823.66178105166,-61988.60952495597,2192.385646184557,2192.385646184557,2192.385646184557,2192.385646184557,53820.5153441194,35649.70227797178,42085.5775687251,53820.5153441194
2010-03-29,-18622.182715411764,-12471.551831548102,-20372.419375188532,-18622.182715411764,-37758.29763587355,-4255.286590996664,-27565.375559210894,-36508.56840301014,-85823.66178105166,-61988.60952495597,2192.385646184557,2192.385646184557,2192.385646184557,2192.385646184557,53820.5153441194,35649.70227797178,42085.5775687251,53820.5153441194
2010-03-30,-18622.182715411764,-12471.551831548102,-20372.419375188532,-18622.182715411764,-37758.29763587355,-4255.286590996664,-27565.375559210894,-36508.56840301014,-85823.66178105166,-61988.60952495597,2192.385646184557,2192.385646184557,2192.385646184557,2192.385646184557,53820.5153441194,35649.70227797178,42085.5775687251,53820.5153441194
2010-03-31,-18622.182715411764,-12471.551831548102,-20372.419375188532,-18622.182715411764,-37758.29763587355,-4255.286590996664,-27565.375559210894,-36508.56840301014,-85823.66178105166,-61988.60952495597,2192.385646184557,2192.385646184557,2192.385646184557,2192.385646184557,53820.5153441194,35649.70227797178,42085.5775687251,53820.5153441194
2010-04-01,-18622.182715411764,-12471.551831548102,-20372.419375188532,-18622.182715411764,-37758.29763587355,-4255.286590996664,-27565.375559210894,-36508.56840301014,-85823.66178105166,-61988.60952495597,2192.385646184557,2192.385646184557,2192.385646184557,2192.385646184557,53820.5153441194,35649.70227797178,42085.5775687251,53820.5153441194
2010-04-05,-18622.182715411764,-12471.551831548102,-20372.419375188532,-18622.182715411764,-37758.29763587355,-4255.286590996664,-27565.375559210894,-36508.56840301014,-85823.66178105166,-61988.60952495597,2192.385646184557,2192.385646184557,2192.385646184557,2192.385646184557,53820.5153441194,35649.70227797178,42085.5775687251,53820.5153441194
2010-04-06,-18622.182715411764,-12471.551831548102,-20372.419375188532,-18622.182715411764,-37758.29763587355,-4255.286590996664,-27565.375559210894,-36508.56840301014,-85823.66178105166,-61988.60952495597,2192.385646184557,2192.385646184557,2192.385646184557,2192.385646184557,53820.5153441194,35649.70227797178,42085.5775687251,53820.5153441194
2010-04-07,-18622.182715411764,-12471.551831548102,-20372.419375188532,-18622.182715411764,-37758.29763587355,-4255.286590996664,-27565.375559210894,-36508.56840301014,-85823.66178105166,-61988.60952495597,2192.385646184557,2192.385646184557,2192.385646184557,2192.385646184557,53820.5153441194,35649.70227797178,42085.5775687251,53820.5153441194
2010-04-08,-18622.182715411764,-12471.551831548102,-20372.419375188532,-18622.182715411764,-37758.29763587355,-4255.286590996664,-27565.375559210894,-36508.56840301014,-85823.66178105166,-61988.60952495597,2192.385646184557,2192.385646184557,2192.385646184557,2192.385646184557,53820.5153441194,35649.70227797178,42085.5775687251,53820.5153441194
2010-04-09,-18622.182715411764,-12471.551831548102,-20372.419375188532,-18622.182715411764,-37758.29763587355,-4255.286590996664,-27565.375559210894,-36508.56840301014,-85823.66178105166,-61988.60952495597,2192.385646184557,2192.385646184557,2192.385646184557,2192.385646184557,53820.5153441194,35649.70227797178,42085.5775687251,53820.5153441194
2010-04-12,-18622.182715411764,-12471.551831548102,-20372.419375188532,-18622.182715411764,-37758.29763587355,-4255.286590996664,-27565.375559210894,-36508.56840301014,-85823.66178105166,-61988.60952495597,2192.385646184557,2192.385646184557,2192.385646184557,2192.385646184557,53820.5153441194,35649.70227797178,42085.5775687251,53820.5153441194
2010-04-13,-18622.182715411764,-12471.551831548102,-20372.419375188532,-18622.182715411764,-37758.29763587355,-4255.286590996664,-27565.375559210894,-36508.56840301014,-85823.66178105166,-61988.60952495597,2192.385646184557,2192.385646184557,2192.385646184557,2192.385646184557,53820.5153441194,35649.70227797178,42085.5775687251,53820.5153441194
2010-04-14,-18622.182715411764,-12471.551831548102,-20372.419375188532,-18622.182715411764,-37758.29763587355,-4255.286590996664,-27565.375559210894,-36508.56840301014,-85823.66178105166,-61988.60952495597,2192.385646184557,2192.385646184557,2192.385646184557,2192.385646184557,53820.5153441194,35649.70227797178,42085.5775687251,53820.5153441194
2010-04-15,-18622.182715411764,-12471.551831548102,-20372.419375188532,-18622.182715411764,-37758.29763587355,-4255.286590996664,-27565.375559210894,-36508.56840301014,-85823.66178105166,-61988.60952495597,2192.385646184557,2192.385646184557,2192.385646184557,2192.385646184557,53820.5153441194,35649.70227797178,42085.5775687251,53820.5153441194
2010-04-16,-18622.182715411764,-12471.551831548102,-20372.419375188532,-18622.182715411764,-37758.29763587355,-4255.286590996664,-27565.375559210894,-36508.56840301014,-85823.66178105166,-61988.60952495597,2192.385646184557,2192.385646184557,2192.385646184557,2192.385646184557,53820.5153441194,35649.70227797178,42085.5775687251,53820.5153441194
2010-04-19,-18622.182715411764,-12471.551831548102,-20372.419375188532,-18622.182715411764,-37758.29763587355,-4255.286590996664,-27565.375559210894,-36508.56840301014,-85823.66178105166,-61988.60952495597,2192.385646184557,2192.385646184557,2192.385646184557,2192.385646184557,53840.06752669765,35669.254460550146,42105.12975130358,53840.06752669765
2010-04-20,-18622.182715411764,-12471.551831548102,-20372.419375188532,-18622.182715411764,-37758.29763587355,-4255.286590996664,-27565.375559210894,-36508.56840301014,-85823.66178105166,-61988.60952495597,2192.385646184557,2192.385646184557,2192.385646184557,2192.385646184557,53753.25837003114,35582.44530388364,42018.32059463707,53753.25837003114
2010-04-21,-18622.182715411764,-12471.551831548102,-20372.419375188532,-18622.182715411764,-37758.29763587355,-4255.286590996664,-27565.375559210894,-36508.56840301014,-85823.66178105166,-61988.60952495597,2192.385646184557,2192.385646184557,2192.385646184557,2192.385646184557,53977.95839815657,35807.14533200895,42243.020622762386,53977.95839815657
2010-04-22,-18622.182715411764,-12471.551831548102,-20372.419375188532,-18622.182715411764,-37758.29763587355,-4255.286590996664,-27565.375559210894,-36508.56840301014,-85823.66178105166,-61988.60952495597,2192.385646184557,2192.385646184557,2192.385646184557,2192.385646184557,54137.44207580038,35966.62900965277,42402.5043004062,54137.44207580038
2010-04-23,-18622.182715411764,-12471.551831548102,-20372.419375188532,-18622.182715411764,-37758.29763587355,-4255.286590996664,-27565.375559210894,-36508.56840301014,-85823.66178105166,-61988.60952495597,2192.385646184557,2192.385646184557,2192.385646184557,2192.385646184557,54116.95154151064,35946.13847536303,42382.01376611646,54116.95154151064
2010-04-26,-18622.182715411764,-12471.551831548102,-20372.419375188532,-18622.182715411764,-37758.29763587355,-4255.286590996664,-27565.375559210894,-36508.56840301014,-85823.66178105166,-61988.60952495597,2192.385646184557,2192.385646184557,2192.385646184557,2192.385646184557,54614.51503431704,36443.70196816954,42879.577258922975,54614.51503431704
2010-04-27,-18622.182715411764,-12471.551831548102,-20372.419375188532,-18622.182715411764,-37758.29763587355,-4255.286590996664,-27565.375559210894,-36508.56840301014,-85823.66178105166,-61988.60952495597,2192.385646184557,2192.385646184557,2192.385646184557,2192.385646184557,54220.65451023192,36049.84144408442,42485.71673483774,54220.65451023192
2010-04-28,-18622.182715411764,-12471.551831548102,-20372.419375188532,-18622.182715411764,-37758.29763587355,-4255.286590996664,-27565.375559210894,-36508.56840301014,-85823.66178105166,-61988.60952495597,2192.385646184557,2192.385646184557,2192.385646184557,2192.385646184557,54453.24312106497,36282.43005491758,42718.3053456709,54453.24312106497
2010-04-29,-18622.182715411764,-12471.551831548102,-20372.419375188532,-18622.182715411764,-37758.29763587355,-4255.286590996664,-27565.375559210894,-36508.56840301014,-85823.66178105166,-61988.60952495597,2192.385646184557,2192.385646184557,2192.385646184557,2192.385646184557,54844.11646130984,36673.30339516222,43109.17868591566,54844.11646130984
2010-04-30,-18622.182715411764,-12471.551831548102,-20372.419375188532,-18622.182715411764,-37758.29763587355,-4255.286590996664,-27565.375559210894,-36508.56840301014,-85823.66178105166,-61988.60952495597,2192.385646184557,2192.385646184557,2192.385646184557,2192.385646184557,54718.93852352514,36548.12545737752,42984.000748131075,54718.93852352514
2010-05-03,-18622.182715411764,-12471.551831548102,-20372.419375188532,-18622.182715411764,-37758.29763587355,-4255.286590996664,-27565.375559210894,-36508.56840301014,-85823.66178105166,-61988.60952495597,2192.385646184557,2192.385646184557,2192.385646184557,2192.385646184557,55058.468819406815,36887.65575325908,43323.531044012634,55058.468819406815
2010-05-04,-18622.182715411764,-12471.551831548102,-20372.419375188532,-18622.182715411764,-37758.29763587355,-4255.286590996664,-27565.375559210894,-36508.56840301014,-85823.66178105166,-61988.60952495597,2192.385646184557,2192.385646184557,2192.385646184557,2192.385646184557,55252.9312416201,37082.11817547248,43517.99346622592,55252.9312416201
2010-05-05,-18622.182715411764,-12471.551831548102,-20372.419375188532,-18622.182715411764,-37758.29763587355,-4255.286590996664,-27565.375559210894,-36508.56840301014,-85823.66178105166,-61988.60952495597,2192.385646184557,2192.385646184557,2192.385646184557,2192.385646184557,55134.20141166472,36963.3883455171,43399.26363627054,55134.20141166472
2010-05-06,-18622.182715411764,-12471.551831548102,-20372.419375188532,-18622.182715411764,-37758.29763587355,-4255.286590996664,-27565.375559210894,-36508.56840301014,-85823.66178105166,-61988.60952495597,2192.385646184557,2192.385646184557,2192.385646184557,2192.385646184557,54188.1388014378,36017.325735290186,42453.201026043505,54188.1388014378
2010-05-07,-18622.182715411764,-12471.551831548102,-20372.419375188532,-18622.182715411764,-37758.29763587355,-4255.286590996664,-27565.375559210894,-36508.56840301014,-85823.66178105166,-61988.60952495597,2192.385646184557,2192.385646184557,2192.385646184557,2192.385646184557,53672.10964475013,35501.29657860263,41937.17186935595,53672.10964475013
2010-05-10,-18622.182715411764,-12471.551831548102,-20372.419375188532,-18622.182715411764,-37758.29763587355,-4255.286590996664,-27565.375559210894,-36508.56840301014,-85823.66178105166,-61988.60952495597,2192.385646184557,2192.385646184557,2192.385646184557,2192.385646184557,53170.277220980264,34999.46415483276,41435.33944558608,53170.277220980264
2010-05-11,-18622.182715411764,-12471.551831548102,-20372.419375188532,-18622.182715411764,-37758.29763587355,-4255.286590996664,-27565.375559210894,-36508.56840301014,-85823.66178105166,-61988.60952495597,2192.385646184557,2192.385646184557,2192.385646184557,2192.385646184557,53398.692266012076,35227.879199864576,41663.754490617895,53398.692266012076
2010-05-12,-18622.182715411764,-12471.551831548102,-20372.419375188532,-18622.182715411764,-37758.29763587355,-4255.286590996664,-27565.375559210894,-36508.56840301014,-85823.66178105166,-61988.60952495597,2192.385646184557,2192.385646184557,2192.385646184557,2192.385646184557,52587.74782991037,34416.93476376275,40852.81005451607,52587.74782991037
2010-05-13,-18622.182715411764,-12471.551831548102,-20372.419375188532,-18622.182715411764,-37758.29763587355,-4255.286590996664,-27565.375559210894,-36508.56840301014,-85823.66178105166,-61988.60952495597,2192.385646184557,2192.385646184557,2192.385646184557,2192.385646184557,53438.4824130917,35267.66934694396,41703.54463769728,53438.4824130917
2010-05-14,-18622.182715411764,-12471.551831548102,-20372.419375188532,-18622.182715411764,-37758.29763587355,-4255.286590996664,-27565.375559210894,-36508.56840301014,-85823.66178105166,-61988.60952495597,2192.385646184557,2192.385646184557,2192.385646184557,2192.385646184557,53928.50022647693,35757.68716032943,42193.56245108275,53928.50022647693
2010-05-17,-18622.182715411764,-12471.551831548102,-20372.419375188532,-18622.182715411764,-37758.29763587355,-4255.286590996664,-27565.375559210894,-36508.56840301014,-85823.66178105166,-61988.60952495597,2192.385646184557,2192.385646184557,2192.385646184557,2192.385646184557,53982.13762913528,35811.324562987546,42247.19985374098,53982.13762913528
2010-05-18,-18622.182715411764,-12471.551831548102,-20372.419375188532,-18622.182715411764,-37758.29763587355,-4255.286590996664,-27565.375559210894,-36508.56840301014,-85823.66178105166,-61988.60952495597,2192.385646184557,2192.385646184557,2192.385646184557,2192.385646184557,54031.899061856326,35861.08599570859,42296.96128646203,54031.899061856326
2010-05-19,-18622.182715411764,-12471.551831548102,-20372.419375188532,-18622.182715411764,-37758.29763587355,-4255.286590996664,-27565.375559210894,-36508.56840301014,-85823.66178105166,-61988.60952495597,2192.385646184557,2192.385646184557,2192.385646184557,2192.385646184557,54517.39452721644,36346.581461068825,42782.456751822145,54517.39452721644
2010-05-20,-18622.182715411764,-12471.551831548102,-20372.419375188532,-18622.182715411764,-37758.29763587355,-4255.286590996664,-27565.375559210894,-36508.56840301014,-85823.66178105166,-61988.60952495597,2192.385646184557,2192.385646184557,2192.385646184557,2192.385646184557,52779.30902007618,34608.49595392868,41044.371244682116,52779.30902007618
2010-05-21,-18622.182715411764,-12471.551831548102,-20372.419375188532,-18622.182715411764,-37758.29763587355,-4255.286590996664,-27565.375559210894,-36508.56840301014,-85823.66178105166,-61988.60952495597,2192.385646184557,2192.385646184557,2192.385646184557,2192.385646184557,52941.99405344506,34771.18098729744,41207.05627805088,52941.99405344506
2010-05-24,-15241.361778241117,-9090.730894377455,-16991.598438017885,-15241.361778241117,-34377.4766987029,-874.4656538260169,-24184.554622040247,-33127.74746583949,-82501.28456208785,-58655.59072485857,2192.385646184557,2192.385646184557,2192.385646184557,2192.385646184557,52941.99405344506,34771.18098729744,41207.05627805088,52941.99405344506
2010-05-25,-12945.742747348384,-6795.111863484723,-14695.979407125153,-12945.742747348384,-32081.857667810167,1421.1533770667156,-21888.935591147514,-30832.12843494676,-80003.27400815312,-56048.5072001369,2192.385646184557,2192.385646184557,2192.385646184557,2192.385646184557,52941.99405344506,34771.18098729744,41207.05627805088,52941.99405344506
2010-05-26,-12282.203590040328,-6131.5727061766665,-14032.440249817213,-12282.203590040328,-31418.31851050211,2084.6925343747716,-21225.396433839574,-30168.58927763882,-79188.22781256423,-55852.19005811331,2192.385646184557,2192.385646184557,2192.385646184557,2192.385646184557,52941.99405344506,34771.18098729744,41207.05627805088,52941.99405344506
2010-05-27,-13968.037380291265,-7817.406496427604,-15718.274040068034,-13968.037380291265,-33104.15230075305,398.8587441238342,-22911.230224090395,-31854.423067889642,-82927.91599981277,-55798.257774822996,2192.385646184557,2192.385646184557,2192.385646184557,2192.385646184557,52941.99405344506,34771.18098729744,41207.05627805088,52941.99405344506
2010-05-28,-14037.058517519501,-7886.42763365584,-15787.29517729627,-14037.058517519501,-33173.173437981284,329.8376068955986,-22983.717391408863,-31930.376265298226,-83611.60617629078,-57107.82915601041,2192.385646184557,2192.385646184557,2192.385646184557,2192.385646184557,52941.99405344506,34771.18098729744,41207.05627805088,52941.99405344506
2010-06-01,-15463.474511946668,-9312.843628083006,-17213.711171723437,-15463.474511946668,-34599.58943240845,-1096.5783875315683,-23827.012451889226,-32190.550391831785,-83883.84541541734,-58543.693346084096,2192.385646184557,2192.385646184557,2192.385646184557,2192.385646184557,52941.99405344506,34771.18098729744,41207.05627805088,52941.99405344506
2010-06-02,-14093.304782436579,-7942.673898572917,-15843.541442213347,-14093.304782436579,-33229.41970289836,273.5913419785211,-23344.18702436867,-32595.06926630088,-85011.34747903352,-57209.146383231506,2192.385646184557,2192.385646184557,2192.385646184557,2192.385646184557,52941.99405344506,34771.18098729744,41207.05627805088,52941.99405344506
2010-06-03,-14108.356151424,-7957.725267560338,-15858.592811200768,-14108.356151424,-33244.47107188578,258.5399729911005,-23479.657245671493,-32850.95833991922,-85093.11255693529,-57160.96672730963,2192.385646184557,2192.385646184557,2192.385646184557,2192.385646184557,52941.99405344506,34771.18098729744,41207.05627805088,52941.99405344506
2010-06-04,-14374.858938539517,-8224.228054675856,-16125.095598316286,-14374.858938539517,-33600.9738590013,-7.962814124417491,-22513.3983121746,-30651.93768581003,-85424.27205093228,-58442.56465425622,2192.385646184557,2192.385646184557,2192.385646184557,2192.385646184557,52941.99405344506,34771.18098729744,41207.05627805088,52941.99405344506
2010-06-07,-13613.222153629526,-7462.591269765864,-15363.458813406294,-13613.222153629526,-21633.3949989666,753.673970785574,-21333.459173497977,-29053.696193366777,-83493.32887134422,-57792.23110454681,2192.385646184557,2192.385646184557,2192.385646184557,2192.385646184557,52941.99405344506,34771.18098729744,41207.05627805088,52941.99405344506
2010-06-08,-12843.276113304775,-6692.645229441114,-14593.512773081427,-12843.276113304775,-30384.20872913138,1523.6200111103244,-21263.628735147417,-29683.98135699029,-84141.25507379277,-57036.395306847524,2192.385646184557,2192.385646184557,2192.385646184557,2192.385646184557,52941.99405344506,34771.18098729744,41207.05627805088,52941.99405344506
2010-06-09,-12464.510565975914,-6313.879682112252,-14214.747225752682,-12464.510565975914,-25202.884293627692,1902.3855584391858,-20531.703724911786,-28598.89688384789,-83141.28198769933,-56552.6604839568,2192.385646184557,2192.385646184557,2192.385646184557,2192.385646184557,52941.99405344506,34771.18098729744,41207.05627805088,52941.99405344506
2010-06-10,-15296.436984189088,-9145.806100325426,-17046.673643965856,-15296.436984189088,-54245.85268560983,-929.5408597739879,-25284.31452608353,-35272.192067978205,-89075.1894728404,-59277.80173955613,2192.385646184557,2192.385646184557,2192.385646184557,2192.385646184557,52941.99405344506,34771.18098729744,41207.05627805088,52941.99405344506
2010-06-11,-15156.32336485933,-9005.692480995669,-16906.5600246361,-15156.32336485933,-54105.739066280075,-789.4272404442308,-25472.566044711974,-35788.80872456485,-88404.77554548229,-58486.42073175649,2192.385646184557,2192.385646184557,2192.385646184557,2192.385646184557,52941.99405344506,34771.18098729744,41207.05627805088,52941.99405344506
2010-06-14,-17694.9521941212,-11544.32131025754,-19445.18885389797,-17694.9521941212,-56644.367895541945,-3328.056069706101,-27912.788359489874,-38130.624524858664,-90590.45915705874,-60683.17831846129,2192.385646184557,2192.385646184557,2192.385646184557,2192.385646184557,52941.99405344506,34771.18098729744,41207.05627805088,52941.99405344506
2010-06-15,-18131.823787991307,-11981.192904127645,-19882.060447768075,-18131.823787991307,-57081.23948941205,-3764.927663576207,-28315.259332800983,-38498.694877610775,-90979.24636717129,-61136.32664881763,2192.385646184557,2192.385646184557,2192.385646184557,2192.385646184557,52941.99405344506,34771.18098729744,41207.05627805088,52941.99405344506
2010-06-16,-17981.662115884013,-11831.031232020352,-19731.898775660782,-17981.662115884013,-56931.07781730476,-3614.765991468914,-28165.650260151713,-38349.63840441953,-90778.22985966306,-60917.78627387155,2192.385646184557,2192.385646184557,2192.385646184557,2192.385646184557,52941.99405344506,34771.18098729744,41207.05627805088,52941.99405344506
2010-06-17,-17639.635452319286,-11489.004568455624,-19389.872112096054,-17639.635452319286,-56589.05115374003,-3272.739327904186,-27821.136405507685,-38002.6373586962,-90217.70541614143,-60423.15750107798,2192.385646184557,2192.385646184557,2192.385646184557,2192.385646184557,52941.99405344506,34771.18098729744,41207.05627805088,52941.99405344506
2010-06-18,-17919.039985185373,-11768.409101321711,-19669.27664496214,-17919.039985185373,-56868.45568660612,-3552.143860770273,-28098.861707206233,-38278.68342922733,-90752.03465720895,-60987.57715442509,2192.385646184557,2192.385646184557,2192.385646184557,2192.385646184557,52941.99405344506,34771.18098729744,41207.05627805088,52941.99405344506
2010-06-21,-19622.912059010006,-13472.281175146345,-21373.148718786775,-19622.912059010006,-58572.32776043075,-5256.015934594907,-29802.733781030867,-39982.55550305196,-92506.43829077436,-62732.903434229665,2192.385646184557,2192.385646184557,2192.385646184557,2192.385646184557,52941.99405344506,34771.18098729744,41207.05627805088,52941.99405344506
2010-06-22,-20682.406483312254,-14531.775599448592,-22432.643143089022,-20682.406483312254,-59631.822184733,-6315.510358897154,-30862.228205333115,-41042.04992735421,-92298.5546841867,-64018.685324937105,2192.385646184557,2192.385646184557,2192.385646184557,2192.385646184557,52941.99405344506,34771.18098729744,41207.05627805088,52941.99405344506
2010-06-23,-19400.46424929169,-13249.833365428029,-21150.70090906846,-19400.46424929169,-58439.879950712435,-5033.56812487659,-29580.28597131255,-39760.107693333644,-90904.83825630578,-63072.992424058146,2192.385646184557,2192.385646184557,2192.385646184557,2192.385646184557,52941.99405344506,34771.18098729744,41207.05627805088,52941.99405344506
2010-06-24,-21723.77970142942,-15573.148817565758,-23474.016361206188,-21723.77970142942,-45849.58681627014,-7356.88357701432,-31903.60142345028,-42083.42314547137,-90720.76318027731,-65448.98287869163,2192.385646184557,2192.385646184557,2192.385646184557,2192.385646184557,52941.99405344506,34771.18098729744,41207.05627805088,52941.99405344506
2010-06-25,-17846.39260663418,-11695.76172277052,-19596.62926641095,-17846.39260663418,-45680.36826591659,-3479.4964822190814,-28036.264837707276,-38226.137068780605,-88831.96980795136,-62652.43370730674,2192.385646184557,2192.385646184557,2192.385646184557,2192.385646184557,52941.99405344506,34771.18098729744,41207.05627805088,52941.99405344506
2010-06-28,-16830.782739385613,-10680.151855521952,-18581.019399162382,-16830.782739385613,-41862.770665210905,-2463.8866149705136,-26703.805561742978,-36576.82838410069,-87193.03911683941,-61645.8021525261,2192.385646184557,2192.385646184557,2192.385646184557,2192.385646184557,52941.99405344506,34771.18098729744,41207.05627805088,52941.99405344506
2010-06-29,-20607.520230168244,-14456.889346304582,-22357.756889945013,-20607.520230168244,-18285.017119318945,-6285.624105753144,-27387.290998921962,-34167.061767675914,-83922.11748361785,-64981.76815669809,2192.385646184557,2192.385646184557,2192.385646184557,2192.385646184557,52941.99405344506,34771.18098729744,41207.05627805088,52941.99405344506
2010-06-30,-21085.676081602927,-14935.045197739266,-22835.912741379696,-21085.676081602927,-10605.955440488993,-2488.6983261222485,-26943.026841029758,-32800.377600456704,-80148.40860166529,-64296.06700472615,2192.385646184557,2192.385646184557,2192.385646184557,2192.385646184557,52941.99405344506,34771.18098729744,41207.05627805088,52941.99405344506
2010-07-01,-19044.885358398897,-12894.254474535235,-20795.122018175665,-19044.885358398897,-4774.8063181848265,1538.565297556459,-24473.62152996182,-29902.357701524976,-75961.89022958127,-61673.079622744466,2192.385646184557,2192.385646184557,2192.385646184557,2192.385646184557,52941.99405344506,34771.18098729744,41207.05627805088,52941.99405344506
2010-07-02,-18560.591049023555,-12409.960165159893,-20310.827708800323,-18560.591049023555,323.41886466834694,4440.955121858162,-23476.792177345487,-28392.993305667886,-72339.91944101884,-60027.36693467409,2192.385646184557,2192.385646184557,2192.385646184557,2192.385646184557,52941.99405344506,34771.18098729744,41207.05627805088,52941.99405344506
2010-07-06,-20716.119647855405,-14565.488763991743,-22466.356307632173,-20716.119647855405,-7352.556204184657,-607.7609164047753,-26860.31357781682,-33004.507507778704,-76955.53387435689,-62186.6873792595,2192.385646184557,2192.385646184557,2192.385646184557,2192.385646184557,52941.99405344506,34771.18098729744,41207.05627805088,52941.99405344506
2010-07-07,-19902.285480250604,-13751.654596386943,-21652.52214002749,-19902.285480250604,-33234.85727209039,-13784.991341884597,-31984.88712394098,-44067.4887676317,-88912.72334899963,-62159.70225274039,2192.385646184557,2192.385646184557,2192.385646184557,2192.385646184557,52941.99405344506,34771.18098729744,41207.05627805088,52941.99405344506
2010-07-08,-19124.79721458594,-12974.166330722277,-20875.033874362824,-19124.79721458594,-41108.730021317024,-17541.558275956544,-33131.84629352705,-47138.895372468396,-90953.0492471524,-61326.77724878548,2192.385646184557,2192.385646184557,2192.385646184557,2192.385646184557,52941.99405344506,34771.18098729744,41207.05627805088,52941.99405344506
2010-07-09,-18636.383592323633,-12485.752708459971,-20386.620252100518,-18636.383592323633,-47211.658174935845,-20507.57308417291,-34109.64021405729,-49582.896835791296,-92325.58587577823,-60889.829809362185,2192.385646184557,2192.385646184557,2192.385646184557,2192.385646184557,52941.99405344506,34771.18098729744,41207.05627805088,52941.99405344506
2010-07-12,-19234.030870709685,-13083.399986846023,-20984.26753048657,-19234.030870709685,-48386.30836372438,-21407.619377196184,-34846.043676188565,-50458.05648166768,-93394.51252098312,-61829.37574038259,2192.385646184557,2192.385646184557,2192.385646184557,2192.385646184557,52941.99405344506,34771.18098729744,41207.05627805088,52941.99405344506
2010-07-13,-19580.4449443568,-13429.81406049314,-21330.681604133686,-19580.4449443568,-62163.23099895427,-28792.771872917656,-36610.0255178028,-53639.606091249036,-96625.10883508145,-62212.339037429425,2192.385646184557,2192.385646184557,2192.385646184557,2192.385646184557,52941.99405344506,34771.18098729744,41207.05627805088,52941.99405344506
2010-07-14,-18609.41297077923,-12458.78208691557,-20359.649630556116,-18609.41297077923,-61109.423295990564,-27778.35831746075,-35630.25670411158,-52651.10043744417,-95978.67909624276,-61569.91921913775,2192.385646184557,2192.385646184557,2192.385646184557,2192.385646184557,52941.99405344506,34771.18098729744,41207.05627805088,52941.99405344506
2010-07-15,-18030.593847544165,-11879.962963680504,-19780.83050732105,-18030.593847544165,-60777.927004237776,-27329.1575708217,-35077.54209304624,-52124.49033854855,-95530.57188537833,-61106.307262873976,2192.385646184557,2192.385646184557,2192.385646184557,2192.385646184557,52941.99405344506,34771.18098729744,41207.05627805088,52941.99405344506
2010-07-16,-10236.973943335237,-4086.3430594715755,-11987.210603112122,-10236.973943335237,-28188.66701514949,-6540.4955380816245,-24657.507908075466,-39078.041872816044,-92017.467222712,-58018.027958885184,2192.385646184557,2192.385646184557,2192.385646184557,2192.385646184557,52941.99405344506,34771.18098729744,41207.05627805088,52941.99405344506
2010-07-19,-10775.8622987204,-4625.231414856738,-12526.098958497285,-10775.8622987204,-28727.555370534654,-7079.383893466787,-25196.39626346063,-39616.93022820121,-92598.51585821598,-58591.89535802975,2192.385646184557,2192.385646184557,2192.385646184557,2192.385646184557,52999.12862014142,34828.315553993685,41264.19084474712,52999.12862014142
2010-07-20,-9201.158891144092,-3050.5280072804308,-10951.395550920977,-9201.158891144092,-27152.851962958346,-5504.68048589048,-23621.69285588432,-38042.2268206249,-91289.41073464521,-56483.89381029538,2192.385646184557,2192.385646184557,2192.385646184557,2192.385646184557,52949.922548566945,34779.10948241921,41214.984773172764,52949.922548566945
2010-07-21,-10182.09191906033,-4031.4610351966694,-11932.328578837216,-10182.09191906033,-28133.784990874585,-6485.613513806718,-24602.62588380056,-39023.15984854114,-91938.0258230567,-57769.245982754044,2192.385646184557,2192.385646184557,2192.385646184557,2192.385646184557,53239.778371736174,35068.96530558844,41504.84059634188,53239.778371736174
2010-07-22,-10163.69636730384,-4013.0654834401794,-11913.933027080726,-10163.69636730384,-28115.389439118095,-6467.217962050228,-24584.23033204407,-39004.76429678465,-92293.54157835583,-56507.509164038,2192.385646184557,2192.385646184557,2192.385646184557,2192.385646184557,52862.40882296185,34691.59575681412,41127.47104756755,52862.40882296185
2010-07-23,-9250.095771370921,-3099.46488750726,-11000.332431147806,-9250.095771370921,-27201.788843185175,-5553.617366117309,-23671.37293731526,-38092.65010325995,-91242.27141392976,-55196.62129124475,2192.385646184557,2192.385646184557,2192.385646184557,2192.385646184557,52720.65333364927,34549.84026750142,40985.71555825486,52720.65333364927
2010-07-26,-9086.260674524005,-2935.629790660343,-10836.49733430089,-9086.260674524005,-27037.95374633826,-5389.782269270392,-23584.950515755103,-38083.64035698655,-91242.80676147796,-55040.36296671571,2192.385646184557,2192.385646184557,2192.385646184557,2192.385646184557,52782.037836387986,34611.22477024014,41047.10006099357,52782.037836387986
2010-07-27,-8267.917648341507,-2117.2867644778453,-10018.154308118392,-8267.917648341507,-26219.61072015576,-4571.439243087894,-22765.93261755351,-37263.94758676598,-90589.04246286955,-54385.92909002409,2192.385646184557,2192.385646184557,2192.385646184557,2192.385646184557,52590.29602870578,34419.48296255816,40855.3582533116,52590.29602870578
2010-07-28,-9261.071253597154,-3110.440369733493,-11011.30791337404,-9261.071253597154,-27212.76432541141,-5564.592848343542,-23710.623984489357,-38160.17671538191,-91576.44370660372,-55326.657948117005,2192.385646184557,2192.385646184557,2192.385646184557,2192.385646184557,52819.294404334156,34648.48133818654,41084.356628939975,52819.294404334156
2010-07-29,-8432.727282373467,-2282.096398509806,-10182.963942150353,-8432.727282373467,-26384.42035418772,-4736.248877119855,-22845.931283243117,-37259.135284113,-90893.47553726682,-54628.667716005584,2192.385646184557,2192.385646184557,2192.385646184557,2192.385646184557,52653.27922867751,34482.46616253012,40918.34145328356,52653.27922867751
2010-07-30,-8245.497664212016,-2094.866780348355,-9995.734323988901,-8245.497664212016,-26197.19073602627,-4549.019258958404,-22658.22934319207,-37070.96102217247,-90647.34649665805,-54382.281585279154,2192.385646184557,2192.385646184557,2192.385646184557,2192.385646184557,52740.15278186835,34569.33971572085,41005.21500647429,52740.15278186835
2010-08-02,-6885.612215194153,-734.9813313304912,-8635.848874971038,-6885.612215194153,-24837.305287008407,-3189.1338099405402,-21268.130878488417,-35650.64954178315,-89240.96715243708,-53033.51070471236,2192.385646184557,2192.385646184557,2192.385646184557,2192.385646184557,52862.731464219745,34691.918398072245,41127.793688825564,52862.731464219745
2010-08-03,-6645.493787983083,-494.8629041194217,-8395.730447759968,-6645.493787983083,-24597.186859797337,-2949.0153827294707,-21034.565091787954,-35423.63639559329,-89251.94875133678,-52896.3653020896,2192.385646184557,2192.385646184557,2192.385646184557,2192.385646184557,52608.59162146808,34437.77855532069,40873.653846073896,52608.59162146808
2010-08-04,-6874.169286921853,-723.5384030581918,-8624.405946698738,-6874.169286921853,-24825.862358736107,-3177.6908816682408,-21254.14047487115,-35634.11166282091,-89125.41179257829,-52980.16478025087,2192.385646184557,2192.385646184557,2192.385646184557,2192.385646184557,52655.53101722011,34484.71795107273,40920.59324182593,52655.53101722011
2010-08-05,-6869.193486986915,-718.5626031232532,-8619.4301467638,-6869.193486986915,-24820.88655880117,-3172.715081733302,-21250.620515991584,-35632.047544996836,-89048.01984228182,-52863.29702032625,2192.385646184557,2192.385646184557,2192.385646184557,2192.385646184557,53093.90108797094,34923.08802182367,41358.96331257676,53093.90108797094
2010-08-06,-7133.486365920049,-982.8554820563877,-8883.723025696934,-7133.486365920049,-25085.179437734303,-3437.0079606664367,-21522.432373924297,-35911.37838192913,-89617.21554003027,-53271.33919111814,2192.385646184557,2192.385646184557,2192.385646184557,2192.385646184557,53146.18797451025,34975.374908362865,41411.25019911607,53146.18797451025
2010-08-09,-6864.39705807087,-713.7661742072087,-8614.633717847755,-6864.39705807087,-24816.090129885124,-3167.9186528172577,-21142.61149339215,-35420.82592871401,-89132.8446162953,-53007.45416189637,2192.385646184557,2192.385646184557,2192.385646184557,2192.385646184557,53268.75815270585,35097.94508655858,41533.820377311786,53268.75815270585
2010-08-10,-6360.909293124569,-210.2784092609072,-8111.145952901454,-6360.909293124569,-24312.602364938823,-2664.430887870956,-20751.703826976474,-35142.49836082896,-89041.14888259745,-52637.42658919096,2192.385646184557,2192.385646184557,2192.385646184557,2192.385646184557,53183.11932196142,35012.30625581404,41448.18154656736,53183.11932196142
2010-08-11,-6812.381039361469,-661.750155497808,-8562.617699138355,-6812.381039361469,-24764.074111175723,-3115.902634107857,-21771.629142499994,-36730.8772456391,-92328.52462672582,-54406.33869395021,2192.385646184557,2192.385646184557,2192.385646184557,2192.385646184557,53319.62658655923,35148.81352041173,41584.68881116505,53319.62658655923
2010-08-12,-5930.037453995552,220.59342986810952,-7680.274113772437,-5930.037453995552,-23881.730525809806,-2233.5590487419395,-21012.947436887305,-36095.857419779524,-91986.7205652413,-53837.62169383792,2192.385646184557,2192.385646184557,2192.385646184557,2192.385646184557,53170.26670841966,34999.45364227216,41435.32893302548,53170.26670841966
2010-08-13,-5665.593390097143,485.0374937665183,-7415.830049874028,-5665.593390097143,-23617.286461911397,-1969.1149848435307,-20808.159989214386,-35950.72658833221,-91821.12695042999,-53583.19822510681,2192.385646184557,2192.385646184557,2192.385646184557,2192.385646184557,53307.04454644816,35136.231480300776,41572.106771054096,53307.04454644816
2010-08-16,-5607.443401956465,543.1874819071963,-7357.68006173335,-5607.443401956465,-23559.13647377072,-1910.9649967028527,-20756.45942947222,-35905.47545698844,-91780.1685701228,-53528.88340846717,2192.385646184557,2192.385646184557,2192.385646184557,2192.385646184557,53683.74291698099,35512.929850833374,41948.805141586694,53683.74291698099
2010-08-17,-4307.336182746338,1843.2947011173237,-6057.572842523223,-4307.336182746338,-22259.02925456059,-610.8577774927253,-19284.722695875564,-34262.10920900514,-90164.32175709575,-52309.36252752214,2192.385646184557,2192.385646184557,2192.385646184557,2192.385646184557,53715.825229212875,35545.012163065374,41980.887453818694,53715.825229212875
2010-08-18,-4014.6368155367672,2135.994068326894,-5764.873475313652,-4014.6368155367672,-21966.32988735102,-318.1584102830384,-18966.219060774893,-33917.80130601348,-89913.29678874137,-52175.190811218694,2192.385646184557,2192.385646184557,2192.385646184557,2192.385646184557,54097.770245890366,35926.9571797431,42362.83247049642,54097.770245890366
2010-08-19,-5732.044482870144,418.5864009935176,-7482.281142647029,-5732.044482870144,-23683.737554684398,-2035.5660776165314,-20930.105005121673,-36128.16552737367,-93295.26714511041,-54320.58486344165,2192.385646184557,2192.385646184557,2192.385646184557,2192.385646184557,54221.27855335921,36050.465487211826,42486.340777965146,54221.27855335921
2010-08-20,-5430.540031558834,720.0908523048274,-7180.776691335719,-5430.540031558834,-23382.233103373088,-1734.0616263052216,-20673.771458928706,-35917.00288629916,-92661.90209235996,-53679.931204909575,2192.385646184557,2192.385646184557,2192.385646184557,2192.385646184557,54125.14194685663,35954.32888070936,42390.20417146268,54125.14194685663
2010-08-23,-5362.054626630503,788.5762572331587,-7112.291286407388,-5362.054626630503,-23313.747698444757,-1665.5762213768903,-20605.286054000375,-35848.51748137083,-92644.51673150738,-53653.33384991542,2192.385646184557,2192.385646184557,2192.385646184557,2192.385646184557,54125.14194685663,35954.32888070936,42390.20417146268,54125.14194685663
2010-08-24,-4752.034875226091,1398.5960086375708,-6502.271535002976,-4752.034875226091,-22703.727947040345,-1055.5564699724782,-19995.266302595963,-35238.49772996642,-91739.56928520999,-54111.66310309013,2192.385646184557,2192.385646184557,2192.385646184557,2192.385646184557,54125.14194685663,35954.32888070936,42390.20417146268,54125.14194685663
2010-08-25,-3729.3202602870297,2421.3106235766318,-5479.556920063915,-3729.3202602870297,-21681.013332101284,-32.84185503341723,-18972.5516876569,-34215.783115027356,-91814.09196157858,-53673.80803312175,2192.385646184557,2192.385646184557,2192.385646184557,2192.385646184557,54125.14194685663,35954.32888070936,42390.20417146268,54125.14194685663
2010-08-26,-2329.990816384321,3820.6400674793404,-4080.227476161206,-2329.990816384321,-20371.683888198575,1366.4875888692914,-17573.222243754193,-32816.45367112465,-90829.6890498125,-53484.204309602384,2192.385646184557,2192.385646184557,2192.385646184557,2192.385646184557,54125.14194685663,35954.32888070936,42390.20417146268,54125.14194685663
2010-08-27,-1896.7141947362106,4253.916689127451,-3646.9508545130957,-1896.7141947362106,-33879.17241317034,1799.7642105174018,-17144.452211172204,-32392.19022760878,-91455.22681398201,-51974.77079970215,2192.385646184557,2192.385646184557,2192.385646184557,2192.385646184557,54125.14194685663,35954.32888070936,42390.20417146268,54125.14194685663
2010-08-30,-2965.746464529191,3184.8844193344703,-4715.983124306076,-2965.746464529191,-21691.602498313994,730.7319407244213,-17559.80909260502,-32153.871720681433,-91235.55697482801,-53058.37611562072,2192.385646184557,2192.385646184557,2192.385646184557,2192.385646184557,54125.14194685663,35954.32888070936,42390.20417146268,54125.14194685663
2010-08-31,-2200.4979709418258,3950.1329129218357,-3950.734630718711,-2200.4979709418258,-20926.35400472663,1495.9804343117867,-16794.560599017655,-31388.623227094067,-90414.96692666702,-52237.62387329328,2192.385646184557,2192.385646184557,2192.385646184557,2192.385646184557,54125.14194685663,35954.32888070936,42390.20417146268,54125.14194685663
2010-09-01,-2520.928136395407,3629.7027474682545,-4271.164796172292,-2520.928136395407,-48280.45063496847,1175.5502688582055,-18443.431160606327,-34365.93418481795,-95485.35604892718,-53470.807271728525,2192.385646184557,2192.385646184557,2192.385646184557,2192.385646184557,54125.14194685663,35954.32888070936,42390.20417146268,54125.14194685663
2010-09-02,-3720.942265457008,2429.6886184066534,-5471.178925233893,-3720.942265457008,-49480.46476403007,-24.463860203395598,-20069.40590865619,-36417.86955185619,-96408.83601623971,-54072.97799967206,2192.385646184557,2192.385646184557,2192.385646184557,2192.385646184557,54125.14194685663,35954.32888070936,42390.20417146268,54125.14194685663
2010-09-03,-3981.422020448721,2169.2088634149404,-5731.658680225606,-3981.422020448721,-49740.94451902178,-284.9436151951086,-20934.29063594411,-37887.15925144043,-96038.66854166577,-53588.57069307205,2192.385646184557,2192.385646184557,2192.385646184557,2192.385646184557,54125.14194685663,35954.32888070936,42390.20417146268,54125.14194685663
2010-09-07,-4072.7198890688596,2077.910994794802,-5822.956548845745,-4072.7198890688596,-49832.24238764192,-376.2414838152472,-21126.050278749666,-38179.380668431404,-96334.85107073281,-53683.71268482099,2192.385646184557,2192.385646184557,2192.385646184557,2192.385646184557,54125.14194685663,35954.32888070936,42390.20417146268,54125.14194685663
2010-09-08,-4366.272982394323,1784.3579014693387,-6116.509642171208,-4366.272982394323,-50125.79548096738,-669.7945771407103,-21357.720519250724,-38349.16805610794,-96450.14183910249,-53929.238260902115,2192.385646184557,2192.385646184557,2192.385646184557,2192.385646184557,54125.14194685663,35954.32888070936,42390.20417146268,54125.14194685663
2010-09-09,-4320.643709052703,1829.987174810958,-6070.880368829588,-4320.643709052703,-50080.16620762576,-624.1653037990909,-21271.099968439667,-38221.55622782733,-96172.12690087967,-53818.227403163095,2192.385646184557,2192.385646184557,2192.385646184557,2192.385646184557,54125.14194685663,35954.32888070936,42390.20417146268,54125.14194685663
2010-09-10,-4438.584202479571,1712.0466813840903,-6188.820862256456,-4438.584202479571,-50198.10670105263,-742.1057972259587,-21344.03348906769,-38249.48277565662,-96180.9143492066,-54067.57945469243,2192.385646184557,2192.385646184557,2192.385646184557,2192.385646184557,54125.14194685663,35954.32888070936,42390.20417146268,54125.14194685663
2010-09-13,-4520.361542983679,1630.2693408799823,-6270.598202760564,-4520.361542983679,-50279.88404155674,-823.8831377300667,-21329.147077347967,-38137.93261171307,-94907.02790594194,-53435.434576747706,2192.385646184557,2192.385646184557,2192.385646184557,2192.385646184557,54125.14194685663,35954.32888070936,42390.20417146268,54125.14194685663
2010-09-14,-4923.122697979445,1227.5081858842168,-6673.35935775633,-4923.122697979445,-50682.645196552505,-1226.6442927258322,-21756.101963629713,-38589.08122928091,-95363.10003110836,-53841.98539573862,2192.385646184557,2192.385646184557,2192.385646184557,2192.385646184557,54125.14194685663,35954.32888070936,42390.20417146268,54125.14194685663
2010-09-15,-5240.966826556483,909.6640573071782,-6991.203486333368,-5240.966826556483,-51000.48932512954,-1544.4884213028708,-21925.310903294245,-38609.65498003282,-95343.09876726742,-54162.175912136445,2192.385646184557,2192.385646184557,2192.385646184557,2192.385646184557,54125.14194685663,35954.32888070936,42390.20417146268,54125.14194685663
2010-09-16,-4716.336023778422,1434.2948600852396,-6466.572683555307,-4716.336023778422,-50475.85852235148,-1019.8576185248094,-21411.05636698217,-38105.77671018662,-95227.99102963426,-54020.867329888046,2192.385646184557,2192.385646184557,2192.385646184557,2192.385646184557,54125.14194685663,35954.32888070936,42390.20417146268,54125.14194685663
2010-09-17,-4261.145794227836,1889.4850896358257,-6011.382454004721,-4261.145794227836,-50020.668292800896,-564.6673889742233,-20941.265624414547,-37621.38545460196,-94325.96141913673,-53159.15393126116,2192.385646184557,2192.385646184557,2192.385646184557,2192.385646184557,54125.14194685663,35954.32888070936,42390.20417146268,54125.14194685663
2010-09-20,-4872.4858329285635,1278.145050935098,-6622.7224927054485,-4872.4858329285635,-50632.00833150162,-1176.007427674951,-21552.605663115275,-38232.725493302685,-94966.16711579624,-53795.50402266998,2192.385646184557,2192.385646184557,2192.385646184557,2192.385646184557,54125.14194685663,35954.32888070936,42390.20417146268,54125.14194685663
2010-09-21,-5367.03798116371,783.5929026999511,-7117.274640940595,-5367.03798116371,-51126.56047973677,-1670.559575910098,-22047.157811350422,-38727.27764153783,-95527.99311818765,-54434.73456600821,2192.385646184557,2192.385646184557,2192.385646184557,2192.385646184557,54125.14194685663,35954.32888070936,42390.20417146268,54125.14194685663
2010-09-22,-4848.685278450488,1301.9456054131733,-6598.921938227373,-4848.685278450488,-50608.20777702355,-1152.2068731968757,-21528.8051086372,-38208.92493882461,-95466.40769535338,-54572.52943457023,2192.385646184557,2192.385646184557,2192.385646184557,2192.385646184557,54125.14194685663,35954.32888070936,42390.20417146268,54125.14194685663
2010-09-23,-4415.417752471636,1735.2131313920254,-6165.654412248521,-4415.417752471636,-50174.940251044696,-718.9393472180236,-21095.537582658348,-37775.65741284576,-95635.98220558907,-55156.86307405017,2192.385646184557,2192.385646184557,2192.385646184557,2192.385646184557,54125.14194685663,35954.32888070936,42390.20417146268,54125.14194685663
2010-09-24,-4306.488213209552,1844.1426706541097,-6056.724872986437,-4306.488213209552,-50066.01071178261,-610.0098079559393,-20987.31583598384,-37668.14345875895,-95828.63482219109,-53811.375056792866,2192.385646184557,2192.385646184557,2192.385646184557,2192.385646184557,54125.14194685663,35954.32888070936,42390.20417146268,54125.14194685663
2010-09-27,-5305.930321917171,844.7005619464908,-7056.166981694056,-5305.930321917171,-51065.45282049023,-1609.4519166635582,-21952.854334094212,-38599.77834627207,-96762.87830571271,-54813.38217766362,2192.385646184557,2192.385646184557,2192.385646184557,2192.385646184557,54125.14194685663,35954.32888070936,42390.20417146268,54125.14194685663
2010-09-28,-4448.461100591347,1702.1697832723148,-6198.697760368232,-4448.461100591347,-50207.98359916441,-751.9826953377342,-21120.041434786166,-37791.6217689818,-95992.59124530351,-53991.05426074297,2192.385646184557,2192.385646184557,2192.385646184557,2192.385646184557,54125.14194685663,35954.32888070936,42390.20417146268,54125.14194685663
2010-09-29,-4621.815072556608,1528.815811307053,-6372.051732333493,-4621.815072556608,-50381.33757112967,-925.3366673029959,-21281.066934323055,-37940.31879609043,-96289.55397648644,-54292.448476344114,2192.385646184557,2192.385646184557,2192.385646184557,2192.385646184557,54125.14194685663,35954.32888070936,42390.20417146268,54125.14194685663
2010-09-30,-4670.548928122735,1480.0819557409268,-6420.78558789962,-4670.548928122735,-50430.071426695795,-974.0705228691222,-21308.842262193328,-37947.13559626485,-96320.92290273716,-54330.684403027175,2192.385646184557,2192.385646184557,2192.385646184557,2192.385646184557,54125.14194685663,35954.32888070936,42390.20417146268,54125.14194685663
2010-10-01,-4032.9516266211867,2117.6792572424747,-5783.188286398072,-4032.9516266211867,-49792.47412519425,-336.4732213675743,-20701.991580785252,-37371.03153495013,-95392.5187246676,-53378.05842797051,2192.385646184557,2192.385646184557,2192.385646184557,2192.385646184557,54125.14194685663,35954.32888070936,42390.20417146268,54125.14194685663
2010-10-04,-5131.358284355258,1019.2725995084038,-6881.594944132143,-5131.358284355258,-50890.88078292832,-1434.8798791016452,-21834.095422571292,-38536.83256078814,-96562.80160596722,-54480.522748463205,2192.385646184557,2192.385646184557,2192.385646184557,2192.385646184557,54125.14194685663,35954.32888070936,42390.20417146268,54125.14194685663
2010-10-05,-2750.2589749555336,3400.371908908128,-4500.495634732419,-2750.2589749555336,-48509.781473528594,946.2194302980788,-19363.27128891705,-35976.28360287938,-94036.91576083249,-52044.71060496196,2192.385646184557,2192.385646184557,2192.385646184557,2192.385646184557,54125.14194685663,35954.32888070936,42390.20417146268,54125.14194685663
2010-10-06,-2545.860805266071,3604.7700785975903,-4296.097465042956,-2545.860805266071,-48305.38330383913,1150.6175999875413,-19159.265430283616,-35772.67005530186,-94170.69058518007,-52174.18886211002,2192.385646184557,2192.385646184557,2192.385646184557,2192.385646184557,54125.14194685663,35954.32888070936,42390.20417146268,54125.14194685663
2010-10-07,-3098.413132038666,3052.2177518249955,-4848.649791815551,-3098.413132038666,-48857.935630611726,598.0652732149465,-19717.30338198319,-36336.193631928414,-94793.20861754147,-52737.05265047215,2192.385646184557,2192.385646184557,2192.385646184557,2192.385646184557,54125.14194685663,35954.32888070936,42390.20417146268,54125.14194685663
2010-10-08,-2295.1471898816526,3855.483693982009,-4045.3838496585377,-2295.1471898816526,-48054.66968845471,1401.3312153719598,-18891.043564051273,-35486.93993822159,-93717.03714459832,-51960.297183574876,2192.385646184557,2192.385646184557,2192.385646184557,2192.385646184557,54125.14194685663,35954.32888070936,42390.20417146268,54125.14194685663
2010-10-11,-3031.3073409745703,3119.323542889091,-4781.544000751455,-3031.3073409745703,-48790.82983954763,665.1710642790422,-19599.543171106605,-36167.77900123934,-94404.42864472372,-52701.30624823575,2192.385646184557,2192.385646184557,2192.385646184557,2192.385646184557,54125.14194685663,35954.32888070936,42390.20417146268,54125.14194685663
2010-10-12,-2681.7970014411258,3468.8338824225357,-4432.033661218011,-2681.7970014411258,-48441.319500014186,1014.6814038124867,-19159.510417362093,-35637.223833283875,-93819.47071416758,-52349.92307487398,2192.385646184557,2192.385646184557,2192.385646184557,2192.385646184557,54125.14194685663,35954.32888070936,42390.20417146268,54125.14194685663
2010-10-13,-2006.6165501977084,4144.014333665953,-3756.8532099745935,-2006.6165501977084,-47766.13904877077,1689.861855055904,-18255.497209635447,-34504.377869074,-92290.18455788807,-51410.99534434499,2192.385646184557,2192.385646184557,2192.385646184557,2192.385646184557,54125.14194685663,35954.32888070936,42390.20417146268,54125.14194685663
2010-10-14,-2523.2618400640786,3627.369043799583,-4273.498499840964,-2523.2618400640786,-48282.78433863714,1173.2165651895339,-18887.820332700154,-35252.37882533716,-92032.05575085769,-50987.484453824116,2192.385646184557,2192.385646184557,2192.385646184557,2192.385646184557,54125.14194685663,35954.32888070936,42390.20417146268,54125.14194685663
2010-10-15,496.7529628002085,6647.38384666387,-1253.4836969766766,496.7529628002085,-45262.76953577285,4193.231368053821,-15807.45640679705,-32111.665776395123,-89906.98906725668,-48962.91133975331,2192.385646184557,2192.385646184557,2192.385646184557,2192.385646184557,54125.14194685663,35954.32888070936,42390.20417146268,54125.14194685663
2010-10-18,496.7529628002085,6647.38384666387,-1253.4836969766766,496.7529628002085,-45262.76953577285,4193.231368053821,-15807.45640679705,-32111.665776395123,-89906.98906725668,-48962.91133975331,2192.385646184557,2192.385646184557,2192.385646184557,2192.385646184557,54015.37167247315,35844.558606326,42280.43389707932,54015.37167247315
2010-10-19,496.7529628002085,6647.38384666387,-1253.4836969766766,496.7529628002085,-45262.76953577285,4193.231368053821,-15807.45640679705,-32111.665776395123,-89906.98906725668,-48962.91133975331,2192.385646184557,2192.385646184557,2192.385646184557,2192.385646184557,54145.05741804885,35974.24435190181,42410.11964265513,54145.05741804885
2010-10-20,496.7529628002085,6647.38384666387,-1253.4836969766766,496.7529628002085,-45262.76953577285,4193.231368053821,-15807.45640679705,-32111.665776395123,-89906.98906725668,-48962.91133975331,2192.385646184557,2192.385646184557,2192.385646184557,2192.385646184557,54132.19437223044,35961.38130608329,42397.25659683661,54132.19437223044
2010-10-21,496.7529628002085,6647.38384666387,-1253.4836969766766,496.7529628002085,-45262.76953577285,4193.231368053821,-15807.45640679705,-32111.665776395123,-89906.98906725668,-48962.91133975331,2192.385646184557,2192.385646184557,2192.385646184557,2192.385646184557,54186.157562829554,36015.34449668252,42451.21978743584,54186.157562829554
2010-10-22,496.7529628002085,6647.38384666387,-1253.4836969766766,496.7529628002085,-45262.76953577285,4193.231368053821,-15807.45640679705,-32111.665776395123,-89906.98906725668,-48962.91133975331,2192.385646184557,2192.385646184557,2192.385646184557,2192.385646184557,54186.07523229346,36015.262166146305,42451.137456899625,54186.07523229346
2010-10-25,496.7529628002085,6647.38384666387,-1253.4836969766766,496.7529628002085,-45262.76953577285,4193.231368053821,-15807.45640679705,-32111.665776395123,-89906.98906725668,-48962.91133975331,2192.385646184557,2192.385646184557,2192.385646184557,2192.385646184557,54232.17052729288,36061.357461145846,42497.232751899166,54232.17052729288
2010-10-26,496.7529628002085,6647.38384666387,-1253.4836969766766,496.7529628002085,-45262.76953577285,4193.231368053821,-15807.45640679705,-32111.665776395123,-89906.98906725668,-48962.91133975331,2192.385646184557,2192.385646184557,2192.385646184557,2192.385646184557,54275.10174950329,36104.288683356135,42540.163974109455,54275.10174950329
2010-10-27,496.7529628002085,6647.38384666387,-1253.4836969766766,496.7529628002085,-45262.76953577285,4193.231368053821,-15807.45640679705,-32111.665776395123,-89906.98906725668,-48962.91133975331,2192.385646184557,2192.385646184557,2192.385646184557,2192.385646184557,54163.25731546222,35992.44424931507,42428.31954006839,54163.25731546222
2010-10-28,496.7529628002085,6647.38384666387,-1253.4836969766766,496.7529628002085,-45262.76953577285,4193.231368053821,-15807.45640679705,-32111.665776395123,-89906.98906725668,-48962.91133975331,2192.385646184557,2192.385646184557,2192.385646184557,2192.385646184557,54184.27836320805,36013.465297060786,42449.340587814106,54184.27836320805
2010-10-29,496.7529628002085,6647.38384666387,-1253.4836969766766,496.7529628002085,-45262.76953577285,4193.231368053821,-15807.45640679705,-32111.665776395123,-89906.98906725668,-48962.91133975331,2192.385646184557,2192.385646184557,2192.385646184557,2192.385646184557,54193.232168513816,36022.41910236655,42458.29439311987,54193.232168513816
2010-11-01,496.7529628002085,6647.38384666387,-1253.4836969766766,496.7529628002085,-45262.76953577285,4193.231368053821,-15807.45640679705,-32111.665776395123,-89906.98906725668,-48962.91133975331,2192.385646184557,2192.385646184557,2192.385646184557,2192.385646184557,54365.46002029604,36194.64695414854,42630.52224490186,54365.46002029604
2010-11-02,496.7529628002085,6647.38384666387,-1253.4836969766766,496.7529628002085,-45262.76953577285,4193.231368053821,-15807.45640679705,-32111.665776395123,-89906.98906725668,-48962.91133975331,2192.385646184557,2192.385646184557,2192.385646184557,2192.385646184557,54443.7527411324,36272.93967498501,42708.81496573833,54443.7527411324
2010-11-03,496.7529628002085,6647.38384666387,-1253.4836969766766,496.7529628002085,-45262.76953577285,4193.231368053821,-15807.45640679705,-32111.665776395123,-89906.98906725668,-48962.91133975331,2192.385646184557,2192.385646184557,2192.385646184557,2192.385646184557,54474.113301082514,36303.30023493501,42739.17552568833,54474.113301082514
2010-11-04,496.7529628002085,6647.38384666387,-1253.4836969766766,496.7529628002085,-45262.76953577285,4193.231368053821,-15807.45640679705,-32111.665776395123,-89906.98906725668,-48962.91133975331,2192.385646184557,2192.385646184557,2192.385646184557,2192.385646184557,54355.68037190894,36184.86730576155,42620.74259651487,54355.68037190894
2010-11-05,496.7529628002085,6647.38384666387,-1253.4836969766766,496.7529628002085,-45262.76953577285,4193.231368053821,-15807.45640679705,-32111.665776395123,-89906.98906725668,-48962.91133975331,2192.385646184557,2192.385646184557,2192.385646184557,2192.385646184557,54044.84112137882,35874.02805523155,42309.90334598487,54044.84112137882
2010-11-08,496.7529628002085,6647.38384666387,-1253.4836969766766,496.7529628002085,-45262.76953577285,4193.231368053821,-15807.45640679705,-32111.665776395123,-89906.98906725668,-48962.91133975331,2192.385646184557,2192.385646184557,2192.385646184557,2192.385646184557,54343.24816608755,36172.43509994028,42608.3103906936,54343.24816608755
2010-11-09,496.7529628002085,6647.38384666387,-1253.4836969766766,496.7529628002085,-45262.76953577285,4193.231368053821,-15807.45640679705,-32111.665776395123,-89906.98906725668,-48962.91133975331,2192.385646184557,2192.385646184557,2192.385646184557,2192.385646184557,54599.10723699024,36428.29417084297,42864.16946159629,54599.10723699024
2010-11-10,496.7529628002085,6647.38384666387,-1253.4836969766766,496.7529628002085,-45262.76953577285,4193.231368053821,-15807.45640679705,-32111.665776395123,-89906.98906725668,-48962.91133975331,2192.385646184557,2192.385646184557,2192.385646184557,2192.385646184557,54657.42463905434,36486.61157290684,42922.48686366016,54657.42463905434
2010-11-11,496.7529628002085,6647.38384666387,-1253.4836969766766,496.7529628002085,-45262.76953577285,4193.231368053821,-15807.45640679705,-32111.665776395123,-89906.98906725668,-48962.91133975331,2192.385646184557,2192.385646184557,2192.385646184557,2192.385646184557,54828.48136977875,36657.668303631246,43093.543594384566,54828.48136977875
2010-11-12,496.7529628002085,6647.38384666387,-1253.4836969766766,496.7529628002085,-45262.76953577285,4193.231368053821,-15807.45640679705,-32111.665776395123,-89906.98906725668,-48962.91133975331,2192.385646184557,2192.385646184557,2192.385646184557,2192.385646184557,54707.89847490168,36537.085408754414,42972.960699507734,54707.89847490168
2010-11-15,496.7529628002085,6647.38384666387,-1253.4836969766766,496.7529628002085,-45262.76953577285,4193.231368053821,-15807.45640679705,-32111.665776395123,-89906.98906725668,-48962.91133975331,2192.385646184557,2192.385646184557,2192.385646184557,2192.385646184557,54753.56245793891,36582.74939179141,43018.62468254473,54753.56245793891
2010-11-16,496.7529628002085,6647.38384666387,-1253.4836969766766,496.7529628002085,-45262.76953577285,4193.231368053821,-15807.45640679705,-32111.665776395123,-89906.98906725668,-48962.91133975331,2192.385646184557,2192.385646184557,2192.385646184557,2192.385646184557,54770.19328971603,36599.380223568645,43035.255514321965,54770.19328971603
2010-11-17,496.7529628002085,6647.38384666387,-1253.4836969766766,496.7529628002085,-45262.76953577285,4193.231368053821,-15807.45640679705,-32111.665776395123,-89906.98906725668,-48962.91133975331,2192.385646184557,2192.385646184557,2192.385646184557,2192.385646184557,54897.83602966159,36727.0229635142,43162.89825426752,54897.83602966159
2010-11-18,496.7529628002085,6647.38384666387,-1253.4836969766766,496.7529628002085,-45262.76953577285,4193.231368053821,-15807.45640679705,-32111.665776395123,-89906.98906725668,-48962.91133975331,2192.385646184557,2192.385646184557,2192.385646184557,2192.385646184557,54849.81384638185,36679.00078023446,43114.87607098778,54849.81384638185
2010-11-19,496.7529628002085,6647.38384666387,-1253.4836969766766,496.7529628002085,-45262.76953577285,4193.231368053821,-15807.45640679705,-32111.665776395123,-89906.98906725668,-48962.91133975331,2192.385646184557,2192.385646184557,2192.385646184557,2192.385646184557,55078.98389176745,36908.17082562018,43344.0461163735,55078.98389176745
2010-11-22,496.7529628002085,6647.38384666387,-1253.4836969766766,496.7529628002085,-45262.76953577285,4193.231368053821,-15807.45640679705,-32111.665776395123,-89906.98906725668,-48962.91133975331,2192.385646184557,2192.385646184557,2192.385646184557,2192.385646184557,55087.78800265794,36916.97493651055,43352.85022726387,55087.78800265794
2010-11-23,496.7529628002085,6647.38384666387,-1253.4836969766766,496.7529628002085,-45262.76953577285,4193.231368053821,-15807.45640679705,-32111.665776395123,-89906.98906725668,-48962.91133975331,2192.385646184557,2192.385646184557,2192.385646184557,2192.385646184557,55054.9058319584,36884.092765811016,43319.968056564336,55054.9058319584
2010-11-24,496.7529628002085,6647.38384666387,-1253.4836969766766,496.7529628002085,-45262.76953577285,4193.231368053821,-15807.45640679705,-32111.665776395123,-89906.98906725668,-48962.91133975331,2192.385646184557,2192.385646184557,2192.385646184557,2192.385646184557,55112.72770783189,36941.9146416845,43377.78993243782,55112.72770783189
2010-11-26,496.7529628002085,6647.38384666387,-1253.4836969766766,496.7529628002085,-45262.76953577285,4193.231368053821,-15807.45640679705,-32111.665776395123,-89906.98906725668,-48962.91133975331,2192.385646184557,2192.385646184557,2192.385646184557,2192.385646184557,55191.586058925604,37020.77299277834,43456.64828353166,55191.586058925604
2010-11-29,496.7529628002085,6647.38384666387,-1253.4836969766766,496.7529628002085,-45262.76953577285,4193.231368053821,-15807.45640679705,-32111.665776395123,-89906.98906725668,-48962.91133975331,2192.385646184557,2192.385646184557,2192.385646184557,2192.385646184557,55282.794237090275,37111.981170942774,43547.856461696094,55282.794237090275
2010-11-30,496.7529628002085,6647.38384666387,-1253.4836969766766,496.7529628002085,-45262.76953577285,4193.231368053821,-15807.45640679705,-32111.665776395123,-89906.98906725668,-48962.91133975331,2192.385646184557,2192.385646184557,2192.385646184557,2192.385646184557,55317.436881292146,37146.623815144645,43582.499105897965,55317.436881292146
2010-12-01,496.7529628002085,6647.38384666387,-1253.4836969766766,496.7529628002085,-45262.76953577285,4193.231368053821,-15807.45640679705,-32111.665776395123,-89906.98906725668,-48962.91133975331,2192.385646184557,2192.385646184557,2192.385646184557,2192.385646184557,55306.45262411842,37135.63955797092,43571.51484872424,55306.45262411842
2010-12-02,496.7529628002085,6647.38384666387,-1253.4836969766766,496.7529628002085,-45262.76953577285,4193.231368053821,-15807.45640679705,-32111.665776395123,-89906.98906725668,-48962.91133975331,2192.385646184557,2192.385646184557,2192.385646184557,2192.385646184557,55294.63202793454,37123.81896178704,43559.69425254036,55294.63202793454
2010-12-03,496.7529628002085,6647.38384666387,-1253.4836969766766,496.7529628002085,-45262.76953577285,4193.231368053821,-15807.45640679705,-32111.665776395123,-89906.98906725668,-48962.91133975331,2192.385646184557,2192.385646184557,2192.385646184557,2192.385646184557,55316.088664235314,37145.2755980877,43581.15088884102,55316.088664235314
2010-12-06,496.7529628002085,6647.38384666387,-1253.4836969766766,496.7529628002085,-45262.76953577285,4193.231368053821,-15807.45640679705,-32111.665776395123,-89906.98906725668,-48962.91133975331,2192.385646184557,2192.385646184557,2192.385646184557,2192.385646184557,55444.27226771484,37273.45920156711,43709.33449232043,55444.27226771484
2010-12-07,496.7529628002085,6647.38384666387,-1253.4836969766766,496.7529628002085,-45262.76953577285,4193.231368053821,-15807.45640679705,-32111.665776395123,-89906.98906725668,-48962.91133975331,2192.385646184557,2192.385646184557,2192.385646184557,2192.385646184557,55488.66197253484,37317.84890638734,43753.72419714066,55488.66197253484
2010-12-08,496.7529628002085,6647.38384666387,-1253.4836969766766,496.7529628002085,-45262.76953577285,4193.231368053821,-15807.45640679705,-32111.665776395123,-89906.98906725668,-48962.91133975331,2192.385646184557,2192.385646184557,2192.385646184557,2192.385646184557,55520.81432399852,37350.00125785079,43785.87654860411,55520.81432399852
2010-12-09,496.7529628002085,6647.38384666387,-1253.4836969766766,496.7529628002085,-45262.76953577285,4193.231368053821,-15807.45640679705,-32111.665776395123,-89906.98906725668,-48962.91133975331,2192.385646184557,2192.385646184557,2192.385646184557,2192.385646184557,55583.45178128104,37412.63871513342,43848.51400588674,55583.45178128104
2010-12-10,496.7529628002085,6647.38384666387,-1253.4836969766766,496.7529628002085,-45262.76953577285,4193.231368053821,-15807.45640679705,-32111.665776395123,-89906.98906725668,-48962.91133975331,2192.385646184557,2192.385646184557,2192.385646184557,2192.385646184557,55638.36174800084,37467.54868185334,43903.42397260666,55638.36174800084
2010-12-13,496.7529628002085,6647.38384666387,-1253.4836969766766,496.7529628002085,-45262.76953577285,4193.231368053821,-15807.45640679705,-32111.665776395123,-89906.98906725668,-48962.91133975331,2192.385646184557,2192.385646184557,2192.385646184557,2192.385646184557,55790.79431183264,37619.981245685136,44055.856536438456,55790.79431183264
2010-12-14,496.7529628002085,6647.38384666387,-1253.4836969766766,496.7529628002085,-45262.76953577285,4193.231368053821,-15807.45640679705,-32111.665776395123,-89906.98906725668,-48962.91133975331,2192.385646184557,2192.385646184557,2192.385646184557,2192.385646184557,55823.75895299576,37652.94588684838,44088.8211776017,55823.75895299576
2010-12-15,496.7529628002085,6647.38384666387,-1253.4836969766766,496.7529628002085,-45262.76953577285,4193.231368053821,-15807.45640679705,-32111.665776395123,-89906.98906725668,-48962.91133975331,2192.385646184557,2192.385646184557,2192.385646184557,2192.385646184557,55857.15853144415,37686.34546529688,44122.2207560502,55857.15853144415
2010-12-16,496.7529628002085,6647.38384666387,-1253.4836969766766,496.7529628002085,-45262.76953577285,4193.231368053821,-15807.45640679705,-32111.665776395123,-89906.98906725668,-48962.91133975331,2192.385646184557,2192.385646184557,2192.385646184557,2192.385646184557,56015.13306544232,37844.319999295054,44280.195290048374,56015.13306544232
2010-12-17,496.7529628002085,6647.38384666387,-1253.4836969766766,496.7529628002085,-45262.76953577285,4193.231368053821,-15807.45640679705,-32111.665776395123,-89906.98906725668,-48962.91133975331,2192.385646184557,2192.385646184557,2192.385646184557,2192.385646184557,56022.18640571507,37851.37333956768,44287.248630321,56022.18640571507
2010-12-20,496.7529628002085,6647.38384666387,-1253.4836969766766,496.7529628002085,-45262.76953577285,4193.231368053821,-15807.45640679705,-32111.665776395123,-89906.98906725668,-48962.91133975331,2192.385646184557,2192.385646184557,2192.385646184557,2192.385646184557,56081.82775610918,37911.01468996168,44346.889980714885,56081.82775610918
2010-12-21,496.7529628002085,6647.38384666387,-1253.4836969766766,496.7529628002085,-45262.76953577285,4193.231368053821,-15807.45640679705,-32111.665776395123,-89906.98906725668,-48962.91133975331,2192.385646184557,2192.385646184557,2192.385646184557,2192.385646184557,56103.67686623498,37932.863800087594,44368.7390908408,56103.67686623498
2010-12-22,496.7529628002085,6647.38384666387,-1253.4836969766766,496.7529628002085,-45262.76953577285,4193.231368053821,-15807.45640679705,-32111.665776395123,-89906.98906725668,-48962.91133975331,2192.385646184557,2192.385646184557,2192.385646184557,2192.385646184557,56108.72190920706,37937.90884305956,44373.78413381276,56108.72190920706
2010-12-23,496.7529628002085,6647.38384666387,-1253.4836969766766,496.7529628002085,-45262.76953577285,4193.231368053821,-15807.45640679705,-32111.665776395123,-89906.98906725668,-48962.91133975331,2192.385646184557,2192.385646184557,2192.385646184557,2192.385646184557,56140.956807313254,37970.14374116587,44406.01903191907,56140.956807313254
2010-12-27,496.7529628002085,6647.38384666387,-1253.4836969766766,496.7529628002085,-45262.76953577285,4193.231368053821,-15807.45640679705,-32111.665776395123,-89906.98906725668,-48962.91133975331,2192.385646184557,2192.385646184557,2192.385646184557,2192.385646184557,56380.02184918104,38209.20878303365,44645.08407378686,56380.02184918104
2010-12-28,496.7529628002085,6647.38384666387,-1253.4836969766766,496.7529628002085,-45262.76953577285,4193.231368053821,-15807.45640679705,-32111.665776395123,-89906.98906725668,-48962.91133975331,2192.385646184557,2192.385646184557,2192.385646184557,2192.385646184557,56387.35540353437,38216.5423373871,44652.417628140305,56387.35540353437
2010-12-29,496.7529628002085,6647.38384666387,-1253.4836969766766,496.7529628002085,-45262.76953577285,4193.231368053821,-15807.45640679705,-32111.665776395123,-89906.98906725668,-48962.91133975331,2192.385646184557,2192.385646184557,2192.385646184557,2192.385646184557,56491.92728196061,38321.11421581323,44756.98950656643,56491.92728196061
2010-12-30,496.7529628002085,6647.38384666387,-1253.4836969766766,496.7529628002085,-45262.76953577285,4193.231368053821,-15807.45640679705,-32111.665776395123,-89906.98906725668,-48962.91133975331,2192.385646184557,2192.385646184557,2192.385646184557,2192.385646184557,56517.81466820999,38347.00160206249,44782.87689281569,56517.81466820999
2010-12-31,496.7529628002085,6647.38384666387,-1253.4836969766766,496.7529628002085,-45262.76953577285,4193.231368053821,-15807.45640679705,-32111.665776395123,-89906.98906725668,-48962.91133975331,2192.385646184557,2192.385646184557,2192.385646184557,2192.385646184557,56636.411113743205,38465.59804759594,44901.47333834914,56636.411113743205
2011-01-03,496.7529628002085,6647.38384666387,-1253.4836969766766,496.7529628002085,-45262.76953577285,4193.231368053821,-15807.45640679705,-32111.665776395123,-89906.98906725668,-48962.91133975331,2192.385646184557,2192.385646184557,2192.385646184557,2192.385646184557,56772.53539746115,38601.722331314,45037.597622067085,56772.53539746115
2011-01-04,496.7529628002085,6647.38384666387,-1253.4836969766766,496.7529628002085,-45262.76953577285,4193.231368053821,-15807.45640679705,-32111.665776395123,-89906.98906725668,-48962.91133975331,2192.385646184557,2192.385646184557,2192.385646184557,2192.385646184557,56875.69450831809,38704.88144217082,45140.75673292391,56875.69450831809
2011-01-05,496.7529628002085,6647.38384666387,-1253.4836969766766,496.7529628002085,-45262.76953577285,4193.231368053821,-15807.45640679705,-32111.665776395123,-89906.98906725668,-48962.91133975331,2192.385646184557,2192.385646184557,2192.385646184557,2192.385646184557,57146.74638118548,38975.93331503798,45411.808605791186,57146.74638118548
2011-01-06,496.7529628002085,6647.38384666387,-1253.4836969766766,496.7529628002085,-45262.76953577285,4193.231368053821,-15807.45640679705,-32111.665776395123,-89906.98906725668,-48962.91133975331,2192.385646184557,2192.385646184557,2192.385646184557,2192.385646184557,57222.43745194585,39051.62438579858,45487.499676551786,57222.43745194585
2011-01-07,496.7529628002085,6647.38384666387,-1253.4836969766766,496.7529628002085,-45262.76953577285,4193.231368053821,-15807.45640679705,-32111.665776395123,-89906.98906725668,-48962.91133975331,2192.385646184557,2192.385646184557,2192.385646184557,2192.385646184557,57314.161751342705,39143.34868519544,45579.22397594864,57314.161751342705
2011-01-10,496.7529628002085,6647.38384666387,-1253.4836969766766,496.7529628002085,-45262.76953577285,4193.231368053821,-15807.45640679705,-32111.665776395123,-89906.98906725668,-48962.91133975331,2192.385646184557,2192.385646184557,2192.385646184557,2192.385646184557,57639.96732172975,39469.154255582485,45905.02954633557,57639.96732172975
2011-01-11,496.7529628002085,6647.38384666387,-1253.4836969766766,496.7529628002085,-45262.76953577285,4193.231368053821,-15807.45640679705,-32111.665776395123,-89906.98906725668,-48962.91133975331,2192.385646184557,2192.385646184557,2192.385646184557,2192.385646184557,57464.111188352574,39293.298122205306,45729.17341295839,57464.111188352574
2011-01-12,496.7529628002085,6647.38384666387,-1253.4836969766766,496.7529628002085,-45262.76953577285,4193.231368053821,-15807.45640679705,-32111.665776395123,-89906.98906725668,-48962.91133975331,2192.385646184557,2192.385646184557,2192.385646184557,2192.385646184557,57473.09167724196,39302.27861109469,45738.15390184778,57473.09167724196
2011-01-13,496.7529628002085,6647.38384666387,-1253.4836969766766,496.7529628002085,-45262.76953577285,4193.231368053821,-15807.45640679705,-32111.665776395123,-89906.98906725668,-48962.91133975331,2192.385646184557,2192.385646184557,2192.385646184557,2192.385646184557,57599.75375636504,39428.940690217656,45864.81598097074,57599.75375636504
2011-01-14,496.7529628002085,6647.38384666387,-1253.4836969766766,496.7529628002085,-45262.76953577285,4193.231368053821,-15807.45640679705,-32111.665776395123,-89906.98906725668,-48962.91133975331,2192.385646184557,2192.385646184557,2192.385646184557,2192.385646184557,57586.6689813775,39415.85591523023,45851.73120598332,57586.6689813775
2011-01-18,496.7529628002085,6647.38384666387,-1253.4836969766766,496.7529628002085,-45262.76953577285,4193.231368053821,-15807.45640679705,-32111.665776395123,-89906.98906725668,-48962.91133975331,2192.385646184557,2192.385646184557,2192.385646184557,2192.385646184557,57768.64243316115,39597.82936701388,46033.70465776697,57768.64243316115
2011-01-19,496.7529628002085,6647.38384666387,-1253.4836969766766,496.7529628002085,-45262.76953577285,4193.231368053821,-15807.45640679705,-32111.665776395123,-89906.98906725668,-48962.91133975331,2192.385646184557,2192.385646184557,2192.385646184557,2192.385646184557,57821.212956462055,39650.399890314904,46086.27518106799,57821.212956462055
2011-01-20,496.7529628002085,6647.38384666387,-1253.4836969766766,496.7529628002085,-45262.76953577285,4193.231368053821,-15807.45640679705,-32111.665776395123,-89906.98906725668,-48962.91133975331,2192.385646184557,2192.385646184557,2192.385646184557,2192.385646184557,57745.37896616361,39574.56590001623,46010.441190769314,57745.37896616361
2011-01-21,496.7529628002085,6647.38384666387,-1253.4836969766766,496.7529628002085,-45262.76953577285,4193.231368053821,-15807.45640679705,-32111.665776395123,-89906.98906725668,-48962.91133975331,2192.385646184557,2192.385646184557,2192.385646184557,2192.385646184557,57676.098583996296,39505.28551784891,45941.160808602,57676.098583996296
2011-01-24,496.7529628002085,6647.38384666387,-1253.4836969766766,496.7529628002085,-45262.76953577285,4193.231368053821,-15807.45640679705,-32111.665776395123,-89906.98906725668,-48962.91133975331,2192.385646184557,2192.385646184557,2192.385646184557,2192.385646184557,57735.172212041216,39564.359145893715,46000.23443664692,57735.172212041216
2011-01-25,496.7529628002085,6647.38384666387,-1253.4836969766766,496.7529628002085,-45262.76953577285,4193.231368053821,-15807.45640679705,-32111.665776395123,-89906.98906725668,-48962.91133975331,2192.385646184557,2192.385646184557,2192.385646184557,2192.385646184557,57778.730235594325,39607.917169446824,46043.79246020003,57778.730235594325
2011-01-26,496.7529628002085,6647.38384666387,-1253.4836969766766,496.7529628002085,-45262.76953577285,4193.231368053821,-15807.45640679705,-32111.665776395123,-89906.98906725668,-48962.91133975331,2192.385646184557,2192.385646184557,2192.385646184557,2192.385646184557,57746.63550619176,39575.82244004437,46011.697730797576,57746.63550619176
2011-01-27,496.7529628002085,6647.38384666387,-1253.4836969766766,496.7529628002085,-45262.76953577285,4193.231368053821,-15807.45640679705,-32111.665776395123,-89906.98906725668,-48962.91133975331,2192.385646184557,2192.385646184557,2192.385646184557,2192.385646184557,57546.27492831298,39375.4618621656,45811.3371529188,57546.27492831298
2011-01-28,496.7529628002085,6647.38384666387,-1253.4836969766766,496.7529628002085,-45262.76953577285,4193.231368053821,-15807.45640679705,-32111.665776395123,-89906.98906725668,-48962.91133975331,2192.385646184557,2192.385646184557,2192.385646184557,2192.385646184557,57831.43630369939,39660.623237552005,46096.49852830521,57831.43630369939
2011-01-31,496.7529628002085,6647.38384666387,-1253.4836969766766,496.7529628002085,-45262.76953577285,4193.231368053821,-15807.45640679705,-32111.665776395123,-89906.98906725668,-48962.91133975331,2192.385646184557,2192.385646184557,2192.385646184557,2192.385646184557,57903.74930308061,39732.93623693299,46168.81152768631,57903.74930308061
2011-02-01,496.7529628002085,6647.38384666387,-1253.4836969766766,496.7529628002085,-45262.76953577285,4193.231368053821,-15807.45640679705,-32111.665776395123,-89906.98906725668,-48962.91133975331,2192.385646184557,2192.385646184557,2192.385646184557,2192.385646184557,57760.051450479776,39589.23838433204,46025.11367508548,57760.051450479776
2011-02-02,496.7529628002085,6647.38384666387,-1253.4836969766766,496.7529628002085,-45262.76953577285,4193.231368053821,-15807.45640679705,-32111.665776395123,-89906.98906725668,-48962.91133975331,2192.385646184557,2192.385646184557,2192.385646184557,2192.385646184557,57893.38448426849,39722.571418120875,46158.446708874195,57893.38448426849
2011-02-03,496.7529628002085,6647.38384666387,-1253.4836969766766,496.7529628002085,-45262.76953577285,4193.231368053821,-15807.45640679705,-32111.665776395123,-89906.98906725668,-48962.91133975331,2192.385646184557,2192.385646184557,2192.385646184557,2192.385646184557,57716.8394191775,39546.02635303,45981.90164378332,57716.8394191775
2011-02-04,496.7529628002085,6647.38384666387,-1253.4836969766766,496.7529628002085,-45262.76953577285,4193.231368053821,-15807.45640679705,-32111.665776395123,-89906.98906725668,-48962.91133975331,2192.385646184557,2192.385646184557,2192.385646184557,2192.385646184557,57720.94063661457,39550.127570467186,45986.00286122039,57720.94063661457
2011-02-07,496.7529628002085,6647.38384666387,-1253.4836969766766,496.7529628002085,-45262.76953577285,4193.231368053821,-15807.45640679705,-32111.665776395123,-89906.98906725668,-48962.91133975331,2192.385646184557,2192.385646184557,2192.385646184557,2192.385646184557,57920.44763581874,39749.63456967147,46185.509860424674,57920.44763581874
2011-02-08,496.7529628002085,6647.38384666387,-1253.4836969766766,496.7529628002085,-45262.76953577285,4193.231368053821,-15807.45640679705,-32111.665776395123,-89906.98906725668,-48962.91133975331,2192.385646184557,2192.385646184557,2192.385646184557,2192.385646184557,57826.64508745377,39655.83202130627,46091.70731205947,57826.64508745377
2011-02-09,496.7529628002085,6647.38384666387,-1253.4836969766766,496.7529628002085,-45262.76953577285,4193.231368053821,-15807.45640679705,-32111.665776395123,-89906.98906725668,-48962.91133975331,2192.385646184557,2192.385646184557,2192.385646184557,2192.385646184557,57923.12824698328,39752.31518083578,46188.1904715891,57923.12824698328
2011-02-10,496.7529628002085,6647.38384666387,-1253.4836969766766,496.7529628002085,-45262.76953577285,4193.231368053821,-15807.45640679705,-32111.665776395123,-89906.98906725668,-48962.91133975331,2192.385646184557,2192.385646184557,2192.385646184557,2192.385646184557,57832.74380799709,39661.93074184959,46097.806032603025,57832.74380799709
2011-02-11,496.7529628002085,6647.38384666387,-1253.4836969766766,496.7529628002085,-45262.76953577285,4193.231368053821,-15807.45640679705,-32111.665776395123,-89906.98906725668,-48962.91133975331,2192.385646184557,2192.385646184557,2192.385646184557,2192.385646184557,57878.48081745324,39707.66775130574,46143.54304205906,57878.48081745324
2011-02-14,496.7529628002085,6647.38384666387,-1253.4836969766766,496.7529628002085,-45262.76953577285,4193.231368053821,-15807.45640679705,-32111.665776395123,-89906.98906725668,-48962.91133975331,2192.385646184557,2192.385646184557,2192.385646184557,2192.385646184557,57803.543503883295,39632.73043773603,46068.60572848923,57803.543503883295
2011-02-15,496.7529628002085,6647.38384666387,-1253.4836969766766,496.7529628002085,-45262.76953577285,4193.231368053821,-15807.45640679705,-32111.665776395123,-89906.98906725668,-48962.91133975331,2192.385646184557,2192.385646184557,2192.385646184557,2192.385646184557,57793.693620693404,39622.88055454602,46058.75584529922,57793.693620693404
2011-02-16,496.7529628002085,6647.38384666387,-1253.4836969766766,496.7529628002085,-45262.76953577285,4193.231368053821,-15807.45640679705,-32111.665776395123,-89906.98906725668,-48962.91133975331,2192.385646184557,2192.385646184557,2192.385646184557,2192.385646184557,57943.120151264826,39772.30708511756,46208.182375870645,57943.120151264826
2011-02-17,496.7529628002085,6647.38384666387,-1253.4836969766766,496.7529628002085,-45262.76953577285,4193.231368053821,-15807.45640679705,-32111.665776395123,-89906.98906725668,-48962.91133975331,2192.385646184557,2192.385646184557,2192.385646184557,2192.385646184557,57860.63568425737,39689.822618110105,46125.697908863076,57860.63568425737
2011-02-18,496.7529628002085,6647.38384666387,-1253.4836969766766,496.7529628002085,-45262.76953577285,4193.231368053821,-15807.45640679705,-32111.665776395123,-89906.98906725668,-48962.91133975331,2192.385646184557,2192.385646184557,2192.385646184557,2192.385646184557,57823.695193735184,39652.882127587916,46088.757418341,57823.695193735184
2011-02-22,496.7529628002085,6647.38384666387,-1253.4836969766766,496.7529628002085,-45262.76953577285,4193.231368053821,-15807.45640679705,-32111.665776395123,-89906.98906725668,-48962.91133975331,2192.385646184557,2192.385646184557,2192.385646184557,2192.385646184557,57823.695193735184,39652.882127587916,46088.757418341,57823.695193735184
2011-02-23,496.7529628002085,6647.38384666387,-1253.4836969766766,496.7529628002085,-45262.76953577285,4193.231368053821,-15807.45640679705,-32111.665776395123,-89906.98906725668,-48962.91133975331,2192.385646184557,2192.385646184557,2192.385646184557,2192.385646184557,57823.695193735184,39652.882127587916,46088.757418341,57823.695193735184
2011-02-24,496.7529628002085,6647.38384666387,-1253.4836969766766,496.7529628002085,-45262.76953577285,4193.231368053821,-15807.45640679705,-32111.665776395123,-89906.98906725668,-48962.91133975331,2192.385646184557,2192.385646184557,2192.385646184557,2192.385646184557,57823.695193735184,39652.882127587916,46088.757418341,57823.695193735184
2011-02-25,496.7529628002085,6647.38384666387,-1253.4836969766766,496.7529628002085,-45262.76953577285,4193.231368053821,-15807.45640679705,-32111.665776395123,-89906.98906725668,-48962.91133975331,2192.385646184557,2192.385646184557,2192.385646184557,2192.385646184557,57823.695193735184,39652.882127587916,46088.757418341,57823.695193735184
2011-02-28,496.7529628002085,6647.38384666387,-1253.4836969766766,496.7529628002085,-45262.76953577285,4193.231368053821,-15807.45640679705,-32111.665776395123,-89906.98906725668,-48962.91133975331,2192.385646184557,2192.385646184557,2192.385646184557,2192.385646184557,57823.695193735184,39652.882127587916,46088.757418341,57823.695193735184
2011-03-01,496.7529628002085,6647.38384666387,-1253.4836969766766,496.7529628002085,-45262.76953577285,4193.231368053821,-15807.45640679705,-32111.665776395123,-89906.98906725668,-48962.91133975331,2192.385646184557,2192.385646184557,2192.385646184557,2192.385646184557,57823.695193735184,39652.882127587916,46088.757418341,57823.695193735184
2011-03-02,496.7529628002085,6647.38384666387,-1253.4836969766766,496.7529628002085,-45262.76953577285,4193.231368053821,-15807.45640679705,-32111.665776395123,-89906.98906725668,-48962.91133975331,2192.385646184557,2192.385646184557,2192.385646184557,2192.385646184557,57823.695193735184,39652.882127587916,46088.757418341,57823.695193735184
2011-03-03,496.7529628002085,6647.38384666387,-1253.4836969766766,496.7529628002085,-45262.76953577285,4193.231368053821,-15807.45640679705,-32111.665776395123,-89906.98906725668,-48962.91133975331,2192.385646184557,2192.385646184557,2192.385646184557,2192.385646184557,57823.695193735184,39652.882127587916,46088.757418341,57823.695193735184
2011-03-04,496.7529628002085,6647.38384666387,-1253.4836969766766,496.7529628002085,-45262.76953577285,4193.231368053821,-15807.45640679705,-32111.665776395123,-89906.98906725668,-48962.91133975331,2192.385646184557,2192.385646184557,2192.385646184557,2192.385646184557,57823.695193735184,39652.882127587916,46088.757418341,57823.695193735184
2011-03-07,496.7529628002085,6647.38384666387,-1253.4836969766766,496.7529628002085,-45262.76953577285,4193.231368053821,-15807.45640679705,-32111.665776395123,-89906.98906725668,-48962.91133975331,2192.385646184557,2192.385646184557,2192.385646184557,2192.385646184557,57823.695193735184,39652.882127587916,46088.757418341,57823.695193735184
2011-03-08,496.7529628002085,6647.38384666387,-1253.4836969766766,496.7529628002085,-45262.76953577285,4193.231368053821,-15807.45640679705,-32111.665776395123,-89906.98906725668,-48962.91133975331,2192.385646184557,2192.385646184557,2192.385646184557,2192.385646184557,57823.695193735184,39652.882127587916,46088.757418341,57823.695193735184
2011-03-09,496.7529628002085,6647.38384666387,-1253.4836969766766,496.7529628002085,-45262.76953577285,4193.231368053821,-15807.45640679705,-32111.665776395123,-89906.98906725668,-48962.91133975331,2192.385646184557,2192.385646184557,2192.385646184557,2192.385646184557,57823.695193735184,39652.882127587916,46088.757418341,57823.695193735184
2011-03-10,496.7529628002085,6647.38384666387,-1253.4836969766766,496.7529628002085,-45262.76953577285,4193.231368053821,-15807.45640679705,-32111.665776395123,-89906.98906725668,-48962.91133975331,2192.385646184557,2192.385646184557,2192.385646184557,2192.385646184557,57823.695193735184,39652.882127587916,46088.757418341,57823.695193735184
2011-03-11,496.7529628002085,6647.38384666387,-1253.4836969766766,496.7529628002085,-45262.76953577285,4193.231368053821,-15807.45640679705,-32111.665776395123,-89906.98906725668,-48962.91133975331,2192.385646184557,2192.385646184557,2192.385646184557,2192.385646184557,57823.695193735184,39652.882127587916,46088.757418341,57823.695193735184
2011-03-14,496.7529628002085,6647.38384666387,-1253.4836969766766,496.7529628002085,-45262.76953577285,4193.231368053821,-15807.45640679705,-32111.665776395123,-89906.98906725668,-48962.91133975331,2192.385646184557,2192.385646184557,2192.385646184557,2192.385646184557,57823.695193735184,39652.882127587916,46088.757418341,57823.695193735184
2011-03-15,496.7529628002085,6647.38384666387,-1253.4836969766766,496.7529628002085,-45262.76953577285,4193.231368053821,-15807.45640679705,-32111.665776395123,-89906.98906725668,-48962.91133975331,2192.385646184557,2192.385646184557,2192.385646184557,2192.385646184557,57823.695193735184,39652.882127587916,46088.757418341,57823.695193735184
2011-03-16,496.7529628002085,6647.38384666387,-1253.4836969766766,496.7529628002085,-45262.76953577285,4193.231368053821,-15807.45640679705,-32111.665776395123,-89906.98906725668,-48962.91133975331,2192.385646184557,2192.385646184557,2192.385646184557,2192.385646184557,57823.695193735184,39652.882127587916,46088.757418341,57823.695193735184
2011-03-17,496.7529628002085,6647.38384666387,-1253.4836969766766,496.7529628002085,-45262.76953577285,4193.231368053821,-15807.45640679705,-32111.665776395123,-89906.98906725668,-48962.91133975331,2192.385646184557,2192.385646184557,2192.385646184557,2192.385646184557,57823.695193735184,39652.882127587916,46088.757418341,57823.695193735184
2011-03-18,496.7529628002085,6647.38384666387,-1253.4836969766766,496.7529628002085,-45262.76953577285,4193.231368053821,-15807.45640679705,-32111.665776395123,-89906.98906725668,-48962.91133975331,2192.385646184557,2192.385646184557,2192.385646184557,2192.385646184557,57823.695193735184,39652.882127587916,46088.757418341,57823.695193735184
2011-03-21,496.7529628002085,6647.38384666387,-1253.4836969766766,496.7529628002085,-45262.76953577285,4193.231368053821,-15807.45640679705,-32111.665776395123,-89906.98906725668,-48962.91133975331,2192.385646184557,2192.385646184557,2192.385646184557,2192.385646184557,57828.889003296616,39658.075937149115,46093.9512279022,57828.889003296616
2011-03-22,496.7529628002085,6647.38384666387,-1253.4836969766766,496.7529628002085,-45262.76953577285,4193.231368053821,-15807.45640679705,-32111.665776395123,-89906.98906725668,-48962.91133975331,2192.385646184557,2192.385646184557,2192.385646184557,2192.385646184557,57827.02783363615,39656.214767488535,46092.09005824162,57827.02783363615
2011-03-23,496.7529628002085,6647.38384666387,-1253.4836969766766,496.7529628002085,-45262.76953577285,4193.231368053821,-15807.45640679705,-32111.665776395123,-89906.98906725668,-48962.91133975331,2192.385646184557,2192.385646184557,2192.385646184557,2192.385646184557,57864.5967691245,39693.78370297712,46129.658993730205,57864.5967691245
2011-03-24,496.7529628002085,6647.38384666387,-1253.4836969766766,496.7529628002085,-45262.76953577285,4193.231368053821,-15807.45640679705,-32111.665776395123,-89906.98906725668,-48962.91133975331,2192.385646184557,2192.385646184557,2192.385646184557,2192.385646184557,57855.72534261248,39684.912276464864,46120.78756721795,57855.72534261248
2011-03-25,496.7529628002085,6647.38384666387,-1253.4836969766766,496.7529628002085,-45262.76953577285,4193.231368053821,-15807.45640679705,-32111.665776395123,-89906.98906725668,-48962.91133975331,2192.385646184557,2192.385646184557,2192.385646184557,2192.385646184557,57712.110306103015,39541.297239955515,45977.1725307086,57712.110306103015
2011-03-28,496.7529628002085,6647.38384666387,-1253.4836969766766,496.7529628002085,-45262.76953577285,4193.231368053821,-15807.45640679705,-32111.665776395123,-89906.98906725668,-48962.91133975331,2192.385646184557,2192.385646184557,2192.385646184557,2192.385646184557,57813.87789795548,39643.06483180786,46078.94012256095,57813.87789795548
2011-03-29,496.7529628002085,6647.38384666387,-1253.4836969766766,496.7529628002085,-45262.76953577285,4193.231368053821,-15807.45640679705,-32111.665776395123,-89906.98906725668,-48962.91133975331,2192.385646184557,2192.385646184557,2192.385646184557,2192.385646184557,57910.36938546738,39739.556319319876,46175.43161007296,57910.36938546738
2011-03-30,496.7529628002085,6647.38384666387,-1253.4836969766766,496.7529628002085,-45262.76953577285,4193.231368053821,-15807.45640679705,-32111.665776395123,-89906.98906725668,-48962.91133975331,2192.385646184557,2192.385646184557,2192.385646184557,2192.385646184557,57961.81511538313,39791.00204923551,46226.8773399886,57961.81511538313
2011-03-31,496.7529628002085,6647.38384666387,-1253.4836969766766,496.7529628002085,-45262.76953577285,4193.231368053821,-15807.45640679705,-32111.665776395123,-89906.98906725668,-48962.91133975331,2192.385646184557,2192.385646184557,2192.385646184557,2192.385646184557,57957.716790057486,39786.903723909985,46222.77901466307,57957.716790057486
2011-04-01,496.7529628002085,6647.38384666387,-1253.4836969766766,496.7529628002085,-45262.76953577285,4193.231368053821,-15807.45640679705,-32111.665776395123,-89906.98906725668,-48962.91133975331,2192.385646184557,2192.385646184557,2192.385646184557,2192.385646184557,57968.53145925817,39797.71839311067,46233.59368386376,57968.53145925817
2011-04-04,496.7529628002085,6647.38384666387,-1253.4836969766766,496.7529628002085,-45262.76953577285,4193.231368053821,-15807.45640679705,-32111.665776395123,-89906.98906725668,-48962.91133975331,2192.385646184557,2192.385646184557,2192.385646184557,2192.385646184557,57972.40558434813,39801.592518200865,46237.46780895395,57972.40558434813
2011-04-05,496.7529628002085,6647.38384666387,-1253.4836969766766,496.7529628002085,-45262.76953577285,4193.231368053821,-15807.45640679705,-32111.665776395123,-89906.98906725668,-48962.91133975331,2192.385646184557,2192.385646184557,2192.385646184557,2192.385646184557,57947.6461296489,39776.83306350163,46212.70835425472,57947.6461296489
2011-04-06,496.7529628002085,6647.38384666387,-1253.4836969766766,496.7529628002085,-45262.76953577285,4193.231368053821,-15807.45640679705,-32111.665776395123,-89906.98906725668,-48962.91133975331,2192.385646184557,2192.385646184557,2192.385646184557,2192.385646184557,57802.93894154369,39632.12587539642,46068.00116614951,57802.93894154369
2011-04-07,496.7529628002085,6647.38384666387,-1253.4836969766766,496.7529628002085,-45262.76953577285,4193.231368053821,-15807.45640679705,-32111.665776395123,-89906.98906725668,-48962.91133975331,2192.385646184557,2192.385646184557,2192.385646184557,2192.385646184557,57861.26594534144,39690.45287919429,46126.328169947374,57861.26594534144
2011-04-08,496.7529628002085,6647.38384666387,-1253.4836969766766,496.7529628002085,-45262.76953577285,4193.231368053821,-15807.45640679705,-32111.665776395123,-89906.98906725668,-48962.91133975331,2192.385646184557,2192.385646184557,2192.385646184557,2192.385646184557,57703.90286802221,39533.08980187506,45968.96509262815,57703.90286802221
2011-04-11,496.7529628002085,6647.38384666387,-1253.4836969766766,496.7529628002085,-45262.76953577285,4193.231368053821,-15807.45640679705,-32111.665776395123,-89906.98906725668,-48962.91133975331,2192.385646184557,2192.385646184557,2192.385646184557,2192.385646184557,57832.727989986306,39661.91492383927,46097.79021459236,57832.727989986306
2011-04-12,496.7529628002085,6647.38384666387,-1253.4836969766766,496.7529628002085,-45262.76953577285,4193.231368053821,-15807.45640679705,-32111.665776395123,-89906.98906725668,-48962.91133975331,2192.385646184557,2192.385646184557,2192.385646184557,2192.385646184557,57753.62324019079,39582.81017404364,46018.68546479673,57753.62324019079
2011-04-13,496.7529628002085,6647.38384666387,-1253.4836969766766,496.7529628002085,-45262.76953577285,4193.231368053821,-15807.45640679705,-32111.665776395123,-89906.98906725668,-48962.91133975331,2192.385646184557,2192.385646184557,2192.385646184557,2192.385646184557,57780.83323099278,39610.020164845395,46045.89545559848,57780.83323099278
2011-04-14,496.7529628002085,6647.38384666387,-1253.4836969766766,496.7529628002085,-45262.76953577285,4193.231368053821,-15807.45640679705,-32111.665776395123,-89906.98906725668,-48962.91133975331,2192.385646184557,2192.385646184557,2192.385646184557,2192.385646184557,57658.37388548418,39487.560819336795,45923.43611008988,57658.37388548418
2011-04-15,496.7529628002085,6647.38384666387,-1253.4836969766766,496.7529628002085,-45262.76953577285,4193.231368053821,-15807.45640679705,-32111.665776395123,-89906.98906725668,-48962.91133975331,2192.385646184557,2192.385646184557,2192.385646184557,2192.385646184557,57454.519896351965,39283.706830204814,45719.5821209579,57454.519896351965
2011-04-18,496.7529628002085,6647.38384666387,-1253.4836969766766,496.7529628002085,-45262.76953577285,4193.231368053821,-15807.45640679705,-32111.665776395123,-89906.98906725668,-48962.91133975331,2192.385646184557,2192.385646184557,2192.385646184557,2192.385646184557,57583.436528109945,39412.62346196291,45848.498752715765,57583.436528109945
2011-04-19,496.7529628002085,6647.38384666387,-1253.4836969766766,496.7529628002085,-45262.76953577285,4193.231368053821,-15807.45640679705,-32111.665776395123,-89906.98906725668,-48962.91133975331,2192.385646184557,2192.385646184557,2192.385646184557,2192.385646184557,57668.93860481493,39498.12553866801,45934.00082942087,57668.93860481493
2011-04-20,496.7529628002085,6647.38384666387,-1253.4836969766766,496.7529628002085,-45262.76953577285,4193.231368053821,-15807.45640679705,-32111.665776395123,-89906.98906725668,-48962.91133975331,2192.385646184557,2192.385646184557,2192.385646184557,2192.385646184557,57246.62068487308,39075.807618726045,45511.6829094789,57246.62068487308
2011-04-21,496.7529628002085,6647.38384666387,-1253.4836969766766,496.7529628002085,-45262.76953577285,4193.231368053821,-15807.45640679705,-32111.665776395123,-89906.98906725668,-48962.91133975331,2192.385646184557,2192.385646184557,2192.385646184557,2192.385646184557,57153.53074132232,38982.717675175285,45418.59296592814,57153.53074132232
2011-04-25,496.7529628002085,6647.38384666387,-1253.4836969766766,496.7529628002085,-45262.76953577285,4193.231368053821,-15807.45640679705,-32111.665776395123,-89906.98906725668,-48962.91133975331,2192.385646184557,2192.385646184557,2192.385646184557,2192.385646184557,57380.74588233093,39209.93281618378,45645.80810693675,57380.74588233093
2011-04-26,496.7529628002085,6647.38384666387,-1253.4836969766766,496.7529628002085,-45262.76953577285,4193.231368053821,-15807.45640679705,-32111.665776395123,-89906.98906725668,-48962.91133975331,2192.385646184557,2192.385646184557,2192.385646184557,2192.385646184557,57281.68398584891,39110.87091970164,45546.74621045473,57281.68398584891
2011-04-27,496.7529628002085,6647.38384666387,-1253.4836969766766,496.7529628002085,-45262.76953577285,4193.231368053821,-15807.45640679705,-32111.665776395123,-89906.98906725668,-48962.91133975331,2192.385646184557,2192.385646184557,2192.385646184557,2192.385646184557,57234.19722185866,39063.384155711276,45499.25944646448,57234.19722185866
2011-04-28,496.7529628002085,6647.38384666387,-1253.4836969766766,496.7529628002085,-45262.76953577285,4193.231368053821,-15807.45640679705,-32111.665776395123,-89906.98906725668,-48962.91133975331,2192.385646184557,2192.385646184557,2192.385646184557,2192.385646184557,56864.75140094105,38693.938334793784,45129.81362554687,56864.75140094105
2011-04-29,496.7529628002085,6647.38384666387,-1253.4836969766766,496.7529628002085,-45262.76953577285,4193.231368053821,-15807.45640679705,-32111.665776395123,-89906.98906725668,-48962.91133975331,2192.385646184557,2192.385646184557,2192.385646184557,2192.385646184557,56762.058647396276,38591.24558124901,45027.120872002095,56762.058647396276
2011-05-02,496.7529628002085,6647.38384666387,-1253.4836969766766,496.7529628002085,-45262.76953577285,4193.231368053821,-15807.45640679705,-32111.665776395123,-89906.98906725668,-48962.91133975331,2192.385646184557,2192.385646184557,2192.385646184557,2192.385646184557,57183.565636832966,39012.7525706857,45448.62786143867,57183.565636832966
2011-05-03,496.7529628002085,6647.38384666387,-1253.4836969766766,496.7529628002085,-45262.76953577285,4193.231368053821,-15807.45640679705,-32111.665776395123,-89906.98906725668,-48962.91133975331,2192.385646184557,2192.385646184557,2192.385646184557,2192.385646184557,56936.049912736285,38765.236846589134,45201.112137342105,56936.049912736285
2011-05-04,496.7529628002085,6647.38384666387,-1253.4836969766766,496.7529628002085,-45262.76953577285,4193.231368053821,-15807.45640679705,-32111.665776395123,-89906.98906725668,-48962.91133975331,2192.385646184557,2192.385646184557,2192.385646184557,2192.385646184557,56851.254167789826,38680.44110164256,45116.316392395645,56851.254167789826
2011-05-05,496.7529628002085,6647.38384666387,-1253.4836969766766,496.7529628002085,-45262.76953577285,4193.231368053821,-15807.45640679705,-32111.665776395123,-89906.98906725668,-48962.91133975331,2192.385646184557,2192.385646184557,2192.385646184557,2192.385646184557,56589.36653867876,38418.55347253126,44854.428763284464,56589.36653867876
2011-05-06,496.7529628002085,6647.38384666387,-1253.4836969766766,496.7529628002085,-45262.76953577285,4193.231368053821,-15807.45640679705,-32111.665776395123,-89906.98906725668,-48962.91133975331,2192.385646184557,2192.385646184557,2192.385646184557,2192.385646184557,56868.62212017132,38697.80905402382,45133.68434477702,56868.62212017132
2011-05-09,496.7529628002085,6647.38384666387,-1253.4836969766766,496.7529628002085,-45262.76953577285,4193.231368053821,-15807.45640679705,-32111.665776395123,-89906.98906725668,-48962.91133975331,2192.385646184557,2192.385646184557,2192.385646184557,2192.385646184557,57568.211282483535,39397.39821633638,45833.27350708947,57568.211282483535
2011-05-10,496.7529628002085,6647.38384666387,-1253.4836969766766,496.7529628002085,-45262.76953577285,4193.231368053821,-15807.45640679705,-32111.665776395123,-89906.98906725668,-48962.91133975331,2192.385646184557,2192.385646184557,2192.385646184557,2192.385646184557,57640.054798936704,39469.24173278955,45905.11702354252,57640.054798936704
2011-05-11,496.7529628002085,6647.38384666387,-1253.4836969766766,496.7529628002085,-45262.76953577285,4193.231368053821,-15807.45640679705,-32111.665776395123,-89906.98906725668,-48962.91133975331,2192.385646184557,2192.385646184557,2192.385646184557,2192.385646184557,57089.14165924955,38918.32859310263,45354.20388385549,57089.14165924955
2011-05-12,496.7529628002085,6647.38384666387,-1253.4836969766766,496.7529628002085,-45262.76953577285,4193.231368053821,-15807.45640679705,-32111.665776395123,-89906.98906725668,-48962.91133975331,2192.385646184557,2192.385646184557,2192.385646184557,2192.385646184557,56542.30885308189,38371.495786934625,44807.371077687596,56542.30885308189
2011-05-13,496.7529628002085,6647.38384666387,-1253.4836969766766,496.7529628002085,-45262.76953577285,4193.231368053821,-15807.45640679705,-32111.665776395123,-89906.98906725668,-48962.91133975331,2192.385646184557,2192.385646184557,2192.385646184557,2192.385646184557,56597.60377971828,38426.790713571245,44862.666004324215,56597.60377971828
2011-05-16,496.7529628002085,6647.38384666387,-1253.4836969766766,496.7529628002085,-45262.76953577285,4193.231368053821,-15807.45640679705,-32111.665776395123,-89906.98906725668,-48962.91133975331,2192.385646184557,2192.385646184557,2192.385646184557,2192.385646184557,56405.32558014267,38234.51251399552,44670.387804748374,56405.32558014267
2011-05-17,496.7529628002085,6647.38384666387,-1253.4836969766766,496.7529628002085,-45262.76953577285,4193.231368053821,-15807.45640679705,-32111.665776395123,-89906.98906725668,-48962.91133975331,2192.385646184557,2192.385646184557,2192.385646184557,2192.385646184557,56634.829406589735,38464.0163404427,44899.891631195555,56634.829406589735
2011-05-18,496.7529628002085,6647.38384666387,-1253.4836969766766,496.7529628002085,-45262.76953577285,4193.231368053821,-15807.45640679705,-32111.665776395123,-89906.98906725668,-48962.91133975331,2192.385646184557,2192.385646184557,2192.385646184557,2192.385646184557,57220.48176163365,39049.668695486616,45485.54398623947,57220.48176163365
2011-05-19,496.7529628002085,6647.38384666387,-1253.4836969766766,496.7529628002085,-45262.76953577285,4193.231368053821,-15807.45640679705,-32111.665776395123,-89906.98906725668,-48962.91133975331,2192.385646184557,2192.385646184557,2192.385646184557,2192.385646184557,57381.70736404392,39210.89429789665,45646.76958864962,57381.70736404392
2011-05-20,496.7529628002085,6647.38384666387,-1253.4836969766766,496.7529628002085,-45262.76953577285,4193.231368053821,-15807.45640679705,-32111.665776395123,-89906.98906725668,-48962.91133975331,2192.385646184557,2192.385646184557,2192.385646184557,2192.385646184557,57062.08640752407,38891.27334137692,45327.14863212989,57062.08640752407
2011-05-23,496.7529628002085,6647.38384666387,-1253.4836969766766,496.7529628002085,-45262.76953577285,4193.231368053821,-15807.45640679705,-32111.665776395123,-89906.98906725668,-48962.91133975331,2192.385646184557,2192.385646184557,2192.385646184557,2192.385646184557,57078.84788914514,38908.03482299787,45343.91011375084,57078.84788914514
2011-05-24,496.7529628002085,6647.38384666387,-1253.4836969766766,496.7529628002085,-45262.76953577285,4193.231368053821,-15807.45640679705,-32111.665776395123,-89906.98906725668,-48962.91133975331,2192.385646184557,2192.385646184557,2192.385646184557,2192.385646184557,57090.32683492638,38919.51376877923,45355.3890595322,57090.32683492638
2011-05-25,496.7529628002085,6647.38384666387,-1253.4836969766766,496.7529628002085,-45262.76953577285,4193.231368053821,-15807.45640679705,-32111.665776395123,-89906.98906725668,-48962.91133975331,2192.385646184557,2192.385646184557,2192.385646184557,2192.385646184557,57093.68967211014,38922.876605962985,45358.751896715956,57093.68967211014
2011-05-26,496.7529628002085,6647.38384666387,-1253.4836969766766,496.7529628002085,-45262.76953577285,4193.231368053821,-15807.45640679705,-32111.665776395123,-89906.98906725668,-48962.91133975331,2192.385646184557,2192.385646184557,2192.385646184557,2192.385646184557,57113.324721720535,38942.51165557327,45378.38694632624,57113.324721720535
2011-05-27,496.7529628002085,6647.38384666387,-1253.4836969766766,496.7529628002085,-45262.76953577285,4193.231368053821,-15807.45640679705,-32111.665776395123,-89906.98906725668,-48962.91133975331,2192.385646184557,2192.385646184557,2192.385646184557,2192.385646184557,57122.65745724924,38951.84439110197,45387.71968185494,57122.65745724924
2011-05-31,496.7529628002085,6647.38384666387,-1253.4836969766766,496.7529628002085,-45262.76953577285,4193.231368053821,-15807.45640679705,-32111.665776395123,-89906.98906725668,-48962.91133975331,2192.385646184557,2192.385646184557,2192.385646184557,2192.385646184557,57161.990846531466,38991.1777803842,45427.05307113717,57161.990846531466
2011-06-01,496.7529628002085,6647.38384666387,-1253.4836969766766,496.7529628002085,-45262.76953577285,4193.231368053821,-15807.45640679705,-32111.665776395123,-89906.98906725668,-48962.91133975331,2192.385646184557,2192.385646184557,2192.385646184557,2192.385646184557,57221.459577855654,39050.6465117085,45486.52180246147,57221.459577855654
2011-06-02,496.7529628002085,6647.38384666387,-1253.4836969766766,496.7529628002085,-45262.76953577285,4193.231368053821,-15807.45640679705,-32111.665776395123,-89906.98906725668,-48962.91133975331,2192.385646184557,2192.385646184557,2192.385646184557,2192.385646184557,57221.13806305593,39050.32499690878,45486.20028766175,57221.13806305593
2011-06-03,496.7529628002085,6647.38384666387,-1253.4836969766766,496.7529628002085,-45262.76953577285,4193.231368053821,-15807.45640679705,-32111.665776395123,-89906.98906725668,-48962.91133975331,2192.385646184557,2192.385646184557,2192.385646184557,2192.385646184557,57193.26278651017,39022.4497203629,45458.32501111587,57193.26278651017
2011-06-06,496.7529628002085,6647.38384666387,-1253.4836969766766,496.7529628002085,-45262.76953577285,4193.231368053821,-15807.45640679705,-32111.665776395123,-89906.98906725668,-48962.91133975331,2192.385646184557,2192.385646184557,2192.385646184557,2192.385646184557,57262.232305267826,39091.419239120674,45527.294529873645,57262.232305267826
2011-06-07,496.7529628002085,6647.38384666387,-1253.4836969766766,496.7529628002085,-45262.76953577285,4193.231368053821,-15807.45640679705,-32111.665776395123,-89906.98906725668,-48962.91133975331,2192.385646184557,2192.385646184557,2192.385646184557,2192.385646184557,57283.661005625734,39112.847939478816,45548.723230231786,57283.661005625734
2011-06-08,496.7529628002085,6647.38384666387,-1253.4836969766766,496.7529628002085,-45262.76953577285,4193.231368053821,-15807.45640679705,-32111.665776395123,-89906.98906725668,-48962.91133975331,2192.385646184557,2192.385646184557,2192.385646184557,2192.385646184557,57370.214231394464,39199.401165247546,45635.276456000516,57370.214231394464
2011-06-09,496.7529628002085,6647.38384666387,-1253.4836969766766,496.7529628002085,-45262.76953577285,4193.231368053821,-15807.45640679705,-32111.665776395123,-89906.98906725668,-48962.91133975331,2192.385646184557,2192.385646184557,2192.385646184557,2192.385646184557,57305.66774525121,39134.85467910429,45570.72996985726,57305.66774525121
2011-06-10,496.7529628002085,6647.38384666387,-1253.4836969766766,496.7529628002085,-45262.76953577285,4193.231368053821,-15807.45640679705,-32111.665776395123,-89906.98906725668,-48962.91133975331,2192.385646184557,2192.385646184557,2192.385646184557,2192.385646184557,57366.35873303306,39195.54566688626,45631.42095763923,57366.35873303306
2011-06-13,496.7529628002085,6647.38384666387,-1253.4836969766766,496.7529628002085,-45262.76953577285,4193.231368053821,-15807.45640679705,-32111.665776395123,-89906.98906725668,-48962.91133975331,2192.385646184557,2192.385646184557,2192.385646184557,2192.385646184557,57444.40796772367,39273.59490157652,45709.47019232949,57444.40796772367
2011-06-14,496.7529628002085,6647.38384666387,-1253.4836969766766,496.7529628002085,-45262.76953577285,4193.231368053821,-15807.45640679705,-32111.665776395123,-89906.98906725668,-48962.91133975331,2192.385646184557,2192.385646184557,2192.385646184557,2192.385646184557,57469.698050489416,39298.884984342265,45734.760275095236,57469.698050489416
2011-06-15,496.7529628002085,6647.38384666387,-1253.4836969766766,496.7529628002085,-45262.76953577285,4193.231368053821,-15807.45640679705,-32111.665776395123,-89906.98906725668,-48962.91133975331,2192.385646184557,2192.385646184557,2192.385646184557,2192.385646184557,57532.30614295625,39361.4930768091,45797.36836756207,57532.30614295625
2011-06-16,496.7529628002085,6647.38384666387,-1253.4836969766766,496.7529628002085,-45262.76953577285,4193.231368053821,-15807.45640679705,-32111.665776395123,-89906.98906725668,-48962.91133975331,2192.385646184557,2192.385646184557,2192.385646184557,2192.385646184557,57631.54975311179,39460.736686964636,45896.611977717606,57631.54975311179
2011-06-17,496.7529628002085,6647.38384666387,-1253.4836969766766,496.7529628002085,-45262.76953577285,4193.231368053821,-15807.45640679705,-32111.665776395123,-89906.98906725668,-48962.91133975331,2192.385646184557,2192.385646184557,2192.385646184557,2192.385646184557,57761.99538159394,39591.182315446786,46027.057606199756,57761.99538159394
2011-06-20,496.7529628002085,6647.38384666387,-1253.4836969766766,496.7529628002085,-45262.76953577285,4193.231368053821,-15807.45640679705,-32111.665776395123,-89906.98906725668,-48962.91133975331,2192.385646184557,2192.385646184557,2192.385646184557,2192.385646184557,57778.494518152205,39607.681452005054,46043.556742758024,57778.494518152205
2011-06-21,496.7529628002085,6647.38384666387,-1253.4836969766766,496.7529628002085,-45262.76953577285,4193.231368053821,-15807.45640679705,-32111.665776395123,-89906.98906725668,-48962.91133975331,2192.385646184557,2192.385646184557,2192.385646184557,2192.385646184557,57788.53247815417,39617.71941200702,46053.59470275999,57788.53247815417
2011-06-22,496.7529628002085,6647.38384666387,-1253.4836969766766,496.7529628002085,-45262.76953577285,4193.231368053821,-15807.45640679705,-32111.665776395123,-89906.98906725668,-48962.91133975331,2192.385646184557,2192.385646184557,2192.385646184557,2192.385646184557,57821.00377781247,39650.19071166543,46086.0660024184,57821.00377781247
2011-06-23,496.7529628002085,6647.38384666387,-1253.4836969766766,496.7529628002085,-45262.76953577285,4193.231368053821,-15807.45640679705,-32111.665776395123,-89906.98906725668,-48962.91133975331,2192.385646184557,2192.385646184557,2192.385646184557,2192.385646184557,57602.81019421527,39431.99712806812,45867.87241882109,57602.81019421527
2011-06-24,496.7529628002085,6647.38384666387,-1253.4836969766766,496.7529628002085,-45262.76953577285,4193.231368053821,-15807.45640679705,-32111.665776395123,-89906.98906725668,-48962.91133975331,2192.385646184557,2192.385646184557,2192.385646184557,2192.385646184557,57711.91632077843,39541.10325463116,45976.97854538413,57711.91632077843
2011-06-27,496.7529628002085,6647.38384666387,-1253.4836969766766,496.7529628002085,-45262.76953577285,4193.231368053821,-15807.45640679705,-32111.665776395123,-89906.98906725668,-48962.91133975331,2192.385646184557,2192.385646184557,2192.385646184557,2192.385646184557,57884.81423657155,39714.001170424395,46149.876461177366,57884.81423657155
2011-06-28,496.7529628002085,6647.38384666387,-1253.4836969766766,496.7529628002085,-45262.76953577285,4193.231368053821,-15807.45640679705,-32111.665776395123,-89906.98906725668,-48962.91133975331,2192.385646184557,2192.385646184557,2192.385646184557,2192.385646184557,57951.122137500905,39780.30907135375,46216.184362106724,57951.122137500905
2011-06-29,496.7529628002085,6647.38384666387,-1253.4836969766766,496.7529628002085,-45262.76953577285,4193.231368053821,-15807.45640679705,-32111.665776395123,-89906.98906725668,-48962.91133975331,2192.385646184557,2192.385646184557,2192.385646184557,2192.385646184557,57961.599184315884,39790.78611816885,46226.66140892182,57961.599184315884
2011-06-30,496.7529628002085,6647.38384666387,-1253.4836969766766,496.7529628002085,-45262.76953577285,4193.231368053821,-15807.45640679705,-32111.665776395123,-89906.98906725668,-48962.91133975331,2192.385646184557,2192.385646184557,2192.385646184557,2192.385646184557,57920.70356482081,39749.890498673776,46185.76578942675,57920.70356482081
2011-07-01,496.7529628002085,6647.38384666387,-1253.4836969766766,496.7529628002085,-45262.76953577285,4193.231368053821,-15807.45640679705,-32111.665776395123,-89906.98906725668,-48962.91133975331,2192.385646184557,2192.385646184557,2192.385646184557,2192.385646184557,57918.771596749546,39747.95853060228,46183.83382135525,57918.771596749546
2011-07-05,496.7529628002085,6647.38384666387,-1253.4836969766766,496.7529628002085,-45262.76953577285,4193.231368053821,-15807.45640679705,-32111.665776395123,-89906.98906725668,-48962.91133975331,2192.385646184557,2192.385646184557,2192.385646184557,2192.385646184557,58005.48321715719,39834.670151010156,46270.545441763126,58005.48321715719
2011-07-06,496.7529628002085,6647.38384666387,-1253.4836969766766,496.7529628002085,-45262.76953577285,4193.231368053821,-15807.45640679705,-32111.665776395123,-89906.98906725668,-48962.91133975331,2192.385646184557,2192.385646184557,2192.385646184557,2192.385646184557,57978.9741284186,39808.16106227157,46244.03635302454,57978.9741284186
2011-07-07,496.7529628002085,6647.38384666387,-1253.4836969766766,496.7529628002085,-45262.76953577285,4193.231368053821,-15807.45640679705,-32111.665776395123,-89906.98906725668,-48962.91133975331,2192.385646184557,2192.385646184557,2192.385646184557,2192.385646184557,58077.044775329065,39906.23170918203,46342.106999934884,58077.044775329065
2011-07-08,496.7529628002085,6647.38384666387,-1253.4836969766766,496.7529628002085,-45262.76953577285,4193.231368053821,-15807.45640679705,-32111.665776395123,-89906.98906725668,-48962.91133975331,2192.385646184557,2192.385646184557,2192.385646184557,2192.385646184557,58095.59559244104,39924.782526294,46360.65781704697,58095.59559244104
2011-07-11,496.7529628002085,6647.38384666387,-1253.4836969766766,496.7529628002085,-45262.76953577285,4193.231368053821,-15807.45640679705,-32111.665776395123,-89906.98906725668,-48962.91133975331,2192.385646184557,2192.385646184557,2192.385646184557,2192.385646184557,58030.27319744113,39859.46013129433,46295.3354220473,58030.27319744113
2011-07-12,496.7529628002085,6647.38384666387,-1253.4836969766766,496.7529628002085,-45262.76953577285,4193.231368053821,-15807.45640679705,-32111.665776395123,-89906.98906725668,-48962.91133975331,2192.385646184557,2192.385646184557,2192.385646184557,2192.385646184557,57905.23176226276,39734.418696116074,46170.293986869045,57905.23176226276
2011-07-13,496.7529628002085,6647.38384666387,-1253.4836969766766,496.7529628002085,-45262.76953577285,4193.231368053821,-15807.45640679705,-32111.665776395123,-89906.98906725668,-48962.91133975331,2192.385646184557,2192.385646184557,2192.385646184557,2192.385646184557,57973.72256217967,39802.909496032866,46238.784786785836,57973.72256217967
2011-07-14,496.7529628002085,6647.38384666387,-1253.4836969766766,496.7529628002085,-45262.76953577285,4193.231368053821,-15807.45640679705,-32111.665776395123,-89906.98906725668,-48962.91133975331,2192.385646184557,2192.385646184557,2192.385646184557,2192.385646184557,57944.177885503275,39773.36481935647,46209.240110109444,57944.177885503275
2011-07-15,496.7529628002085,6647.38384666387,-1253.4836969766766,496.7529628002085,-45262.76953577285,4193.231368053821,-15807.45640679705,-32111.665776395123,-89906.98906725668,-48962.91133975331,2192.385646184557,2192.385646184557,2192.385646184557,2192.385646184557,58047.6715713758,39876.85850522888,46312.733795981854,58047.6715713758
2011-07-18,496.7529628002085,6647.38384666387,-1253.4836969766766,496.7529628002085,-45262.76953577285,4193.231368053821,-15807.45640679705,-32111.665776395123,-89906.98906725668,-48962.91133975331,2192.385646184557,2192.385646184557,2192.385646184557,2192.385646184557,58161.61725969799,39990.80419355107,46426.679484303924,58161.61725969799
2011-07-19,496.7529628002085,6647.38384666387,-1253.4836969766766,496.7529628002085,-45262.76953577285,4193.231368053821,-15807.45640679705,-32111.665776395123,-89906.98906725668,-48962.91133975331,2192.385646184557,2192.385646184557,2192.385646184557,2192.385646184557,58024.42815620592,39853.61509005923,46289.49038081209,58024.42815620592
2011-07-20,496.7529628002085,6647.38384666387,-1253.4836969766766,496.7529628002085,-45262.76953577285,4193.231368053821,-15807.45640679705,-32111.665776395123,-89906.98906725668,-48962.91133975331,2192.385646184557,2192.385646184557,2192.385646184557,2192.385646184557,58178.2938029177,40007.4807367709,46443.356027523754,58178.2938029177
2011-07-21,496.7529628002085,6647.38384666387,-1253.4836969766766,496.7529628002085,-45262.76953577285,4193.231368053821,-15807.45640679705,-32111.665776395123,-89906.98906725668,-48962.91133975331,2192.385646184557,2192.385646184557,2192.385646184557,2192.385646184557,57895.963958191685,39725.15089204488,46161.02618279774,57895.963958191685
2011-07-22,496.7529628002085,6647.38384666387,-1253.4836969766766,496.7529628002085,-45262.76953577285,4193.231368053821,-15807.45640679705,-32111.665776395123,-89906.98906725668,-48962.91133975331,2192.385646184557,2192.385646184557,2192.385646184557,2192.385646184557,57947.82492732606,39777.01186117914,46212.88715193211,57947.82492732606
2011-07-25,496.7529628002085,6647.38384666387,-1253.4836969766766,496.7529628002085,-45262.76953577285,4193.231368053821,-15807.45640679705,-32111.665776395123,-89906.98906725668,-48962.91133975331,2192.385646184557,2192.385646184557,2192.385646184557,2192.385646184557,58077.91275130422,39907.09968515742,46342.97497591039,58077.91275130422
2011-07-26,496.7529628002085,6647.38384666387,-1253.4836969766766,496.7529628002085,-45262.76953577285,4193.231368053821,-15807.45640679705,-32111.665776395123,-89906.98906725668,-48962.91133975331,2192.385646184557,2192.385646184557,2192.385646184557,2192.385646184557,58101.69652406289,39930.88345791574,46366.75874866883,58101.69652406289
2011-07-27,496.7529628002085,6647.38384666387,-1253.4836969766766,496.7529628002085,-45262.76953577285,4193.231368053821,-15807.45640679705,-32111.665776395123,-89906.98906725668,-48962.91133975331,2192.385646184557,2192.385646184557,2192.385646184557,2192.385646184557,57467.66248327261,39296.84941712569,45732.72470787866,57467.66248327261
2011-07-28,496.7529628002085,6647.38384666387,-1253.4836969766766,496.7529628002085,-45262.76953577285,4193.231368053821,-15807.45640679705,-32111.665776395123,-89906.98906725668,-48962.91133975331,2192.385646184557,2192.385646184557,2192.385646184557,2192.385646184557,57516.5958236719,39345.78275752498,45781.658048277954,57516.5958236719
2011-07-29,496.7529628002085,6647.38384666387,-1253.4836969766766,496.7529628002085,-45262.76953577285,4193.231368053821,-15807.45640679705,-32111.665776395123,-89906.98906725668,-48962.91133975331,2192.385646184557,2192.385646184557,2192.385646184557,2192.385646184557,57592.95656798198,39422.14350183506,45858.01879258803,57592.95656798198
2011-08-01,496.7529628002085,6647.38384666387,-1253.4836969766766,496.7529628002085,-45262.76953577285,4193.231368053821,-15807.45640679705,-32111.665776395123,-89906.98906725668,-48962.91133975331,2192.385646184557,2192.385646184557,2192.385646184557,2192.385646184557,57782.91399578657,39612.100929639535,46047.97622039262,57782.91399578657
2011-08-02,496.7529628002085,6647.38384666387,-1253.4836969766766,496.7529628002085,-45262.76953577285,4193.231368053821,-15807.45640679705,-32111.665776395123,-89906.98906725668,-48962.91133975331,2192.385646184557,2192.385646184557,2192.385646184557,2192.385646184557,57436.81160305999,39265.99853691296,45701.873827666044,57436.81160305999
2011-08-03,496.7529628002085,6647.38384666387,-1253.4836969766766,496.7529628002085,-45262.76953577285,4193.231368053821,-15807.45640679705,-32111.665776395123,-89906.98906725668,-48962.91133975331,2192.385646184557,2192.385646184557,2192.385646184557,2192.385646184557,57634.12677176995,39463.31370562315,45899.18899637612,57634.12677176995
2011-08-04,496.7529628002085,6647.38384666387,-1253.4836969766766,496.7529628002085,-45262.76953577285,4193.231368053821,-15807.45640679705,-32111.665776395123,-89906.98906725668,-48962.91133975331,2192.385646184557,2192.385646184557,2192.385646184557,2192.385646184557,55988.93642048328,37818.12335433625,44253.99864508922,55988.93642048328
2011-08-05,496.7529628002085,6647.38384666387,-1253.4836969766766,496.7529628002085,-45262.76953577285,4193.231368053821,-15807.45640679705,-32111.665776395123,-89906.98906725668,-48962.91133975331,2192.385646184557,2192.385646184557,2192.385646184557,2192.385646184557,56090.475921351,37919.66285520396,44355.538145957165,56090.475921351
2011-08-08,496.7529628002085,6647.38384666387,-1253.4836969766766,496.7529628002085,-45262.76953577285,4193.231368053821,-15807.45640679705,-32111.665776395123,-89906.98906725668,-48962.91133975331,2192.385646184557,2192.385646184557,2192.385646184557,2192.385646184557,55611.545716297114,37440.73265015008,43876.607940903166,55611.545716297114
2011-08-09,496.7529628002085,6647.38384666387,-1253.4836969766766,496.7529628002085,-45262.76953577285,4193.231368053821,-15807.45640679705,-32111.665776395123,-89906.98906725668,-48962.91133975331,2192.385646184557,2192.385646184557,2192.385646184557,2192.385646184557,56431.78718467546,38260.974118528306,44696.84940928151,56431.78718467546
2011-08-10,496.7529628002085,6647.38384666387,-1253.4836969766766,496.7529628002085,-45262.76953577285,4193.231368053821,-15807.45640679705,-32111.665776395123,-89906.98906725668,-48962.91133975331,2192.385646184557,2192.385646184557,2192.385646184557,2192.385646184557,55680.430727811996,37509.61766166461,43945.49295241793,55680.430727811996
2011-08-11,496.7529628002085,6647.38384666387,-1253.4836969766766,496.7529628002085,-45262.76953577285,4193.231368053821,-15807.45640679705,-32111.665776395123,-89906.98906725668,-48962.91133975331,2192.385646184557,2192.385646184557,2192.385646184557,2192.385646184557,57215.895398310386,39045.08233216312,45480.95762291632,57215.895398310386
2011-08-12,496.7529628002085,6647.38384666387,-1253.4836969766766,496.7529628002085,-45262.76953577285,4193.231368053821,-15807.45640679705,-32111.665776395123,-89906.98906725668,-48962.91133975331,2192.385646184557,2192.385646184557,2192.385646184557,2192.385646184557,56958.25833439594,38787.445268248906,45223.32055900199,56958.25833439594
2011-08-15,496.7529628002085,6647.38384666387,-1253.4836969766766,496.7529628002085,-45262.76953577285,4193.231368053821,-15807.45640679705,-32111.665776395123,-89906.98906725668,-48962.91133975331,2192.385646184557,2192.385646184557,2192.385646184557,2192.385646184557,56968.745103422785,38797.93203727575,45233.80732802884,56968.745103422785
2011-08-16,496.7529628002085,6647.38384666387,-1253.4836969766766,496.7529628002085,-45262.76953577285,4193.231368053821,-15807.45640679705,-32111.665776395123,-89906.98906725668,-48962.91133975331,2192.385646184557,2192.385646184557,2192.385646184557,2192.385646184557,57211.822201130446,39041.00913498318,45476.88442573638,57211.822201130446
2011-08-17,496.7529628002085,6647.38384666387,-1253.4836969766766,496.7529628002085,-45262.76953577285,4193.231368053821,-15807.45640679705,-32111.665776395123,-89906.98906725668,-48962.91133975331,2192.385646184557,2192.385646184557,2192.385646184557,2192.385646184557,57527.154166466324,39356.34110031929,45792.216391072376,57527.154166466324
2011-08-18,496.7529628002085,6647.38384666387,-1253.4836969766766,496.7529628002085,-45262.76953577285,4193.231368053821,-15807.45640679705,-32111.665776395123,-89906.98906725668,-48962.91133975331,2192.385646184557,2192.385646184557,2192.385646184557,2192.385646184557,58340.61133999331,40169.79827384639,46605.67356459948,58340.61133999331
2011-08-19,496.7529628002085,6647.38384666387,-1253.4836969766766,496.7529628002085,-45262.76953577285,4193.231368053821,-15807.45640679705,-32111.665776395123,-89906.98906725668,-48962.91133975331,2192.385646184557,2192.385646184557,2192.385646184557,2192.385646184557,58531.9903847205,40361.177318573464,46797.05260932655,58531.9903847205
2011-08-22,1234.0148143494735,7384.645698213135,-516.2218454274116,1234.0148143494735,-44525.50768422359,4930.493219603086,-15070.194555247785,-31374.403924845858,-89216.87980752229,-48264.611292503425,2192.385646184557,2192.385646184557,2192.385646184557,2192.385646184557,58638.68150699651,40467.868440849474,46903.74373160256,58638.68150699651
2011-08-23,4434.491097797407,10585.121981661068,2684.254438020522,4434.491097797407,-41325.03140077565,8130.969503051019,-11869.718271799851,-28173.927641397924,-87234.23652645096,-43581.61322777043,2192.385646184557,2192.385646184557,2192.385646184557,2192.385646184557,58371.54354579863,40200.7304796516,46636.60577040468,58371.54354579863
2011-08-24,3740.84984346095,9891.480727324612,1990.613183684065,3740.84984346095,-42018.67265511211,7437.3282487145625,-12563.359526136308,-28867.56889573438,-86230.6941452747,-42052.27876038896,2192.385646184557,2192.385646184557,2192.385646184557,2192.385646184557,58264.80690627149,40093.993840124574,46529.86913087766,58264.80690627149
2011-08-25,45.63237224856857,6196.26325611223,-1704.6042875283165,45.63237224856857,-45713.89012632449,3742.110777502181,-16258.57699734869,-32562.786366946762,-89917.06070932047,-46035.10386941279,2192.385646184557,2192.385646184557,2192.385646184557,2192.385646184557,58664.26995066926,40493.45688452211,46929.332175275194,58664.26995066926
2011-08-26,2076.9194628896657,8227.550346753327,326.6828031127807,2076.9194628896657,-43682.603035683394,5773.397868143278,-14228.008533595246,-30532.936530080857,-87161.44147935382,-42795.80470165424,2192.385646184557,2192.385646184557,2192.385646184557,2192.385646184557,58551.476145154564,40380.66307900776,46816.53836976073,58551.476145154564
2011-08-29,5310.724597664317,11461.355481527979,3560.487937887432,5310.724597664317,-40448.79790090874,9007.20300291793,-11200.713476618403,-27712.151550901704,-84356.1453969864,-39574.30156906706,2192.385646184557,2192.385646184557,2192.385646184557,2192.385646184557,58783.28585322015,40612.47278707323,47048.3480778262,58783.28585322015
2011-08-30,5194.686854086118,11345.31773794978,3444.4501943092328,5194.686854086118,-40564.83564448694,8891.16525933973,-11336.239838391775,-27867.166530870134,-84251.17729294486,-39513.9191851411,2192.385646184557,2192.385646184557,2192.385646184557,2192.385646184557,58799.37789155473,40628.56482540781,47064.4401161609,58799.37789155473
2011-08-31,6213.200468092342,12363.831351956003,4462.963808315457,6213.200468092342,-39546.32203048072,9909.678873345954,-10350.622783812927,-26914.44603571866,-83227.11702701403,-38585.310553987976,2192.385646184557,2192.385646184557,2192.385646184557,2192.385646184557,58642.51310993661,40471.70004378969,46907.575334542664,58642.51310993661
2011-09-01,5882.022302734549,12032.65318659821,4131.785642957664,5882.022302734549,-39877.50019583851,9578.500707988162,-10603.828278035275,-27089.67885880568,-83627.29373915086,-38706.37893275265,2192.385646184557,2192.385646184557,2192.385646184557,2192.385646184557,58926.75424876786,40755.94118262094,47191.816473373794,58926.75424876786
2011-09-02,3998.4182787340833,10149.049162597745,2248.181618957198,3998.4182787340833,-41761.10421983898,7694.896683987696,-12300.461538221221,-28599.34135517699,-86418.13218225446,-40838.59456367814,2192.385646184557,2192.385646184557,2192.385646184557,2192.385646184557,59178.27248236025,41007.45941621356,47443.3347069663,59178.27248236025
2011-09-06,1374.0342960389098,7524.665179902571,-376.20236373797525,1374.0342960389098,-44385.48820253415,5070.512701292522,-14964.512495391886,-31303.05928682303,-89127.372257523,-43467.312758591375,2192.385646184557,2192.385646184557,2192.385646184557,2192.385646184557,59661.63049323391,41490.817427087226,47926.69271784008,59661.63049323391
2011-09-07,3586.024045986822,9736.654929850483,1835.7873862099368,3586.024045986822,-42173.49845258624,7282.502451240434,-12600.307081156527,-28786.638208300225,-85712.87478592014,-40689.72604586661,2192.385646184557,2192.385646184557,2192.385646184557,2192.385646184557,59773.70211149356,41602.889045346645,48038.764336099615,59773.70211149356
2011-09-08,2971.0852600022918,9121.716143865953,1220.8486002254067,2971.0852600022918,-42788.43723857077,6667.563665255904,-13272.904408387723,-29516.894076778088,-86901.7280933666,-41365.56568830949,2192.385646184557,2192.385646184557,2192.385646184557,2192.385646184557,59843.48750219401,41672.674436046975,48108.54972680006,59843.48750219401
2011-09-09,105.76848477055319,6256.399368634215,-1644.4681750063319,105.76848477055319,-45653.75401380251,3802.2468900241656,-16282.134885185864,-32670.03825514263,-91847.60951817676,-45013.677245214814,2192.385646184557,2192.385646184557,2192.385646184557,2192.385646184557,60033.85707419156,41863.04400804464,48298.91929879761,60033.85707419156
2011-09-12,1312.988876663847,7463.619760527508,-437.24778311303817,1312.988876663847,-44446.53362190921,5009.467281917459,-15042.319168507936,-31397.627213680185,-90307.85578342283,-43650.16167503735,2192.385646184557,2192.385646184557,2192.385646184557,2192.385646184557,60641.69888755679,42470.885821409756,48906.76111216284,60641.69888755679
2011-09-13,2910.7686457157834,9061.399529579445,1160.5319859388983,2910.7686457157834,-42848.75385285728,6607.247050969396,-13211.742691636435,-29334.254028989002,-88251.59789499012,-42057.68946214358,2192.385646184557,2192.385646184557,2192.385646184557,2192.385646184557,61035.719107393874,42864.906041246955,49300.781331999926,61035.719107393874
2011-09-14,4014.103780770907,10164.734664634569,2263.867120994022,4014.103780770907,-41745.41871780227,7710.582186024403,-11753.777733504307,-27521.659247779753,-85850.55025983416,-40612.60839274526,2192.385646184557,2192.385646184557,2192.385646184557,2192.385646184557,61279.210106696,43108.39704054897,49544.272331302054,61279.210106696
2011-09-15,3262.5675019626506,9413.198385826312,1512.3308421857655,3262.5675019626506,-42496.95499661041,6959.045907216263,-12057.135231599445,-27376.837965161772,-83694.23959656607,-40277.716810172074,2192.385646184557,2192.385646184557,2192.385646184557,2192.385646184557,61283.638289929135,43112.825223782216,49548.70051453519,61283.638289929135
2011-09-16,2875.952820947161,9026.583704810822,1125.7161611702759,2875.952820947161,-42883.5696776259,6572.431226200773,-12287.390842868364,-27450.734506684006,-81750.27110793244,-39278.92525381758,2192.385646184557,2192.385646184557,2192.385646184557,2192.385646184557,61466.03150943434,43295.21844328754,49731.09373404039,61466.03150943434
2011-09-19,4306.047260200372,10456.678144064033,2555.810600423487,4306.047260200372,-41453.47523837269,8002.525665453984,-10857.296403615153,-26020.640067430795,-80376.80516421306,-37895.18932022934,2192.385646184557,2192.385646184557,2192.385646184557,2192.385646184557,61541.87445796607,43371.061391819385,49806.93668257212,61541.87445796607
2011-09-20,5325.404604672571,11476.035488536232,3575.1679448956857,5325.404604672571,-40434.11789390049,9021.883009926183,-9837.939059142955,-25001.282722958596,-80448.87886724062,-38086.654262762866,2192.385646184557,2192.385646184557,2192.385646184557,2192.385646184557,61542.665433904156,43371.85236775747,49807.72765851021,61542.665433904156
2011-09-21,7440.086544364458,13590.71742822812,5689.849884587573,7440.086544364458,-38409.4359542086,11091.56494961807,-7723.257119451067,-22886.60078326671,-77549.1634827021,-38232.76459365082,2192.385646184557,2192.385646184557,2192.385646184557,2192.385646184557,61444.8233483627,43274.010282215895,49709.88557296875,61444.8233483627
2011-09-22,9052.906201469712,15203.537085333373,7302.669541692827,9052.906201469712,-7704.301631630864,27250.54193945951,-6110.437462345813,-21273.781126161455,-73454.60564350011,-39470.255975071224,2192.385646184557,2192.385646184557,2192.385646184557,2192.385646184557,61175.90380384331,43005.09073769662,49440.96602844936,61175.90380384331
2011-09-23,8156.260887392098,14306.89177125576,6406.024227615213,8156.260887392098,-13848.384131228318,23730.178032621974,-7018.233239036868,-22192.727365466068,-75601.62214149989,-40203.855396411265,2192.385646184557,2192.385646184557,2192.385646184557,2192.385646184557,61358.52168376534,43187.70861761877,49623.583908371395,61358.52168376534
2011-09-26,8620.18522628781,14770.81611015147,6869.948566510924,8620.18522628781,-34219.399963598116,13776.63228588493,-9205.885264453827,-27031.95575519558,-80467.48161465046,-39760.86480743287,2192.385646184557,2192.385646184557,2192.385646184557,2192.385646184557,61505.54105696338,43334.72799081681,49770.603281569434,61505.54105696338
2011-09-27,8053.546341544832,14204.177225408494,6303.309681767947,8053.546341544832,-44817.78713444667,8194.119258089224,-11049.223118789028,-30151.99257912312,-82611.74712702434,-39986.00675697834,2192.385646184557,2192.385646184557,2192.385646184557,2192.385646184557,61627.21653774707,43456.403471600264,49892.27876235312,61627.21653774707
2011-09-28,7682.613437599153,13833.244321462815,5932.376777822268,7682.613437599153,-26668.798702382133,17083.147022148594,-9063.202497558785,-25809.018432716955,-80899.71924305614,-41213.45058010914,2192.385646184557,2192.385646184557,2192.385646184557,2192.385646184557,61720.739732323214,43549.92666617653,49985.80195692927,61720.739732323214
2011-09-29,10116.739625554415,16267.370509418077,8366.50296577753,10116.739625554415,-31256.865735230036,16006.176599702332,-7522.761696595815,-25162.263018746162,-80568.14737039933,-39345.19814548467,2192.385646184557,2192.385646184557,2192.385646184557,2192.385646184557,61815.84646757017,43645.03340142348,50080.90869217622,61815.84646757017
2011-09-30,24214.884215327445,30365.515099191107,22464.64755555056,24214.884215327445,5219.717813332449,41293.54066887009,9422.637004929129,-5369.61020546942,-62144.05591699493,-25281.020579789067,2192.385646184557,2192.385646184557,2192.385646184557,2192.385646184557,61851.37905726605,43680.56599111913,50116.4412818721,61851.37905726605
2011-10-03,11451.819655096624,17602.450538960285,9701.582995319739,11451.819655096624,17304.38447722164,40954.34172069933,37.24713280191645,-11377.325389493024,-68183.9893475757,-38068.94310263987,2192.385646184557,2192.385646184557,2192.385646184557,2192.385646184557,61717.85602647392,43547.042960327235,49982.91825107997,61717.85602647392
2011-10-04,14098.16498765722,20248.79587152088,12347.928327880334,14098.16498765722,1353.5953100572806,34302.11980339745,155.59222645114642,-13786.980534755043,-72749.52589101216,-35959.89058361866,2192.385646184557,2192.385646184557,2192.385646184557,2192.385646184557,61894.30381298717,43723.490746840485,50159.36603759322,61894.30381298717
2011-10-05,14899.927300206386,21050.558184070047,13149.6906404295,14899.927300206386,-13895.500794104068,27078.45290759136,-1224.5178302496206,-17348.96296070586,-77759.02657131397,-36134.02760934085,2192.385646184557,2192.385646184557,2192.385646184557,2192.385646184557,61949.51444461453,43778.70137846761,50214.57666922058,61949.51444461453
2011-10-06,15245.722361966153,21396.353245829814,13495.485702189268,15245.722361966153,-29523.350985340192,19437.42534285318,-3050.09917147574,-21345.920704917982,-81494.21624692355,-35987.99274907797,2192.385646184557,2192.385646184557,2192.385646184557,2192.385646184557,61970.03179116035,43799.21872501355,50235.0940157664,61970.03179116035
2011-10-07,16539.157621669,22689.788505532662,14788.920961892116,16539.157621669,-22210.882043709396,23740.377443520003,-941.5139984048437,-18422.185618479154,-78263.55681453913,-33837.89006090001,2192.385646184557,2192.385646184557,2192.385646184557,2192.385646184557,61725.136845134664,43554.323778987746,49990.19906974072,61725.136845134664
2011-10-10,14809.027513427893,20959.658397291554,13058.790853651008,14809.027513427893,-53804.846865154104,7078.329978677095,-5712.077100863098,-26233.18171515467,-86122.35852986574,-35604.32095972472,2192.385646184557,2192.385646184557,2192.385646184557,2192.385646184557,62279.24719791906,44108.43413177214,50544.30942252511,62279.24719791906
2011-10-11,15784.564874055097,21935.19575791876,14034.328214278212,15784.564874055097,-53754.950084979646,7591.047049077926,-4830.779083194444,-25446.123040444567,-85326.34767649695,-34734.55494536797,2192.385646184557,2192.385646184557,2192.385646184557,2192.385646184557,62184.17501968099,44013.36195353407,50449.23724428704,62184.17501968099
2011-10-12,15802.076458938187,21952.70734280185,14051.839799161302,15802.076458938187,-61840.15732084343,3557.1992235876387,-5638.204211297212,-27078.484881533193,-85784.84460913157,-34610.36110710574,2192.385646184557,2192.385646184557,2192.385646184557,2192.385646184557,62397.97814791673,44227.16508176958,50663.04037252278,62397.97814791673
2011-10-13,15236.011958808755,21386.642842672416,13485.77529903187,15236.011958808755,-60554.25262197491,3917.119322957238,-6015.719976443914,-27267.451911697164,-84553.55121251813,-33451.997566370876,2192.385646184557,2192.385646184557,2192.385646184557,2192.385646184557,62442.01780414861,44271.20473800169,50707.08002875466,62442.01780414861
2011-10-14,13544.292298092972,19694.923181956634,11794.055638316087,13544.292298092972,-78237.14100203267,-5770.1846974296495,-9335.934027007432,-32216.160352108418,-85149.48062668962,-33398.955563455704,2192.385646184557,2192.385646184557,2192.385646184557,2192.385646184557,62643.747866782825,44472.93480063591,50908.81009138888,62643.747866782825
2011-10-17,12423.404568487662,18574.035452351323,10673.167908710777,12423.404568487662,-79358.02873163798,-6891.07242703496,-10539.993723958498,-33503.39201640524,-86450.70661417895,-34530.89190199587,2192.385646184557,2192.385646184557,2192.385646184557,2192.385646184557,62338.153226987226,44167.340160840424,50603.21545159328,62338.153226987226
2011-10-18,13521.771258165129,19672.40214202879,11771.534598388243,13521.771258165129,-78259.66204196052,-5792.7057373574935,-9358.10083050467,-32237.972919175052,-85346.97707391728,-33015.02869127027,2192.385646184557,2192.385646184557,2192.385646184557,2192.385646184557,62786.474543914665,44615.66147776786,51051.53676852072,62786.474543914665
2011-10-19,13376.983551303972,19527.614435167634,11626.746891527087,13376.983551303972,-78404.44974882167,-5937.4934442186495,-9554.426416784758,-32485.83638487407,-85461.40461338253,-32975.25296084455,2192.385646184557,2192.385646184557,2192.385646184557,2192.385646184557,62796.14675818244,44625.33369203564,51061.20898278849,62796.14675818244
2011-10-20,13505.141002387623,19655.771886251285,11754.904342610738,13505.141002387623,-78276.29229773802,-5809.335993134999,-9407.431052614003,-32320.00310761633,-85401.85475686856,-32911.94252189074,2192.385646184557,2192.385646184557,2192.385646184557,2192.385646184557,63031.178462483454,44860.36539633665,51296.24068708951,63031.178462483454
2011-10-21,14731.36142547999,20881.992309343652,12981.124765703105,14731.36142547999,-77050.07187464566,-4583.115570042632,-8099.104892704636,-30929.57121088996,-84855.39799976093,-32367.08014484367,2192.385646184557,2192.385646184557,2192.385646184557,2192.385646184557,63487.85628529405,45317.04321914725,51752.918509900104,63487.85628529405
2011-10-24,14731.36142547999,20881.992309343652,12981.124765703105,14731.36142547999,-77050.07187464566,-4583.115570042632,-8099.104892704636,-30929.57121088996,-84855.39799976093,-32367.08014484367,2192.385646184557,2192.385646184557,2192.385646184557,2192.385646184557,63542.894484367454,45372.08141822065,51807.95670897351,63542.894484367454
2011-10-25,14731.36142547999,20881.992309343652,12981.124765703105,14731.36142547999,-77050.07187464566,-4583.115570042632,-8099.104892704636,-30929.57121088996,-84855.39799976093,-32367.08014484367,2192.385646184557,2192.385646184557,2192.385646184557,2192.385646184557,63615.36649608123,45444.55342993443,51880.42872068728,63615.36649608123
2011-10-26,14731.36142547999,20881.992309343652,12981.124765703105,14731.36142547999,-77050.07187464566,-4583.115570042632,-8099.104892704636,-30929.57121088996,-84855.39799976093,-32367.08014484367,2192.385646184557,2192.385646184557,2192.385646184557,2192.385646184557,63475.293707265984,45304.48064111918,51740.355931872036,63475.293707265984
2011-10-27,14731.36142547999,20881.992309343652,12981.124765703105,14731.36142547999,-77050.07187464566,-4583.115570042632,-8099.104892704636,-30929.57121088996,-84855.39799976093,-32367.08014484367,2192.385646184557,2192.385646184557,2192.385646184557,2192.385646184557,63166.20011267741,44995.38704653061,51431.262337283464,63166.20011267741
2011-10-28,14731.36142547999,20881.992309343652,12981.124765703105,14731.36142547999,-77050.07187464566,-4583.115570042632,-8099.104892704636,-30929.57121088996,-84855.39799976093,-32367.08014484367,2192.385646184557,2192.385646184557,2192.385646184557,2192.385646184557,63131.257329823915,44960.44426367723,51396.31955442997,63131.257329823915
2011-10-31,14731.36142547999,20881.992309343652,12981.124765703105,14731.36142547999,-77050.07187464566,-4583.115570042632,-8099.104892704636,-30929.57121088996,-84855.39799976093,-32367.08014484367,2192.385646184557,2192.385646184557,2192.385646184557,2192.385646184557,63187.5313030472,45016.71823690052,51452.593527653255,63187.5313030472
2011-11-01,14731.36142547999,20881.992309343652,12981.124765703105,14731.36142547999,-77050.07187464566,-4583.115570042632,-8099.104892704636,-30929.57121088996,-84855.39799976093,-32367.08014484367,2192.385646184557,2192.385646184557,2192.385646184557,2192.385646184557,63095.60697371303,44924.793907566345,51360.66919831908,63095.60697371303
2011-11-02,14731.36142547999,20881.992309343652,12981.124765703105,14731.36142547999,-77050.07187464566,-4583.115570042632,-8099.104892704636,-30929.57121088996,-84855.39799976093,-32367.08014484367,2192.385646184557,2192.385646184557,2192.385646184557,2192.385646184557,63399.551776356064,45228.73871020926,51664.614000962116,63399.551776356064
2011-11-03,14731.36142547999,20881.992309343652,12981.124765703105,14731.36142547999,-77050.07187464566,-4583.115570042632,-8099.104892704636,-30929.57121088996,-84855.39799976093,-32367.08014484367,2192.385646184557,2192.385646184557,2192.385646184557,2192.385646184557,63661.738884099526,45490.925817952724,51926.80110870558,63661.738884099526
2011-11-04,14731.36142547999,20881.992309343652,12981.124765703105,14731.36142547999,-77050.07187464566,-4583.115570042632,-8099.104892704636,-30929.57121088996,-84855.39799976093,-32367.08014484367,2192.385646184557,2192.385646184557,2192.385646184557,2192.385646184557,63678.26223184052,45507.44916569372,51943.32445644657,63678.26223184052
2011-11-07,14731.36142547999,20881.992309343652,12981.124765703105,14731.36142547999,-77050.07187464566,-4583.115570042632,-8099.104892704636,-30929.57121088996,-84855.39799976093,-32367.08014484367,2192.385646184557,2192.385646184557,2192.385646184557,2192.385646184557,63914.279934220714,45743.466868074145,52179.34215882677,63914.279934220714
2011-11-08,14731.36142547999,20881.992309343652,12981.124765703105,14731.36142547999,-77050.07187464566,-4583.115570042632,-8099.104892704636,-30929.57121088996,-84855.39799976093,-32367.08014484367,2192.385646184557,2192.385646184557,2192.385646184557,2192.385646184557,63965.18690646789,45794.373840321205,52230.24913107394,63965.18690646789
2011-11-09,14731.36142547999,20881.992309343652,12981.124765703105,14731.36142547999,-77050.07187464566,-4583.115570042632,-8099.104892704636,-30929.57121088996,-84855.39799976093,-32367.08014484367,2192.385646184557,2192.385646184557,2192.385646184557,2192.385646184557,64043.75478493306,45872.941718786606,52308.81700953911,64043.75478493306
2011-11-10,14731.36142547999,20881.992309343652,12981.124765703105,14731.36142547999,-77050.07187464566,-4583.115570042632,-8099.104892704636,-30929.57121088996,-84855.39799976093,-32367.08014484367,2192.385646184557,2192.385646184557,2192.385646184557,2192.385646184557,63906.276965490775,45735.463899344206,52171.33919009683,63906.276965490775
2011-11-11,14731.36142547999,20881.992309343652,12981.124765703105,14731.36142547999,-77050.07187464566,-4583.115570042632,-8099.104892704636,-30929.57121088996,-84855.39799976093,-32367.08014484367,2192.385646184557,2192.385646184557,2192.385646184557,2192.385646184557,63857.42729933816,45686.61423319194,52122.48952394421,63857.42729933816
2011-11-14,14731.36142547999,20881.992309343652,12981.124765703105,14731.36142547999,-77050.07187464566,-4583.115570042632,-8099.104892704636,-30929.57121088996,-84855.39799976093,-32367.08014484367,2192.385646184557,2192.385646184557,2192.385646184557,2192.385646184557,63961.952150257304,45791.139084111084,52227.014374863356,63961.952150257304
2011-11-15,14731.36142547999,20881.992309343652,12981.124765703105,14731.36142547999,-77050.07187464566,-4583.115570042632,-8099.104892704636,-30929.57121088996,-84855.39799976093,-32367.08014484367,2192.385646184557,2192.385646184557,2192.385646184557,2192.385646184557,64085.59099932923,45914.77793318289,52350.65322393528,64085.59099932923
2011-11-16,14731.36142547999,20881.992309343652,12981.124765703105,14731.36142547999,-77050.07187464566,-4583.115570042632,-8099.104892704636,-30929.57121088996,-84855.39799976093,-32367.08014484367,2192.385646184557,2192.385646184557,2192.385646184557,2192.385646184557,64191.408661801135,46020.5955956548,52456.47088640719,64191.408661801135
2011-11-17,14731.36142547999,20881.992309343652,12981.124765703105,14731.36142547999,-77050.07187464566,-4583.115570042632,-8099.104892704636,-30929.57121088996,-84855.39799976093,-32367.08014484367,2192.385646184557,2192.385646184557,2192.385646184557,2192.385646184557,64079.7291612844,45908.91609513818,52344.79138589045,64079.7291612844
2011-11-18,14731.36142547999,20881.992309343652,12981.124765703105,14731.36142547999,-77050.07187464566,-4583.115570042632,-8099.104892704636,-30929.57121088996,-84855.39799976093,-32367.08014484367,2192.385646184557,2192.385646184557,2192.385646184557,2192.385646184557,64091.246030398645,45920.432964252075,52356.3082550047,64091.246030398645
2011-11-21,14946.177135791513,21096.808019655175,13195.940476014628,14946.177135791513,-76835.25616433413,-4368.299859731109,-7884.289182393113,-30714.755500578438,-84706.32668599009,-32205.76139140257,2192.385646184557,2192.385646184557,2192.385646184557,2192.385646184557,64110.5152162835,45939.702150136814,52375.57744088955,64110.5152162835
2011-11-22,17463.83655371226,23614.46743757592,15713.599893935374,17463.83655371226,-74407.59674641339,-1850.640441810363,-5366.629764472367,-28197.096082657692,-83037.6039301242,-31017.275609595934,2192.385646184557,2192.385646184557,2192.385646184557,2192.385646184557,64115.649502832675,45944.83643668599,52380.71172743873,64115.649502832675
2011-11-23,18008.526217317092,24159.157101180754,16258.289557540207,18008.526217317092,-54003.67499346344,-1350.9507782055298,-4821.940100867534,-27652.40641905286,-81537.51259154628,-32378.08646450576,2192.385646184557,2192.385646184557,2192.385646184557,2192.385646184557,63968.97481262474,45798.16174647806,52234.037037230795,63968.97481262474
2011-11-25,17247.091879335814,23397.722763199476,15496.85521955893,17247.091879335814,-53104.101514062146,-1263.1419665977592,-5583.374438848812,-28413.840757034137,-82432.40038164041,-33613.50234106602,2192.385646184557,2192.385646184557,2192.385646184557,2192.385646184557,64066.160270789405,45895.34720464272,52331.22249539546,64066.160270789405
2011-11-28,18012.304701333167,24162.93558519683,16262.068041556282,18012.304701333167,-77785.50750849163,-13508.323487059097,-4823.676255237893,-27659.657211809652,-85890.81135737768,-31699.41953348741,2192.385646184557,2192.385646184557,2192.385646184557,2192.385646184557,64370.339766369434,46199.52670022275,52635.401990975486,64370.339766369434
2011-11-29,19266.45268351969,25417.08356738335,17516.216023742803,19266.45268351969,-79098.87485274195,-13566.899490649696,-3726.166235027951,-26718.785153576406,-84957.97007883352,-30452.335908984183,2192.385646184557,2192.385646184557,2192.385646184557,2192.385646184557,64399.96814824641,46229.15508209972,52665.03037285246,64399.96814824641
2011-11-30,21774.14726291783,27924.778146781493,20023.910603140946,21774.14726291783,-113987.16935622122,-30179.095388820162,-3494.1535319781397,-28762.454326874926,-86574.72559528786,-27905.967242906918,2192.385646184557,2192.385646184557,2192.385646184557,2192.385646184557,64167.74792666547,45996.9348605189,52432.81015127152,64167.74792666547
2011-12-01,20627.12529507489,26777.75617893855,18876.888635298004,20627.12529507489,-115134.19132406416,-31326.117356663104,-4631.961233600276,-29891.047762276256,-86937.14941207285,-28269.720197330113,2192.385646184557,2192.385646184557,2192.385646184557,2192.385646184557,64215.10895770625,46044.29589155957,52480.171182312304,64215.10895770625
2011-12-02,21489.002827631542,27639.633711495204,19738.766167854657,21489.002827631542,-114272.3137915075,-30464.23982410645,-3719.421210049535,-28927.84524773131,-86980.3769220747,-28318.684051202494,2192.385646184557,2192.385646184557,2192.385646184557,2192.385646184557,64228.943437736714,46058.13037159003,52494.005662342766,64228.943437736714
2011-12-05,21927.279892207822,28077.910776071483,20177.043232430937,21927.279892207822,-113834.03672693123,-30025.96275953017,-3914.7689321595244,-29756.817756527453,-86984.56282419153,-28276.971818106133,2192.385646184557,2192.385646184557,2192.385646184557,2192.385646184557,64236.70041866321,46065.887352516176,52501.76264326926,64236.70041866321
2011-12-06,22508.774608891807,28659.405492755468,20758.53794911492,22508.774608891807,-113252.54201024724,-29444.468042846187,-3329.1432389969705,-29167.06108688633,-86398.11131101788,-27698.226552721462,2192.385646184557,2192.385646184557,2192.385646184557,2192.385646184557,64301.99450775469,46131.18144160777,52567.05673236074,64301.99450775469
2011-12-07,22936.400596047984,29087.031479911646,21186.1639362711,22936.400596047984,-112824.91602309106,-29016.84205569001,-2852.9578075713944,-28642.31621119124,-86041.62931408477,-27458.624193761032,2192.385646184557,2192.385646184557,2192.385646184557,2192.385646184557,64416.33619212103,46245.52312597411,52681.39841672708,64416.33619212103
2011-12-08,20963.77205576375,27114.402939627413,19213.535395986866,20963.77205576375,-114797.5445633753,-30989.470595974242,-5112.806919332477,-31189.38589442917,-89144.19977941958,-29658.608725031372,2192.385646184557,2192.385646184557,2192.385646184557,2192.385646184557,64530.01845500665,46359.205388859846,52795.0806796127,64530.01845500665
2011-12-09,23242.176345768617,29392.80722963228,21491.939685991732,23242.176345768617,-112519.14027337043,-28711.066305969376,-2617.4393639558693,-28477.05507368094,-86652.30592451734,-27387.215445168433,2192.385646184557,2192.385646184557,2192.385646184557,2192.385646184557,64434.390979504446,46263.57791335764,52699.4532041105,64434.390979504446
2011-12-12,22949.78058022901,29100.41146409267,21199.543920452124,22949.78058022901,-112811.53603891004,-29003.462071508984,-3100.4308136844775,-29150.642207598663,-87974.18291144876,-28028.837726307334,2192.385646184557,2192.385646184557,2192.385646184557,2192.385646184557,64632.10287819058,46461.289812043426,52897.16510279663,64632.10287819058
2011-12-13,22395.538084469503,28546.168968333164,20645.301424692618,22395.538084469503,-113365.77853466955,-29557.70456726849,-3821.229920760379,-30037.99792599096,-88869.22798552713,-28588.821807987173,2192.385646184557,2192.385646184557,2192.385646184557,2192.385646184557,64617.2140258532,46446.40095970605,52882.276250459254,64617.2140258532
2011-12-14,22072.643557575182,28223.274441438843,20322.406897798297,22072.643557575182,-113688.67306156387,-29880.59909416281,-4332.211145303911,-30737.065848183818,-89320.85569580691,-28869.9845304247,2192.385646184557,2192.385646184557,2192.385646184557,2192.385646184557,64722.10049414588,46551.28742799861,52987.16271875193,64722.10049414588
2011-12-15,22054.66400607361,28205.29488993727,20304.427346296725,22054.66400607361,-113706.65261306544,-29898.578645664384,-4287.018612758955,-30628.701231592335,-89596.81452984898,-29142.97487005731,2192.385646184557,2192.385646184557,2192.385646184557,2192.385646184557,64554.65517287189,46383.84210672486,52819.71739747794,64554.65517287189
2011-12-16,20599.529665282695,26750.160549146356,18849.29300550581,20599.529665282695,-115161.78695385635,-31353.7129864553,-5716.146441365476,-32031.82254801446,-91033.22866424778,-30579.8907834508,2192.385646184557,2192.385646184557,2192.385646184557,2192.385646184557,64676.561885464704,46505.748819317436,52941.624110070756,64676.561885464704
2011-12-19,20599.529665282695,26750.160549146356,18849.29300550581,20599.529665282695,-115161.78695385635,-31353.7129864553,-5716.146441365476,-32031.82254801446,-91033.22866424778,-30579.8907834508,2192.385646184557,2192.385646184557,2192.385646184557,2192.385646184557,64718.26781021524,46547.45474406809,52983.330034821294,64718.26781021524
2011-12-20,20599.529665282695,26750.160549146356,18849.29300550581,20599.529665282695,-115161.78695385635,-31353.7129864553,-5716.146441365476,-32031.82254801446,-91033.22866424778,-30579.8907834508,2192.385646184557,2192.385646184557,2192.385646184557,2192.385646184557,64710.04731498961,46539.23424884246,52975.109539595665,64710.04731498961
2011-12-21,20599.529665282695,26750.160549146356,18849.29300550581,20599.529665282695,-115161.78695385635,-31353.7129864553,-5716.146441365476,-32031.82254801446,-91033.22866424778,-30579.8907834508,2192.385646184557,2192.385646184557,2192.385646184557,2192.385646184557,64661.373512058984,46490.56044591183,52926.43573666504,64661.373512058984
2011-12-22,20599.529665282695,26750.160549146356,18849.29300550581,20599.529665282695,-115161.78695385635,-31353.7129864553,-5716.146441365476,-32031.82254801446,-91033.22866424778,-30579.8907834508,2192.385646184557,2192.385646184557,2192.385646184557,2192.385646184557,64747.332825766876,46576.51975961961,53012.39505037293,64747.332825766876
2011-12-23,20599.529665282695,26750.160549146356,18849.29300550581,20599.529665282695,-115161.78695385635,-31353.7129864553,-5716.146441365476,-32031.82254801446,-91033.22866424778,-30579.8907834508,2192.385646184557,2192.385646184557,2192.385646184557,2192.385646184557,64619.9529384037,46449.13987225655,52885.01516300975,64619.9529384037
2011-12-27,20599.529665282695,26750.160549146356,18849.29300550581,20599.529665282695,-115161.78695385635,-31353.7129864553,-5716.146441365476,-32031.82254801446,-91033.22866424778,-30579.8907834508,2192.385646184557,2192.385646184557,2192.385646184557,2192.385646184557,64683.39029490342,46512.577228756156,52948.452519509476,64683.39029490342
2011-12-28,20599.529665282695,26750.160549146356,18849.29300550581,20599.529665282695,-115161.78695385635,-31353.7129864553,-5716.146441365476,-32031.82254801446,-91033.22866424778,-30579.8907834508,2192.385646184557,2192.385646184557,2192.385646184557,2192.385646184557,64745.966872992925,46575.15380684566,53011.02909759898,64745.966872992925
2011-12-29,20599.529665282695,26750.160549146356,18849.29300550581,20599.529665282695,-115161.78695385635,-31353.7129864553,-5716.146441365476,-32031.82254801446,-91033.22866424778,-30579.8907834508,2192.385646184557,2192.385646184557,2192.385646184557,2192.385646184557,64764.33022625605,46593.51716010878,53029.3924508621,64764.33022625605
2011-12-30,20599.529665282695,26750.160549146356,18849.29300550581,20599.529665282695,-115161.78695385635,-31353.7129864553,-5716.146441365476,-32031.82254801446,-91033.22866424778,-30579.8907834508,2192.385646184557,2192.385646184557,2192.385646184557,2192.385646184557,64848.15671308921,46677.34364694182,53113.21893769526,64848.15671308921
2012-01-03,20599.529665282695,26750.160549146356,18849.29300550581,20599.529665282695,-115161.78695385635,-31353.7129864553,-5716.146441365476,-32031.82254801446,-91033.22866424778,-30579.8907834508,2192.385646184557,2192.385646184557,2192.385646184557,2192.385646184557,65052.83487637807,46882.0218102308,53317.89710098412,65052.83487637807
2012-01-04,20599.529665282695,26750.160549146356,18849.29300550581,20599.529665282695,-115161.78695385635,-31353.7129864553,-5716.146441365476,-32031.82254801446,-91033.22866424778,-30579.8907834508,2192.385646184557,2192.385646184557,2192.385646184557,2192.385646184557,65091.48078831495,46920.66772216768,53356.543012921,65091.48078831495
2012-01-05,20599.529665282695,26750.160549146356,18849.29300550581,20599.529665282695,-115161.78695385635,-31353.7129864553,-5716.146441365476,-32031.82254801446,-91033.22866424778,-30579.8907834508,2192.385646184557,2192.385646184557,2192.385646184557,2192.385646184557,65144.60211877385,46973.789052626584,53409.6643433799,65144.60211877385
2012-01-06,20599.529665282695,26750.160549146356,18849.29300550581,20599.529665282695,-115161.78695385635,-31353.7129864553,-5716.146441365476,-32031.82254801446,-91033.22866424778,-30579.8907834508,2192.385646184557,2192.385646184557,2192.385646184557,2192.385646184557,65228.039888190804,47057.226822043536,53493.102112796856,65228.039888190804
2012-01-09,20599.529665282695,26750.160549146356,18849.29300550581,20599.529665282695,-115161.78695385635,-31353.7129864553,-5716.146441365476,-32031.82254801446,-91033.22866424778,-30579.8907834508,2192.385646184557,2192.385646184557,2192.385646184557,2192.385646184557,65347.26048584888,47176.44741970161,53612.32271045493,65347.26048584888
2012-01-10,20599.529665282695,26750.160549146356,18849.29300550581,20599.529665282695,-115161.78695385635,-31353.7129864553,-5716.146441365476,-32031.82254801446,-91033.22866424778,-30579.8907834508,2192.385646184557,2192.385646184557,2192.385646184557,2192.385646184557,65118.60125310952,46947.788186962134,53383.66347771557,65118.60125310952
2012-01-11,20599.529665282695,26750.160549146356,18849.29300550581,20599.529665282695,-115161.78695385635,-31353.7129864553,-5716.146441365476,-32031.82254801446,-91033.22866424778,-30579.8907834508,2192.385646184557,2192.385646184557,2192.385646184557,2192.385646184557,64996.62775188964,46825.81468574237,53261.68997649569,64996.62775188964
2012-01-12,20599.529665282695,26750.160549146356,18849.29300550581,20599.529665282695,-115161.78695385635,-31353.7129864553,-5716.146441365476,-32031.82254801446,-91033.22866424778,-30579.8907834508,2192.385646184557,2192.385646184557,2192.385646184557,2192.385646184557,64776.9273436917,46606.11427754455,53041.98956829775,64776.9273436917
2012-01-13,20599.529665282695,26750.160549146356,18849.29300550581,20599.529665282695,-115161.78695385635,-31353.7129864553,-5716.146441365476,-32031.82254801446,-91033.22866424778,-30579.8907834508,2192.385646184557,2192.385646184557,2192.385646184557,2192.385646184557,64936.390782019356,46765.57771587209,53201.45300662541,64936.390782019356
2012-01-17,20599.529665282695,26750.160549146356,18849.29300550581,20599.529665282695,-115161.78695385635,-31353.7129864553,-5716.146441365476,-32031.82254801446,-91033.22866424778,-30579.8907834508,2192.385646184557,2192.385646184557,2192.385646184557,2192.385646184557,64923.39259637473,46752.579530227464,53188.45482098078,64923.39259637473
2012-01-18,20599.529665282695,26750.160549146356,18849.29300550581,20599.529665282695,-115161.78695385635,-31353.7129864553,-5716.146441365476,-32031.82254801446,-91033.22866424778,-30579.8907834508,2192.385646184557,2192.385646184557,2192.385646184557,2192.385646184557,65014.680258365115,46843.867192217964,53279.74248297117,65014.680258365115
2012-01-19,20599.529665282695,26750.160549146356,18849.29300550581,20599.529665282695,-115161.78695385635,-31353.7129864553,-5716.146441365476,-32031.82254801446,-91033.22866424778,-30579.8907834508,2192.385646184557,2192.385646184557,2192.385646184557,2192.385646184557,65085.136035403004,46914.32296925585,53350.198260009056,65085.136035403004
2012-01-20,20599.529665282695,26750.160549146356,18849.29300550581,20599.529665282695,-115161.78695385635,-31353.7129864553,-5716.146441365476,-32031.82254801446,-91033.22866424778,-30579.8907834508,2192.385646184557,2192.385646184557,2192.385646184557,2192.385646184557,65739.10015446367,47568.2870883164,54004.16237906972,65739.10015446367
2012-01-23,20599.529665282695,26750.160549146356,18849.29300550581,20599.529665282695,-115161.78695385635,-31353.7129864553,-5716.146441365476,-32031.82254801446,-91033.22866424778,-30579.8907834508,2192.385646184557,2192.385646184557,2192.385646184557,2192.385646184557,65762.43986287504,47591.62679672777,54027.50208748109,65762.43986287504
2012-01-24,20599.529665282695,26750.160549146356,18849.29300550581,20599.529665282695,-115161.78695385635,-31353.7129864553,-5716.146441365476,-32031.82254801446,-91033.22866424778,-30579.8907834508,2192.385646184557,2192.385646184557,2192.385646184557,2192.385646184557,65786.16256043664,47615.349494289374,54051.224785042694,65786.16256043664
2012-01-25,20599.529665282695,26750.160549146356,18849.29300550581,20599.529665282695,-115161.78695385635,-31353.7129864553,-5716.146441365476,-32031.82254801446,-91033.22866424778,-30579.8907834508,2192.385646184557,2192.385646184557,2192.385646184557,2192.385646184557,65806.1297562921,47635.31669014471,54071.19198089815,65806.1297562921
2012-01-26,20599.529665282695,26750.160549146356,18849.29300550581,20599.529665282695,-115161.78695385635,-31353.7129864553,-5716.146441365476,-32031.82254801446,-91033.22866424778,-30579.8907834508,2192.385646184557,2192.385646184557,2192.385646184557,2192.385646184557,65825.20422579185,47654.39115964447,54090.2664503979,65825.20422579185
2012-01-27,20599.529665282695,26750.160549146356,18849.29300550581,20599.529665282695,-115161.78695385635,-31353.7129864553,-5716.146441365476,-32031.82254801446,-91033.22866424778,-30579.8907834508,2192.385646184557,2192.385646184557,2192.385646184557,2192.385646184557,65827.68591905641,47656.87285290926,54092.748143662466,65827.68591905641
2012-01-30,20599.529665282695,26750.160549146356,18849.29300550581,20599.529665282695,-115161.78695385635,-31353.7129864553,-5716.146441365476,-32031.82254801446,-91033.22866424778,-30579.8907834508,2192.385646184557,2192.385646184557,2192.385646184557,2192.385646184557,65906.70105294045,47735.88798679307,54171.7632775465,65906.70105294045
2012-01-31,20599.529665282695,26750.160549146356,18849.29300550581,20599.529665282695,-115161.78695385635,-31353.7129864553,-5716.146441365476,-32031.82254801446,-91033.22866424778,-30579.8907834508,2192.385646184557,2192.385646184557,2192.385646184557,2192.385646184557,65946.94923646585,47776.13617031858,54212.0114610719,65946.94923646585
2012-02-01,20599.529665282695,26750.160549146356,18849.29300550581,20599.529665282695,-115161.78695385635,-31353.7129864553,-5716.146441365476,-32031.82254801446,-91033.22866424778,-30579.8907834508,2192.385646184557,2192.385646184557,2192.385646184557,2192.385646184557,65949.55721138348,47778.744145236094,54214.61943598953,65949.55721138348
2012-02-02,20599.529665282695,26750.160549146356,18849.29300550581,20599.529665282695,-115161.78695385635,-31353.7129864553,-5716.146441365476,-32031.82254801446,-91033.22866424778,-30579.8907834508,2192.385646184557,2192.385646184557,2192.385646184557,2192.385646184557,65970.00517171086,47799.192105563474,54235.06739631691,65970.00517171086
2012-02-03,20599.529665282695,26750.160549146356,18849.29300550581,20599.529665282695,-115161.78695385635,-31353.7129864553,-5716.146441365476,-32031.82254801446,-91033.22866424778,-30579.8907834508,2192.385646184557,2192.385646184557,2192.385646184557,2192.385646184557,65944.2925827005,47773.47951655346,54209.35480730655,65944.2925827005
2012-02-06,20599.529665282695,26750.160549146356,18849.29300550581,20599.529665282695,-115161.78695385635,-31353.7129864553,-5716.146441365476,-32031.82254801446,-91033.22866424778,-30579.8907834508,2192.385646184557,2192.385646184557,2192.385646184557,2192.385646184557,66021.41844651802,47850.60538037098,54286.48067112407,66021.41844651802
2012-02-07,20599.529665282695,26750.160549146356,18849.29300550581,20599.529665282695,-115161.78695385635,-31353.7129864553,-5716.146441365476,-32031.82254801446,-91033.22866424778,-30579.8907834508,2192.385646184557,2192.385646184557,2192.385646184557,2192.385646184557,66050.11499456968,47879.30192842265,54315.17721917573,66050.11499456968
2012-02-08,20599.529665282695,26750.160549146356,18849.29300550581,20599.529665282695,-115161.78695385635,-31353.7129864553,-5716.146441365476,-32031.82254801446,-91033.22866424778,-30579.8907834508,2192.385646184557,2192.385646184557,2192.385646184557,2192.385646184557,66049.374247059,47878.561180912075,54314.436471665045,66049.374247059
2012-02-09,20599.529665282695,26750.160549146356,18849.29300550581,20599.529665282695,-115161.78695385635,-31353.7129864553,-5716.146441365476,-32031.82254801446,-91033.22866424778,-30579.8907834508,2192.385646184557,2192.385646184557,2192.385646184557,2192.385646184557,66134.72381277825,47963.910746631445,54399.7860373843,66134.72381277825
2012-02-10,20599.529665282695,26750.160549146356,18849.29300550581,20599.529665282695,-115161.78695385635,-31353.7129864553,-5716.146441365476,-32031.82254801446,-91033.22866424778,-30579.8907834508,2192.385646184557,2192.385646184557,2192.385646184557,2192.385646184557,66161.76710826787,47990.95404212095,54426.829332873924,66161.76710826787
2012-02-13,20599.529665282695,26750.160549146356,18849.29300550581,20599.529665282695,-115161.78695385635,-31353.7129864553,-5716.146441365476,-32031.82254801446,-91033.22866424778,-30579.8907834508,2192.385646184557,2192.385646184557,2192.385646184557,2192.385646184557,66270.90399126429,48100.090925117256,54535.96621587034,66270.90399126429
2012-02-14,20599.529665282695,26750.160549146356,18849.29300550581,20599.529665282695,-115161.78695385635,-31353.7129864553,-5716.146441365476,-32031.82254801446,-91033.22866424778,-30579.8907834508,2192.385646184557,2192.385646184557,2192.385646184557,2192.385646184557,66282.73383689742,48111.9207707505,54547.79606150347,66282.73383689742
2012-02-15,20599.529665282695,26750.160549146356,18849.29300550581,20599.529665282695,-115161.78695385635,-31353.7129864553,-5716.146441365476,-32031.82254801446,-91033.22866424778,-30579.8907834508,2192.385646184557,2192.385646184557,2192.385646184557,2192.385646184557,66368.7033857964,48197.89031964936,54633.76561040245,66368.7033857964
2012-02-16,20599.529665282695,26750.160549146356,18849.29300550581,20599.529665282695,-115161.78695385635,-31353.7129864553,-5716.146441365476,-32031.82254801446,-91033.22866424778,-30579.8907834508,2192.385646184557,2192.385646184557,2192.385646184557,2192.385646184557,66396.22682794998,48225.413761803065,54661.289052556036,66396.22682794998
2012-02-17,20599.529665282695,26750.160549146356,18849.29300550581,20599.529665282695,-115161.78695385635,-31353.7129864553,-5716.146441365476,-32031.82254801446,-91033.22866424778,-30579.8907834508,2192.385646184557,2192.385646184557,2192.385646184557,2192.385646184557,66469.3732964904,48298.560230343486,54734.43552109646,66469.3732964904
2012-02-21,20599.529665282695,26750.160549146356,18849.29300550581,20599.529665282695,-115161.78695385635,-31353.7129864553,-5716.146441365476,-32031.82254801446,-91033.22866424778,-30579.8907834508,2192.385646184557,2192.385646184557,2192.385646184557,2192.385646184557,66469.3732964904,48298.560230343486,54734.43552109646,66469.3732964904
2012-02-22,20599.529665282695,26750.160549146356,18849.29300550581,20599.529665282695,-115161.78695385635,-31353.7129864553,-5716.146441365476,-32031.82254801446,-91033.22866424778,-30579.8907834508,2192.385646184557,2192.385646184557,2192.385646184557,2192.385646184557,66469.3732964904,48298.560230343486,54734.43552109646,66469.3732964904
2012-02-23,20599.529665282695,26750.160549146356,18849.29300550581,20599.529665282695,-115161.78695385635,-31353.7129864553,-5716.146441365476,-32031.82254801446,-91033.22866424778,-30579.8907834508,2192.385646184557,2192.385646184557,2192.385646184557,2192.385646184557,66469.3732964904,48298.560230343486,54734.43552109646,66469.3732964904
2012-02-24,20599.529665282695,26750.160549146356,18849.29300550581,20599.529665282695,-115161.78695385635,-31353.7129864553,-5716.146441365476,-32031.82254801446,-91033.22866424778,-30579.8907834508,2192.385646184557,2192.385646184557,2192.385646184557,2192.385646184557,66469.3732964904,48298.560230343486,54734.43552109646,66469.3732964904
2012-02-27,20599.529665282695,26750.160549146356,18849.29300550581,20599.529665282695,-115161.78695385635,-31353.7129864553,-5716.146441365476,-32031.82254801446,-91033.22866424778,-30579.8907834508,2192.385646184557,2192.385646184557,2192.385646184557,2192.385646184557,66469.3732964904,48298.560230343486,54734.43552109646,66469.3732964904
2012-02-28,20599.529665282695,26750.160549146356,18849.29300550581,20599.529665282695,-115161.78695385635,-31353.7129864553,-5716.146441365476,-32031.82254801446,-91033.22866424778,-30579.8907834508,2192.385646184557,2192.385646184557,2192.385646184557,2192.385646184557,66469.3732964904,48298.560230343486,54734.43552109646,66469.3732964904
2012-02-29,20599.529665282695,26750.160549146356,18849.29300550581,20599.529665282695,-115161.78695385635,-31353.7129864553,-5716.146441365476,-32031.82254801446,-91033.22866424778,-30579.8907834508,2192.385646184557,2192.385646184557,2192.385646184557,2192.385646184557,66469.3732964904,48298.560230343486,54734.43552109646,66469.3732964904
2012-03-01,20599.529665282695,26750.160549146356,18849.29300550581,20599.529665282695,-115161.78695385635,-31353.7129864553,-5716.146441365476,-32031.82254801446,-91033.22866424778,-30579.8907834508,2192.385646184557,2192.385646184557,2192.385646184557,2192.385646184557,66469.3732964904,48298.560230343486,54734.43552109646,66469.3732964904
2012-03-02,20599.529665282695,26750.160549146356,18849.29300550581,20599.529665282695,-115161.78695385635,-31353.7129864553,-5716.146441365476,-32031.82254801446,-91033.22866424778,-30579.8907834508,2192.385646184557,2192.385646184557,2192.385646184557,2192.385646184557,66469.3732964904,48298.560230343486,54734.43552109646,66469.3732964904
2012-03-05,20599.529665282695,26750.160549146356,18849.29300550581,20599.529665282695,-115161.78695385635,-31353.7129864553,-5716.146441365476,-32031.82254801446,-91033.22866424778,-30579.8907834508,2192.385646184557,2192.385646184557,2192.385646184557,2192.385646184557,66469.3732964904,48298.560230343486,54734.43552109646,66469.3732964904
2012-03-06,20599.529665282695,26750.160549146356,18849.29300550581,20599.529665282695,-115161.78695385635,-31353.7129864553,-5716.146441365476,-32031.82254801446,-91033.22866424778,-30579.8907834508,2192.385646184557,2192.385646184557,2192.385646184557,2192.385646184557,66469.3732964904,48298.560230343486,54734.43552109646,66469.3732964904
2012-03-07,20599.529665282695,26750.160549146356,18849.29300550581,20599.529665282695,-115161.78695385635,-31353.7129864553,-5716.146441365476,-32031.82254801446,-91033.22866424778,-30579.8907834508,2192.385646184557,2192.385646184557,2192.385646184557,2192.385646184557,66469.3732964904,48298.560230343486,54734.43552109646,66469.3732964904
2012-03-08,20599.529665282695,26750.160549146356,18849.29300550581,20599.529665282695,-115161.78695385635,-31353.7129864553,-5716.146441365476,-32031.82254801446,-91033.22866424778,-30579.8907834508,2192.385646184557,2192.385646184557,2192.385646184557,2192.385646184557,66469.3732964904,48298.560230343486,54734.43552109646,66469.3732964904
2012-03-09,20599.529665282695,26750.160549146356,18849.29300550581,20599.529665282695,-115161.78695385635,-31353.7129864553,-5716.146441365476,-32031.82254801446,-91033.22866424778,-30579.8907834508,2192.385646184557,2192.385646184557,2192.385646184557,2192.385646184557,66469.3732964904,48298.560230343486,54734.43552109646,66469.3732964904
2012-03-12,20599.529665282695,26750.160549146356,18849.29300550581,20599.529665282695,-115161.78695385635,-31353.7129864553,-5716.146441365476,-32031.82254801446,-91033.22866424778,-30579.8907834508,2192.385646184557,2192.385646184557,2192.385646184557,2192.385646184557,66469.3732964904,48298.560230343486,54734.43552109646,66469.3732964904
2012-03-13,20599.529665282695,26750.160549146356,18849.29300550581,20599.529665282695,-115161.78695385635,-31353.7129864553,-5716.146441365476,-32031.82254801446,-91033.22866424778,-30579.8907834508,2192.385646184557,2192.385646184557,2192.385646184557,2192.385646184557,66469.3732964904,48298.560230343486,54734.43552109646,66469.3732964904
2012-03-14,20599.529665282695,26750.160549146356,18849.29300550581,20599.529665282695,-115161.78695385635,-31353.7129864553,-5716.146441365476,-32031.82254801446,-91033.22866424778,-30579.8907834508,2192.385646184557,2192.385646184557,2192.385646184557,2192.385646184557,66469.3732964904,48298.560230343486,54734.43552109646,66469.3732964904
2012-03-15,20599.529665282695,26750.160549146356,18849.29300550581,20599.529665282695,-115161.78695385635,-31353.7129864553,-5716.146441365476,-32031.82254801446,-91033.22866424778,-30579.8907834508,2192.385646184557,2192.385646184557,2192.385646184557,2192.385646184557,66469.3732964904,48298.560230343486,54734.43552109646,66469.3732964904
2012-03-16,20599.529665282695,26750.160549146356,18849.29300550581,20599.529665282695,-115161.78695385635,-31353.7129864553,-5716.146441365476,-32031.82254801446,-91033.22866424778,-30579.8907834508,2192.385646184557,2192.385646184557,2192.385646184557,2192.385646184557,66469.3732964904,48298.560230343486,54734.43552109646,66469.3732964904
2012-03-19,20599.529665282695,26750.160549146356,18849.29300550581,20599.529665282695,-115161.78695385635,-31353.7129864553,-5716.146441365476,-32031.82254801446,-91033.22866424778,-30579.8907834508,2192.385646184557,2192.385646184557,2192.385646184557,2192.385646184557,66525.2442225914,48354.43115644448,54790.30644719745,66525.2442225914
2012-03-20,20599.529665282695,26750.160549146356,18849.29300550581,20599.529665282695,-115161.78695385635,-31353.7129864553,-5716.146441365476,-32031.82254801446,-91033.22866424778,-30579.8907834508,2192.385646184557,2192.385646184557,2192.385646184557,2192.385646184557,66549.65832064603,48378.845254499,54814.72054525209,66549.65832064603
2012-03-21,20599.529665282695,26750.160549146356,18849.29300550581,20599.529665282695,-115161.78695385635,-31353.7129864553,-5716.146441365476,-32031.82254801446,-91033.22866424778,-30579.8907834508,2192.385646184557,2192.385646184557,2192.385646184557,2192.385646184557,66613.21947448072,48442.4064083338,54878.28169908677,66613.21947448072
2012-03-22,20599.529665282695,26750.160549146356,18849.29300550581,20599.529665282695,-115161.78695385635,-31353.7129864553,-5716.146441365476,-32031.82254801446,-91033.22866424778,-30579.8907834508,2192.385646184557,2192.385646184557,2192.385646184557,2192.385646184557,66618.36470930651,48447.55164315947,54883.42693391256,66618.36470930651
2012-03-23,20599.529665282695,26750.160549146356,18849.29300550581,20599.529665282695,-115161.78695385635,-31353.7129864553,-5716.146441365476,-32031.82254801446,-91033.22866424778,-30579.8907834508,2192.385646184557,2192.385646184557,2192.385646184557,2192.385646184557,66631.29067851766,48460.47761237051,54896.35290312371,66631.29067851766
2012-03-26,20599.529665282695,26750.160549146356,18849.29300550581,20599.529665282695,-115161.78695385635,-31353.7129864553,-5716.146441365476,-32031.82254801446,-91033.22866424778,-30579.8907834508,2192.385646184557,2192.385646184557,2192.385646184557,2192.385646184557,66783.17748048552,48612.36441433849,55048.239705091575,66783.17748048552
2012-03-27,20599.529665282695,26750.160549146356,18849.29300550581,20599.529665282695,-115161.78695385635,-31353.7129864553,-5716.146441365476,-32031.82254801446,-91033.22866424778,-30579.8907834508,2192.385646184557,2192.385646184557,2192.385646184557,2192.385646184557,66823.86849066895,48653.05542452191,55088.930715275,66823.86849066895
2012-03-28,20599.529665282695,26750.160549146356,18849.29300550581,20599.529665282695,-115161.78695385635,-31353.7129864553,-5716.146441365476,-32031.82254801446,-91033.22866424778,-30579.8907834508,2192.385646184557,2192.385646184557,2192.385646184557,2192.385646184557,66903.34064761689,48732.527581469854,55168.40287222294,66903.34064761689
2012-03-29,20599.529665282695,26750.160549146356,18849.29300550581,20599.529665282695,-115161.78695385635,-31353.7129864553,-5716.146441365476,-32031.82254801446,-91033.22866424778,-30579.8907834508,2192.385646184557,2192.385646184557,2192.385646184557,2192.385646184557,66966.0070494872,48795.19398334017,55231.06927409326,66966.0070494872
2012-03-30,20599.529665282695,26750.160549146356,18849.29300550581,20599.529665282695,-115161.78695385635,-31353.7129864553,-5716.146441365476,-32031.82254801446,-91033.22866424778,-30579.8907834508,2192.385646184557,2192.385646184557,2192.385646184557,2192.385646184557,66963.99152572406,48793.17845957703,55229.05375033012,66963.99152572406
2012-04-02,20599.529665282695,26750.160549146356,18849.29300550581,20599.529665282695,-115161.78695385635,-31353.7129864553,-5716.146441365476,-32031.82254801446,-91033.22866424778,-30579.8907834508,2192.385646184557,2192.385646184557,2192.385646184557,2192.385646184557,67162.90834414703,48992.09527799999,55427.97056875308,67162.90834414703
2012-04-03,20599.529665282695,26750.160549146356,18849.29300550581,20599.529665282695,-115161.78695385635,-31353.7129864553,-5716.146441365476,-32031.82254801446,-91033.22866424778,-30579.8907834508,2192.385646184557,2192.385646184557,2192.385646184557,2192.385646184557,67233.8181487841,49063.00508263707,55498.88037339016,67233.8181487841
2012-04-04,20599.529665282695,26750.160549146356,18849.29300550581,20599.529665282695,-115161.78695385635,-31353.7129864553,-5716.146441365476,-32031.82254801446,-91033.22866424778,-30579.8907834508,2192.385646184557,2192.385646184557,2192.385646184557,2192.385646184557,67192.88063733978,49022.06757119275,55457.942861945834,67192.88063733978
2012-04-05,20599.529665282695,26750.160549146356,18849.29300550581,20599.529665282695,-115161.78695385635,-31353.7129864553,-5716.146441365476,-32031.82254801446,-91033.22866424778,-30579.8907834508,2192.385646184557,2192.385646184557,2192.385646184557,2192.385646184557,67276.52946617454,49105.71640002751,55541.591690780595,67276.52946617454
2012-04-09,20599.529665282695,26750.160549146356,18849.29300550581,20599.529665282695,-115161.78695385635,-31353.7129864553,-5716.146441365476,-32031.82254801446,-91033.22866424778,-30579.8907834508,2192.385646184557,2192.385646184557,2192.385646184557,2192.385646184557,67499.31049391022,49328.497427763185,55764.37271851627,67499.31049391022
2012-04-10,20599.529665282695,26750.160549146356,18849.29300550581,20599.529665282695,-115161.78695385635,-31353.7129864553,-5716.146441365476,-32031.82254801446,-91033.22866424778,-30579.8907834508,2192.385646184557,2192.385646184557,2192.385646184557,2192.385646184557,67363.90239528939,49193.089329142356,55628.96461989544,67363.90239528939
2012-04-11,20599.529665282695,26750.160549146356,18849.29300550581,20599.529665282695,-115161.78695385635,-31353.7129864553,-5716.146441365476,-32031.82254801446,-91033.22866424778,-30579.8907834508,2192.385646184557,2192.385646184557,2192.385646184557,2192.385646184557,67620.19052045746,49449.37745431042,55885.25274506351,67620.19052045746
2012-04-12,20599.529665282695,26750.160549146356,18849.29300550581,20599.529665282695,-115161.78695385635,-31353.7129864553,-5716.146441365476,-32031.82254801446,-91033.22866424778,-30579.8907834508,2192.385646184557,2192.385646184557,2192.385646184557,2192.385646184557,67816.04212598247,49645.22905983543,56081.10435058852,67816.04212598247
2012-04-13,20599.529665282695,26750.160549146356,18849.29300550581,20599.529665282695,-115161.78695385635,-31353.7129864553,-5716.146441365476,-32031.82254801446,-91033.22866424778,-30579.8907834508,2192.385646184557,2192.385646184557,2192.385646184557,2192.385646184557,67926.74846392684,49755.9353977798,56191.81068853289,67926.74846392684
2012-04-16,20599.529665282695,26750.160549146356,18849.29300550581,20599.529665282695,-115161.78695385635,-31353.7129864553,-5716.146441365476,-32031.82254801446,-91033.22866424778,-30579.8907834508,2192.385646184557,2192.385646184557,2192.385646184557,2192.385646184557,68199.88847947982,50029.07541333279,56464.95070408587,68199.88847947982
2012-04-17,20599.529665282695,26750.160549146356,18849.29300550581,20599.529665282695,-115161.78695385635,-31353.7129864553,-5716.146441365476,-32031.82254801446,-91033.22866424778,-30579.8907834508,2192.385646184557,2192.385646184557,2192.385646184557,2192.385646184557,68349.34562818287,50178.532562035834,56614.40785278892,68349.34562818287
2012-04-18,20599.529665282695,26750.160549146356,18849.29300550581,20599.529665282695,-115161.78695385635,-31353.7129864553,-5716.146441365476,-32031.82254801446,-91033.22866424778,-30579.8907834508,2192.385646184557,2192.385646184557,2192.385646184557,2192.385646184557,68505.37172032101,50334.558654173976,56770.43394492706,68505.37172032101
2012-04-19,20599.529665282695,26750.160549146356,18849.29300550581,20599.529665282695,-115161.78695385635,-31353.7129864553,-5716.146441365476,-32031.82254801446,-91033.22866424778,-30579.8907834508,2192.385646184557,2192.385646184557,2192.385646184557,2192.385646184557,68575.26088496088,50404.447818813846,56840.32310956693,68575.26088496088
2012-04-20,20599.529665282695,26750.160549146356,18849.29300550581,20599.529665282695,-115161.78695385635,-31353.7129864553,-5716.146441365476,-32031.82254801446,-91033.22866424778,-30579.8907834508,2192.385646184557,2192.385646184557,2192.385646184557,2192.385646184557,68682.46088755853,50511.64782141149,56947.52311216458,68682.46088755853
2012-04-23,20599.529665282695,26750.160549146356,18849.29300550581,20599.529665282695,-115161.78695385635,-31353.7129864553,-5716.146441365476,-32031.82254801446,-91033.22866424778,-30579.8907834508,2192.385646184557,2192.385646184557,2192.385646184557,2192.385646184557,68641.6380648138,50470.824998666765,56906.70028941985,68641.6380648138
2012-04-24,20599.529665282695,26750.160549146356,18849.29300550581,20599.529665282695,-115161.78695385635,-31353.7129864553,-5716.146441365476,-32031.82254801446,-91033.22866424778,-30579.8907834508,2192.385646184557,2192.385646184557,2192.385646184557,2192.385646184557,68443.01933113509,50272.20626498805,56708.08155574114,68443.01933113509
2012-04-25,20599.529665282695,26750.160549146356,18849.29300550581,20599.529665282695,-115161.78695385635,-31353.7129864553,-5716.146441365476,-32031.82254801446,-91033.22866424778,-30579.8907834508,2192.385646184557,2192.385646184557,2192.385646184557,2192.385646184557,68485.10784004815,50314.294773901114,56750.1700646542,68485.10784004815
2012-04-26,20599.529665282695,26750.160549146356,18849.29300550581,20599.529665282695,-115161.78695385635,-31353.7129864553,-5716.146441365476,-32031.82254801446,-91033.22866424778,-30579.8907834508,2192.385646184557,2192.385646184557,2192.385646184557,2192.385646184557,68720.76096710935,50549.94790096232,56985.823191715404,68720.76096710935
2012-04-27,20599.529665282695,26750.160549146356,18849.29300550581,20599.529665282695,-115161.78695385635,-31353.7129864553,-5716.146441365476,-32031.82254801446,-91033.22866424778,-30579.8907834508,2192.385646184557,2192.385646184557,2192.385646184557,2192.385646184557,68724.54775532219,50553.73468917515,56989.60997992824,68724.54775532219
2012-04-30,20599.529665282695,26750.160549146356,18849.29300550581,20599.529665282695,-115161.78695385635,-31353.7129864553,-5716.146441365476,-32031.82254801446,-91033.22866424778,-30579.8907834508,2192.385646184557,2192.385646184557,2192.385646184557,2192.385646184557,68923.08505443763,50752.271988290595,57188.14727904368,68923.08505443763
2012-05-01,20599.529665282695,26750.160549146356,18849.29300550581,20599.529665282695,-115161.78695385635,-31353.7129864553,-5716.146441365476,-32031.82254801446,-91033.22866424778,-30579.8907834508,2192.385646184557,2192.385646184557,2192.385646184557,2192.385646184557,69188.64122190187,51017.82815575483,57453.70344650792,69188.64122190187
2012-05-02,20599.529665282695,26750.160549146356,18849.29300550581,20599.529665282695,-115161.78695385635,-31353.7129864553,-5716.146441365476,-32031.82254801446,-91033.22866424778,-30579.8907834508,2192.385646184557,2192.385646184557,2192.385646184557,2192.385646184557,69311.39058695245,51140.57752080541,57576.4528115585,69311.39058695245
2012-05-03,20599.529665282695,26750.160549146356,18849.29300550581,20599.529665282695,-115161.78695385635,-31353.7129864553,-5716.146441365476,-32031.82254801446,-91033.22866424778,-30579.8907834508,2192.385646184557,2192.385646184557,2192.385646184557,2192.385646184557,69335.66603628523,51164.85297013819,57600.72826089128,69335.66603628523
2012-05-04,20599.529665282695,26750.160549146356,18849.29300550581,20599.529665282695,-115161.78695385635,-31353.7129864553,-5716.146441365476,-32031.82254801446,-91033.22866424778,-30579.8907834508,2192.385646184557,2192.385646184557,2192.385646184557,2192.385646184557,68957.70069726463,50786.8876311176,57222.762921870686,68957.70069726463
2012-05-07,20599.529665282695,26750.160549146356,18849.29300550581,20599.529665282695,-115161.78695385635,-31353.7129864553,-5716.146441365476,-32031.82254801446,-91033.22866424778,-30579.8907834508,2192.385646184557,2192.385646184557,2192.385646184557,2192.385646184557,69410.90045732772,51240.087391180685,57675.96268193377,69410.90045732772
2012-05-08,20599.529665282695,26750.160549146356,18849.29300550581,20599.529665282695,-115161.78695385635,-31353.7129864553,-5716.146441365476,-32031.82254801446,-91033.22866424778,-30579.8907834508,2192.385646184557,2192.385646184557,2192.385646184557,2192.385646184557,69275.0889274939,51104.27586134686,57540.15115209995,69275.0889274939
2012-05-09,20599.529665282695,26750.160549146356,18849.29300550581,20599.529665282695,-115161.78695385635,-31353.7129864553,-5716.146441365476,-32031.82254801446,-91033.22866424778,-30579.8907834508,2192.385646184557,2192.385646184557,2192.385646184557,2192.385646184557,69399.62690938497,51228.813843237935,57664.68913399102,69399.62690938497
2012-05-10,20599.529665282695,26750.160549146356,18849.29300550581,20599.529665282695,-115161.78695385635,-31353.7129864553,-5716.146441365476,-32031.82254801446,-91033.22866424778,-30579.8907834508,2192.385646184557,2192.385646184557,2192.385646184557,2192.385646184557,68595.08157487516,50424.26850872813,56860.143799481215,68595.08157487516
2012-05-11,20599.529665282695,26750.160549146356,18849.29300550581,20599.529665282695,-115161.78695385635,-31353.7129864553,-5716.146441365476,-32031.82254801446,-91033.22866424778,-30579.8907834508,2192.385646184557,2192.385646184557,2192.385646184557,2192.385646184557,68476.08723918116,50305.27417303412,56741.14946378721,68476.08723918116
2012-05-14,20599.529665282695,26750.160549146356,18849.29300550581,20599.529665282695,-115161.78695385635,-31353.7129864553,-5716.146441365476,-32031.82254801446,-91033.22866424778,-30579.8907834508,2192.385646184557,2192.385646184557,2192.385646184557,2192.385646184557,68829.32171704108,50658.508650894044,57094.38394164713,68829.32171704108
2012-05-15,20599.529665282695,26750.160549146356,18849.29300550581,20599.529665282695,-115161.78695385635,-31353.7129864553,-5716.146441365476,-32031.82254801446,-91033.22866424778,-30579.8907834508,2192.385646184557,2192.385646184557,2192.385646184557,2192.385646184557,68832.46831378993,50661.65524764289,57097.53053839598,68832.46831378993
2012-05-16,20599.529665282695,26750.160549146356,18849.29300550581,20599.529665282695,-115161.78695385635,-31353.7129864553,-5716.146441365476,-32031.82254801446,-91033.22866424778,-30579.8907834508,2192.385646184557,2192.385646184557,2192.385646184557,2192.385646184557,69053.08868092275,50882.27561477572,57318.150905528804,69053.08868092275
2012-05-17,20599.529665282695,26750.160549146356,18849.29300550581,20599.529665282695,-115161.78695385635,-31353.7129864553,-5716.146441365476,-32031.82254801446,-91033.22866424778,-30579.8907834508,2192.385646184557,2192.385646184557,2192.385646184557,2192.385646184557,69177.60793019738,51006.794864050345,57442.67015480343,69177.60793019738
2012-05-18,20599.529665282695,26750.160549146356,18849.29300550581,20599.529665282695,-115161.78695385635,-31353.7129864553,-5716.146441365476,-32031.82254801446,-91033.22866424778,-30579.8907834508,2192.385646184557,2192.385646184557,2192.385646184557,2192.385646184557,69136.5370412916,50965.72397514456,57401.59926589765,69136.5370412916
2012-05-21,20599.529665282695,26750.160549146356,18849.29300550581,20599.529665282695,-115161.78695385635,-31353.7129864553,-5716.146441365476,-32031.82254801446,-91033.22866424778,-30579.8907834508,2192.385646184557,2192.385646184557,2192.385646184557,2192.385646184557,69133.3178809057,50962.504814758664,57398.38010551175,69133.3178809057
2012-05-22,20599.529665282695,26750.160549146356,18849.29300550581,20599.529665282695,-115161.78695385635,-31353.7129864553,-5716.146441365476,-32031.82254801446,-91033.22866424778,-30579.8907834508,2192.385646184557,2192.385646184557,2192.385646184557,2192.385646184557,69149.87029025424,50979.05722410721,57414.932514860295,69149.87029025424
2012-05-23,20599.529665282695,26750.160549146356,18849.29300550581,20599.529665282695,-115161.78695385635,-31353.7129864553,-5716.146441365476,-32031.82254801446,-91033.22866424778,-30579.8907834508,2192.385646184557,2192.385646184557,2192.385646184557,2192.385646184557,69142.80040184245,50971.98733569542,57407.86262644851,69142.80040184245
2012-05-24,20599.529665282695,26750.160549146356,18849.29300550581,20599.529665282695,-115161.78695385635,-31353.7129864553,-5716.146441365476,-32031.82254801446,-91033.22866424778,-30579.8907834508,2192.385646184557,2192.385646184557,2192.385646184557,2192.385646184557,69125.8652603717,50955.05219422467,57390.92748497776,69125.8652603717
2012-05-25,20599.529665282695,26750.160549146356,18849.29300550581,20599.529665282695,-115161.78695385635,-31353.7129864553,-5716.146441365476,-32031.82254801446,-91033.22866424778,-30579.8907834508,2192.385646184557,2192.385646184557,2192.385646184557,2192.385646184557,69164.44950372027,50993.63643757324,57429.511728326324,69164.44950372027
2012-05-29,20599.529665282695,26750.160549146356,18849.29300550581,20599.529665282695,-115161.78695385635,-31353.7129864553,-5716.146441365476,-32031.82254801446,-91033.22866424778,-30579.8907834508,2192.385646184557,2192.385646184557,2192.385646184557,2192.385646184557,69237.04885585746,51066.23578971042,57502.11108046351,69237.04885585746
2012-05-30,20599.529665282695,26750.160549146356,18849.29300550581,20599.529665282695,-115161.78695385635,-31353.7129864553,-5716.146441365476,-32031.82254801446,-91033.22866424778,-30579.8907834508,2192.385646184557,2192.385646184557,2192.385646184557,2192.385646184557,69268.73050110345,51097.91743495641,57533.7927257095,69268.73050110345
2012-05-31,20599.529665282695,26750.160549146356,18849.29300550581,20599.529665282695,-115161.78695385635,-31353.7129864553,-5716.146441365476,-32031.82254801446,-91033.22866424778,-30579.8907834508,2192.385646184557,2192.385646184557,2192.385646184557,2192.385646184557,69214.54629618232,51043.73323003529,57479.60852078837,69214.54629618232
2012-06-01,20599.529665282695,26750.160549146356,18849.29300550581,20599.529665282695,-115161.78695385635,-31353.7129864553,-5716.146441365476,-32031.82254801446,-91033.22866424778,-30579.8907834508,2192.385646184557,2192.385646184557,2192.385646184557,2192.385646184557,69204.40584409703,51033.59277794999,57469.46806870308,69204.40584409703
2012-06-04,20599.529665282695,26750.160549146356,18849.29300550581,20599.529665282695,-115161.78695385635,-31353.7129864553,-5716.146441365476,-32031.82254801446,-91033.22866424778,-30579.8907834508,2192.385646184557,2192.385646184557,2192.385646184557,2192.385646184557,69301.88884014846,51131.07577400142,57566.95106475451,69301.88884014846
2012-06-05,20599.529665282695,26750.160549146356,18849.29300550581,20599.529665282695,-115161.78695385635,-31353.7129864553,-5716.146441365476,-32031.82254801446,-91033.22866424778,-30579.8907834508,2192.385646184557,2192.385646184557,2192.385646184557,2192.385646184557,69305.96724410052,51135.15417795349,57571.029468706576,69305.96724410052
2012-06-06,20599.529665282695,26750.160549146356,18849.29300550581,20599.529665282695,-115161.78695385635,-31353.7129864553,-5716.146441365476,-32031.82254801446,-91033.22866424778,-30579.8907834508,2192.385646184557,2192.385646184557,2192.385646184557,2192.385646184557,69251.44680281053,51080.6337366635,57516.509027416585,69251.44680281053
2012-06-07,20599.529665282695,26750.160549146356,18849.29300550581,20599.529665282695,-115161.78695385635,-31353.7129864553,-5716.146441365476,-32031.82254801446,-91033.22866424778,-30579.8907834508,2192.385646184557,2192.385646184557,2192.385646184557,2192.385646184557,69302.782479533,51131.96941338596,57567.84470413905,69302.782479533
2012-06-08,20599.529665282695,26750.160549146356,18849.29300550581,20599.529665282695,-115161.78695385635,-31353.7129864553,-5716.146441365476,-32031.82254801446,-91033.22866424778,-30579.8907834508,2192.385646184557,2192.385646184557,2192.385646184557,2192.385646184557,69192.7463123845,51021.93324623746,57457.808536990546,69192.7463123845
2012-06-11,20599.529665282695,26750.160549146356,18849.29300550581,20599.529665282695,-115161.78695385635,-31353.7129864553,-5716.146441365476,-32031.82254801446,-91033.22866424778,-30579.8907834508,2192.385646184557,2192.385646184557,2192.385646184557,2192.385646184557,69374.06688890746,51203.253822760424,57639.12911351351,69374.06688890746
2012-06-12,20599.529665282695,26750.160549146356,18849.29300550581,20599.529665282695,-115161.78695385635,-31353.7129864553,-5716.146441365476,-32031.82254801446,-91033.22866424778,-30579.8907834508,2192.385646184557,2192.385646184557,2192.385646184557,2192.385646184557,69426.48963537184,51255.6765692248,57691.55185997789,69426.48963537184
2012-06-13,20599.529665282695,26750.160549146356,18849.29300550581,20599.529665282695,-115161.78695385635,-31353.7129864553,-5716.146441365476,-32031.82254801446,-91033.22866424778,-30579.8907834508,2192.385646184557,2192.385646184557,2192.385646184557,2192.385646184557,69385.88717809832,51215.07411195128,57650.94940270437,69385.88717809832
2012-06-14,20599.529665282695,26750.160549146356,18849.29300550581,20599.529665282695,-115161.78695385635,-31353.7129864553,-5716.146441365476,-32031.82254801446,-91033.22866424778,-30579.8907834508,2192.385646184557,2192.385646184557,2192.385646184557,2192.385646184557,69191.23694404424,51020.42387789721,57456.299168650294,69191.23694404424
2012-06-15,20599.529665282695,26750.160549146356,18849.29300550581,20599.529665282695,-115161.78695385635,-31353.7129864553,-5716.146441365476,-32031.82254801446,-91033.22866424778,-30579.8907834508,2192.385646184557,2192.385646184557,2192.385646184557,2192.385646184557,69126.39545035362,50955.58238420659,57391.457674959674,69126.39545035362
2012-06-18,20599.529665282695,26750.160549146356,18849.29300550581,20599.529665282695,-115161.78695385635,-31353.7129864553,-5716.146441365476,-32031.82254801446,-91033.22866424778,-30579.8907834508,2192.385646184557,2192.385646184557,2192.385646184557,2192.385646184557,69169.67153298622,50998.858466839185,57434.73375759227,69169.67153298622
2012-06-19,20599.529665282695,26750.160549146356,18849.29300550581,20599.529665282695,-115161.78695385635,-31353.7129864553,-5716.146441365476,-32031.82254801446,-91033.22866424778,-30579.8907834508,2192.385646184557,2192.385646184557,2192.385646184557,2192.385646184557,69184.08886883897,51013.27580269193,57449.15109344502,69184.08886883897
2012-06-20,20599.529665282695,26750.160549146356,18849.29300550581,20599.529665282695,-115161.78695385635,-31353.7129864553,-5716.146441365476,-32031.82254801446,-91033.22866424778,-30579.8907834508,2192.385646184557,2192.385646184557,2192.385646184557,2192.385646184557,69234.79579034867,51063.98272420163,57499.85801495472,69234.79579034867
2012-06-21,20599.529665282695,26750.160549146356,18849.29300550581,20599.529665282695,-115161.78695385635,-31353.7129864553,-5716.146441365476,-32031.82254801446,-91033.22866424778,-30579.8907834508,2192.385646184557,2192.385646184557,2192.385646184557,2192.385646184557,69319.17271567602,51148.35964952898,57584.23494028207,69319.17271567602
2012-06-22,20599.529665282695,26750.160549146356,18849.29300550581,20599.529665282695,-115161.78695385635,-31353.7129864553,-5716.146441365476,-32031.82254801446,-91033.22866424778,-30579.8907834508,2192.385646184557,2192.385646184557,2192.385646184557,2192.385646184557,69389.61066968762,51218.79760354059,57654.672894293675,69389.61066968762
2012-06-25,20599.529665282695,26750.160549146356,18849.29300550581,20599.529665282695,-115161.78695385635,-31353.7129864553,-5716.146441365476,-32031.82254801446,-91033.22866424778,-30579.8907834508,2192.385646184557,2192.385646184557,2192.385646184557,2192.385646184557,69441.56969866739,51270.75663252035,57706.63192327344,69441.56969866739
2012-06-26,20599.529665282695,26750.160549146356,18849.29300550581,20599.529665282695,-115161.78695385635,-31353.7129864553,-5716.146441365476,-32031.82254801446,-91033.22866424778,-30579.8907834508,2192.385646184557,2192.385646184557,2192.385646184557,2192.385646184557,69520.24112065835,51349.428054511314,57785.3033452644,69520.24112065835
2012-06-27,20599.529665282695,26750.160549146356,18849.29300550581,20599.529665282695,-115161.78695385635,-31353.7129864553,-5716.146441365476,-32031.82254801446,-91033.22866424778,-30579.8907834508,2192.385646184557,2192.385646184557,2192.385646184557,2192.385646184557,69638.88027642807,51468.067210281035,57903.94250103412,69638.88027642807
2012-06-28,20599.529665282695,26750.160549146356,18849.29300550581,20599.529665282695,-115161.78695385635,-31353.7129864553,-5716.146441365476,-32031.82254801446,-91033.22866424778,-30579.8907834508,2192.385646184557,2192.385646184557,2192.385646184557,2192.385646184557,69736.92920416314,51566.11613801611,58001.99142876919,69736.92920416314
2012-06-29,20599.529665282695,26750.160549146356,18849.29300550581,20599.529665282695,-115161.78695385635,-31353.7129864553,-5716.146441365476,-32031.82254801446,-91033.22866424778,-30579.8907834508,2192.385646184557,2192.385646184557,2192.385646184557,2192.385646184557,69541.75896672439,51370.94590057735,57806.82119133044,69541.75896672439
2012-07-02,20599.529665282695,26750.160549146356,18849.29300550581,20599.529665282695,-115161.78695385635,-31353.7129864553,-5716.146441365476,-32031.82254801446,-91033.22866424778,-30579.8907834508,2192.385646184557,2192.385646184557,2192.385646184557,2192.385646184557,69504.45789371734,51333.6448275703,57769.52011832339,69504.45789371734
2012-07-03,20599.529665282695,26750.160549146356,18849.29300550581,20599.529665282695,-115161.78695385635,-31353.7129864553,-5716.146441365476,-32031.82254801446,-91033.22866424778,-30579.8907834508,2192.385646184557,2192.385646184557,2192.385646184557,2192.385646184557,69419.03600220312,51248.22293605609,57684.098226809176,69419.03600220312
2012-07-05,20599.529665282695,26750.160549146356,18849.29300550581,20599.529665282695,-115161.78695385635,-31353.7129864553,-5716.146441365476,-32031.82254801446,-91033.22866424778,-30579.8907834508,2192.385646184557,2192.385646184557,2192.385646184557,2192.385646184557,69697.3538459919,51526.54077984486,57962.416070597945,69697.3538459919
2012-07-06,20599.529665282695,26750.160549146356,18849.29300550581,20599.529665282695,-115161.78695385635,-31353.7129864553,-5716.146441365476,-32031.82254801446,-91033.22866424778,-30579.8907834508,2192.385646184557,2192.385646184557,2192.385646184557,2192.385646184557,69747.11336803157,51576.300301884534,58012.17559263762,69747.11336803157
2012-07-09,20599.529665282695,26750.160549146356,18849.29300550581,20599.529665282695,-115161.78695385635,-31353.7129864553,-5716.146441365476,-32031.82254801446,-91033.22866424778,-30579.8907834508,2192.385646184557,2192.385646184557,2192.385646184557,2192.385646184557,69853.16043159273,51682.34736544569,58118.22265619878,69853.16043159273
2012-07-10,20599.529665282695,26750.160549146356,18849.29300550581,20599.529665282695,-115161.78695385635,-31353.7129864553,-5716.146441365476,-32031.82254801446,-91033.22866424778,-30579.8907834508,2192.385646184557,2192.385646184557,2192.385646184557,2192.385646184557,69669.70594661799,51498.89288047096,57934.768171224045,69669.70594661799
2012-07-11,20599.529665282695,26750.160549146356,18849.29300550581,20599.529665282695,-115161.78695385635,-31353.7129864553,-5716.146441365476,-32031.82254801446,-91033.22866424778,-30579.8907834508,2192.385646184557,2192.385646184557,2192.385646184557,2192.385646184557,69571.52609884203,51400.713032695,57836.588323448086,69571.52609884203
2012-07-12,20599.529665282695,26750.160549146356,18849.29300550581,20599.529665282695,-115161.78695385635,-31353.7129864553,-5716.146441365476,-32031.82254801446,-91033.22866424778,-30579.8907834508,2192.385646184557,2192.385646184557,2192.385646184557,2192.385646184557,69592.49674051418,51421.683674367145,57857.55896512023,69592.49674051418
2012-07-13,20599.529665282695,26750.160549146356,18849.29300550581,20599.529665282695,-115161.78695385635,-31353.7129864553,-5716.146441365476,-32031.82254801446,-91033.22866424778,-30579.8907834508,2192.385646184557,2192.385646184557,2192.385646184557,2192.385646184557,69455.92365363939,51285.11058749235,57720.98587824544,69455.92365363939
2012-07-16,20599.529665282695,26750.160549146356,18849.29300550581,20599.529665282695,-115161.78695385635,-31353.7129864553,-5716.146441365476,-32031.82254801446,-91033.22866424778,-30579.8907834508,2192.385646184557,2192.385646184557,2192.385646184557,2192.385646184557,69422.74638497061,51251.933318823576,57687.80860957666,69422.74638497061
2012-07-17,20599.529665282695,26750.160549146356,18849.29300550581,20599.529665282695,-115161.78695385635,-31353.7129864553,-5716.146441365476,-32031.82254801446,-91033.22866424778,-30579.8907834508,2192.385646184557,2192.385646184557,2192.385646184557,2192.385646184557,69561.78301848494,51390.96995233791,57826.845243091,69561.78301848494
2012-07-18,20599.529665282695,26750.160549146356,18849.29300550581,20599.529665282695,-115161.78695385635,-31353.7129864553,-5716.146441365476,-32031.82254801446,-91033.22866424778,-30579.8907834508,2192.385646184557,2192.385646184557,2192.385646184557,2192.385646184557,69624.31134200399,51453.49827585695,57889.37356661004,69624.31134200399
2012-07-19,20599.529665282695,26750.160549146356,18849.29300550581,20599.529665282695,-115161.78695385635,-31353.7129864553,-5716.146441365476,-32031.82254801446,-91033.22866424778,-30579.8907834508,2192.385646184557,2192.385646184557,2192.385646184557,2192.385646184557,69719.39223330538,51548.57916715834,57984.45445791143,69719.39223330538
2012-07-20,20599.529665282695,26750.160549146356,18849.29300550581,20599.529665282695,-115161.78695385635,-31353.7129864553,-5716.146441365476,-32031.82254801446,-91033.22866424778,-30579.8907834508,2192.385646184557,2192.385646184557,2192.385646184557,2192.385646184557,69812.02636250644,51641.213296359405,58077.08858711249,69812.02636250644
2012-07-23,20599.529665282695,26750.160549146356,18849.29300550581,20599.529665282695,-115161.78695385635,-31353.7129864553,-5716.146441365476,-32031.82254801446,-91033.22866424778,-30579.8907834508,2192.385646184557,2192.385646184557,2192.385646184557,2192.385646184557,69860.5786899596,51689.765623812564,58125.64091456565,69860.5786899596
2012-07-24,20599.529665282695,26750.160549146356,18849.29300550581,20599.529665282695,-115161.78695385635,-31353.7129864553,-5716.146441365476,-32031.82254801446,-91033.22866424778,-30579.8907834508,2192.385646184557,2192.385646184557,2192.385646184557,2192.385646184557,69486.15399709251,51315.34093094547,57751.21622169856,69486.15399709251
2012-07-25,20599.529665282695,26750.160549146356,18849.29300550581,20599.529665282695,-115161.78695385635,-31353.7129864553,-5716.146441365476,-32031.82254801446,-91033.22866424778,-30579.8907834508,2192.385646184557,2192.385646184557,2192.385646184557,2192.385646184557,69642.75597168831,51471.94290554128,57907.81819629436,69642.75597168831
2012-07-26,20599.529665282695,26750.160549146356,18849.29300550581,20599.529665282695,-115161.78695385635,-31353.7129864553,-5716.146441365476,-32031.82254801446,-91033.22866424778,-30579.8907834508,2192.385646184557,2192.385646184557,2192.385646184557,2192.385646184557,69644.98963440419,51474.17656825716,57910.051859010244,69644.98963440419
2012-07-27,20599.529665282695,26750.160549146356,18849.29300550581,20599.529665282695,-115161.78695385635,-31353.7129864553,-5716.146441365476,-32031.82254801446,-91033.22866424778,-30579.8907834508,2192.385646184557,2192.385646184557,2192.385646184557,2192.385646184557,69678.30092565459,51507.48785950756,57943.363150260644,69678.30092565459
2012-07-30,20599.529665282695,26750.160549146356,18849.29300550581,20599.529665282695,-115161.78695385635,-31353.7129864553,-5716.146441365476,-32031.82254801446,-91033.22866424778,-30579.8907834508,2192.385646184557,2192.385646184557,2192.385646184557,2192.385646184557,69801.92848195089,51631.115415803855,58066.99070655694,69801.92848195089
2012-07-31,20599.529665282695,26750.160549146356,18849.29300550581,20599.529665282695,-115161.78695385635,-31353.7129864553,-5716.146441365476,-32031.82254801446,-91033.22866424778,-30579.8907834508,2192.385646184557,2192.385646184557,2192.385646184557,2192.385646184557,69807.50538169104,51636.692315544,58072.56760629709,69807.50538169104
2012-08-01,20599.529665282695,26750.160549146356,18849.29300550581,20599.529665282695,-115161.78695385635,-31353.7129864553,-5716.146441365476,-32031.82254801446,-91033.22866424778,-30579.8907834508,2192.385646184557,2192.385646184557,2192.385646184557,2192.385646184557,69935.88321576035,51765.07014961331,58200.9454403664,69935.88321576035
2012-08-02,20599.529665282695,26750.160549146356,18849.29300550581,20599.529665282695,-115161.78695385635,-31353.7129864553,-5716.146441365476,-32031.82254801446,-91033.22866424778,-30579.8907834508,2192.385646184557,2192.385646184557,2192.385646184557,2192.385646184557,69896.01543687121,51725.202370724175,58161.07766147726,69896.01543687121
2012-08-03,20599.529665282695,26750.160549146356,18849.29300550581,20599.529665282695,-115161.78695385635,-31353.7129864553,-5716.146441365476,-32031.82254801446,-91033.22866424778,-30579.8907834508,2192.385646184557,2192.385646184557,2192.385646184557,2192.385646184557,69951.00445097499,51780.19138482795,58216.06667558104,69951.00445097499
2012-08-06,20599.529665282695,26750.160549146356,18849.29300550581,20599.529665282695,-115161.78695385635,-31353.7129864553,-5716.146441365476,-32031.82254801446,-91033.22866424778,-30579.8907834508,2192.385646184557,2192.385646184557,2192.385646184557,2192.385646184557,70126.3970368777,51955.58397073066,58391.459261483746,70126.3970368777
2012-08-07,20599.529665282695,26750.160549146356,18849.29300550581,20599.529665282695,-115161.78695385635,-31353.7129864553,-5716.146441365476,-32031.82254801446,-91033.22866424778,-30579.8907834508,2192.385646184557,2192.385646184557,2192.385646184557,2192.385646184557,70288.52558423928,52117.712518092245,58553.58780884533,70288.52558423928
2012-08-08,20599.529665282695,26750.160549146356,18849.29300550581,20599.529665282695,-115161.78695385635,-31353.7129864553,-5716.146441365476,-32031.82254801446,-91033.22866424778,-30579.8907834508,2192.385646184557,2192.385646184557,2192.385646184557,2192.385646184557,70217.33415176393,52046.5210856169,58482.39637636999,70217.33415176393
2012-08-09,20599.529665282695,26750.160549146356,18849.29300550581,20599.529665282695,-115161.78695385635,-31353.7129864553,-5716.146441365476,-32031.82254801446,-91033.22866424778,-30579.8907834508,2192.385646184557,2192.385646184557,2192.385646184557,2192.385646184557,70053.96858767094,51883.155521523906,58319.03081227699,70053.96858767094
2012-08-10,20599.529665282695,26750.160549146356,18849.29300550581,20599.529665282695,-115161.78695385635,-31353.7129864553,-5716.146441365476,-32031.82254801446,-91033.22866424778,-30579.8907834508,2192.385646184557,2192.385646184557,2192.385646184557,2192.385646184557,70067.19476985931,51896.38170371228,58332.256994465366,70067.19476985931
2012-08-13,20599.529665282695,26750.160549146356,18849.29300550581,20599.529665282695,-115161.78695385635,-31353.7129864553,-5716.146441365476,-32031.82254801446,-91033.22866424778,-30579.8907834508,2192.385646184557,2192.385646184557,2192.385646184557,2192.385646184557,70310.0932302447,52139.28016409767,58575.155454850756,70310.0932302447
2012-08-14,20599.529665282695,26750.160549146356,18849.29300550581,20599.529665282695,-115161.78695385635,-31353.7129864553,-5716.146441365476,-32031.82254801446,-91033.22866424778,-30579.8907834508,2192.385646184557,2192.385646184557,2192.385646184557,2192.385646184557,70194.04550416768,52023.23243802064,58459.10772877373,70194.04550416768
2012-08-15,20599.529665282695,26750.160549146356,18849.29300550581,20599.529665282695,-115161.78695385635,-31353.7129864553,-5716.146441365476,-32031.82254801446,-91033.22866424778,-30579.8907834508,2192.385646184557,2192.385646184557,2192.385646184557,2192.385646184557,70195.45144481701,52024.63837866997,58460.51366942306,70195.45144481701
2012-08-16,20599.529665282695,26750.160549146356,18849.29300550581,20599.529665282695,-115161.78695385635,-31353.7129864553,-5716.146441365476,-32031.82254801446,-91033.22866424778,-30579.8907834508,2192.385646184557,2192.385646184557,2192.385646184557,2192.385646184557,69736.71419764985,51565.90113150282,58001.776422255905,69736.71419764985
2012-08-17,20599.529665282695,26750.160549146356,18849.29300550581,20599.529665282695,-115161.78695385635,-31353.7129864553,-5716.146441365476,-32031.82254801446,-91033.22866424778,-30579.8907834508,2192.385646184557,2192.385646184557,2192.385646184557,2192.385646184557,69866.72051865119,51695.90745250415,58131.78274325724,69866.72051865119
2012-08-20,20599.529665282695,26750.160549146356,18849.29300550581,20599.529665282695,-115161.78695385635,-31353.7129864553,-5716.146441365476,-32031.82254801446,-91033.22866424778,-30579.8907834508,2192.385646184557,2192.385646184557,2192.385646184557,2192.385646184557,69788.36346668052,51617.55040053348,58053.42569128657,69788.36346668052
2012-08-21,20599.529665282695,26750.160549146356,18849.29300550581,20599.529665282695,-115161.78695385635,-31353.7129864553,-5716.146441365476,-32031.82254801446,-91033.22866424778,-30579.8907834508,2192.385646184557,2192.385646184557,2192.385646184557,2192.385646184557,69854.09216444171,51683.279098294675,58119.15438904776,69854.09216444171
2012-08-22,20599.529665282695,26750.160549146356,18849.29300550581,20599.529665282695,-115161.78695385635,-31353.7129864553,-5716.146441365476,-32031.82254801446,-91033.22866424778,-30579.8907834508,2192.385646184557,2192.385646184557,2192.385646184557,2192.385646184557,69965.72163855401,51794.908572406974,58230.78386316006,69965.72163855401
2012-08-23,20599.529665282695,26750.160549146356,18849.29300550581,20599.529665282695,-115161.78695385635,-31353.7129864553,-5716.146441365476,-32031.82254801446,-91033.22866424778,-30579.8907834508,2192.385646184557,2192.385646184557,2192.385646184557,2192.385646184557,69981.62638764479,51810.81332149776,58246.688612250844,69981.62638764479
2012-08-24,20599.529665282695,26750.160549146356,18849.29300550581,20599.529665282695,-115161.78695385635,-31353.7129864553,-5716.146441365476,-32031.82254801446,-91033.22866424778,-30579.8907834508,2192.385646184557,2192.385646184557,2192.385646184557,2192.385646184557,70050.52185712056,51879.70879097353,58315.584081726614,70050.52185712056
2012-08-27,20599.529665282695,26750.160549146356,18849.29300550581,20599.529665282695,-115161.78695385635,-31353.7129864553,-5716.146441365476,-32031.82254801446,-91033.22866424778,-30579.8907834508,2192.385646184557,2192.385646184557,2192.385646184557,2192.385646184557,70161.42828652309,51990.61522037606,58426.490511129145,70161.42828652309
2012-08-28,20599.529665282695,26750.160549146356,18849.29300550581,20599.529665282695,-115161.78695385635,-31353.7129864553,-5716.146441365476,-32031.82254801446,-91033.22866424778,-30579.8907834508,2192.385646184557,2192.385646184557,2192.385646184557,2192.385646184557,70196.45761418762,52025.64454804058,58461.51983879367,70196.45761418762
2012-08-29,20599.529665282695,26750.160549146356,18849.29300550581,20599.529665282695,-115161.78695385635,-31353.7129864553,-5716.146441365476,-32031.82254801446,-91033.22866424778,-30579.8907834508,2192.385646184557,2192.385646184557,2192.385646184557,2192.385646184557,70197.09589545918,52026.28282931214,58462.15812006523,70197.09589545918
2012-08-30,20599.529665282695,26750.160549146356,18849.29300550581,20599.529665282695,-115161.78695385635,-31353.7129864553,-5716.146441365476,-32031.82254801446,-91033.22866424778,-30579.8907834508,2192.385646184557,2192.385646184557,2192.385646184557,2192.385646184557,70217.176267731,52046.36320158397,58482.238492337056,70217.176267731
2012-08-31,20599.529665282695,26750.160549146356,18849.29300550581,20599.529665282695,-115161.78695385635,-31353.7129864553,-5716.146441365476,-32031.82254801446,-91033.22866424778,-30579.8907834508,2192.385646184557,2192.385646184557,2192.385646184557,2192.385646184557,70188.32045618189,52017.50739003485,58453.38268078794,70188.32045618189
2012-09-04,20599.529665282695,26750.160549146356,18849.29300550581,20599.529665282695,-115161.78695385635,-31353.7129864553,-5716.146441365476,-32031.82254801446,-91033.22866424778,-30579.8907834508,2192.385646184557,2192.385646184557,2192.385646184557,2192.385646184557,70306.44237012835,52135.62930398132,58571.504594734404,70306.44237012835
2012-09-05,20599.529665282695,26750.160549146356,18849.29300550581,20599.529665282695,-115161.78695385635,-31353.7129864553,-5716.146441365476,-32031.82254801446,-91033.22866424778,-30579.8907834508,2192.385646184557,2192.385646184557,2192.385646184557,2192.385646184557,70334.54786892049,52163.734802773455,58599.61009352654,70334.54786892049
2012-09-06,20599.529665282695,26750.160549146356,18849.29300550581,20599.529665282695,-115161.78695385635,-31353.7129864553,-5716.146441365476,-32031.82254801446,-91033.22866424778,-30579.8907834508,2192.385646184557,2192.385646184557,2192.385646184557,2192.385646184557,70337.94490245334,52167.131836306304,58603.00712705939,70337.94490245334
2012-09-07,20599.529665282695,26750.160549146356,18849.29300550581,20599.529665282695,-115161.78695385635,-31353.7129864553,-5716.146441365476,-32031.82254801446,-91033.22866424778,-30579.8907834508,2192.385646184557,2192.385646184557,2192.385646184557,2192.385646184557,70454.37944236002,52283.566376212984,58719.44166696607,70454.37944236002
2012-09-10,20599.529665282695,26750.160549146356,18849.29300550581,20599.529665282695,-115161.78695385635,-31353.7129864553,-5716.146441365476,-32031.82254801446,-91033.22866424778,-30579.8907834508,2192.385646184557,2192.385646184557,2192.385646184557,2192.385646184557,70586.71107436065,52415.89800821361,58851.7732989667,70586.71107436065
2012-09-11,20599.529665282695,26750.160549146356,18849.29300550581,20599.529665282695,-115161.78695385635,-31353.7129864553,-5716.146441365476,-32031.82254801446,-91033.22866424778,-30579.8907834508,2192.385646184557,2192.385646184557,2192.385646184557,2192.385646184557,70622.52266047732,52451.709594330285,58887.58488508337,70622.52266047732
2012-09-12,20599.529665282695,26750.160549146356,18849.29300550581,20599.529665282695,-115161.78695385635,-31353.7129864553,-5716.146441365476,-32031.82254801446,-91033.22866424778,-30579.8907834508,2192.385646184557,2192.385646184557,2192.385646184557,2192.385646184557,70663.24051432614,52492.42744817911,58928.302738932194,70663.24051432614
2012-09-13,20599.529665282695,26750.160549146356,18849.29300550581,20599.529665282695,-115161.78695385635,-31353.7129864553,-5716.146441365476,-32031.82254801446,-91033.22866424778,-30579.8907834508,2192.385646184557,2192.385646184557,2192.385646184557,2192.385646184557,70620.57190580084,52449.758839653805,58885.63413040689,70620.57190580084
2012-09-14,20599.529665282695,26750.160549146356,18849.29300550581,20599.529665282695,-115161.78695385635,-31353.7129864553,-5716.146441365476,-32031.82254801446,-91033.22866424778,-30579.8907834508,2192.385646184557,2192.385646184557,2192.385646184557,2192.385646184557,70529.28416716168,52358.47110101464,58794.34639176773,70529.28416716168
2012-09-17,20599.529665282695,26750.160549146356,18849.29300550581,20599.529665282695,-115161.78695385635,-31353.7129864553,-5716.146441365476,-32031.82254801446,-91033.22866424778,-30579.8907834508,2192.385646184557,2192.385646184557,2192.385646184557,2192.385646184557,70543.82452594722,52373.01145980018,58808.88675055327,70543.82452594722
2012-09-18,20599.529665282695,26750.160549146356,18849.29300550581,20599.529665282695,-115161.78695385635,-31353.7129864553,-5716.146441365476,-32031.82254801446,-91033.22866424778,-30579.8907834508,2192.385646184557,2192.385646184557,2192.385646184557,2192.385646184557,70732.13091603853,52561.31784989149,58997.19314064458,70732.13091603853
2012-09-19,20599.529665282695,26750.160549146356,18849.29300550581,20599.529665282695,-115161.78695385635,-31353.7129864553,-5716.146441365476,-32031.82254801446,-91033.22866424778,-30579.8907834508,2192.385646184557,2192.385646184557,2192.385646184557,2192.385646184557,70694.58859579614,52523.77552964911,58959.650820402196,70694.58859579614
2012-09-20,20599.529665282695,26750.160549146356,18849.29300550581,20599.529665282695,-115161.78695385635,-31353.7129864553,-5716.146441365476,-32031.82254801446,-91033.22866424778,-30579.8907834508,2192.385646184557,2192.385646184557,2192.385646184557,2192.385646184557,70677.50118945772,52506.68812331068,58942.56341406377,70677.50118945772
2012-09-21,20599.529665282695,26750.160549146356,18849.29300550581,20599.529665282695,-115161.78695385635,-31353.7129864553,-5716.146441365476,-32031.82254801446,-91033.22866424778,-30579.8907834508,2192.385646184557,2192.385646184557,2192.385646184557,2192.385646184557,70618.54804179282,52447.734975645784,58883.61026639887,70618.54804179282
2012-09-24,20599.529665282695,26750.160549146356,18849.29300550581,20599.529665282695,-115161.78695385635,-31353.7129864553,-5716.146441365476,-32031.82254801446,-91033.22866424778,-30579.8907834508,1092.7436351751676,1092.7436351751676,1092.7436351751676,1092.7436351751676,70647.46589561342,52476.65282946639,58912.528120219475,70647.46589561342
2012-09-25,20599.529665282695,26750.160549146356,18849.29300550581,20599.529665282695,-115161.78695385635,-31353.7129864553,-5716.146441365476,-32031.82254801446,-91033.22866424778,-30579.8907834508,-89.62454090185929,-89.62454090185929,-89.62454090185929,-89.62454090185929,70672.93505381374,52502.1219876667,58937.99727841979,70672.93505381374
2012-09-26,20599.529665282695,26750.160549146356,18849.29300550581,20599.529665282695,-115161.78695385635,-31353.7129864553,-5716.146441365476,-32031.82254801446,-91033.22866424778,-30579.8907834508,-748.9364289123332,-748.9364289123332,-748.9364289123332,-748.9364289123332,70692.45720581198,52521.644139664946,58957.51943041803,70692.45720581198
2012-09-27,20599.529665282695,26750.160549146356,18849.29300550581,20599.529665282695,-115161.78695385635,-31353.7129864553,-5716.146441365476,-32031.82254801446,-91033.22866424778,-30579.8907834508,339.38564100128133,339.38564100128133,339.38564100128133,339.38564100128133,70717.57413686649,52546.761070719454,58982.63636147254,70717.57413686649
2012-09-28,20599.529665282695,26750.160549146356,18849.29300550581,20599.529665282695,-115161.78695385635,-31353.7129864553,-5716.146441365476,-32031.82254801446,-91033.22866424778,-30579.8907834508,-354.4479231694713,-354.4479231694713,-354.4479231694713,-354.4479231694713,70460.24605868687,52289.432992539834,58725.30828329292,70460.24605868687
2012-10-01,20599.529665282695,26750.160549146356,18849.29300550581,20599.529665282695,-115161.78695385635,-31353.7129864553,-5716.146441365476,-32031.82254801446,-91033.22866424778,-30579.8907834508,-941.9919893399347,-941.9919893399347,-941.9919893399347,-941.9919893399347,70535.6083890947,52364.79532294767,58800.67061370076,70535.6083890947
2012-10-02,20599.529665282695,26750.160549146356,18849.29300550581,20599.529665282695,-115161.78695385635,-31353.7129864553,-5716.146441365476,-32031.82254801446,-91033.22866424778,-30579.8907834508,-784.8831561236875,-784.8831561236875,-784.8831561236875,-784.8831561236875,70530.57064138656,52359.75757523952,58795.63286599261,70530.57064138656
2012-10-03,20599.529665282695,26750.160549146356,18849.29300550581,20599.529665282695,-115161.78695385635,-31353.7129864553,-5716.146441365476,-32031.82254801446,-91033.22866424778,-30579.8907834508,-528.9854592819465,-528.9854592819465,-528.9854592819465,-528.9854592819465,70536.67080781003,52365.857741663,58801.73303241609,70536.67080781003
2012-10-04,20599.529665282695,26750.160549146356,18849.29300550581,20599.529665282695,-115161.78695385635,-31353.7129864553,-5716.146441365476,-32031.82254801446,-91033.22866424778,-30579.8907834508,-441.12286444962956,-441.12286444962956,-441.12286444962956,-441.12286444962956,70384.21605470008,52213.40298855305,58649.278279306134,70384.21605470008
2012-10-05,20599.529665282695,26750.160549146356,18849.29300550581,20599.529665282695,-115161.78695385635,-31353.7129864553,-5716.146441365476,-32031.82254801446,-91033.22866424778,-30579.8907834508,369.7303774582688,369.7303774582688,369.7303774582688,369.7303774582688,70416.63880181382,52245.82573566679,58681.701026419876,70416.63880181382
2012-10-08,20599.529665282695,26750.160549146356,18849.29300550581,20599.529665282695,-115161.78695385635,-31353.7129864553,-5716.146441365476,-32031.82254801446,-91033.22866424778,-30579.8907834508,-543.6034062380204,-543.6034062380204,-543.6034062380204,-543.6034062380204,70429.5285572426,52258.71549109556,58694.590781848645,70429.5285572426
2012-10-09,20599.529665282695,26750.160549146356,18849.29300550581,20599.529665282695,-115161.78695385635,-31353.7129864553,-5716.146441365476,-32031.82254801446,-91033.22866424778,-30579.8907834508,-1517.9920634682057,-1517.9920634682057,-1517.9920634682057,-1517.9920634682057,70400.2247230087,52229.41165686166,58665.286947614746,70400.2247230087
2012-10-10,20599.529665282695,26750.160549146356,18849.29300550581,20599.529665282695,-115161.78695385635,-31353.7129864553,-5716.146441365476,-32031.82254801446,-91033.22866424778,-30579.8907834508,-1819.510757655371,-1819.510757655371,-1819.510757655371,-1819.510757655371,70366.57089252793,52195.7578263809,58631.633117133984,70366.57089252793
2012-10-11,20599.529665282695,26750.160549146356,18849.29300550581,20599.529665282695,-115161.78695385635,-31353.7129864553,-5716.146441365476,-32031.82254801446,-91033.22866424778,-30579.8907834508,-1184.4210357045522,-1184.4210357045522,-1184.4210357045522,-1184.4210357045522,70454.2601736649,52283.44710751786,58719.322398270946,70454.2601736649
2012-10-12,20599.529665282695,26750.160549146356,18849.29300550581,20599.529665282695,-115161.78695385635,-31353.7129864553,-5716.146441365476,-32031.82254801446,-91033.22866424778,-30579.8907834508,-1698.3817751533352,-1698.3817751533352,-1698.3817751533352,-1698.3817751533352,70403.03323008819,52232.22016394115,58668.09545469424,70403.03323008819
2012-10-15,20599.529665282695,26750.160549146356,18849.29300550581,20599.529665282695,-115161.78695385635,-31353.7129864553,-5716.146441365476,-32031.82254801446,-91033.22866424778,-30579.8907834508,-1219.003653315478,-1219.003653315478,-1219.003653315478,-1219.003653315478,70452.63249039068,52281.819424243644,58717.69471499673,70452.63249039068
2012-10-16,20599.529665282695,26750.160549146356,18849.29300550581,20599.529665282695,-115161.78695385635,-31353.7129864553,-5716.146441365476,-32031.82254801446,-91033.22866424778,-30579.8907834508,-799.4204342940357,-799.4204342940357,-799.4204342940357,-799.4204342940357,70442.78268371499,52271.96961756796,58707.84490832104,70442.78268371499
2012-10-17,20599.529665282695,26750.160549146356,18849.29300550581,20599.529665282695,-115161.78695385635,-31353.7129864553,-5716.146441365476,-32031.82254801446,-91033.22866424778,-30579.8907834508,1107.7994887337554,1107.7994887337554,1107.7994887337554,1107.7994887337554,70731.98863674677,52561.175570599735,58997.05086135282,70731.98863674677
2012-10-18,20599.529665282695,26750.160549146356,18849.29300550581,20599.529665282695,-115161.78695385635,-31353.7129864553,-5716.146441365476,-32031.82254801446,-91033.22866424778,-30579.8907834508,2167.9187204542104,2167.9187204542104,2167.9187204542104,2167.9187204542104,70797.5000388939,52626.68697274686,59062.562263499945,70797.5000388939
2012-10-19,20599.529665282695,26750.160549146356,18849.29300550581,20599.529665282695,-115161.78695385635,-31353.7129864553,-5716.146441365476,-32031.82254801446,-91033.22866424778,-30579.8907834508,1402.0576016560663,1402.0576016560663,1402.0576016560663,1402.0576016560663,70870.04469970777,52699.23163356073,59135.10692431382,70870.04469970777
2012-10-22,20599.529665282695,26750.160549146356,18849.29300550581,20599.529665282695,-115161.78695385635,-31353.7129864553,-5716.146441365476,-32031.82254801446,-91033.22866424778,-30579.8907834508,1402.0576016560663,1402.0576016560663,1402.0576016560663,1402.0576016560663,71050.9043943535,52880.09132820647,59315.96661895956,71050.9043943535
2012-10-23,20599.529665282695,26750.160549146356,18849.29300550581,20599.529665282695,-115161.78695385635,-31353.7129864553,-5716.146441365476,-32031.82254801446,-91033.22866424778,-30579.8907834508,1402.0576016560663,1402.0576016560663,1402.0576016560663,1402.0576016560663,70977.53837035922,52806.72530421219,59242.600594965275,70977.53837035922
2012-10-24,20599.529665282695,26750.160549146356,18849.29300550581,20599.529665282695,-115161.78695385635,-31353.7129864553,-5716.146441365476,-32031.82254801446,-91033.22866424778,-30579.8907834508,1402.0576016560663,1402.0576016560663,1402.0576016560663,1402.0576016560663,70951.49979533348,52780.68672918645,59216.562019939534,70951.49979533348
2012-10-25,20599.529665282695,26750.160549146356,18849.29300550581,20599.529665282695,-115161.78695385635,-31353.7129864553,-5716.146441365476,-32031.82254801446,-91033.22866424778,-30579.8907834508,1402.0576016560663,1402.0576016560663,1402.0576016560663,1402.0576016560663,71234.50509268767,53063.69202654064,59499.567317293724,71234.50509268767
2012-10-26,20599.529665282695,26750.160549146356,18849.29300550581,20599.529665282695,-115161.78695385635,-31353.7129864553,-5716.146441365476,-32031.82254801446,-91033.22866424778,-30579.8907834508,1402.0576016560663,1402.0576016560663,1402.0576016560663,1402.0576016560663,71278.2434693391,53107.43040319206,59543.30569394515,71278.2434693391
2012-10-31,20599.529665282695,26750.160549146356,18849.29300550581,20599.529665282695,-115161.78695385635,-31353.7129864553,-5716.146441365476,-32031.82254801446,-91033.22866424778,-30579.8907834508,1402.0576016560663,1402.0576016560663,1402.0576016560663,1402.0576016560663,71598.60332490574,53427.7902587587,59863.66554951179,71598.60332490574
2012-11-01,20599.529665282695,26750.160549146356,18849.29300550581,20599.529665282695,-115161.78695385635,-31353.7129864553,-5716.146441365476,-32031.82254801446,-91033.22866424778,-30579.8907834508,1402.0576016560663,1402.0576016560663,1402.0576016560663,1402.0576016560663,71000.27616468817,52829.463098541135,59265.33838929422,71000.27616468817
2012-11-02,20599.529665282695,26750.160549146356,18849.29300550581,20599.529665282695,-115161.78695385635,-31353.7129864553,-5716.146441365476,-32031.82254801446,-91033.22866424778,-30579.8907834508,1402.0576016560663,1402.0576016560663,1402.0576016560663,1402.0576016560663,70914.52718000999,52743.71411386295,59179.58940461604,70914.52718000999
2012-11-05,20599.529665282695,26750.160549146356,18849.29300550581,20599.529665282695,-115161.78695385635,-31353.7129864553,-5716.146441365476,-32031.82254801446,-91033.22866424778,-30579.8907834508,1402.0576016560663,1402.0576016560663,1402.0576016560663,1402.0576016560663,71011.25154943438,52840.43848328735,59276.313774040435,71011.25154943438
2012-11-06,20599.529665282695,26750.160549146356,18849.29300550581,20599.529665282695,-115161.78695385635,-31353.7129864553,-5716.146441365476,-32031.82254801446,-91033.22866424778,-30579.8907834508,1402.0576016560663,1402.0576016560663,1402.0576016560663,1402.0576016560663,70909.20577036683,52738.39270421979,59174.26799497288,70909.20577036683
2012-11-07,20599.529665282695,26750.160549146356,18849.29300550581,20599.529665282695,-115161.78695385635,-31353.7129864553,-5716.146441365476,-32031.82254801446,-91033.22866424778,-30579.8907834508,1402.0576016560663,1402.0576016560663,1402.0576016560663,1402.0576016560663,70733.71352174622,52562.900455599185,58998.77574635227,70733.71352174622
2012-11-08,20599.529665282695,26750.160549146356,18849.29300550581,20599.529665282695,-115161.78695385635,-31353.7129864553,-5716.146441365476,-32031.82254801446,-91033.22866424778,-30579.8907834508,1402.0576016560663,1402.0576016560663,1402.0576016560663,1402.0576016560663,70511.12145274761,52340.308386600576,58776.18367735366,70511.12145274761
2012-11-09,20599.529665282695,26750.160549146356,18849.29300550581,20599.529665282695,-115161.78695385635,-31353.7129864553,-5716.146441365476,-32031.82254801446,-91033.22866424778,-30579.8907834508,1402.0576016560663,1402.0576016560663,1402.0576016560663,1402.0576016560663,70305.29377097776,52134.48070483073,58570.35599558381,70305.29377097776
2012-11-12,20599.529665282695,26750.160549146356,18849.29300550581,20599.529665282695,-115161.78695385635,-31353.7129864553,-5716.146441365476,-32031.82254801446,-91033.22866424778,-30579.8907834508,1402.0576016560663,1402.0576016560663,1402.0576016560663,1402.0576016560663,70414.76420984883,52243.95114370179,58679.82643445488,70414.76420984883
2012-11-13,20599.529665282695,26750.160549146356,18849.29300550581,20599.529665282695,-115161.78695385635,-31353.7129864553,-5716.146441365476,-32031.82254801446,-91033.22866424778,-30579.8907834508,1402.0576016560663,1402.0576016560663,1402.0576016560663,1402.0576016560663,70086.83107194863,51916.0180058016,58351.893296554685,70086.83107194863
2012-11-14,20599.529665282695,26750.160549146356,18849.29300550581,20599.529665282695,-115161.78695385635,-31353.7129864553,-5716.146441365476,-32031.82254801446,-91033.22866424778,-30579.8907834508,1402.0576016560663,1402.0576016560663,1402.0576016560663,1402.0576016560663,70495.5340981686,52324.72103202157,58760.596322774654,70495.5340981686
2012-11-15,20599.529665282695,26750.160549146356,18849.29300550581,20599.529665282695,-115161.78695385635,-31353.7129864553,-5716.146441365476,-32031.82254801446,-91033.22866424778,-30579.8907834508,1402.0576016560663,1402.0576016560663,1402.0576016560663,1402.0576016560663,70690.59062341275,52519.77755726571,58955.6528480188,70690.59062341275
2012-11-16,20599.529665282695,26750.160549146356,18849.29300550581,20599.529665282695,-115161.78695385635,-31353.7129864553,-5716.146441365476,-32031.82254801446,-91033.22866424778,-30579.8907834508,1402.0576016560663,1402.0576016560663,1402.0576016560663,1402.0576016560663,71205.64364901744,53034.8305828704,59470.70587362349,71205.64364901744
2012-11-19,20599.529665282695,26750.160549146356,18849.29300550581,20599.529665282695,-115161.78695385635,-31353.7129864553,-5716.146441365476,-32031.82254801446,-91033.22866424778,-30579.8907834508,1402.0576016560663,1402.0576016560663,1402.0576016560663,1402.0576016560663,71202.61576703005,53031.80270088301,59467.6779916361,71202.61576703005
2012-11-20,20599.529665282695,26750.160549146356,18849.29300550581,20599.529665282695,-115161.78695385635,-31353.7129864553,-5716.146441365476,-32031.82254801446,-91033.22866424778,-30579.8907834508,1402.0576016560663,1402.0576016560663,1402.0576016560663,1402.0576016560663,71188.42788481759,53017.614818670554,59453.49010942364,71188.42788481759
2012-11-21,20599.529665282695,26750.160549146356,18849.29300550581,20599.529665282695,-115161.78695385635,-31353.7129864553,-5716.146441365476,-32031.82254801446,-91033.22866424778,-30579.8907834508,1402.0576016560663,1402.0576016560663,1402.0576016560663,1402.0576016560663,71200.03350617387,53029.22044002684,59465.095730779925,71200.03350617387
2012-11-23,20599.529665282695,26750.160549146356,18849.29300550581,20599.529665282695,-115161.78695385635,-31353.7129864553,-5716.146441365476,-32031.82254801446,-91033.22866424778,-30579.8907834508,1402.0576016560663,1402.0576016560663,1402.0576016560663,1402.0576016560663,71142.90222206432,52972.08915591729,59407.964446670376,71142.90222206432
2012-11-26,20599.529665282695,26750.160549146356,18849.29300550581,20599.529665282695,-115161.78695385635,-31353.7129864553,-5716.146441365476,-32031.82254801446,-91033.22866424778,-30579.8907834508,1402.0576016560663,1402.0576016560663,1402.0576016560663,1402.0576016560663,71433.91857667221,53263.10551052517,59698.98080127826,71433.91857667221
2012-11-27,20599.529665282695,26750.160549146356,18849.29300550581,20599.529665282695,-115161.78695385635,-31353.7129864553,-5716.146441365476,-32031.82254801446,-91033.22866424778,-30579.8907834508,1402.0576016560663,1402.0576016560663,1402.0576016560663,1402.0576016560663,71529.09594087256,53358.282874725526,59794.15816547861,71529.09594087256
2012-11-28,20599.529665282695,26750.160549146356,18849.29300550581,20599.529665282695,-115161.78695385635,-31353.7129864553,-5716.146441365476,-32031.82254801446,-91033.22866424778,-30579.8907834508,1402.0576016560663,1402.0576016560663,1402.0576016560663,1402.0576016560663,71627.86899158824,53457.05592544121,59892.931216194294,71627.86899158824
2012-11-29,20599.529665282695,26750.160549146356,18849.29300550581,20599.529665282695,-115161.78695385635,-31353.7129864553,-5716.146441365476,-32031.82254801446,-91033.22866424778,-30579.8907834508,1402.0576016560663,1402.0576016560663,1402.0576016560663,1402.0576016560663,71718.26140824798,53547.44834210095,59983.32363285404,71718.26140824798
2012-11-30,20599.529665282695,26750.160549146356,18849.29300550581,20599.529665282695,-115161.78695385635,-31353.7129864553,-5716.146441365476,-32031.82254801446,-91033.22866424778,-30579.8907834508,1402.0576016560663,1402.0576016560663,1402.0576016560663,1402.0576016560663,71694.75926369242,53523.94619754539,59959.821488298476,71694.75926369242
2012-12-03,20599.529665282695,26750.160549146356,18849.29300550581,20599.529665282695,-115161.78695385635,-31353.7129864553,-5716.146441365476,-32031.82254801446,-91033.22866424778,-30579.8907834508,1402.0576016560663,1402.0576016560663,1402.0576016560663,1402.0576016560663,71870.85603325907,53700.04296711204,60135.91825786512,71870.85603325907
2012-12-04,20599.529665282695,26750.160549146356,18849.29300550581,20599.529665282695,-115161.78695385635,-31353.7129864553,-5716.146441365476,-32031.82254801446,-91033.22866424778,-30579.8907834508,1402.0576016560663,1402.0576016560663,1402.0576016560663,1402.0576016560663,71805.04056299571,53634.227496848674,60070.10278760176,71805.04056299571
2012-12-05,20599.529665282695,26750.160549146356,18849.29300550581,20599.529665282695,-115161.78695385635,-31353.7129864553,-5716.146441365476,-32031.82254801446,-91033.22866424778,-30579.8907834508,1402.0576016560663,1402.0576016560663,1402.0576016560663,1402.0576016560663,71548.28539885394,53377.47233270691,59813.347623459995,71548.28539885394
2012-12-06,20599.529665282695,26750.160549146356,18849.29300550581,20599.529665282695,-115161.78695385635,-31353.7129864553,-5716.146441365476,-32031.82254801446,-91033.22866424778,-30579.8907834508,1402.0576016560663,1402.0576016560663,1402.0576016560663,1402.0576016560663,71545.62823297549,53374.815166828455,59810.69045758154,71545.62823297549
2012-12-07,20599.529665282695,26750.160549146356,18849.29300550581,20599.529665282695,-115161.78695385635,-31353.7129864553,-5716.146441365476,-32031.82254801446,-91033.22866424778,-30579.8907834508,1402.0576016560663,1402.0576016560663,1402.0576016560663,1402.0576016560663,71208.2232734512,53037.41020730417,59473.28549805726,71208.2232734512
2012-12-10,20599.529665282695,26750.160549146356,18849.29300550581,20599.529665282695,-115161.78695385635,-31353.7129864553,-5716.146441365476,-32031.82254801446,-91033.22866424778,-30579.8907834508,1402.0576016560663,1402.0576016560663,1402.0576016560663,1402.0576016560663,71242.0454080028,53071.232341855764,59507.10763260885,71242.0454080028
2012-12-11,20599.529665282695,26750.160549146356,18849.29300550581,20599.529665282695,-115161.78695385635,-31353.7129864553,-5716.146441365476,-32031.82254801446,-91033.22866424778,-30579.8907834508,1402.0576016560663,1402.0576016560663,1402.0576016560663,1402.0576016560663,71605.33316427772,53434.520098130684,59870.39538888377,71605.33316427772
2012-12-12,20599.529665282695,26750.160549146356,18849.29300550581,20599.529665282695,-115161.78695385635,-31353.7129864553,-5716.146441365476,-32031.82254801446,-91033.22866424778,-30579.8907834508,1402.0576016560663,1402.0576016560663,1402.0576016560663,1402.0576016560663,71595.17375855078,53424.360692403745,59860.23598315683,71595.17375855078
2012-12-13,20599.529665282695,26750.160549146356,18849.29300550581,20599.529665282695,-115161.78695385635,-31353.7129864553,-5716.146441365476,-32031.82254801446,-91033.22866424778,-30579.8907834508,1402.0576016560663,1402.0576016560663,1402.0576016560663,1402.0576016560663,71785.94046642724,53615.12740028021,60051.002691033296,71785.94046642724
2012-12-14,20599.529665282695,26750.160549146356,18849.29300550581,20599.529665282695,-115161.78695385635,-31353.7129864553,-5716.146441365476,-32031.82254801446,-91033.22866424778,-30579.8907834508,1402.0576016560663,1402.0576016560663,1402.0576016560663,1402.0576016560663,71642.63993951329,53471.826873366255,59907.70216411934,71642.63993951329
2012-12-17,20599.529665282695,26750.160549146356,18849.29300550581,20599.529665282695,-115161.78695385635,-31353.7129864553,-5716.146441365476,-32031.82254801446,-91033.22866424778,-30579.8907834508,1402.0576016560663,1402.0576016560663,1402.0576016560663,1402.0576016560663,71765.5693230892,53594.75625694217,60030.63154769526,71765.5693230892
2012-12-18,20599.529665282695,26750.160549146356,18849.29300550581,20599.529665282695,-115161.78695385635,-31353.7129864553,-5716.146441365476,-32031.82254801446,-91033.22866424778,-30579.8907834508,1402.0576016560663,1402.0576016560663,1402.0576016560663,1402.0576016560663,72038.70068973931,53867.88762359228,60303.76291434537,72038.70068973931
2012-12-19,20599.529665282695,26750.160549146356,18849.29300550581,20599.529665282695,-115161.78695385635,-31353.7129864553,-5716.146441365476,-32031.82254801446,-91033.22866424778,-30579.8907834508,1402.0576016560663,1402.0576016560663,1402.0576016560663,1402.0576016560663,71990.57031034236,53819.75724419532,60255.63253494841,71990.57031034236
2012-12-20,20599.529665282695,26750.160549146356,18849.29300550581,20599.529665282695,-115161.78695385635,-31353.7129864553,-5716.146441365476,-32031.82254801446,-91033.22866424778,-30579.8907834508,1402.0576016560663,1402.0576016560663,1402.0576016560663,1402.0576016560663,71834.73144253902,53663.91837639199,60099.79366714507,71834.73144253902
2012-12-21,20599.529665282695,26750.160549146356,18849.29300550581,20599.529665282695,-115161.78695385635,-31353.7129864553,-5716.146441365476,-32031.82254801446,-91033.22866424778,-30579.8907834508,1402.0576016560663,1402.0576016560663,1402.0576016560663,1402.0576016560663,72082.02220432251,53911.20913817547,60347.08442892856,72082.02220432251
2012-12-24,20599.529665282695,26750.160549146356,18849.29300550581,20599.529665282695,-115161.78695385635,-31353.7129864553,-5716.146441365476,-32031.82254801446,-91033.22866424778,-30579.8907834508,1402.0576016560663,1402.0576016560663,1402.0576016560663,1402.0576016560663,72233.95474564983,54063.14167950279,60499.01697025588,72233.95474564983
2012-12-26,20599.529665282695,26750.160549146356,18849.29300550581,20599.529665282695,-115161.78695385635,-31353.7129864553,-5716.146441365476,-32031.82254801446,-91033.22866424778,-30579.8907834508,1402.0576016560663,1402.0576016560663,1402.0576016560663,1402.0576016560663,72382.65378049086,54211.84071434382,60647.71600509691,72382.65378049086
2012-12-27,20599.529665282695,26750.160549146356,18849.29300550581,20599.529665282695,-115161.78695385635,-31353.7129864553,-5716.146441365476,-32031.82254801446,-91033.22866424778,-30579.8907834508,1402.0576016560663,1402.0576016560663,1402.0576016560663,1402.0576016560663,72454.716590364,54283.90352421696,60719.77881497005,72454.716590364
2012-12-28,20599.529665282695,26750.160549146356,18849.29300550581,20599.529665282695,-115161.78695385635,-31353.7129864553,-5716.146441365476,-32031.82254801446,-91033.22866424778,-30579.8907834508,1402.0576016560663,1402.0576016560663,1402.0576016560663,1402.0576016560663,72540.68942574225,54369.87635959522,60805.751650348306,72540.68942574225
2012-12-31,20599.529665282695,26750.160549146356,18849.29300550581,20599.529665282695,-115161.78695385635,-31353.7129864553,-5716.146441365476,-32031.82254801446,-91033.22866424778,-30579.8907834508,1402.0576016560663,1402.0576016560663,1402.0576016560663,1402.0576016560663,72751.88155283779,54581.068486690754,61016.94377744384,72751.88155283779
2013-01-02,20599.529665282695,26750.160549146356,18849.29300550581,20599.529665282695,-115161.78695385635,-31353.7129864553,-5716.146441365476,-32031.82254801446,-91033.22866424778,-30579.8907834508,1402.0576016560663,1402.0576016560663,1402.0576016560663,1402.0576016560663,72925.12639062665,54754.31332447962,61190.188615232706,72925.12639062665
2013-01-03,20599.529665282695,26750.160549146356,18849.29300550581,20599.529665282695,-115161.78695385635,-31353.7129864553,-5716.146441365476,-32031.82254801446,-91033.22866424778,-30579.8907834508,1402.0576016560663,1402.0576016560663,1402.0576016560663,1402.0576016560663,72935.67826799932,54764.865201852284,61200.74049260537,72935.67826799932
2013-01-04,20599.529665282695,26750.160549146356,18849.29300550581,20599.529665282695,-115161.78695385635,-31353.7129864553,-5716.146441365476,-32031.82254801446,-91033.22866424778,-30579.8907834508,1402.0576016560663,1402.0576016560663,1402.0576016560663,1402.0576016560663,73048.22657903493,54877.4135128879,61313.288803640986,73048.22657903493
2013-01-07,20599.529665282695,26750.160549146356,18849.29300550581,20599.529665282695,-115161.78695385635,-31353.7129864553,-5716.146441365476,-32031.82254801446,-91033.22866424778,-30579.8907834508,1402.0576016560663,1402.0576016560663,1402.0576016560663,1402.0576016560663,73325.07187625975,55154.25881011272,61590.134100865806,73325.07187625975
2013-01-08,20599.529665282695,26750.160549146356,18849.29300550581,20599.529665282695,-115161.78695385635,-31353.7129864553,-5716.146441365476,-32031.82254801446,-91033.22866424778,-30579.8907834508,1402.0576016560663,1402.0576016560663,1402.0576016560663,1402.0576016560663,73429.13191394135,55258.31884779432,61694.194138547406,73429.13191394135
2013-01-09,20599.529665282695,26750.160549146356,18849.29300550581,20599.529665282695,-115161.78695385635,-31353.7129864553,-5716.146441365476,-32031.82254801446,-91033.22866424778,-30579.8907834508,1402.0576016560663,1402.0576016560663,1402.0576016560663,1402.0576016560663,73533.10264542722,55362.28957928019,61798.16487003327,73533.10264542722
2013-01-10,20599.529665282695,26750.160549146356,18849.29300550581,20599.529665282695,-115161.78695385635,-31353.7129864553,-5716.146441365476,-32031.82254801446,-91033.22866424778,-30579.8907834508,1402.0576016560663,1402.0576016560663,1402.0576016560663,1402.0576016560663,73650.22460642201,55479.411540274974,61915.28683102806,73650.22460642201
2013-01-11,20599.529665282695,26750.160549146356,18849.29300550581,20599.529665282695,-115161.78695385635,-31353.7129864553,-5716.146441365476,-32031.82254801446,-91033.22866424778,-30579.8907834508,1402.0576016560663,1402.0576016560663,1402.0576016560663,1402.0576016560663,73806.37427861337,55635.56121246633,62071.43650321942,73806.37427861337
2013-01-14,20599.529665282695,26750.160549146356,18849.29300550581,20599.529665282695,-115161.78695385635,-31353.7129864553,-5716.146441365476,-32031.82254801446,-91033.22866424778,-30579.8907834508,1402.0576016560663,1402.0576016560663,1402.0576016560663,1402.0576016560663,74256.4528097983,56085.63974365126,62521.51503440435,74256.4528097983
2013-01-15,20599.529665282695,26750.160549146356,18849.29300550581,20599.529665282695,-115161.78695385635,-31353.7129864553,-5716.146441365476,-32031.82254801446,-91033.22866424778,-30579.8907834508,1402.0576016560663,1402.0576016560663,1402.0576016560663,1402.0576016560663,74472.53136908775,56301.71830294072,62737.593593693804,74472.53136908775
2013-01-16,20599.529665282695,26750.160549146356,18849.29300550581,20599.529665282695,-115161.78695385635,-31353.7129864553,-5716.146441365476,-32031.82254801446,-91033.22866424778,-30579.8907834508,1402.0576016560663,1402.0576016560663,1402.0576016560663,1402.0576016560663,74717.61985903862,56546.806792891584,62982.68208364467,74717.61985903862
2013-01-17,20599.529665282695,26750.160549146356,18849.29300550581,20599.529665282695,-115161.78695385635,-31353.7129864553,-5716.146441365476,-32031.82254801446,-91033.22866424778,-30579.8907834508,1402.0576016560663,1402.0576016560663,1402.0576016560663,1402.0576016560663,75009.35591007676,56838.542843929725,63274.41813468281,75009.35591007676
2013-01-18,20599.529665282695,26750.160549146356,18849.29300550581,20599.529665282695,-115161.78695385635,-31353.7129864553,-5716.146441365476,-32031.82254801446,-91033.22866424778,-30579.8907834508,1402.0576016560663,1402.0576016560663,1402.0576016560663,1402.0576016560663,75434.60791531228,57263.79484916525,63699.67013991834,75434.60791531228
2013-01-22,20599.529665282695,26750.160549146356,18849.29300550581,20599.529665282695,-115161.78695385635,-31353.7129864553,-5716.146441365476,-32031.82254801446,-91033.22866424778,-30579.8907834508,1402.0576016560663,1402.0576016560663,1402.0576016560663,1402.0576016560663,75520.36573952925,57349.55267338222,63785.427964135306,75520.36573952925
2013-01-23,20599.529665282695,26750.160549146356,18849.29300550581,20599.529665282695,-115161.78695385635,-31353.7129864553,-5716.146441365476,-32031.82254801446,-91033.22866424778,-30579.8907834508,1402.0576016560663,1402.0576016560663,1402.0576016560663,1402.0576016560663,75369.28016617615,57198.46710002911,63634.3423907822,75369.28016617615
2013-01-24,20599.529665282695,26750.160549146356,18849.29300550581,20599.529665282695,-115161.78695385635,-31353.7129864553,-5716.146441365476,-32031.82254801446,-91033.22866424778,-30579.8907834508,1402.0576016560663,1402.0576016560663,1402.0576016560663,1402.0576016560663,75395.93983619008,57225.12677004305,63661.002060796134,75395.93983619008
2013-01-25,20599.529665282695,26750.160549146356,18849.29300550581,20599.529665282695,-115161.78695385635,-31353.7129864553,-5716.146441365476,-32031.82254801446,-91033.22866424778,-30579.8907834508,1402.0576016560663,1402.0576016560663,1402.0576016560663,1402.0576016560663,75367.21475878498,57196.40169263794,63632.27698339103,75367.21475878498
2013-01-28,20599.529665282695,26750.160549146356,18849.29300550581,20599.529665282695,-115161.78695385635,-31353.7129864553,-5716.146441365476,-32031.82254801446,-91033.22866424778,-30579.8907834508,1402.0576016560663,1402.0576016560663,1402.0576016560663,1402.0576016560663,75549.6839794647,57378.87091331766,63814.74620407075,75549.6839794647
2013-01-29,20599.529665282695,26750.160549146356,18849.29300550581,20599.529665282695,-115161.78695385635,-31353.7129864553,-5716.146441365476,-32031.82254801446,-91033.22866424778,-30579.8907834508,1402.0576016560663,1402.0576016560663,1402.0576016560663,1402.0576016560663,75596.5124063841,57425.69934023707,63861.57463099016,75596.5124063841
2013-01-30,20599.529665282695,26750.160549146356,18849.29300550581,20599.529665282695,-115161.78695385635,-31353.7129864553,-5716.146441365476,-32031.82254801446,-91033.22866424778,-30579.8907834508,1402.0576016560663,1402.0576016560663,1402.0576016560663,1402.0576016560663,75603.42101452453,57432.607948377496,63868.48323913058,75603.42101452453
2013-01-31,20599.529665282695,26750.160549146356,18849.29300550581,20599.529665282695,-115161.78695385635,-31353.7129864553,-5716.146441365476,-32031.82254801446,-91033.22866424778,-30579.8907834508,1402.0576016560663,1402.0576016560663,1402.0576016560663,1402.0576016560663,75652.64740451868,57481.83433837164,63917.70962912473,75652.64740451868
2013-02-01,20599.529665282695,26750.160549146356,18849.29300550581,20599.529665282695,-115161.78695385635,-31353.7129864553,-5716.146441365476,-32031.82254801446,-91033.22866424778,-30579.8907834508,1402.0576016560663,1402.0576016560663,1402.0576016560663,1402.0576016560663,75685.7854203335,57514.972354186466,63950.84764493955,75685.7854203335
2013-02-04,20599.529665282695,26750.160549146356,18849.29300550581,20599.529665282695,-115161.78695385635,-31353.7129864553,-5716.146441365476,-32031.82254801446,-91033.22866424778,-30579.8907834508,1402.0576016560663,1402.0576016560663,1402.0576016560663,1402.0576016560663,75852.84430528455,57682.03123913752,64117.906529890606,75852.84430528455
2013-02-05,20599.529665282695,26750.160549146356,18849.29300550581,20599.529665282695,-115161.78695385635,-31353.7129864553,-5716.146441365476,-32031.82254801446,-91033.22866424778,-30579.8907834508,1402.0576016560663,1402.0576016560663,1402.0576016560663,1402.0576016560663,76133.94526837976,57963.13220223272,64399.00749298581,76133.94526837976
2013-02-06,20599.529665282695,26750.160549146356,18849.29300550581,20599.529665282695,-115161.78695385635,-31353.7129864553,-5716.146441365476,-32031.82254801446,-91033.22866424778,-30579.8907834508,1402.0576016560663,1402.0576016560663,1402.0576016560663,1402.0576016560663,76050.91687939991,57880.10381325288,64315.979104005964,76050.91687939991
2013-02-07,20599.529665282695,26750.160549146356,18849.29300550581,20599.529665282695,-115161.78695385635,-31353.7129864553,-5716.146441365476,-32031.82254801446,-91033.22866424778,-30579.8907834508,1402.0576016560663,1402.0576016560663,1402.0576016560663,1402.0576016560663,76212.03354566218,58041.22047951515,64477.095770268235,76212.03354566218
2013-02-08,20599.529665282695,26750.160549146356,18849.29300550581,20599.529665282695,-115161.78695385635,-31353.7129864553,-5716.146441365476,-32031.82254801446,-91033.22866424778,-30579.8907834508,1402.0576016560663,1402.0576016560663,1402.0576016560663,1402.0576016560663,76289.84531100979,58119.032244862756,64554.90753561584,76289.84531100979
2013-02-11,20599.529665282695,26750.160549146356,18849.29300550581,20599.529665282695,-115161.78695385635,-31353.7129864553,-5716.146441365476,-32031.82254801446,-91033.22866424778,-30579.8907834508,1402.0576016560663,1402.0576016560663,1402.0576016560663,1402.0576016560663,76459.11876994534,58288.30570379831,64724.180994551396,76459.11876994534
2013-02-12,20599.529665282695,26750.160549146356,18849.29300550581,20599.529665282695,-115161.78695385635,-31353.7129864553,-5716.146441365476,-32031.82254801446,-91033.22866424778,-30579.8907834508,1402.0576016560663,1402.0576016560663,1402.0576016560663,1402.0576016560663,76413.00828982354,58242.19522367651,64678.07051442959,76413.00828982354
2013-02-13,20599.529665282695,26750.160549146356,18849.29300550581,20599.529665282695,-115161.78695385635,-31353.7129864553,-5716.146441365476,-32031.82254801446,-91033.22866424778,-30579.8907834508,1402.0576016560663,1402.0576016560663,1402.0576016560663,1402.0576016560663,76356.34187735175,58185.52881120471,64621.4041019578,76356.34187735175
2013-02-14,20599.529665282695,26750.160549146356,18849.29300550581,20599.529665282695,-115161.78695385635,-31353.7129864553,-5716.146441365476,-32031.82254801446,-91033.22866424778,-30579.8907834508,1402.0576016560663,1402.0576016560663,1402.0576016560663,1402.0576016560663,76601.07858191081,58430.26551576378,64866.140806516865,76601.07858191081
2013-02-15,20599.529665282695,26750.160549146356,18849.29300550581,20599.529665282695,-115161.78695385635,-31353.7129864553,-5716.146441365476,-32031.82254801446,-91033.22866424778,-30579.8907834508,1402.0576016560663,1402.0576016560663,1402.0576016560663,1402.0576016560663,76739.18372357148,58568.37065742444,65004.24594817753,76739.18372357148
2013-02-19,20599.529665282695,26750.160549146356,18849.29300550581,20599.529665282695,-115161.78695385635,-31353.7129864553,-5716.146441365476,-32031.82254801446,-91033.22866424778,-30579.8907834508,1402.0576016560663,1402.0576016560663,1402.0576016560663,1402.0576016560663,76770.12198555004,58599.308919403,65035.18421015609,76770.12198555004
2013-02-20,20599.529665282695,26750.160549146356,18849.29300550581,20599.529665282695,-115161.78695385635,-31353.7129864553,-5716.146441365476,-32031.82254801446,-91033.22866424778,-30579.8907834508,1402.0576016560663,1402.0576016560663,1402.0576016560663,1402.0576016560663,76668.06643174798,58497.25336560095,64933.128656354034,76668.06643174798
2013-02-21,20599.529665282695,26750.160549146356,18849.29300550581,20599.529665282695,-115161.78695385635,-31353.7129864553,-5716.146441365476,-32031.82254801446,-91033.22866424778,-30579.8907834508,1402.0576016560663,1402.0576016560663,1402.0576016560663,1402.0576016560663,76376.58454459929,58205.771478452254,64641.64676920534,76376.58454459929
2013-02-22,20599.529665282695,26750.160549146356,18849.29300550581,20599.529665282695,-115161.78695385635,-31353.7129864553,-5716.146441365476,-32031.82254801446,-91033.22866424778,-30579.8907834508,1402.0576016560663,1402.0576016560663,1402.0576016560663,1402.0576016560663,76394.57385967113,58223.760793524096,64659.63608427718,76394.57385967113
2013-02-25,20599.529665282695,26750.160549146356,18849.29300550581,20599.529665282695,-115161.78695385635,-31353.7129864553,-5716.146441365476,-32031.82254801446,-91033.22866424778,-30579.8907834508,1402.0576016560663,1402.0576016560663,1402.0576016560663,1402.0576016560663,76166.829578924,57996.01651277696,64431.891803530045,76166.829578924
2013-02-26,20599.529665282695,26750.160549146356,18849.29300550581,20599.529665282695,-115161.78695385635,-31353.7129864553,-5716.146441365476,-32031.82254801446,-91033.22866424778,-30579.8907834508,1402.0576016560663,1402.0576016560663,1402.0576016560663,1402.0576016560663,76316.8071296271,58145.99406348006,64581.869354233146,76316.8071296271
2013-02-27,20599.529665282695,26750.160549146356,18849.29300550581,20599.529665282695,-115161.78695385635,-31353.7129864553,-5716.146441365476,-32031.82254801446,-91033.22866424778,-30579.8907834508,1402.0576016560663,1402.0576016560663,1402.0576016560663,1402.0576016560663,76412.87540238746,58242.06233624043,64677.93762699352,76412.87540238746
2013-02-28,20599.529665282695,26750.160549146356,18849.29300550581,20599.529665282695,-115161.78695385635,-31353.7129864553,-5716.146441365476,-32031.82254801446,-91033.22866424778,-30579.8907834508,1402.0576016560663,1402.0576016560663,1402.0576016560663,1402.0576016560663,76643.65873787599,58472.84567172895,64908.72096248204,76643.65873787599
2013-03-01,20599.529665282695,26750.160549146356,18849.29300550581,20599.529665282695,-115161.78695385635,-31353.7129864553,-5716.146441365476,-32031.82254801446,-91033.22866424778,-30579.8907834508,1402.0576016560663,1402.0576016560663,1402.0576016560663,1402.0576016560663,76424.26831479161,58253.455248644575,64689.33053939766,76424.26831479161
2013-03-04,20599.529665282695,26750.160549146356,18849.29300550581,20599.529665282695,-115161.78695385635,-31353.7129864553,-5716.146441365476,-32031.82254801446,-91033.22866424778,-30579.8907834508,1402.0576016560663,1402.0576016560663,1402.0576016560663,1402.0576016560663,75720.22961603804,57549.416549891,63985.29184064409,75720.22961603804
2013-03-05,20599.529665282695,26750.160549146356,18849.29300550581,20599.529665282695,-115161.78695385635,-31353.7129864553,-5716.146441365476,-32031.82254801446,-91033.22866424778,-30579.8907834508,1402.0576016560663,1402.0576016560663,1402.0576016560663,1402.0576016560663,76123.53654599539,57952.723479848355,64388.59877060144,76123.53654599539
2013-03-06,20599.529665282695,26750.160549146356,18849.29300550581,20599.529665282695,-115161.78695385635,-31353.7129864553,-5716.146441365476,-32031.82254801446,-91033.22866424778,-30579.8907834508,1402.0576016560663,1402.0576016560663,1402.0576016560663,1402.0576016560663,76308.76422402565,58137.95115787862,64573.826448631706,76308.76422402565
2013-03-07,20599.529665282695,26750.160549146356,18849.29300550581,20599.529665282695,-115161.78695385635,-31353.7129864553,-5716.146441365476,-32031.82254801446,-91033.22866424778,-30579.8907834508,1402.0576016560663,1402.0576016560663,1402.0576016560663,1402.0576016560663,76743.97354809986,58573.16048195283,65009.035772705916,76743.97354809986
2013-03-08,20599.529665282695,26750.160549146356,18849.29300550581,20599.529665282695,-115161.78695385635,-31353.7129864553,-5716.146441365476,-32031.82254801446,-91033.22866424778,-30579.8907834508,1402.0576016560663,1402.0576016560663,1402.0576016560663,1402.0576016560663,76804.78508749907,58633.972021352034,65069.84731210512,76804.78508749907
2013-03-11,20599.529665282695,26750.160549146356,18849.29300550581,20599.529665282695,-115161.78695385635,-31353.7129864553,-5716.146441365476,-32031.82254801446,-91033.22866424778,-30579.8907834508,1402.0576016560663,1402.0576016560663,1402.0576016560663,1402.0576016560663,76891.89664940676,58721.08358325972,65156.95887401281,76891.89664940676
2013-03-12,20599.529665282695,26750.160549146356,18849.29300550581,20599.529665282695,-115161.78695385635,-31353.7129864553,-5716.146441365476,-32031.82254801446,-91033.22866424778,-30579.8907834508,1402.0576016560663,1402.0576016560663,1402.0576016560663,1402.0576016560663,76614.17710678419,58443.364040637156,64879.23933139024,76614.17710678419
2013-03-13,20599.529665282695,26750.160549146356,18849.29300550581,20599.529665282695,-115161.78695385635,-31353.7129864553,-5716.146441365476,-32031.82254801446,-91033.22866424778,-30579.8907834508,1402.0576016560663,1402.0576016560663,1402.0576016560663,1402.0576016560663,76720.6459135369,58549.83284738986,64985.708138142945,76720.6459135369
2013-03-14,20599.529665282695,26750.160549146356,18849.29300550581,20599.529665282695,-115161.78695385635,-31353.7129864553,-5716.146441365476,-32031.82254801446,-91033.22866424778,-30579.8907834508,1402.0576016560663,1402.0576016560663,1402.0576016560663,1402.0576016560663,77402.84638622566,59232.033320078626,65667.90861083171,77402.84638622566
2013-03-15,20599.529665282695,26750.160549146356,18849.29300550581,20599.529665282695,-115161.78695385635,-31353.7129864553,-5716.146441365476,-32031.82254801446,-91033.22866424778,-30579.8907834508,1402.0576016560663,1402.0576016560663,1402.0576016560663,1402.0576016560663,77819.46936507546,59648.65629892843,66084.53158968152,77819.46936507546
2013-03-18,20599.529665282695,26750.160549146356,18849.29300550581,20599.529665282695,-115161.78695385635,-31353.7129864553,-5716.146441365476,-32031.82254801446,-91033.22866424778,-30579.8907834508,1402.0576016560663,1402.0576016560663,1402.0576016560663,1402.0576016560663,77856.70834317943,59685.895277032396,66121.77056778548,77856.70834317943
2013-03-19,20599.529665282695,26750.160549146356,18849.29300550581,20599.529665282695,-115161.78695385635,-31353.7129864553,-5716.146441365476,-32031.82254801446,-91033.22866424778,-30579.8907834508,1402.0576016560663,1402.0576016560663,1402.0576016560663,1402.0576016560663,77865.6608457854,59694.84777963837,66130.72307039145,77865.6608457854
2013-03-20,20599.529665282695,26750.160549146356,18849.29300550581,20599.529665282695,-115161.78695385635,-31353.7129864553,-5716.146441365476,-32031.82254801446,-91033.22866424778,-30579.8907834508,1402.0576016560663,1402.0576016560663,1402.0576016560663,1402.0576016560663,77514.0624043087,59343.249338161666,65779.12462891475,77514.0624043087
2013-03-21,20599.529665282695,26750.160549146356,18849.29300550581,20599.529665282695,-115161.78695385635,-31353.7129864553,-5716.146441365476,-32031.82254801446,-91033.22866424778,-30579.8907834508,1402.0576016560663,1402.0576016560663,1402.0576016560663,1402.0576016560663,76759.26452421513,58588.4514580681,65024.326748821186,76759.26452421513
2013-03-22,20599.529665282695,26750.160549146356,18849.29300550581,20599.529665282695,-115161.78695385635,-31353.7129864553,-5716.146441365476,-32031.82254801446,-91033.22866424778,-30579.8907834508,1402.0576016560663,1402.0576016560663,1402.0576016560663,1402.0576016560663,76496.38568318635,58325.57261703932,64761.447907792404,76496.38568318635
2013-03-25,20599.529665282695,26750.160549146356,18849.29300550581,20599.529665282695,-115161.78695385635,-31353.7129864553,-5716.146441365476,-32031.82254801446,-91033.22866424778,-30579.8907834508,1402.0576016560663,1402.0576016560663,1402.0576016560663,1402.0576016560663,76291.55371392099,58120.74064777396,64556.615938527044,76291.55371392099
2013-03-26,20599.529665282695,26750.160549146356,18849.29300550581,20599.529665282695,-115161.78695385635,-31353.7129864553,-5716.146441365476,-32031.82254801446,-91033.22866424778,-30579.8907834508,1402.0576016560663,1402.0576016560663,1402.0576016560663,1402.0576016560663,76292.90757983457,58122.09451368754,64557.969804440625,76292.90757983457
2013-03-27,20599.529665282695,26750.160549146356,18849.29300550581,20599.529665282695,-115161.78695385635,-31353.7129864553,-5716.146441365476,-32031.82254801446,-91033.22866424778,-30579.8907834508,1402.0576016560663,1402.0576016560663,1402.0576016560663,1402.0576016560663,76604.27136349515,58433.458297348116,64869.3335881012,76604.27136349515
2013-03-28,20599.529665282695,26750.160549146356,18849.29300550581,20599.529665282695,-115161.78695385635,-31353.7129864553,-5716.146441365476,-32031.82254801446,-91033.22866424778,-30579.8907834508,1402.0576016560663,1402.0576016560663,1402.0576016560663,1402.0576016560663,76557.81090069772,58386.99783455068,64822.87312530377,76557.81090069772
2013-04-01,20599.529665282695,26750.160549146356,18849.29300550581,20599.529665282695,-115161.78695385635,-31353.7129864553,-5716.146441365476,-32031.82254801446,-91033.22866424778,-30579.8907834508,1402.0576016560663,1402.0576016560663,1402.0576016560663,1402.0576016560663,76817.15284666163,58646.339780514594,65082.21507126768,76817.15284666163
2013-04-02,20599.529665282695,26750.160549146356,18849.29300550581,20599.529665282695,-115161.78695385635,-31353.7129864553,-5716.146441365476,-32031.82254801446,-91033.22866424778,-30579.8907834508,1402.0576016560663,1402.0576016560663,1402.0576016560663,1402.0576016560663,76634.4960898275,58463.68302368047,64899.558314433554,76634.4960898275
2013-04-03,20599.529665282695,26750.160549146356,18849.29300550581,20599.529665282695,-115161.78695385635,-31353.7129864553,-5716.146441365476,-32031.82254801446,-91033.22866424778,-30579.8907834508,1402.0576016560663,1402.0576016560663,1402.0576016560663,1402.0576016560663,76580.71801074338,58409.90494459635,64845.78023534943,76580.71801074338
2013-04-04,20599.529665282695,26750.160549146356,18849.29300550581,20599.529665282695,-115161.78695385635,-31353.7129864553,-5716.146441365476,-32031.82254801446,-91033.22866424778,-30579.8907834508,1402.0576016560663,1402.0576016560663,1402.0576016560663,1402.0576016560663,76406.25160010764,58235.43853396061,64671.313824713696,76406.25160010764
2013-04-05,20599.529665282695,26750.160549146356,18849.29300550581,20599.529665282695,-115161.78695385635,-31353.7129864553,-5716.146441365476,-32031.82254801446,-91033.22866424778,-30579.8907834508,1402.0576016560663,1402.0576016560663,1402.0576016560663,1402.0576016560663,76378.33190016588,58207.51883401885,64643.394124771934,76378.33190016588
2013-04-08,20599.529665282695,26750.160549146356,18849.29300550581,20599.529665282695,-115161.78695385635,-31353.7129864553,-5716.146441365476,-32031.82254801446,-91033.22866424778,-30579.8907834508,1402.0576016560663,1402.0576016560663,1402.0576016560663,1402.0576016560663,76206.45982093061,58035.64675478358,64471.522045536665,76206.45982093061
2013-04-09,20599.529665282695,26750.160549146356,18849.29300550581,20599.529665282695,-115161.78695385635,-31353.7129864553,-5716.146441365476,-32031.82254801446,-91033.22866424778,-30579.8907834508,1402.0576016560663,1402.0576016560663,1402.0576016560663,1402.0576016560663,76551.89243850228,58381.07937235525,64816.954663108336,76551.89243850228
2013-04-10,20599.529665282695,26750.160549146356,18849.29300550581,20599.529665282695,-115161.78695385635,-31353.7129864553,-5716.146441365476,-32031.82254801446,-91033.22866424778,-30579.8907834508,1402.0576016560663,1402.0576016560663,1402.0576016560663,1402.0576016560663,76869.35772868269,58698.544662535656,65134.41995328874,76869.35772868269
2013-04-11,20599.529665282695,26750.160549146356,18849.29300550581,20599.529665282695,-115161.78695385635,-31353.7129864553,-5716.146441365476,-32031.82254801446,-91033.22866424778,-30579.8907834508,1402.0576016560663,1402.0576016560663,1402.0576016560663,1402.0576016560663,76560.77944027283,58389.9663741258,64825.841664878884,76560.77944027283
2013-04-12,20599.529665282695,26750.160549146356,18849.29300550581,20599.529665282695,-115161.78695385635,-31353.7129864553,-5716.146441365476,-32031.82254801446,-91033.22866424778,-30579.8907834508,1402.0576016560663,1402.0576016560663,1402.0576016560663,1402.0576016560663,76594.07298512151,58423.25991897448,64859.13520972757,76594.07298512151
2013-04-15,20599.529665282695,26750.160549146356,18849.29300550581,20599.529665282695,-115161.78695385635,-31353.7129864553,-5716.146441365476,-32031.82254801446,-91033.22866424778,-30579.8907834508,1402.0576016560663,1402.0576016560663,1402.0576016560663,1402.0576016560663,76580.45589579502,58409.642829647986,64845.51812040107,76580.45589579502
2013-04-16,20599.529665282695,26750.160549146356,18849.29300550581,20599.529665282695,-115161.78695385635,-31353.7129864553,-5716.146441365476,-32031.82254801446,-91033.22866424778,-30579.8907834508,1402.0576016560663,1402.0576016560663,1402.0576016560663,1402.0576016560663,76309.37366992235,58138.56060377532,64574.435894528404,76309.37366992235
2013-04-17,20599.529665282695,26750.160549146356,18849.29300550581,20599.529665282695,-115161.78695385635,-31353.7129864553,-5716.146441365476,-32031.82254801446,-91033.22866424778,-30579.8907834508,1402.0576016560663,1402.0576016560663,1402.0576016560663,1402.0576016560663,76121.15073551051,57950.33766936348,64386.212960116565,76121.15073551051
2013-04-18,20599.529665282695,26750.160549146356,18849.29300550581,20599.529665282695,-115161.78695385635,-31353.7129864553,-5716.146441365476,-32031.82254801446,-91033.22866424778,-30579.8907834508,1402.0576016560663,1402.0576016560663,1402.0576016560663,1402.0576016560663,75946.66894759983,57775.85588145279,64211.73117220588,75946.66894759983
2013-04-19,20599.529665282695,26750.160549146356,18849.29300550581,20599.529665282695,-115161.78695385635,-31353.7129864553,-5716.146441365476,-32031.82254801446,-91033.22866424778,-30579.8907834508,1402.0576016560663,1402.0576016560663,1402.0576016560663,1402.0576016560663,75533.44572906801,57362.63266292098,63798.50795367407,75533.44572906801
2013-04-22,20599.529665282695,26750.160549146356,18849.29300550581,20599.529665282695,-115161.78695385635,-31353.7129864553,-5716.146441365476,-32031.82254801446,-91033.22866424778,-30579.8907834508,1402.0576016560663,1402.0576016560663,1402.0576016560663,1402.0576016560663,75582.58368159994,57411.7706154529,63847.64590620599,75582.58368159994
2013-04-23,20599.529665282695,26750.160549146356,18849.29300550581,20599.529665282695,-115161.78695385635,-31353.7129864553,-5716.146441365476,-32031.82254801446,-91033.22866424778,-30579.8907834508,1402.0576016560663,1402.0576016560663,1402.0576016560663,1402.0576016560663,75458.87305135792,57288.059985210886,63723.93527596397,75458.87305135792
2013-04-24,20599.529665282695,26750.160549146356,18849.29300550581,20599.529665282695,-115161.78695385635,-31353.7129864553,-5716.146441365476,-32031.82254801446,-91033.22866424778,-30579.8907834508,1402.0576016560663,1402.0576016560663,1402.0576016560663,1402.0576016560663,75095.03477150341,56924.22170535638,63360.09699610947,75095.03477150341
2013-04-25,20599.529665282695,26750.160549146356,18849.29300550581,20599.529665282695,-115161.78695385635,-31353.7129864553,-5716.146441365476,-32031.82254801446,-91033.22866424778,-30579.8907834508,1402.0576016560663,1402.0576016560663,1402.0576016560663,1402.0576016560663,74549.50540621765,56378.692340070615,62814.5676308237,74549.50540621765
2013-04-26,20599.529665282695,26750.160549146356,18849.29300550581,20599.529665282695,-115161.78695385635,-31353.7129864553,-5716.146441365476,-32031.82254801446,-91033.22866424778,-30579.8907834508,1402.0576016560663,1402.0576016560663,1402.0576016560663,1402.0576016560663,74882.28854697081,56711.47548082378,63147.350771576865,74882.28854697081
2013-04-29,20599.529665282695,26750.160549146356,18849.29300550581,20599.529665282695,-115161.78695385635,-31353.7129864553,-5716.146441365476,-32031.82254801446,-91033.22866424778,-30579.8907834508,1402.0576016560663,1402.0576016560663,1402.0576016560663,1402.0576016560663,74698.79169702576,56527.97863087873,62963.85392163182,74698.79169702576
2013-04-30,20599.529665282695,26750.160549146356,18849.29300550581,20599.529665282695,-115161.78695385635,-31353.7129864553,-5716.146441365476,-32031.82254801446,-91033.22866424778,-30579.8907834508,1402.0576016560663,1402.0576016560663,1402.0576016560663,1402.0576016560663,74421.39029759564,56250.57723144861,62686.4525222017,74421.39029759564
2013-05-01,20599.529665282695,26750.160549146356,18849.29300550581,20599.529665282695,-115161.78695385635,-31353.7129864553,-5716.146441365476,-32031.82254801446,-91033.22866424778,-30579.8907834508,1402.0576016560663,1402.0576016560663,1402.0576016560663,1402.0576016560663,74891.50758623169,56720.69452008465,63156.56981083774,74891.50758623169
2013-05-02,20599.529665282695,26750.160549146356,18849.29300550581,20599.529665282695,-115161.78695385635,-31353.7129864553,-5716.146441365476,-32031.82254801446,-91033.22866424778,-30579.8907834508,1402.0576016560663,1402.0576016560663,1402.0576016560663,1402.0576016560663,74829.28209319059,56658.46902704355,63094.34431779664,74829.28209319059
2013-05-03,20599.529665282695,26750.160549146356,18849.29300550581,20599.529665282695,-115161.78695385635,-31353.7129864553,-5716.146441365476,-32031.82254801446,-91033.22866424778,-30579.8907834508,1402.0576016560663,1402.0576016560663,1402.0576016560663,1402.0576016560663,74383.71739625442,56212.90433010738,62648.77962086047,74383.71739625442
2013-05-06,20599.529665282695,26750.160549146356,18849.29300550581,20599.529665282695,-115161.78695385635,-31353.7129864553,-5716.146441365476,-32031.82254801446,-91033.22866424778,-30579.8907834508,1402.0576016560663,1402.0576016560663,1402.0576016560663,1402.0576016560663,74492.77353099221,56321.96046484518,62757.835755598266,74492.77353099221
2013-05-07,20599.529665282695,26750.160549146356,18849.29300550581,20599.529665282695,-115161.78695385635,-31353.7129864553,-5716.146441365476,-32031.82254801446,-91033.22866424778,-30579.8907834508,1402.0576016560663,1402.0576016560663,1402.0576016560663,1402.0576016560663,74667.28477696818,56496.47171082115,62932.347001574235,74667.28477696818
2013-05-08,20599.529665282695,26750.160549146356,18849.29300550581,20599.529665282695,-115161.78695385635,-31353.7129864553,-5716.146441365476,-32031.82254801446,-91033.22866424778,-30579.8907834508,1402.0576016560663,1402.0576016560663,1402.0576016560663,1402.0576016560663,74871.68191476399,56700.868848616956,63136.74413937004,74871.68191476399
2013-05-09,20599.529665282695,26750.160549146356,18849.29300550581,20599.529665282695,-115161.78695385635,-31353.7129864553,-5716.146441365476,-32031.82254801446,-91033.22866424778,-30579.8907834508,1402.0576016560663,1402.0576016560663,1402.0576016560663,1402.0576016560663,74492.22787335492,56321.41480720788,62757.29009796097,74492.22787335492
2013-05-10,20599.529665282695,26750.160549146356,18849.29300550581,20599.529665282695,-115161.78695385635,-31353.7129864553,-5716.146441365476,-32031.82254801446,-91033.22866424778,-30579.8907834508,1402.0576016560663,1402.0576016560663,1402.0576016560663,1402.0576016560663,74826.4203804757,56655.60731432866,63091.48260508175,74826.4203804757
2013-05-13,20599.529665282695,26750.160549146356,18849.29300550581,20599.529665282695,-115161.78695385635,-31353.7129864553,-5716.146441365476,-32031.82254801446,-91033.22866424778,-30579.8907834508,1402.0576016560663,1402.0576016560663,1402.0576016560663,1402.0576016560663,75345.17155889049,57174.35849274346,63610.233783496544,75345.17155889049
2013-05-14,20599.529665282695,26750.160549146356,18849.29300550581,20599.529665282695,-115161.78695385635,-31353.7129864553,-5716.146441365476,-32031.82254801446,-91033.22866424778,-30579.8907834508,1402.0576016560663,1402.0576016560663,1402.0576016560663,1402.0576016560663,75224.84500070103,57054.03193455399,63489.90722530708,75224.84500070103
2013-05-15,20599.529665282695,26750.160549146356,18849.29300550581,20599.529665282695,-115161.78695385635,-31353.7129864553,-5716.146441365476,-32031.82254801446,-91033.22866424778,-30579.8907834508,1402.0576016560663,1402.0576016560663,1402.0576016560663,1402.0576016560663,75640.28448151308,57469.471415366046,63905.34670611913,75640.28448151308
2013-05-16,20599.529665282695,26750.160549146356,18849.29300550581,20599.529665282695,-115161.78695385635,-31353.7129864553,-5716.146441365476,-32031.82254801446,-91033.22866424778,-30579.8907834508,1402.0576016560663,1402.0576016560663,1402.0576016560663,1402.0576016560663,74649.07056167256,56478.257495525526,62914.13278627861,74649.07056167256
2013-05-17,20599.529665282695,26750.160549146356,18849.29300550581,20599.529665282695,-115161.78695385635,-31353.7129864553,-5716.146441365476,-32031.82254801446,-91033.22866424778,-30579.8907834508,1402.0576016560663,1402.0576016560663,1402.0576016560663,1402.0576016560663,74246.51391637232,56075.70085022529,62511.57614097837,74246.51391637232
2013-05-20,20599.529665282695,26750.160549146356,18849.29300550581,20599.529665282695,-115161.78695385635,-31353.7129864553,-5716.146441365476,-32031.82254801446,-91033.22866424778,-30579.8907834508,1402.0576016560663,1402.0576016560663,1402.0576016560663,1402.0576016560663,74322.41926929587,56151.60620314884,62587.48149390193,74322.41926929587
2013-05-21,20599.529665282695,26750.160549146356,18849.29300550581,20599.529665282695,-115161.78695385635,-31353.7129864553,-5716.146441365476,-32031.82254801446,-91033.22866424778,-30579.8907834508,1402.0576016560663,1402.0576016560663,1402.0576016560663,1402.0576016560663,74344.97456265846,56174.16149651143,62610.036787264515,74344.97456265846
2013-05-22,20599.529665282695,26750.160549146356,18849.29300550581,20599.529665282695,-115161.78695385635,-31353.7129864553,-5716.146441365476,-32031.82254801446,-91033.22866424778,-30579.8907834508,1402.0576016560663,1402.0576016560663,1402.0576016560663,1402.0576016560663,74121.78667788324,55950.973611736204,62386.84890248929,74121.78667788324
2013-05-23,20599.529665282695,26750.160549146356,18849.29300550581,20599.529665282695,-115161.78695385635,-31353.7129864553,-5716.146441365476,-32031.82254801446,-91033.22866424778,-30579.8907834508,1402.0576016560663,1402.0576016560663,1402.0576016560663,1402.0576016560663,73959.60152769438,55788.788461547345,62224.66375230043,73959.60152769438
2013-05-24,20599.529665282695,26750.160549146356,18849.29300550581,20599.529665282695,-115161.78695385635,-31353.7129864553,-5716.146441365476,-32031.82254801446,-91033.22866424778,-30579.8907834508,1402.0576016560663,1402.0576016560663,1402.0576016560663,1402.0576016560663,73662.62035471364,55491.807288566604,61927.68257931969,73662.62035471364
2013-05-28,20599.529665282695,26750.160549146356,18849.29300550581,20599.529665282695,-115161.78695385635,-31353.7129864553,-5716.146441365476,-32031.82254801446,-91033.22866424778,-30579.8907834508,1402.0576016560663,1402.0576016560663,1402.0576016560663,1402.0576016560663,73229.49061114248,55058.677544995444,61494.55283574853,73229.49061114248
2013-05-29,20599.529665282695,26750.160549146356,18849.29300550581,20599.529665282695,-115161.78695385635,-31353.7129864553,-5716.146441365476,-32031.82254801446,-91033.22866424778,-30579.8907834508,1402.0576016560663,1402.0576016560663,1402.0576016560663,1402.0576016560663,72790.48257087404,54619.669504727004,61055.54479548009,72790.48257087404
2013-05-30,20599.529665282695,26750.160549146356,18849.29300550581,20599.529665282695,-115161.78695385635,-31353.7129864553,-5716.146441365476,-32031.82254801446,-91033.22866424778,-30579.8907834508,1402.0576016560663,1402.0576016560663,1402.0576016560663,1402.0576016560663,72756.92170698429,54586.10864083725,61021.98393159034,72756.92170698429
2013-05-31,20599.529665282695,26750.160549146356,18849.29300550581,20599.529665282695,-115161.78695385635,-31353.7129864553,-5716.146441365476,-32031.82254801446,-91033.22866424778,-30579.8907834508,1402.0576016560663,1402.0576016560663,1402.0576016560663,1402.0576016560663,72694.01339753089,54523.20033138385,60959.07562213694,72694.01339753089
2013-06-03,20599.529665282695,26750.160549146356,18849.29300550581,20599.529665282695,-115161.78695385635,-31353.7129864553,-5716.146441365476,-32031.82254801446,-91033.22866424778,-30579.8907834508,1402.0576016560663,1402.0576016560663,1402.0576016560663,1402.0576016560663,72481.9306413487,54311.11757520167,60746.99286595476,72481.9306413487
2013-06-04,20599.529665282695,26750.160549146356,18849.29300550581,20599.529665282695,-115161.78695385635,-31353.7129864553,-5716.146441365476,-32031.82254801446,-91033.22866424778,-30579.8907834508,1402.0576016560663,1402.0576016560663,1402.0576016560663,1402.0576016560663,71947.2129604274,53776.39989428036,60212.275185033446,71947.2129604274
2013-06-05,20599.529665282695,26750.160549146356,18849.29300550581,20599.529665282695,-115161.78695385635,-31353.7129864553,-5716.146441365476,-32031.82254801446,-91033.22866424778,-30579.8907834508,1402.0576016560663,1402.0576016560663,1402.0576016560663,1402.0576016560663,72128.95289405971,53958.13982791267,60394.01511866576,72128.95289405971
2013-06-06,20599.529665282695,26750.160549146356,18849.29300550581,20599.529665282695,-115161.78695385635,-31353.7129864553,-5716.146441365476,-32031.82254801446,-91033.22866424778,-30579.8907834508,1402.0576016560663,1402.0576016560663,1402.0576016560663,1402.0576016560663,72748.16870970349,54577.35564355645,61013.23093430954,72748.16870970349
2013-06-07,20599.529665282695,26750.160549146356,18849.29300550581,20599.529665282695,-115161.78695385635,-31353.7129864553,-5716.146441365476,-32031.82254801446,-91033.22866424778,-30579.8907834508,1402.0576016560663,1402.0576016560663,1402.0576016560663,1402.0576016560663,72654.03456675354,54483.22150060651,60919.096791359596,72654.03456675354
2013-06-10,20599.529665282695,26750.160549146356,18849.29300550581,20599.529665282695,-115161.78695385635,-31353.7129864553,-5716.146441365476,-32031.82254801446,-91033.22866424778,-30579.8907834508,1402.0576016560663,1402.0576016560663,1402.0576016560663,1402.0576016560663,72259.03143876,54088.21837261296,60524.093663366046,72259.03143876
2013-06-11,20599.529665282695,26750.160549146356,18849.29300550581,20599.529665282695,-115161.78695385635,-31353.7129864553,-5716.146441365476,-32031.82254801446,-91033.22866424778,-30579.8907834508,1402.0576016560663,1402.0576016560663,1402.0576016560663,1402.0576016560663,72181.1223078752,54010.30924172816,60446.184532481246,72181.1223078752
2013-06-12,20599.529665282695,26750.160549146356,18849.29300550581,20599.529665282695,-115161.78695385635,-31353.7129864553,-5716.146441365476,-32031.82254801446,-91033.22866424778,-30579.8907834508,1402.0576016560663,1402.0576016560663,1402.0576016560663,1402.0576016560663,72112.17566595902,53941.36259981198,60377.23789056507,72112.17566595902
2013-06-13,20599.529665282695,26750.160549146356,18849.29300550581,20599.529665282695,-115161.78695385635,-31353.7129864553,-5716.146441365476,-32031.82254801446,-91033.22866424778,-30579.8907834508,1402.0576016560663,1402.0576016560663,1402.0576016560663,1402.0576016560663,72384.07654737844,54213.263481231406,60649.13877198449,72384.07654737844
2013-06-14,20599.529665282695,26750.160549146356,18849.29300550581,20599.529665282695,-115161.78695385635,-31353.7129864553,-5716.146441365476,-32031.82254801446,-91033.22866424778,-30579.8907834508,1402.0576016560663,1402.0576016560663,1402.0576016560663,1402.0576016560663,72890.31104656798,54719.49798042094,61155.37327117403,72890.31104656798
2013-06-17,20599.529665282695,26750.160549146356,18849.29300550581,20599.529665282695,-115161.78695385635,-31353.7129864553,-5716.146441365476,-32031.82254801446,-91033.22866424778,-30579.8907834508,1402.0576016560663,1402.0576016560663,1402.0576016560663,1402.0576016560663,73204.40510874963,55033.5920426026,61469.467333355686,73204.40510874963
2013-06-18,20599.529665282695,26750.160549146356,18849.29300550581,20599.529665282695,-115161.78695385635,-31353.7129864553,-5716.146441365476,-32031.82254801446,-91033.22866424778,-30579.8907834508,1402.0576016560663,1402.0576016560663,1402.0576016560663,1402.0576016560663,72924.14715435798,54753.33408821095,61189.209378964035,72924.14715435798
2013-06-19,20599.529665282695,26750.160549146356,18849.29300550581,20599.529665282695,-115161.78695385635,-31353.7129864553,-5716.146441365476,-32031.82254801446,-91033.22866424778,-30579.8907834508,1402.0576016560663,1402.0576016560663,1402.0576016560663,1402.0576016560663,72156.77013883181,53985.957072684774,60421.83236343786,72156.77013883181
2013-06-20,20599.529665282695,26750.160549146356,18849.29300550581,20599.529665282695,-115161.78695385635,-31353.7129864553,-5716.146441365476,-32031.82254801446,-91033.22866424778,-30579.8907834508,1402.0576016560663,1402.0576016560663,1402.0576016560663,1402.0576016560663,71140.90955587337,52970.09648972633,59405.97178047942,71140.90955587337
2013-06-21,20599.529665282695,26750.160549146356,18849.29300550581,20599.529665282695,-115161.78695385635,-31353.7129864553,-5716.146441365476,-32031.82254801446,-91033.22866424778,-30579.8907834508,1402.0576016560663,1402.0576016560663,1402.0576016560663,1402.0576016560663,71910.64486129093,53739.831795143895,60175.70708589698,71910.64486129093
2013-06-24,20599.529665282695,26750.160549146356,18849.29300550581,20599.529665282695,-115161.78695385635,-31353.7129864553,-5716.146441365476,-32031.82254801446,-91033.22866424778,-30579.8907834508,1402.0576016560663,1402.0576016560663,1402.0576016560663,1402.0576016560663,71956.53071382386,53785.71764767682,60221.59293842991,71956.53071382386
2013-06-25,20599.529665282695,26750.160549146356,18849.29300550581,20599.529665282695,-115161.78695385635,-31353.7129864553,-5716.146441365476,-32031.82254801446,-91033.22866424778,-30579.8907834508,1402.0576016560663,1402.0576016560663,1402.0576016560663,1402.0576016560663,71979.586774325,53808.77370817796,60244.64899893105,71979.586774325
2013-06-26,20599.529665282695,26750.160549146356,18849.29300550581,20599.529665282695,-115161.78695385635,-31353.7129864553,-5716.146441365476,-32031.82254801446,-91033.22866424778,-30579.8907834508,1402.0576016560663,1402.0576016560663,1402.0576016560663,1402.0576016560663,72005.7004316498,53834.88736550277,60270.76265625586,72005.7004316498
2013-06-27,20599.529665282695,26750.160549146356,18849.29300550581,20599.529665282695,-115161.78695385635,-31353.7129864553,-5716.146441365476,-32031.82254801446,-91033.22866424778,-30579.8907834508,1402.0576016560663,1402.0576016560663,1402.0576016560663,1402.0576016560663,72008.196071557,53837.38300540997,60273.258296163054,72008.196071557
2013-06-28,20599.529665282695,26750.160549146356,18849.29300550581,20599.529665282695,-115161.78695385635,-31353.7129864553,-5716.146441365476,-32031.82254801446,-91033.22866424778,-30579.8907834508,1402.0576016560663,1402.0576016560663,1402.0576016560663,1402.0576016560663,71630.40101899579,53459.58795284876,59895.463243601844,71630.40101899579
2013-07-01,20599.529665282695,26750.160549146356,18849.29300550581,20599.529665282695,-115161.78695385635,-31353.7129864553,-5716.146441365476,-32031.82254801446,-91033.22866424778,-30579.8907834508,1402.0576016560663,1402.0576016560663,1402.0576016560663,1402.0576016560663,71680.90756996395,53510.094503816916,59945.96979457,71680.90756996395
2013-07-02,20599.529665282695,26750.160549146356,18849.29300550581,20599.529665282695,-115161.78695385635,-31353.7129864553,-5716.146441365476,-32031.82254801446,-91033.22866424778,-30579.8907834508,1402.0576016560663,1402.0576016560663,1402.0576016560663,1402.0576016560663,71677.45651838812,53506.643452241085,59942.51874299417,71677.45651838812
2013-07-03,20599.529665282695,26750.160549146356,18849.29300550581,20599.529665282695,-115161.78695385635,-31353.7129864553,-5716.146441365476,-32031.82254801446,-91033.22866424778,-30579.8907834508,1402.0576016560663,1402.0576016560663,1402.0576016560663,1402.0576016560663,71746.36025457806,53575.547188431025,60011.42247918411,71746.36025457806
2013-07-05,20599.529665282695,26750.160549146356,18849.29300550581,20599.529665282695,-115161.78695385635,-31353.7129864553,-5716.146441365476,-32031.82254801446,-91033.22866424778,-30579.8907834508,1402.0576016560663,1402.0576016560663,1402.0576016560663,1402.0576016560663,71776.23479118943,53605.4217250424,60041.297015795484,71776.23479118943
2013-07-08,20599.529665282695,26750.160549146356,18849.29300550581,20599.529665282695,-115161.78695385635,-31353.7129864553,-5716.146441365476,-32031.82254801446,-91033.22866424778,-30579.8907834508,1402.0576016560663,1402.0576016560663,1402.0576016560663,1402.0576016560663,71789.30979939667,53618.49673324963,60054.37202400272,71789.30979939667
2013-07-09,20599.529665282695,26750.160549146356,18849.29300550581,20599.529665282695,-115161.78695385635,-31353.7129864553,-5716.146441365476,-32031.82254801446,-91033.22866424778,-30579.8907834508,1402.0576016560663,1402.0576016560663,1402.0576016560663,1402.0576016560663,71772.48769645789,53601.67463031085,60037.54992106394,71772.48769645789
2013-07-10,20599.529665282695,26750.160549146356,18849.29300550581,20599.529665282695,-115161.78695385635,-31353.7129864553,-5716.146441365476,-32031.82254801446,-91033.22866424778,-30579.8907834508,1402.0576016560663,1402.0576016560663,1402.0576016560663,1402.0576016560663,71895.90202792524,53725.08896177821,60160.964252531296,71895.90202792524
2013-07-11,20599.529665282695,26750.160549146356,18849.29300550581,20599.529665282695,-115161.78695385635,-31353.7129864553,-5716.146441365476,-32031.82254801446,-91033.22866424778,-30579.8907834508,1402.0576016560663,1402.0576016560663,1402.0576016560663,1402.0576016560663,71910.51732624392,53739.704260096885,60175.57955084997,71910.51732624392
2013-07-12,20599.529665282695,26750.160549146356,18849.29300550581,20599.529665282695,-115161.78695385635,-31353.7129864553,-5716.146441365476,-32031.82254801446,-91033.22866424778,-30579.8907834508,1402.0576016560663,1402.0576016560663,1402.0576016560663,1402.0576016560663,72002.21742006275,53831.404353915714,60267.2796446688,72002.21742006275
2013-07-15,20599.529665282695,26750.160549146356,18849.29300550581,20599.529665282695,-115161.78695385635,-31353.7129864553,-5716.146441365476,-32031.82254801446,-91033.22866424778,-30579.8907834508,1402.0576016560663,1402.0576016560663,1402.0576016560663,1402.0576016560663,72226.458270601,54055.64520445396,60491.52049520705,72226.458270601
2013-07-16,20599.529665282695,26750.160549146356,18849.29300550581,20599.529665282695,-115161.78695385635,-31353.7129864553,-5716.146441365476,-32031.82254801446,-91033.22866424778,-30579.8907834508,1402.0576016560663,1402.0576016560663,1402.0576016560663,1402.0576016560663,72136.74410999403,53965.931043847,60401.806334600085,72136.74410999403
2013-07-17,20599.529665282695,26750.160549146356,18849.29300550581,20599.529665282695,-115161.78695385635,-31353.7129864553,-5716.146441365476,-32031.82254801446,-91033.22866424778,-30579.8907834508,1402.0576016560663,1402.0576016560663,1402.0576016560663,1402.0576016560663,72007.87133858842,53837.05827244138,60272.93356319447,72007.87133858842
2013-07-18,20599.529665282695,26750.160549146356,18849.29300550581,20599.529665282695,-115161.78695385635,-31353.7129864553,-5716.146441365476,-32031.82254801446,-91033.22866424778,-30579.8907834508,1402.0576016560663,1402.0576016560663,1402.0576016560663,1402.0576016560663,72139.25998569326,53968.44691954623,60404.32221029932,72139.25998569326
2013-07-19,20599.529665282695,26750.160549146356,18849.29300550581,20599.529665282695,-115161.78695385635,-31353.7129864553,-5716.146441365476,-32031.82254801446,-91033.22866424778,-30579.8907834508,1402.0576016560663,1402.0576016560663,1402.0576016560663,1402.0576016560663,72091.66923850146,53920.856172354426,60356.73146310751,72091.66923850146
2013-07-22,20599.529665282695,26750.160549146356,18849.29300550581,20599.529665282695,-115161.78695385635,-31353.7129864553,-5716.146441365476,-32031.82254801446,-91033.22866424778,-30579.8907834508,1402.0576016560663,1402.0576016560663,1402.0576016560663,1402.0576016560663,72182.78771920572,54011.974653058685,60447.84994381177,72182.78771920572
2013-07-23,20599.529665282695,26750.160549146356,18849.29300550581,20599.529665282695,-115161.78695385635,-31353.7129864553,-5716.146441365476,-32031.82254801446,-91033.22866424778,-30579.8907834508,1402.0576016560663,1402.0576016560663,1402.0576016560663,1402.0576016560663,72302.48019453092,54131.66712838388,60567.54241913697,72302.48019453092
2013-07-24,20599.529665282695,26750.160549146356,18849.29300550581,20599.529665282695,-115161.78695385635,-31353.7129864553,-5716.146441365476,-32031.82254801446,-91033.22866424778,-30579.8907834508,1402.0576016560663,1402.0576016560663,1402.0576016560663,1402.0576016560663,72321.32459016307,54150.51152401604,60586.386814769125,72321.32459016307
2013-07-25,20599.529665282695,26750.160549146356,18849.29300550581,20599.529665282695,-115161.78695385635,-31353.7129864553,-5716.146441365476,-32031.82254801446,-91033.22866424778,-30579.8907834508,1402.0576016560663,1402.0576016560663,1402.0576016560663,1402.0576016560663,72348.43776271609,54177.62469656905,60613.49998732214,72348.43776271609
2013-07-26,20599.529665282695,26750.160549146356,18849.29300550581,20599.529665282695,-115161.78695385635,-31353.7129864553,-5716.146441365476,-32031.82254801446,-91033.22866424778,-30579.8907834508,1402.0576016560663,1402.0576016560663,1402.0576016560663,1402.0576016560663,72370.01589268097,54199.20282653393,60635.07811728702,72370.01589268097
2013-07-29,20599.529665282695,26750.160549146356,18849.29300550581,20599.529665282695,-115161.78695385635,-31353.7129864553,-5716.146441365476,-32031.82254801446,-91033.22866424778,-30579.8907834508,1402.0576016560663,1402.0576016560663,1402.0576016560663,1402.0576016560663,72682.6678829093,54511.854816762265,60947.73010751535,72682.6678829093
2013-07-30,20599.529665282695,26750.160549146356,18849.29300550581,20599.529665282695,-115161.78695385635,-31353.7129864553,-5716.146441365476,-32031.82254801446,-91033.22866424778,-30579.8907834508,1402.0576016560663,1402.0576016560663,1402.0576016560663,1402.0576016560663,72754.6770575263,54583.86399137927,61019.73928213236,72754.6770575263
2013-07-31,20599.529665282695,26750.160549146356,18849.29300550581,20599.529665282695,-115161.78695385635,-31353.7129864553,-5716.146441365476,-32031.82254801446,-91033.22866424778,-30579.8907834508,1402.0576016560663,1402.0576016560663,1402.0576016560663,1402.0576016560663,72521.64409511327,54350.83102896623,60786.70631971932,72521.64409511327
2013-08-01,20599.529665282695,26750.160549146356,18849.29300550581,20599.529665282695,-115161.78695385635,-31353.7129864553,-5716.146441365476,-32031.82254801446,-91033.22866424778,-30579.8907834508,1402.0576016560663,1402.0576016560663,1402.0576016560663,1402.0576016560663,72650.3353418971,54479.52227575006,60915.39756650315,72650.3353418971
2013-08-02,20599.529665282695,26750.160549146356,18849.29300550581,20599.529665282695,-115161.78695385635,-31353.7129864553,-5716.146441365476,-32031.82254801446,-91033.22866424778,-30579.8907834508,1402.0576016560663,1402.0576016560663,1402.0576016560663,1402.0576016560663,72585.26621439052,54414.45314824348,60850.32843899657,72585.26621439052
2013-08-05,20599.529665282695,26750.160549146356,18849.29300550581,20599.529665282695,-115161.78695385635,-31353.7129864553,-5716.146441365476,-32031.82254801446,-91033.22866424778,-30579.8907834508,1402.0576016560663,1402.0576016560663,1402.0576016560663,1402.0576016560663,73019.40338755795,54848.59032141091,61284.465612164,73019.40338755795
2013-08-06,20599.529665282695,26750.160549146356,18849.29300550581,20599.529665282695,-115161.78695385635,-31353.7129864553,-5716.146441365476,-32031.82254801446,-91033.22866424778,-30579.8907834508,1402.0576016560663,1402.0576016560663,1402.0576016560663,1402.0576016560663,73098.60347848292,54927.79041233589,61363.66570308898,73098.60347848292
2013-08-07,20599.529665282695,26750.160549146356,18849.29300550581,20599.529665282695,-115161.78695385635,-31353.7129864553,-5716.146441365476,-32031.82254801446,-91033.22866424778,-30579.8907834508,1402.0576016560663,1402.0576016560663,1402.0576016560663,1402.0576016560663,73127.53699402953,54956.7239278825,61392.59921863559,73127.53699402953
2013-08-08,20599.529665282695,26750.160549146356,18849.29300550581,20599.529665282695,-115161.78695385635,-31353.7129864553,-5716.146441365476,-32031.82254801446,-91033.22866424778,-30579.8907834508,1402.0576016560663,1402.0576016560663,1402.0576016560663,1402.0576016560663,72978.12284607976,54807.30977993272,61243.18507068581,72978.12284607976
2013-08-09,20599.529665282695,26750.160549146356,18849.29300550581,20599.529665282695,-115161.78695385635,-31353.7129864553,-5716.146441365476,-32031.82254801446,-91033.22866424778,-30579.8907834508,1402.0576016560663,1402.0576016560663,1402.0576016560663,1402.0576016560663,72960.73089956399,54789.917833416956,61225.79312417004,72960.73089956399
2013-08-12,20599.529665282695,26750.160549146356,18849.29300550581,20599.529665282695,-115161.78695385635,-31353.7129864553,-5716.146441365476,-32031.82254801446,-91033.22866424778,-30579.8907834508,1402.0576016560663,1402.0576016560663,1402.0576016560663,1402.0576016560663,73034.99586020969,54864.18279406265,61300.05808481574,73034.99586020969
2013-08-13,20599.529665282695,26750.160549146356,18849.29300550581,20599.529665282695,-115161.78695385635,-31353.7129864553,-5716.146441365476,-32031.82254801446,-91033.22866424778,-30579.8907834508,1402.0576016560663,1402.0576016560663,1402.0576016560663,1402.0576016560663,72934.902196754,54764.08913060697,61199.964421360055,72934.902196754
2013-08-14,20599.529665282695,26750.160549146356,18849.29300550581,20599.529665282695,-115161.78695385635,-31353.7129864553,-5716.146441365476,-32031.82254801446,-91033.22866424778,-30579.8907834508,1402.0576016560663,1402.0576016560663,1402.0576016560663,1402.0576016560663,72852.83918465581,54682.02611850877,61117.90140926186,72852.83918465581
2013-08-15,20599.529665282695,26750.160549146356,18849.29300550581,20599.529665282695,-115161.78695385635,-31353.7129864553,-5716.146441365476,-32031.82254801446,-91033.22866424778,-30579.8907834508,1402.0576016560663,1402.0576016560663,1402.0576016560663,1402.0576016560663,72021.7612107473,53850.94814460026,60286.82343535335,72021.7612107473
2013-08-16,20599.529665282695,26750.160549146356,18849.29300550581,20599.529665282695,-115161.78695385635,-31353.7129864553,-5716.146441365476,-32031.82254801446,-91033.22866424778,-30579.8907834508,1402.0576016560663,1402.0576016560663,1402.0576016560663,1402.0576016560663,71730.78852050053,53559.975454353495,59995.85074510658,71730.78852050053
2013-08-19,20599.529665282695,26750.160549146356,18849.29300550581,20599.529665282695,-115161.78695385635,-31353.7129864553,-5716.146441365476,-32031.82254801446,-91033.22866424778,-30579.8907834508,1402.0576016560663,1402.0576016560663,1402.0576016560663,1402.0576016560663,71848.97766810609,53678.164601959055,60114.03989271214,71848.97766810609
2013-08-20,20599.529665282695,26750.160549146356,18849.29300550581,20599.529665282695,-115161.78695385635,-31353.7129864553,-5716.146441365476,-32031.82254801446,-91033.22866424778,-30579.8907834508,1402.0576016560663,1402.0576016560663,1402.0576016560663,1402.0576016560663,71897.30606900947,53726.49300286244,60162.368293615524,71897.30606900947
2013-08-21,20599.529665282695,26750.160549146356,18849.29300550581,20599.529665282695,-115161.78695385635,-31353.7129864553,-5716.146441365476,-32031.82254801446,-91033.22866424778,-30579.8907834508,1402.0576016560663,1402.0576016560663,1402.0576016560663,1402.0576016560663,71793.7047836436,53622.89171749656,60058.76700824965,71793.7047836436
2013-08-22,20599.529665282695,26750.160549146356,18849.29300550581,20599.529665282695,-115161.78695385635,-31353.7129864553,-5716.146441365476,-32031.82254801446,-91033.22866424778,-30579.8907834508,1402.0576016560663,1402.0576016560663,1402.0576016560663,1402.0576016560663,71652.6172095649,53481.80414341786,59917.67943417095,71652.6172095649
2013-08-23,20599.529665282695,26750.160549146356,18849.29300550581,20599.529665282695,-115161.78695385635,-31353.7129864553,-5716.146441365476,-32031.82254801446,-91033.22866424778,-30579.8907834508,1402.0576016560663,1402.0576016560663,1402.0576016560663,1402.0576016560663,71755.82261589426,53585.00954974722,60020.88484050031,71755.82261589426
2013-08-26,20599.529665282695,26750.160549146356,18849.29300550581,20599.529665282695,-115161.78695385635,-31353.7129864553,-5716.146441365476,-32031.82254801446,-91033.22866424778,-30579.8907834508,1402.0576016560663,1402.0576016560663,1402.0576016560663,1402.0576016560663,71989.29410036071,53818.48103421368,60254.356324966764,71989.29410036071
2013-08-27,20599.529665282695,26750.160549146356,18849.29300550581,20599.529665282695,-115161.78695385635,-31353.7129864553,-5716.146441365476,-32031.82254801446,-91033.22866424778,-30579.8907834508,1402.0576016560663,1402.0576016560663,1402.0576016560663,1402.0576016560663,71958.04895183863,53787.235885691596,60223.11117644468,71958.04895183863
2013-08-28,20599.529665282695,26750.160549146356,18849.29300550581,20599.529665282695,-115161.78695385635,-31353.7129864553,-5716.146441365476,-32031.82254801446,-91033.22866424778,-30579.8907834508,1402.0576016560663,1402.0576016560663,1402.0576016560663,1402.0576016560663,72118.22249065712,53947.409424510086,60383.28471526317,72118.22249065712
2013-08-29,20599.529665282695,26750.160549146356,18849.29300550581,20599.529665282695,-115161.78695385635,-31353.7129864553,-5716.146441365476,-32031.82254801446,-91033.22866424778,-30579.8907834508,1402.0576016560663,1402.0576016560663,1402.0576016560663,1402.0576016560663,72230.92220400833,54060.10913786129,60495.98442861438,72230.92220400833
2013-08-30,20599.529665282695,26750.160549146356,18849.29300550581,20599.529665282695,-115161.78695385635,-31353.7129864553,-5716.146441365476,-32031.82254801446,-91033.22866424778,-30579.8907834508,1402.0576016560663,1402.0576016560663,1402.0576016560663,1402.0576016560663,72380.76001631236,54209.94695016532,60645.82224091841,72380.76001631236
2013-09-03,20599.529665282695,26750.160549146356,18849.29300550581,20599.529665282695,-115161.78695385635,-31353.7129864553,-5716.146441365476,-32031.82254801446,-91033.22866424778,-30579.8907834508,1402.0576016560663,1402.0576016560663,1402.0576016560663,1402.0576016560663,72821.35728792218,54650.54422177514,61086.41951252823,72821.35728792218
2013-09-04,20599.529665282695,26750.160549146356,18849.29300550581,20599.529665282695,-115161.78695385635,-31353.7129864553,-5716.146441365476,-32031.82254801446,-91033.22866424778,-30579.8907834508,1402.0576016560663,1402.0576016560663,1402.0576016560663,1402.0576016560663,72843.49883088074,54672.6857647337,61108.56105548679,72843.49883088074
2013-09-05,20599.529665282695,26750.160549146356,18849.29300550581,20599.529665282695,-115161.78695385635,-31353.7129864553,-5716.146441365476,-32031.82254801446,-91033.22866424778,-30579.8907834508,1402.0576016560663,1402.0576016560663,1402.0576016560663,1402.0576016560663,72926.88153475872,54756.06846861169,61191.943759364774,72926.88153475872
2013-09-06,20599.529665282695,26750.160549146356,18849.29300550581,20599.529665282695,-115161.78695385635,-31353.7129864553,-5716.146441365476,-32031.82254801446,-91033.22866424778,-30579.8907834508,1402.0576016560663,1402.0576016560663,1402.0576016560663,1402.0576016560663,73007.93485761154,54837.12179146451,61272.9970822176,73007.93485761154
2013-09-09,20599.529665282695,26750.160549146356,18849.29300550581,20599.529665282695,-115161.78695385635,-31353.7129864553,-5716.146441365476,-32031.82254801446,-91033.22866424778,-30579.8907834508,1402.0576016560663,1402.0576016560663,1402.0576016560663,1402.0576016560663,73245.93930066517,55075.12623451813,61511.00152527122,73245.93930066517
2013-09-10,20599.529665282695,26750.160549146356,18849.29300550581,20599.529665282695,-115161.78695385635,-31353.7129864553,-5716.146441365476,-32031.82254801446,-91033.22866424778,-30579.8907834508,1402.0576016560663,1402.0576016560663,1402.0576016560663,1402.0576016560663,73388.59163891268,55217.778572765645,61653.65386351873,73388.59163891268
2013-09-11,20599.529665282695,26750.160549146356,18849.29300550581,20599.529665282695,-115161.78695385635,-31353.7129864553,-5716.146441365476,-32031.82254801446,-91033.22866424778,-30579.8907834508,1402.0576016560663,1402.0576016560663,1402.0576016560663,1402.0576016560663,73489.73796065012,55318.924894503085,61754.80018525617,73489.73796065012
2013-09-12,20599.529665282695,26750.160549146356,18849.29300550581,20599.529665282695,-115161.78695385635,-31353.7129864553,-5716.146441365476,-32031.82254801446,-91033.22866424778,-30579.8907834508,1402.0576016560663,1402.0576016560663,1402.0576016560663,1402.0576016560663,73578.17583534936,55407.36276920233,61843.238059955416,73578.17583534936
2013-09-13,20599.529665282695,26750.160549146356,18849.29300550581,20599.529665282695,-115161.78695385635,-31353.7129864553,-5716.146441365476,-32031.82254801446,-91033.22866424778,-30579.8907834508,1402.0576016560663,1402.0576016560663,1402.0576016560663,1402.0576016560663,73675.33694795123,55504.5238818042,61940.399172557285,73675.33694795123
2013-09-16,20599.529665282695,26750.160549146356,18849.29300550581,20599.529665282695,-115161.78695385635,-31353.7129864553,-5716.146441365476,-32031.82254801446,-91033.22866424778,-30579.8907834508,1402.0576016560663,1402.0576016560663,1402.0576016560663,1402.0576016560663,74125.47129262984,55954.6582264828,62390.53351723589,74125.47129262984
2013-09-17,20599.529665282695,26750.160549146356,18849.29300550581,20599.529665282695,-115161.78695385635,-31353.7129864553,-5716.146441365476,-32031.82254801446,-91033.22866424778,-30579.8907834508,1402.0576016560663,1402.0576016560663,1402.0576016560663,1402.0576016560663,74422.35245915432,56251.53939300729,62687.41468376038,74422.35245915432
2013-09-18,20599.529665282695,26750.160549146356,18849.29300550581,20599.529665282695,-115161.78695385635,-31353.7129864553,-5716.146441365476,-32031.82254801446,-91033.22866424778,-30579.8907834508,1402.0576016560663,1402.0576016560663,1402.0576016560663,1402.0576016560663,74562.27873326303,56391.46566711599,62827.34095786908,74562.27873326303
2013-09-19,20599.529665282695,26750.160549146356,18849.29300550581,20599.529665282695,-115161.78695385635,-31353.7129864553,-5716.146441365476,-32031.82254801446,-91033.22866424778,-30579.8907834508,1402.0576016560663,1402.0576016560663,1402.0576016560663,1402.0576016560663,74430.53805407067,56259.72498792363,62695.60027867672,74430.53805407067
2013-09-20,20599.529665282695,26750.160549146356,18849.29300550581,20599.529665282695,-115161.78695385635,-31353.7129864553,-5716.146441365476,-32031.82254801446,-91033.22866424778,-30579.8907834508,1402.0576016560663,1402.0576016560663,1402.0576016560663,1402.0576016560663,75051.08860189561,56880.27553574857,63316.15082650166,75051.08860189561
2013-09-23,20599.529665282695,26750.160549146356,18849.29300550581,20599.529665282695,-115161.78695385635,-31353.7129864553,-5716.146441365476,-32031.82254801446,-91033.22866424778,-30579.8907834508,1402.0576016560663,1402.0576016560663,1402.0576016560663,1402.0576016560663,75073.05054520164,56902.2374790546,63338.11276980769,75073.05054520164
2013-09-24,20599.529665282695,26750.160549146356,18849.29300550581,20599.529665282695,-115161.78695385635,-31353.7129864553,-5716.146441365476,-32031.82254801446,-91033.22866424778,-30579.8907834508,1402.0576016560663,1402.0576016560663,1402.0576016560663,1402.0576016560663,75055.9278209845,56885.11475483747,63320.99004559056,75055.9278209845
2013-09-25,20599.529665282695,26750.160549146356,18849.29300550581,20599.529665282695,-115161.78695385635,-31353.7129864553,-5716.146441365476,-32031.82254801446,-91033.22866424778,-30579.8907834508,1402.0576016560663,1402.0576016560663,1402.0576016560663,1402.0576016560663,75088.57116240845,56917.758096261416,63353.6333870145,75088.57116240845
2013-09-26,20599.529665282695,26750.160549146356,18849.29300550581,20599.529665282695,-115161.78695385635,-31353.7129864553,-5716.146441365476,-32031.82254801446,-91033.22866424778,-30579.8907834508,1402.0576016560663,1402.0576016560663,1402.0576016560663,1402.0576016560663,75118.46703663841,56947.653970491374,63383.52926124446,75118.46703663841
2013-09-27,20599.529665282695,26750.160549146356,18849.29300550581,20599.529665282695,-115161.78695385635,-31353.7129864553,-5716.146441365476,-32031.82254801446,-91033.22866424778,-30579.8907834508,1402.0576016560663,1402.0576016560663,1402.0576016560663,1402.0576016560663,75046.1288709864,56875.31580483937,63311.191095592454,75046.1288709864
2013-09-30,20599.529665282695,26750.160549146356,18849.29300550581,20599.529665282695,-115161.78695385635,-31353.7129864553,-5716.146441365476,-32031.82254801446,-91033.22866424778,-30579.8907834508,1402.0576016560663,1402.0576016560663,1402.0576016560663,1402.0576016560663,75081.62841679808,56910.81535065104,63346.69064140413,75081.62841679808
2013-10-01,20599.529665282695,26750.160549146356,18849.29300550581,20599.529665282695,-115161.78695385635,-31353.7129864553,-5716.146441365476,-32031.82254801446,-91033.22866424778,-30579.8907834508,1402.0576016560663,1402.0576016560663,1402.0576016560663,1402.0576016560663,75079.71255787462,56908.899491727585,63344.77478248067,75079.71255787462
2013-10-02,20599.529665282695,26750.160549146356,18849.29300550581,20599.529665282695,-115161.78695385635,-31353.7129864553,-5716.146441365476,-32031.82254801446,-91033.22866424778,-30579.8907834508,1402.0576016560663,1402.0576016560663,1402.0576016560663,1402.0576016560663,75069.10847144108,56898.29540529405,63334.170696047135,75069.10847144108
2013-10-03,20599.529665282695,26750.160549146356,18849.29300550581,20599.529665282695,-115161.78695385635,-31353.7129864553,-5716.146441365476,-32031.82254801446,-91033.22866424778,-30579.8907834508,1402.0576016560663,1402.0576016560663,1402.0576016560663,1402.0576016560663,75128.8657541268,56958.05268797977,63393.927978732856,75128.8657541268
2013-10-04,20599.529665282695,26750.160549146356,18849.29300550581,20599.529665282695,-115161.78695385635,-31353.7129864553,-5716.146441365476,-32031.82254801446,-91033.22866424778,-30579.8907834508,1402.0576016560663,1402.0576016560663,1402.0576016560663,1402.0576016560663,75111.77792681265,56940.96486066561,63376.8401514187,75111.77792681265
2013-10-07,20599.529665282695,26750.160549146356,18849.29300550581,20599.529665282695,-115161.78695385635,-31353.7129864553,-5716.146441365476,-32031.82254801446,-91033.22866424778,-30579.8907834508,1402.0576016560663,1402.0576016560663,1402.0576016560663,1402.0576016560663,75157.35368825868,56986.54062211164,63422.41591286473,75157.35368825868
2013-10-08,20599.529665282695,26750.160549146356,18849.29300550581,20599.529665282695,-115161.78695385635,-31353.7129864553,-5716.146441365476,-32031.82254801446,-91033.22866424778,-30579.8907834508,1402.0576016560663,1402.0576016560663,1402.0576016560663,1402.0576016560663,75084.36646142951,56913.55339528248,63349.428686035564,75084.36646142951
2013-10-09,20599.529665282695,26750.160549146356,18849.29300550581,20599.529665282695,-115161.78695385635,-31353.7129864553,-5716.146441365476,-32031.82254801446,-91033.22866424778,-30579.8907834508,1402.0576016560663,1402.0576016560663,1402.0576016560663,1402.0576016560663,75119.04158864333,56948.2285224963,63384.103813249385,75119.04158864333
2013-10-10,20599.529665282695,26750.160549146356,18849.29300550581,20599.529665282695,-115161.78695385635,-31353.7129864553,-5716.146441365476,-32031.82254801446,-91033.22866424778,-30579.8907834508,1402.0576016560663,1402.0576016560663,1402.0576016560663,1402.0576016560663,75111.09916251642,56940.28609636938,63376.16138712247,75111.09916251642
2013-10-11,20599.529665282695,26750.160549146356,18849.29300550581,20599.529665282695,-115161.78695385635,-31353.7129864553,-5716.146441365476,-32031.82254801446,-91033.22866424778,-30579.8907834508,1402.0576016560663,1402.0576016560663,1402.0576016560663,1402.0576016560663,75231.67990358011,57060.866837433074,63496.74212818616,75231.67990358011
2013-10-14,20599.529665282695,26750.160549146356,18849.29300550581,20599.529665282695,-115161.78695385635,-31353.7129864553,-5716.146441365476,-32031.82254801446,-91033.22866424778,-30579.8907834508,1402.0576016560663,1402.0576016560663,1402.0576016560663,1402.0576016560663,75260.49176738714,57089.678701240104,63525.55399199319,75260.49176738714
2013-10-15,20599.529665282695,26750.160549146356,18849.29300550581,20599.529665282695,-115161.78695385635,-31353.7129864553,-5716.146441365476,-32031.82254801446,-91033.22866424778,-30579.8907834508,1402.0576016560663,1402.0576016560663,1402.0576016560663,1402.0576016560663,75168.47689041751,56997.66382427048,63433.53911502357,75168.47689041751
2013-10-16,20599.529665282695,26750.160549146356,18849.29300550581,20599.529665282695,-115161.78695385635,-31353.7129864553,-5716.146441365476,-32031.82254801446,-91033.22866424778,-30579.8907834508,1402.0576016560663,1402.0576016560663,1402.0576016560663,1402.0576016560663,75241.60664593172,57070.79357978469,63506.668870537775,75241.60664593172
2013-10-17,20599.529665282695,26750.160549146356,18849.29300550581,20599.529665282695,-115161.78695385635,-31353.7129864553,-5716.146441365476,-32031.82254801446,-91033.22866424778,-30579.8907834508,1402.0576016560663,1402.0576016560663,1402.0576016560663,1402.0576016560663,75005.60008792253,56834.7870217755,63270.662312528584,75005.60008792253
2013-10-18,20599.529665282695,26750.160549146356,18849.29300550581,20599.529665282695,-115161.78695385635,-31353.7129864553,-5716.146441365476,-32031.82254801446,-91033.22866424778,-30579.8907834508,1402.0576016560663,1402.0576016560663,1402.0576016560663,1402.0576016560663,74746.13716305862,56575.32409691159,63011.199387664674,74746.13716305862
2013-10-21,20599.529665282695,26750.160549146356,18849.29300550581,20599.529665282695,-115161.78695385635,-31353.7129864553,-5716.146441365476,-32031.82254801446,-91033.22866424778,-30579.8907834508,1402.0576016560663,1402.0576016560663,1402.0576016560663,1402.0576016560663,74820.2351121786,56649.42204603157,63085.29733678466,74820.2351121786
2013-10-22,20599.529665282695,26750.160549146356,18849.29300550581,20599.529665282695,-115161.78695385635,-31353.7129864553,-5716.146441365476,-32031.82254801446,-91033.22866424778,-30579.8907834508,1402.0576016560663,1402.0576016560663,1402.0576016560663,1402.0576016560663,74863.89400862646,56693.08094247943,63128.956233232515,74863.89400862646
2013-10-23,20599.529665282695,26750.160549146356,18849.29300550581,20599.529665282695,-115161.78695385635,-31353.7129864553,-5716.146441365476,-32031.82254801446,-91033.22866424778,-30579.8907834508,1402.0576016560663,1402.0576016560663,1402.0576016560663,1402.0576016560663,74843.99283623137,56673.17977008433,63109.05506083742,74843.99283623137
2013-10-24,20599.529665282695,26750.160549146356,18849.29300550581,20599.529665282695,-115161.78695385635,-31353.7129864553,-5716.146441365476,-32031.82254801446,-91033.22866424778,-30579.8907834508,1402.0576016560663,1402.0576016560663,1402.0576016560663,1402.0576016560663,74929.58130905218,56758.76824290515,63194.643533658236,74929.58130905218
2013-10-25,20599.529665282695,26750.160549146356,18849.29300550581,20599.529665282695,-115161.78695385635,-31353.7129864553,-5716.146441365476,-32031.82254801446,-91033.22866424778,-30579.8907834508,1402.0576016560663,1402.0576016560663,1402.0576016560663,1402.0576016560663,74890.74267101008,56719.92960486305,63155.80489561614,74890.74267101008
2013-10-28,20599.529665282695,26750.160549146356,18849.29300550581,20599.529665282695,-115161.78695385635,-31353.7129864553,-5716.146441365476,-32031.82254801446,-91033.22866424778,-30579.8907834508,1402.0576016560663,1402.0576016560663,1402.0576016560663,1402.0576016560663,75019.11882079928,56848.30575465225,63284.181045405334,75019.11882079928
2013-10-29,20599.529665282695,26750.160549146356,18849.29300550581,20599.529665282695,-115161.78695385635,-31353.7129864553,-5716.146441365476,-32031.82254801446,-91033.22866424778,-30579.8907834508,1402.0576016560663,1402.0576016560663,1402.0576016560663,1402.0576016560663,75125.19710989064,56954.3840437436,63390.25933449669,75125.19710989064
2013-10-30,20599.529665282695,26750.160549146356,18849.29300550581,20599.529665282695,-115161.78695385635,-31353.7129864553,-5716.146441365476,-32031.82254801446,-91033.22866424778,-30579.8907834508,1402.0576016560663,1402.0576016560663,1402.0576016560663,1402.0576016560663,75230.9693430413,57060.15627689427,63496.031567647355,75230.9693430413
2013-10-31,20599.529665282695,26750.160549146356,18849.29300550581,20599.529665282695,-115161.78695385635,-31353.7129864553,-5716.146441365476,-32031.82254801446,-91033.22866424778,-30579.8907834508,1402.0576016560663,1402.0576016560663,1402.0576016560663,1402.0576016560663,75225.44430831214,57054.63124216511,63490.506532918196,75225.44430831214
2013-11-01,20599.529665282695,26750.160549146356,18849.29300550581,20599.529665282695,-115161.78695385635,-31353.7129864553,-5716.146441365476,-32031.82254801446,-91033.22866424778,-30579.8907834508,1402.0576016560663,1402.0576016560663,1402.0576016560663,1402.0576016560663,75257.25690552802,57086.44383938098,63522.31913013407,75257.25690552802
2013-11-04,20599.529665282695,26750.160549146356,18849.29300550581,20599.529665282695,-115161.78695385635,-31353.7129864553,-5716.146441365476,-32031.82254801446,-91033.22866424778,-30579.8907834508,1402.0576016560663,1402.0576016560663,1402.0576016560663,1402.0576016560663,75214.52030570013,57043.7072395531,63479.58253030619,75214.52030570013
2013-11-05,20599.529665282695,26750.160549146356,18849.29300550581,20599.529665282695,-115161.78695385635,-31353.7129864553,-5716.146441365476,-32031.82254801446,-91033.22866424778,-30579.8907834508,1402.0576016560663,1402.0576016560663,1402.0576016560663,1402.0576016560663,75239.23108189157,57068.41801574454,63504.293306497624,75239.23108189157
2013-11-06,20599.529665282695,26750.160549146356,18849.29300550581,20599.529665282695,-115161.78695385635,-31353.7129864553,-5716.146441365476,-32031.82254801446,-91033.22866424778,-30579.8907834508,1402.0576016560663,1402.0576016560663,1402.0576016560663,1402.0576016560663,75256.0104222456,57085.197356098564,63521.07264685165,75256.0104222456
2013-11-07,20599.529665282695,26750.160549146356,18849.29300550581,20599.529665282695,-115161.78695385635,-31353.7129864553,-5716.146441365476,-32031.82254801446,-91033.22866424778,-30579.8907834508,1402.0576016560663,1402.0576016560663,1402.0576016560663,1402.0576016560663,75382.87465011538,57212.061583968345,63647.93687472143,75382.87465011538
2013-11-08,20599.529665282695,26750.160549146356,18849.29300550581,20599.529665282695,-115161.78695385635,-31353.7129864553,-5716.146441365476,-32031.82254801446,-91033.22866424778,-30579.8907834508,1402.0576016560663,1402.0576016560663,1402.0576016560663,1402.0576016560663,75317.42326775636,57146.61020160932,63582.48549236241,75317.42326775636
2013-11-11,20599.529665282695,26750.160549146356,18849.29300550581,20599.529665282695,-115161.78695385635,-31353.7129864553,-5716.146441365476,-32031.82254801446,-91033.22866424778,-30579.8907834508,1402.0576016560663,1402.0576016560663,1402.0576016560663,1402.0576016560663,75664.31596414815,57493.50289800111,63929.3781887542,75664.31596414815
2013-11-12,20599.529665282695,26750.160549146356,18849.29300550581,20599.529665282695,-115161.78695385635,-31353.7129864553,-5716.146441365476,-32031.82254801446,-91033.22866424778,-30579.8907834508,1402.0576016560663,1402.0576016560663,1402.0576016560663,1402.0576016560663,75917.78914765222,57746.976081505185,64182.85137225827,75917.78914765222
2013-11-13,20599.529665282695,26750.160549146356,18849.29300550581,20599.529665282695,-115161.78695385635,-31353.7129864553,-5716.146441365476,-32031.82254801446,-91033.22866424778,-30579.8907834508,1402.0576016560663,1402.0576016560663,1402.0576016560663,1402.0576016560663,75733.22042329772,57562.40735715069,63998.282647903776,75733.22042329772
2013-11-14,20599.529665282695,26750.160549146356,18849.29300550581,20599.529665282695,-115161.78695385635,-31353.7129864553,-5716.146441365476,-32031.82254801446,-91033.22866424778,-30579.8907834508,1402.0576016560663,1402.0576016560663,1402.0576016560663,1402.0576016560663,75341.25627603522,57170.44320988818,63606.31850064127,75341.25627603522
2013-11-15,20599.529665282695,26750.160549146356,18849.29300550581,20599.529665282695,-115161.78695385635,-31353.7129864553,-5716.146441365476,-32031.82254801446,-91033.22866424778,-30579.8907834508,1402.0576016560663,1402.0576016560663,1402.0576016560663,1402.0576016560663,75201.10355759342,57030.29049144639,63466.165782199474,75201.10355759342
2013-11-18,20599.529665282695,26750.160549146356,18849.29300550581,20599.529665282695,-115161.78695385635,-31353.7129864553,-5716.146441365476,-32031.82254801446,-91033.22866424778,-30579.8907834508,1402.0576016560663,1402.0576016560663,1402.0576016560663,1402.0576016560663,75281.04459746904,57110.231531322,63546.10682207509,75281.04459746904
2013-11-19,20599.529665282695,26750.160549146356,18849.29300550581,20599.529665282695,-115161.78695385635,-31353.7129864553,-5716.146441365476,-32031.82254801446,-91033.22866424778,-30579.8907834508,1402.0576016560663,1402.0576016560663,1402.0576016560663,1402.0576016560663,75194.53888293845,57023.72581679141,63459.6011075445,75194.53888293845
2013-11-20,20599.529665282695,26750.160549146356,18849.29300550581,20599.529665282695,-115161.78695385635,-31353.7129864553,-5716.146441365476,-32031.82254801446,-91033.22866424778,-30579.8907834508,1402.0576016560663,1402.0576016560663,1402.0576016560663,1402.0576016560663,75040.08516815538,56869.27210200834,63305.14739276143,75040.08516815538
2013-11-21,20599.529665282695,26750.160549146356,18849.29300550581,20599.529665282695,-115161.78695385635,-31353.7129864553,-5716.146441365476,-32031.82254801446,-91033.22866424778,-30579.8907834508,1402.0576016560663,1402.0576016560663,1402.0576016560663,1402.0576016560663,75135.85311564733,56965.0400495003,63400.915340253385,75135.85311564733
2013-11-22,20599.529665282695,26750.160549146356,18849.29300550581,20599.529665282695,-115161.78695385635,-31353.7129864553,-5716.146441365476,-32031.82254801446,-91033.22866424778,-30579.8907834508,1402.0576016560663,1402.0576016560663,1402.0576016560663,1402.0576016560663,74437.39706677618,56266.58400062914,62702.45929138223,74437.39706677618
2013-11-25,20599.529665282695,26750.160549146356,18849.29300550581,20599.529665282695,-115161.78695385635,-31353.7129864553,-5716.146441365476,-32031.82254801446,-91033.22866424778,-30579.8907834508,1402.0576016560663,1402.0576016560663,1402.0576016560663,1402.0576016560663,74130.88579812553,55960.07273197849,62395.94802273158,74130.88579812553
2013-11-26,20599.529665282695,26750.160549146356,18849.29300550581,20599.529665282695,-115161.78695385635,-31353.7129864553,-5716.146441365476,-32031.82254801446,-91033.22866424778,-30579.8907834508,1402.0576016560663,1402.0576016560663,1402.0576016560663,1402.0576016560663,74401.4764508598,56230.66338471277,62666.538675465854,74401.4764508598
2013-11-27,20599.529665282695,26750.160549146356,18849.29300550581,20599.529665282695,-115161.78695385635,-31353.7129864553,-5716.146441365476,-32031.82254801446,-91033.22866424778,-30579.8907834508,1402.0576016560663,1402.0576016560663,1402.0576016560663,1402.0576016560663,74336.3800414051,56165.56697525806,62601.442266011145,74336.3800414051
2013-11-29,20599.529665282695,26750.160549146356,18849.29300550581,20599.529665282695,-115161.78695385635,-31353.7129864553,-5716.146441365476,-32031.82254801446,-91033.22866424778,-30579.8907834508,1402.0576016560663,1402.0576016560663,1402.0576016560663,1402.0576016560663,74386.91995203588,56216.10688588885,62651.98217664193,74386.91995203588
2013-12-02,20599.529665282695,26750.160549146356,18849.29300550581,20599.529665282695,-115161.78695385635,-31353.7129864553,-5716.146441365476,-32031.82254801446,-91033.22866424778,-30579.8907834508,1402.0576016560663,1402.0576016560663,1402.0576016560663,1402.0576016560663,74115.66701479792,55944.85394865088,62380.72923940397,74115.66701479792
2013-12-03,20599.529665282695,26750.160549146356,18849.29300550581,20599.529665282695,-115161.78695385635,-31353.7129864553,-5716.146441365476,-32031.82254801446,-91033.22866424778,-30579.8907834508,1402.0576016560663,1402.0576016560663,1402.0576016560663,1402.0576016560663,74324.2258505465,56153.412784399465,62589.28807515255,74324.2258505465
2013-12-04,20599.529665282695,26750.160549146356,18849.29300550581,20599.529665282695,-115161.78695385635,-31353.7129864553,-5716.146441365476,-32031.82254801446,-91033.22866424778,-30579.8907834508,1402.0576016560663,1402.0576016560663,1402.0576016560663,1402.0576016560663,74588.49285105662,56417.67978490959,62853.555075662676,74588.49285105662
2013-12-05,20599.529665282695,26750.160549146356,18849.29300550581,20599.529665282695,-115161.78695385635,-31353.7129864553,-5716.146441365476,-32031.82254801446,-91033.22866424778,-30579.8907834508,1402.0576016560663,1402.0576016560663,1402.0576016560663,1402.0576016560663,74655.34838971915,56484.53532357211,62920.4106143252,74655.34838971915
2013-12-06,20599.529665282695,26750.160549146356,18849.29300550581,20599.529665282695,-115161.78695385635,-31353.7129864553,-5716.146441365476,-32031.82254801446,-91033.22866424778,-30579.8907834508,1402.0576016560663,1402.0576016560663,1402.0576016560663,1402.0576016560663,74861.04711162299,56690.234045475954,63126.10933622904,74861.04711162299
2013-12-09,20599.529665282695,26750.160549146356,18849.29300550581,20599.529665282695,-115161.78695385635,-31353.7129864553,-5716.146441365476,-32031.82254801446,-91033.22866424778,-30579.8907834508,1402.0576016560663,1402.0576016560663,1402.0576016560663,1402.0576016560663,75089.60612018942,56918.793054042384,63354.66834479547,75089.60612018942
2013-12-10,20599.529665282695,26750.160549146356,18849.29300550581,20599.529665282695,-115161.78695385635,-31353.7129864553,-5716.146441365476,-32031.82254801446,-91033.22866424778,-30579.8907834508,1402.0576016560663,1402.0576016560663,1402.0576016560663,1402.0576016560663,75109.44570226036,56938.632636113325,63374.50792686641,75109.44570226036
2013-12-11,20599.529665282695,26750.160549146356,18849.29300550581,20599.529665282695,-115161.78695385635,-31353.7129864553,-5716.146441365476,-32031.82254801446,-91033.22866424778,-30579.8907834508,1402.0576016560663,1402.0576016560663,1402.0576016560663,1402.0576016560663,75144.25925085042,56973.44618470338,63409.32147545647,75144.25925085042
2013-12-12,20599.529665282695,26750.160549146356,18849.29300550581,20599.529665282695,-115161.78695385635,-31353.7129864553,-5716.146441365476,-32031.82254801446,-91033.22866424778,-30579.8907834508,1402.0576016560663,1402.0576016560663,1402.0576016560663,1402.0576016560663,75046.46909164498,56875.65602549794,63311.53131625103,75046.46909164498
2013-12-13,20599.529665282695,26750.160549146356,18849.29300550581,20599.529665282695,-115161.78695385635,-31353.7129864553,-5716.146441365476,-32031.82254801446,-91033.22866424778,-30579.8907834508,1402.0576016560663,1402.0576016560663,1402.0576016560663,1402.0576016560663,75173.2076403019,57002.39457415487,63438.269864907954,75173.2076403019
2013-12-16,20599.529665282695,26750.160549146356,18849.29300550581,20599.529665282695,-115161.78695385635,-31353.7129864553,-5716.146441365476,-32031.82254801446,-91033.22866424778,-30579.8907834508,1402.0576016560663,1402.0576016560663,1402.0576016560663,1402.0576016560663,75190.64812489669,57019.83505874965,63455.71034950274,75190.64812489669
2013-12-17,20599.529665282695,26750.160549146356,18849.29300550581,20599.529665282695,-115161.78695385635,-31353.7129864553,-5716.146441365476,-32031.82254801446,-91033.22866424778,-30579.8907834508,1402.0576016560663,1402.0576016560663,1402.0576016560663,1402.0576016560663,75363.81988300406,57193.00681685703,63628.882107610116,75363.81988300406
2013-12-18,20599.529665282695,26750.160549146356,18849.29300550581,20599.529665282695,-115161.78695385635,-31353.7129864553,-5716.146441365476,-32031.82254801446,-91033.22866424778,-30579.8907834508,1402.0576016560663,1402.0576016560663,1402.0576016560663,1402.0576016560663,75545.23239853978,57374.41933239275,63810.29462314583,75545.23239853978
2013-12-19,20599.529665282695,26750.160549146356,18849.29300550581,20599.529665282695,-115161.78695385635,-31353.7129864553,-5716.146441365476,-32031.82254801446,-91033.22866424778,-30579.8907834508,1402.0576016560663,1402.0576016560663,1402.0576016560663,1402.0576016560663,75421.78005779185,57250.96699164482,63686.842282397905,75421.78005779185
2013-12-20,20599.529665282695,26750.160549146356,18849.29300550581,20599.529665282695,-115161.78695385635,-31353.7129864553,-5716.146441365476,-32031.82254801446,-91033.22866424778,-30579.8907834508,1402.0576016560663,1402.0576016560663,1402.0576016560663,1402.0576016560663,75265.11412283289,57094.30105668586,63530.176347438945,75265.11412283289
2013-12-23,20599.529665282695,26750.160549146356,18849.29300550581,20599.529665282695,-115161.78695385635,-31353.7129864553,-5716.146441365476,-32031.82254801446,-91033.22866424778,-30579.8907834508,1402.0576016560663,1402.0576016560663,1402.0576016560663,1402.0576016560663,75265.11412283289,57094.30105668586,63530.176347438945,75265.11412283289
2013-12-24,20599.529665282695,26750.160549146356,18849.29300550581,20599.529665282695,-115161.78695385635,-31353.7129864553,-5716.146441365476,-32031.82254801446,-91033.22866424778,-30579.8907834508,1402.0576016560663,1402.0576016560663,1402.0576016560663,1402.0576016560663,75265.11412283289,57094.30105668586,63530.176347438945,75265.11412283289
2013-12-26,20599.529665282695,26750.160549146356,18849.29300550581,20599.529665282695,-115161.78695385635,-31353.7129864553,-5716.146441365476,-32031.82254801446,-91033.22866424778,-30579.8907834508,1402.0576016560663,1402.0576016560663,1402.0576016560663,1402.0576016560663,75265.11412283289,57094.30105668586,63530.176347438945,75265.11412283289
2013-12-27,20599.529665282695,26750.160549146356,18849.29300550581,20599.529665282695,-115161.78695385635,-31353.7129864553,-5716.146441365476,-32031.82254801446,-91033.22866424778,-30579.8907834508,1402.0576016560663,1402.0576016560663,1402.0576016560663,1402.0576016560663,75265.11412283289,57094.30105668586,63530.176347438945,75265.11412283289
2013-12-30,20599.529665282695,26750.160549146356,18849.29300550581,20599.529665282695,-115161.78695385635,-31353.7129864553,-5716.146441365476,-32031.82254801446,-91033.22866424778,-30579.8907834508,1402.0576016560663,1402.0576016560663,1402.0576016560663,1402.0576016560663,75265.11412283289,57094.30105668586,63530.176347438945,75265.11412283289
2013-12-31,20599.529665282695,26750.160549146356,18849.29300550581,20599.529665282695,-115161.78695385635,-31353.7129864553,-5716.146441365476,-32031.82254801446,-91033.22866424778,-30579.8907834508,1402.0576016560663,1402.0576016560663,1402.0576016560663,1402.0576016560663,75265.11412283289,57094.30105668586,63530.176347438945,75265.11412283289
2014-01-02,20599.529665282695,26750.160549146356,18849.29300550581,20599.529665282695,-115161.78695385635,-31353.7129864553,-5716.146441365476,-32031.82254801446,-91033.22866424778,-30579.8907834508,1402.0576016560663,1402.0576016560663,1402.0576016560663,1402.0576016560663,75265.11412283289,57094.30105668586,63530.176347438945,75265.11412283289
2014-01-03,20599.529665282695,26750.160549146356,18849.29300550581,20599.529665282695,-115161.78695385635,-31353.7129864553,-5716.146441365476,-32031.82254801446,-91033.22866424778,-30579.8907834508,1402.0576016560663,1402.0576016560663,1402.0576016560663,1402.0576016560663,75265.11412283289,57094.30105668586,63530.176347438945,75265.11412283289
2014-01-06,20599.529665282695,26750.160549146356,18849.29300550581,20599.529665282695,-115161.78695385635,-31353.7129864553,-5716.146441365476,-32031.82254801446,-91033.22866424778,-30579.8907834508,1402.0576016560663,1402.0576016560663,1402.0576016560663,1402.0576016560663,75265.11412283289,57094.30105668586,63530.176347438945,75265.11412283289
2014-01-07,20599.529665282695,26750.160549146356,18849.29300550581,20599.529665282695,-115161.78695385635,-31353.7129864553,-5716.146441365476,-32031.82254801446,-91033.22866424778,-30579.8907834508,1402.0576016560663,1402.0576016560663,1402.0576016560663,1402.0576016560663,75265.11412283289,57094.30105668586,63530.176347438945,75265.11412283289
2014-01-08,20599.529665282695,26750.160549146356,18849.29300550581,20599.529665282695,-115161.78695385635,-31353.7129864553,-5716.146441365476,-32031.82254801446,-91033.22866424778,-30579.8907834508,1402.0576016560663,1402.0576016560663,1402.0576016560663,1402.0576016560663,75265.11412283289,57094.30105668586,63530.176347438945,75265.11412283289
2014-01-09,20599.529665282695,26750.160549146356,18849.29300550581,20599.529665282695,-115161.78695385635,-31353.7129864553,-5716.146441365476,-32031.82254801446,-91033.22866424778,-30579.8907834508,1402.0576016560663,1402.0576016560663,1402.0576016560663,1402.0576016560663,75265.11412283289,57094.30105668586,63530.176347438945,75265.11412283289
2014-01-10,20599.529665282695,26750.160549146356,18849.29300550581,20599.529665282695,-115161.78695385635,-31353.7129864553,-5716.146441365476,-32031.82254801446,-91033.22866424778,-30579.8907834508,1402.0576016560663,1402.0576016560663,1402.0576016560663,1402.0576016560663,75265.11412283289,57094.30105668586,63530.176347438945,75265.11412283289
2014-01-13,20599.529665282695,26750.160549146356,18849.29300550581,20599.529665282695,-115161.78695385635,-31353.7129864553,-5716.146441365476,-32031.82254801446,-91033.22866424778,-30579.8907834508,1402.0576016560663,1402.0576016560663,1402.0576016560663,1402.0576016560663,75265.11412283289,57094.30105668586,63530.176347438945,75265.11412283289
2014-01-14,20599.529665282695,26750.160549146356,18849.29300550581,20599.529665282695,-115161.78695385635,-31353.7129864553,-5716.146441365476,-32031.82254801446,-91033.22866424778,-30579.8907834508,1402.0576016560663,1402.0576016560663,1402.0576016560663,1402.0576016560663,75265.11412283289,57094.30105668586,63530.176347438945,75265.11412283289
2014-01-15,20599.529665282695,26750.160549146356,18849.29300550581,20599.529665282695,-115161.78695385635,-31353.7129864553,-5716.146441365476,-32031.82254801446,-91033.22866424778,-30579.8907834508,1402.0576016560663,1402.0576016560663,1402.0576016560663,1402.0576016560663,75265.11412283289,57094.30105668586,63530.176347438945,75265.11412283289
2014-01-16,20599.529665282695,26750.160549146356,18849.29300550581,20599.529665282695,-115161.78695385635,-31353.7129864553,-5716.146441365476,-32031.82254801446,-91033.22866424778,-30579.8907834508,1402.0576016560663,1402.0576016560663,1402.0576016560663,1402.0576016560663,75265.11412283289,57094.30105668586,63530.176347438945,75265.11412283289
2014-01-17,20599.529665282695,26750.160549146356,18849.29300550581,20599.529665282695,-115161.78695385635,-31353.7129864553,-5716.146441365476,-32031.82254801446,-91033.22866424778,-30579.8907834508,1402.0576016560663,1402.0576016560663,1402.0576016560663,1402.0576016560663,75265.11412283289,57094.30105668586,63530.176347438945,75265.11412283289
2014-01-21,20599.529665282695,26750.160549146356,18849.29300550581,20599.529665282695,-115161.78695385635,-31353.7129864553,-5716.146441365476,-32031.82254801446,-91033.22866424778,-30579.8907834508,-482.5382991702063,-482.5382991702063,-482.5382991702063,-482.5382991702063,75502.88224582793,57332.0691796809,63767.944470433984,75502.88224582793
2014-01-22,20599.529665282695,26750.160549146356,18849.29300550581,20599.529665282695,-115161.78695385635,-31353.7129864553,-5716.146441365476,-32031.82254801446,-91033.22866424778,-30579.8907834508,-1239.2420252105221,-1239.2420252105221,-1239.2420252105221,-1239.2420252105221,75480.16165500507,57309.34858885803,63745.22387961112,75480.16165500507
2014-01-23,20599.529665282695,26750.160549146356,18849.29300550581,20599.529665282695,-115161.78695385635,-31353.7129864553,-5716.146441365476,-32031.82254801446,-91033.22866424778,-30579.8907834508,-1297.3977281202096,-1297.3977281202096,-1297.3977281202096,-1297.3977281202096,75496.1042078503,57325.29114170326,63761.166432456346,75496.1042078503
2014-01-24,20599.529665282695,26750.160549146356,18849.29300550581,20599.529665282695,-115161.78695385635,-31353.7129864553,-5716.146441365476,-32031.82254801446,-91033.22866424778,-30579.8907834508,-2290.003438643529,-2290.003438643529,-2290.003438643529,-2290.003438643529,74455.39717542427,56284.58410927723,62720.45940003032,74455.39717542427
2014-01-27,20599.529665282695,26750.160549146356,18849.29300550581,20599.529665282695,-115161.78695385635,-31353.7129864553,-5716.146441365476,-32031.82254801446,-91033.22866424778,-30579.8907834508,-3123.555069912807,-3123.555069912807,-3123.555069912807,-3123.555069912807,74455.93395224656,56285.120886099525,62720.99617685261,74455.93395224656
2014-01-28,20599.529665282695,26750.160549146356,18849.29300550581,20599.529665282695,-115161.78695385635,-31353.7129864553,-5716.146441365476,-32031.82254801446,-91033.22866424778,-30579.8907834508,-2872.390088113956,-2872.390088113956,-2872.390088113956,-2872.390088113956,74694.78018356883,56523.967117421795,62959.84240817488,74694.78018356883
2014-01-29,20599.529665282695,26750.160549146356,18849.29300550581,20599.529665282695,-115161.78695385635,-31353.7129864553,-5716.146441365476,-32031.82254801446,-91033.22866424778,-30579.8907834508,-3133.248593337834,-3133.248593337834,-3133.248593337834,-3133.248593337834,74853.92931514,56683.11624899297,63118.99153974606,74853.92931514
2014-01-30,20599.529665282695,26750.160549146356,18849.29300550581,20599.529665282695,-115161.78695385635,-31353.7129864553,-5716.146441365476,-32031.82254801446,-91033.22866424778,-30579.8907834508,-2891.789321612916,-2891.789321612916,-2891.789321612916,-2891.789321612916,74605.43195995037,56434.61889380333,62870.49418455642,74605.43195995037
2014-01-31,20599.529665282695,26750.160549146356,18849.29300550581,20599.529665282695,-115161.78695385635,-31353.7129864553,-5716.146441365476,-32031.82254801446,-91033.22866424778,-30579.8907834508,-2845.6709720509825,-2845.6709720509825,-2845.6709720509825,-2845.6709720509825,74100.54420229513,55929.7311361481,62365.606426901184,74100.54420229513
2014-02-03,20599.529665282695,26750.160549146356,18849.29300550581,20599.529665282695,-115161.78695385635,-31353.7129864553,-5716.146441365476,-32031.82254801446,-91033.22866424778,-30579.8907834508,-3036.489224300487,-3036.489224300487,-3036.489224300487,-3036.489224300487,74188.02731065312,56017.21424450609,62453.089535259176,74188.02731065312
2014-02-04,20599.529665282695,26750.160549146356,18849.29300550581,20599.529665282695,-115161.78695385635,-31353.7129864553,-5716.146441365476,-32031.82254801446,-91033.22866424778,-30579.8907834508,-2755.2565522397636,-2755.2565522397636,-2755.2565522397636,-2755.2565522397636,74008.75431114691,55837.94124499988,62273.816535752965,74008.75431114691
2014-02-05,20599.529665282695,26750.160549146356,18849.29300550581,20599.529665282695,-115161.78695385635,-31353.7129864553,-5716.146441365476,-32031.82254801446,-91033.22866424778,-30579.8907834508,-2984.618612619932,-2984.618612619932,-2984.618612619932,-2984.618612619932,74099.45831699623,55928.64525084919,62364.52054160228,74099.45831699623
2014-02-06,20599.529665282695,26750.160549146356,18849.29300550581,20599.529665282695,-115161.78695385635,-31353.7129864553,-5716.146441365476,-32031.82254801446,-91033.22866424778,-30579.8907834508,-2858.9192972723395,-2858.9192972723395,-2858.9192972723395,-2858.9192972723395,73939.24704016652,55768.433974019485,62204.30926477257,73939.24704016652
2014-02-07,20599.529665282695,26750.160549146356,18849.29300550581,20599.529665282695,-115161.78695385635,-31353.7129864553,-5716.146441365476,-32031.82254801446,-91033.22866424778,-30579.8907834508,-2539.245598603622,-2539.245598603622,-2539.245598603622,-2539.245598603622,73893.04943309631,55722.23636694928,62158.111657702364,73893.04943309631
2014-02-10,20599.529665282695,26750.160549146356,18849.29300550581,20599.529665282695,-115161.78695385635,-31353.7129864553,-5716.146441365476,-32031.82254801446,-91033.22866424778,-30579.8907834508,-3090.8159693420166,-3090.8159693420166,-3090.8159693420166,-3090.8159693420166,74180.28426633799,56009.47120019095,62445.34649094404,74180.28426633799
2014-02-11,20599.529665282695,26750.160549146356,18849.29300550581,20599.529665282695,-115161.78695385635,-31353.7129864553,-5716.146441365476,-32031.82254801446,-91033.22866424778,-30579.8907834508,-2875.181462974171,-2875.181462974171,-2875.181462974171,-2875.181462974171,74319.04304639576,56148.229980248725,62584.10527100181,74319.04304639576
2014-02-12,20599.529665282695,26750.160549146356,18849.29300550581,20599.529665282695,-115161.78695385635,-31353.7129864553,-5716.146441365476,-32031.82254801446,-91033.22866424778,-30579.8907834508,-3016.067992003518,-3016.067992003518,-3016.067992003518,-3016.067992003518,74410.90756779979,56240.094501652755,62675.96979240584,74410.90756779979
2014-02-13,20599.529665282695,26750.160549146356,18849.29300550581,20599.529665282695,-115161.78695385635,-31353.7129864553,-5716.146441365476,-32031.82254801446,-91033.22866424778,-30579.8907834508,-2955.995773823466,-2955.995773823466,-2955.995773823466,-2955.995773823466,74499.09093986778,56328.27787372074,62764.15316447383,74499.09093986778
2014-02-14,20599.529665282695,26750.160549146356,18849.29300550581,20599.529665282695,-115161.78695385635,-31353.7129864553,-5716.146441365476,-32031.82254801446,-91033.22866424778,-30579.8907834508,-3263.7352281397907,-3263.7352281397907,-3263.7352281397907,-3263.7352281397907,74613.50196601078,56442.688899863744,62878.56419061683,74613.50196601078
2014-02-18,20599.529665282695,26750.160549146356,18849.29300550581,20599.529665282695,-115161.78695385635,-31353.7129864553,-5716.146441365476,-32031.82254801446,-91033.22866424778,-30579.8907834508,-3707.200067435042,-3707.200067435042,-3707.200067435042,-3707.200067435042,75383.25864595943,57212.445579812396,63648.32087056548,75383.25864595943
2014-02-19,20599.529665282695,26750.160549146356,18849.29300550581,20599.529665282695,-115161.78695385635,-31353.7129864553,-5716.146441365476,-32031.82254801446,-91033.22866424778,-30579.8907834508,-4047.333640197874,-4047.333640197874,-4047.333640197874,-4047.333640197874,75488.10407368792,57317.29100754089,63753.166298293974,75488.10407368792
2014-02-20,20599.529665282695,26750.160549146356,18849.29300550581,20599.529665282695,-115161.78695385635,-31353.7129864553,-5716.146441365476,-32031.82254801446,-91033.22866424778,-30579.8907834508,-3932.3369193424005,-3932.3369193424005,-3932.3369193424005,-3932.3369193424005,75777.86711238977,57607.05404624273,64042.92933699582,75777.86711238977
2014-02-21,20599.529665282695,26750.160549146356,18849.29300550581,20599.529665282695,-115161.78695385635,-31353.7129864553,-5716.146441365476,-32031.82254801446,-91033.22866424778,-30579.8907834508,-2814.2565477602184,-2814.2565477602184,-2814.2565477602184,-2814.2565477602184,75529.94137962465,57359.12831347762,63795.003604230704,75529.94137962465
2014-02-24,20599.529665282695,26750.160549146356,18849.29300550581,20599.529665282695,-115161.78695385635,-31353.7129864553,-5716.146441365476,-32031.82254801446,-91033.22866424778,-30579.8907834508,-2814.2565477602184,-2814.2565477602184,-2814.2565477602184,-2814.2565477602184,75622.28665060247,57451.47358445544,63887.348875208525,75622.28665060247
2014-02-25,20599.529665282695,26750.160549146356,18849.29300550581,20599.529665282695,-115161.78695385635,-31353.7129864553,-5716.146441365476,-32031.82254801446,-91033.22866424778,-30579.8907834508,-2814.2565477602184,-2814.2565477602184,-2814.2565477602184,-2814.2565477602184,75523.85670538503,57353.04363923799,63788.91892999108,75523.85670538503
2014-02-26,20599.529665282695,26750.160549146356,18849.29300550581,20599.529665282695,-115161.78695385635,-31353.7129864553,-5716.146441365476,-32031.82254801446,-91033.22866424778,-30579.8907834508,-2814.2565477602184,-2814.2565477602184,-2814.2565477602184,-2814.2565477602184,74938.01903702482,56767.20597087778,63203.08126163087,74938.01903702482
2014-02-27,20599.529665282695,26750.160549146356,18849.29300550581,20599.529665282695,-115161.78695385635,-31353.7129864553,-5716.146441365476,-32031.82254801446,-91033.22866424778,-30579.8907834508,-2814.2565477602184,-2814.2565477602184,-2814.2565477602184,-2814.2565477602184,74826.62443931983,56655.81137317279,63091.68666392588,74826.62443931983
2014-02-28,20599.529665282695,26750.160549146356,18849.29300550581,20599.529665282695,-115161.78695385635,-31353.7129864553,-5716.146441365476,-32031.82254801446,-91033.22866424778,-30579.8907834508,-2814.2565477602184,-2814.2565477602184,-2814.2565477602184,-2814.2565477602184,74850.50141704758,56679.68835090054,63115.56364165363,74850.50141704758
2014-03-03,20599.529665282695,26750.160549146356,18849.29300550581,20599.529665282695,-115161.78695385635,-31353.7129864553,-5716.146441365476,-32031.82254801446,-91033.22866424778,-30579.8907834508,-2814.2565477602184,-2814.2565477602184,-2814.2565477602184,-2814.2565477602184,74912.22393189394,56741.410865746904,63177.28615649999,74912.22393189394
2014-03-04,20599.529665282695,26750.160549146356,18849.29300550581,20599.529665282695,-115161.78695385635,-31353.7129864553,-5716.146441365476,-32031.82254801446,-91033.22866424778,-30579.8907834508,-2814.2565477602184,-2814.2565477602184,-2814.2565477602184,-2814.2565477602184,75300.68870632746,57129.87564018043,63565.750930933515,75300.68870632746
2014-03-05,20599.529665282695,26750.160549146356,18849.29300550581,20599.529665282695,-115161.78695385635,-31353.7129864553,-5716.146441365476,-32031.82254801446,-91033.22866424778,-30579.8907834508,-2814.2565477602184,-2814.2565477602184,-2814.2565477602184,-2814.2565477602184,75587.58164663869,57416.768580491655,63852.64387124474,75587.58164663869
2014-03-06,20599.529665282695,26750.160549146356,18849.29300550581,20599.529665282695,-115161.78695385635,-31353.7129864553,-5716.146441365476,-32031.82254801446,-91033.22866424778,-30579.8907834508,-2814.2565477602184,-2814.2565477602184,-2814.2565477602184,-2814.2565477602184,75759.05298501137,57588.23991886433,64024.11520961742,75759.05298501137
2014-03-07,20599.529665282695,26750.160549146356,18849.29300550581,20599.529665282695,-115161.78695385635,-31353.7129864553,-5716.146441365476,-32031.82254801446,-91033.22866424778,-30579.8907834508,-2814.2565477602184,-2814.2565477602184,-2814.2565477602184,-2814.2565477602184,75631.2718423102,57460.45877616317,63896.33406691626,75631.2718423102
2014-03-10,20599.529665282695,26750.160549146356,18849.29300550581,20599.529665282695,-115161.78695385635,-31353.7129864553,-5716.146441365476,-32031.82254801446,-91033.22866424778,-30579.8907834508,-2814.2565477602184,-2814.2565477602184,-2814.2565477602184,-2814.2565477602184,75835.31519360654,57664.502127459506,64100.37741821259,75835.31519360654
2014-03-11,20599.529665282695,26750.160549146356,18849.29300550581,20599.529665282695,-115161.78695385635,-31353.7129864553,-5716.146441365476,-32031.82254801446,-91033.22866424778,-30579.8907834508,-2814.2565477602184,-2814.2565477602184,-2814.2565477602184,-2814.2565477602184,76002.37149200914,57831.55842586211,64267.433716615196,76002.37149200914
2014-03-12,20599.529665282695,26750.160549146356,18849.29300550581,20599.529665282695,-115161.78695385635,-31353.7129864553,-5716.146441365476,-32031.82254801446,-91033.22866424778,-30579.8907834508,-2814.2565477602184,-2814.2565477602184,-2814.2565477602184,-2814.2565477602184,76188.44484159071,58017.631775443675,64453.50706619676,76188.44484159071
2014-03-13,20599.529665282695,26750.160549146356,18849.29300550581,20599.529665282695,-115161.78695385635,-31353.7129864553,-5716.146441365476,-32031.82254801446,-91033.22866424778,-30579.8907834508,-2814.2565477602184,-2814.2565477602184,-2814.2565477602184,-2814.2565477602184,76177.31385133904,58006.50078519201,64442.376075945096,76177.31385133904
2014-03-14,20599.529665282695,26750.160549146356,18849.29300550581,20599.529665282695,-115161.78695385635,-31353.7129864553,-5716.146441365476,-32031.82254801446,-91033.22866424778,-30579.8907834508,-2814.2565477602184,-2814.2565477602184,-2814.2565477602184,-2814.2565477602184,76046.9066126761,57876.09354652907,64311.968837282155,76046.9066126761
2014-03-17,20599.529665282695,26750.160549146356,18849.29300550581,20599.529665282695,-115161.78695385635,-31353.7129864553,-5716.146441365476,-32031.82254801446,-91033.22866424778,-30579.8907834508,-2814.2565477602184,-2814.2565477602184,-2814.2565477602184,-2814.2565477602184,76306.38071475341,58135.567648606375,64571.44293935946,76306.38071475341
2014-03-18,20599.529665282695,26750.160549146356,18849.29300550581,20599.529665282695,-115161.78695385635,-31353.7129864553,-5716.146441365476,-32031.82254801446,-91033.22866424778,-30579.8907834508,-2814.2565477602184,-2814.2565477602184,-2814.2565477602184,-2814.2565477602184,76504.67598629487,58333.86292014783,64769.73821090092,76504.67598629487
2014-03-19,20599.529665282695,26750.160549146356,18849.29300550581,20599.529665282695,-115161.78695385635,-31353.7129864553,-5716.146441365476,-32031.82254801446,-91033.22866424778,-30579.8907834508,-2814.2565477602184,-2814.2565477602184,-2814.2565477602184,-2814.2565477602184,76494.5134037144,58323.70033756737,64759.575628320454,76494.5134037144
2014-03-20,20599.529665282695,26750.160549146356,18849.29300550581,20599.529665282695,-115161.78695385635,-31353.7129864553,-5716.146441365476,-32031.82254801446,-91033.22866424778,-30579.8907834508,-2814.2565477602184,-2814.2565477602184,-2814.2565477602184,-2814.2565477602184,76634.94771453086,58464.13464838383,64900.009939136915,76634.94771453086
2014-03-21,20599.529665282695,26750.160549146356,18849.29300550581,20599.529665282695,-115161.78695385635,-31353.7129864553,-5716.146441365476,-32031.82254801446,-91033.22866424778,-30579.8907834508,-2814.2565477602184,-2814.2565477602184,-2814.2565477602184,-2814.2565477602184,76590.55657535535,58419.74350920832,64855.618799961405,76590.55657535535
2014-03-24,20599.529665282695,26750.160549146356,18849.29300550581,20599.529665282695,-115161.78695385635,-31353.7129864553,-5716.146441365476,-32031.82254801446,-91033.22866424778,-30579.8907834508,-2814.2565477602184,-2814.2565477602184,-2814.2565477602184,-2814.2565477602184,76617.67725730967,58446.86419116263,64882.73948191572,76617.67725730967
2014-03-25,20599.529665282695,26750.160549146356,18849.29300550581,20599.529665282695,-115161.78695385635,-31353.7129864553,-5716.146441365476,-32031.82254801446,-91033.22866424778,-30579.8907834508,-2814.2565477602184,-2814.2565477602184,-2814.2565477602184,-2814.2565477602184,76630.65304429573,58459.839978148695,64895.71526890178,76630.65304429573
2014-03-26,20599.529665282695,26750.160549146356,18849.29300550581,20599.529665282695,-115161.78695385635,-31353.7129864553,-5716.146441365476,-32031.82254801446,-91033.22866424778,-30579.8907834508,-2814.2565477602184,-2814.2565477602184,-2814.2565477602184,-2814.2565477602184,76632.74658488831,58461.93351874128,64897.80880949437,76632.74658488831
2014-03-27,20599.529665282695,26750.160549146356,18849.29300550581,20599.529665282695,-115161.78695385635,-31353.7129864553,-5716.146441365476,-32031.82254801446,-91033.22866424778,-30579.8907834508,-2814.2565477602184,-2814.2565477602184,-2814.2565477602184,-2814.2565477602184,76518.99823579635,58348.18516964931,64784.0604604024,76518.99823579635
2014-03-28,20599.529665282695,26750.160549146356,18849.29300550581,20599.529665282695,-115161.78695385635,-31353.7129864553,-5716.146441365476,-32031.82254801446,-91033.22866424778,-30579.8907834508,-2814.2565477602184,-2814.2565477602184,-2814.2565477602184,-2814.2565477602184,76550.26077564526,58379.44770949823,64815.323000251316,76550.26077564526
2014-03-31,20599.529665282695,26750.160549146356,18849.29300550581,20599.529665282695,-115161.78695385635,-31353.7129864553,-5716.146441365476,-32031.82254801446,-91033.22866424778,-30579.8907834508,-2814.2565477602184,-2814.2565477602184,-2814.2565477602184,-2814.2565477602184,76606.36165227671,58435.54858612968,64871.42387688276,76606.36165227671
2014-04-01,20599.529665282695,26750.160549146356,18849.29300550581,20599.529665282695,-115161.78695385635,-31353.7129864553,-5716.146441365476,-32031.82254801446,-91033.22866424778,-30579.8907834508,-2814.2565477602184,-2814.2565477602184,-2814.2565477602184,-2814.2565477602184,76564.587802327,58393.77473617997,64829.65002693306,76564.587802327
2014-04-02,20599.529665282695,26750.160549146356,18849.29300550581,20599.529665282695,-115161.78695385635,-31353.7129864553,-5716.146441365476,-32031.82254801446,-91033.22866424778,-30579.8907834508,-2814.2565477602184,-2814.2565477602184,-2814.2565477602184,-2814.2565477602184,76577.77588798339,58406.96282183635,64842.83811258944,76577.77588798339
2014-04-03,20599.529665282695,26750.160549146356,18849.29300550581,20599.529665282695,-115161.78695385635,-31353.7129864553,-5716.146441365476,-32031.82254801446,-91033.22866424778,-30579.8907834508,-2814.2565477602184,-2814.2565477602184,-2814.2565477602184,-2814.2565477602184,76571.31408711686,58400.50102096982,64836.37631172291,76571.31408711686
2014-04-04,20599.529665282695,26750.160549146356,18849.29300550581,20599.529665282695,-115161.78695385635,-31353.7129864553,-5716.146441365476,-32031.82254801446,-91033.22866424778,-30579.8907834508,-2814.2565477602184,-2814.2565477602184,-2814.2565477602184,-2814.2565477602184,76583.896626679,58413.08356053196,64848.958851285046,76583.896626679
2014-04-07,20599.529665282695,26750.160549146356,18849.29300550581,20599.529665282695,-115161.78695385635,-31353.7129864553,-5716.146441365476,-32031.82254801446,-91033.22866424778,-30579.8907834508,-2814.2565477602184,-2814.2565477602184,-2814.2565477602184,-2814.2565477602184,76729.19853900978,58558.38547286275,64994.260763615835,76729.19853900978
2014-04-08,20599.529665282695,26750.160549146356,18849.29300550581,20599.529665282695,-115161.78695385635,-31353.7129864553,-5716.146441365476,-32031.82254801446,-91033.22866424778,-30579.8907834508,-2814.2565477602184,-2814.2565477602184,-2814.2565477602184,-2814.2565477602184,76650.98858249094,58480.17551634391,64916.050807096995,76650.98858249094
2014-04-09,20599.529665282695,26750.160549146356,18849.29300550581,20599.529665282695,-115161.78695385635,-31353.7129864553,-5716.146441365476,-32031.82254801446,-91033.22866424778,-30579.8907834508,-2814.2565477602184,-2814.2565477602184,-2814.2565477602184,-2814.2565477602184,76678.61266010441,58507.799593957374,64943.67488471046,76678.61266010441
2014-04-10,20599.529665282695,26750.160549146356,18849.29300550581,20599.529665282695,-115161.78695385635,-31353.7129864553,-5716.146441365476,-32031.82254801446,-91033.22866424778,-30579.8907834508,-2814.2565477602184,-2814.2565477602184,-2814.2565477602184,-2814.2565477602184,76491.90693560033,58321.093869453296,64756.96916020638,76491.90693560033
2014-04-11,20599.529665282695,26750.160549146356,18849.29300550581,20599.529665282695,-115161.78695385635,-31353.7129864553,-5716.146441365476,-32031.82254801446,-91033.22866424778,-30579.8907834508,-2814.2565477602184,-2814.2565477602184,-2814.2565477602184,-2814.2565477602184,76530.73436991847,58359.921303771436,64795.79659452452,76530.73436991847
2014-04-14,20599.529665282695,26750.160549146356,18849.29300550581,20599.529665282695,-115161.78695385635,-31353.7129864553,-5716.146441365476,-32031.82254801446,-91033.22866424778,-30579.8907834508,-2814.2565477602184,-2814.2565477602184,-2814.2565477602184,-2814.2565477602184,76538.8224172513,58368.009351104265,64803.88464185735,76538.8224172513
2014-04-15,20599.529665282695,26750.160549146356,18849.29300550581,20599.529665282695,-115161.78695385635,-31353.7129864553,-5716.146441365476,-32031.82254801446,-91033.22866424778,-30579.8907834508,-2814.2565477602184,-2814.2565477602184,-2814.2565477602184,-2814.2565477602184,76604.80635109916,58433.99328495213,64869.868575705215,76604.80635109916
2014-04-16,20599.529665282695,26750.160549146356,18849.29300550581,20599.529665282695,-115161.78695385635,-31353.7129864553,-5716.146441365476,-32031.82254801446,-91033.22866424778,-30579.8907834508,-2814.2565477602184,-2814.2565477602184,-2814.2565477602184,-2814.2565477602184,76688.75287943962,58517.939813292585,64953.81510404567,76688.75287943962
2014-04-17,20599.529665282695,26750.160549146356,18849.29300550581,20599.529665282695,-115161.78695385635,-31353.7129864553,-5716.146441365476,-32031.82254801446,-91033.22866424778,-30579.8907834508,-2814.2565477602184,-2814.2565477602184,-2814.2565477602184,-2814.2565477602184,76581.18173566787,58410.36866952083,64846.24396027392,76581.18173566787
2014-04-21,20599.529665282695,26750.160549146356,18849.29300550581,20599.529665282695,-115161.78695385635,-31353.7129864553,-5716.146441365476,-32031.82254801446,-91033.22866424778,-30579.8907834508,-2814.2565477602184,-2814.2565477602184,-2814.2565477602184,-2814.2565477602184,76861.94424491702,58691.13117876998,65127.00646952307,76861.94424491702
2014-04-22,20599.529665282695,26750.160549146356,18849.29300550581,20599.529665282695,-115161.78695385635,-31353.7129864553,-5716.146441365476,-32031.82254801446,-91033.22866424778,-30579.8907834508,-2814.2565477602184,-2814.2565477602184,-2814.2565477602184,-2814.2565477602184,76922.46834838903,58751.65528224199,65187.53057299508,76922.46834838903
2014-04-23,20599.529665282695,26750.160549146356,18849.29300550581,20599.529665282695,-115161.78695385635,-31353.7129864553,-5716.146441365476,-32031.82254801446,-91033.22866424778,-30579.8907834508,-2814.2565477602184,-2814.2565477602184,-2814.2565477602184,-2814.2565477602184,76954.77530817594,58783.96224202891,65219.837532781996,76954.77530817594
2014-04-24,20599.529665282695,26750.160549146356,18849.29300550581,20599.529665282695,-115161.78695385635,-31353.7129864553,-5716.146441365476,-32031.82254801446,-91033.22866424778,-30579.8907834508,-2814.2565477602184,-2814.2565477602184,-2814.2565477602184,-2814.2565477602184,76913.05822001444,58742.24515386741,65178.120444620494,76913.05822001444
2014-04-25,20599.529665282695,26750.160549146356,18849.29300550581,20599.529665282695,-115161.78695385635,-31353.7129864553,-5716.146441365476,-32031.82254801446,-91033.22866424778,-30579.8907834508,-2814.2565477602184,-2814.2565477602184,-2814.2565477602184,-2814.2565477602184,76951.03636536933,58780.2232992223,65216.09858997539,76951.03636536933
2014-04-28,20599.529665282695,26750.160549146356,18849.29300550581,20599.529665282695,-115161.78695385635,-31353.7129864553,-5716.146441365476,-32031.82254801446,-91033.22866424778,-30579.8907834508,-2814.2565477602184,-2814.2565477602184,-2814.2565477602184,-2814.2565477602184,76886.21613060823,58715.40306446119,65151.27835521428,76886.21613060823
2014-04-29,20599.529665282695,26750.160549146356,18849.29300550581,20599.529665282695,-115161.78695385635,-31353.7129864553,-5716.146441365476,-32031.82254801446,-91033.22866424778,-30579.8907834508,-2814.2565477602184,-2814.2565477602184,-2814.2565477602184,-2814.2565477602184,77124.70320320548,58953.89013705845,65389.76542781154,77124.70320320548
2014-04-30,20599.529665282695,26750.160549146356,18849.29300550581,20599.529665282695,-115161.78695385635,-31353.7129864553,-5716.146441365476,-32031.82254801446,-91033.22866424778,-30579.8907834508,-2814.2565477602184,-2814.2565477602184,-2814.2565477602184,-2814.2565477602184,76999.63129418716,58828.81822804012,65264.69351879321,76999.63129418716
2014-05-01,20599.529665282695,26750.160549146356,18849.29300550581,20599.529665282695,-115161.78695385635,-31353.7129864553,-5716.146441365476,-32031.82254801446,-91033.22866424778,-30579.8907834508,-2814.2565477602184,-2814.2565477602184,-2814.2565477602184,-2814.2565477602184,77246.45157868206,59075.63851253502,65511.51380328811,77246.45157868206
2014-05-02,20599.529665282695,26750.160549146356,18849.29300550581,20599.529665282695,-115161.78695385635,-31353.7129864553,-5716.146441365476,-32031.82254801446,-91033.22866424778,-30579.8907834508,-2814.2565477602184,-2814.2565477602184,-2814.2565477602184,-2814.2565477602184,77657.82631042646,59487.01324427943,65922.88853503251,77657.82631042646
2014-05-05,20599.529665282695,26750.160549146356,18849.29300550581,20599.529665282695,-115161.78695385635,-31353.7129864553,-5716.146441365476,-32031.82254801446,-91033.22866424778,-30579.8907834508,-2814.2565477602184,-2814.2565477602184,-2814.2565477602184,-2814.2565477602184,78089.64738038671,59918.83431423968,66354.70960499276,78089.64738038671
2014-05-06,20599.529665282695,26750.160549146356,18849.29300550581,20599.529665282695,-115161.78695385635,-31353.7129864553,-5716.146441365476,-32031.82254801446,-91033.22866424778,-30579.8907834508,-2814.2565477602184,-2814.2565477602184,-2814.2565477602184,-2814.2565477602184,78241.13030214538,60070.317235998344,66506.19252675143,78241.13030214538
2014-05-07,20599.529665282695,26750.160549146356,18849.29300550581,20599.529665282695,-115161.78695385635,-31353.7129864553,-5716.146441365476,-32031.82254801446,-91033.22866424778,-30579.8907834508,-2814.2565477602184,-2814.2565477602184,-2814.2565477602184,-2814.2565477602184,78461.4131700152,60290.60010386817,66726.47539462126,78461.4131700152
2014-05-08,20599.529665282695,26750.160549146356,18849.29300550581,20599.529665282695,-115161.78695385635,-31353.7129864553,-5716.146441365476,-32031.82254801446,-91033.22866424778,-30579.8907834508,-2814.2565477602184,-2814.2565477602184,-2814.2565477602184,-2814.2565477602184,78751.8454935227,60581.03242737567,67016.90771812876,78751.8454935227
2014-05-09,20599.529665282695,26750.160549146356,18849.29300550581,20599.529665282695,-115161.78695385635,-31353.7129864553,-5716.146441365476,-32031.82254801446,-91033.22866424778,-30579.8907834508,-2814.2565477602184,-2814.2565477602184,-2814.2565477602184,-2814.2565477602184,78715.97917373804,60545.16610759101,66981.0413983441,78715.97917373804
2014-05-12,20599.529665282695,26750.160549146356,18849.29300550581,20599.529665282695,-115161.78695385635,-31353.7129864553,-5716.146441365476,-32031.82254801446,-91033.22866424778,-30579.8907834508,-2814.2565477602184,-2814.2565477602184,-2814.2565477602184,-2814.2565477602184,79379.98325505387,61209.170188906835,67645.04547965992,79379.98325505387
2014-05-13,20599.529665282695,26750.160549146356,18849.29300550581,20599.529665282695,-115161.78695385635,-31353.7129864553,-5716.146441365476,-32031.82254801446,-91033.22866424778,-30579.8907834508,-2814.2565477602184,-2814.2565477602184,-2814.2565477602184,-2814.2565477602184,79364.26068532653,61193.4476191795,67629.32290993258,79364.26068532653
2014-05-14,20599.529665282695,26750.160549146356,18849.29300550581,20599.529665282695,-115161.78695385635,-31353.7129864553,-5716.146441365476,-32031.82254801446,-91033.22866424778,-30579.8907834508,-2814.2565477602184,-2814.2565477602184,-2814.2565477602184,-2814.2565477602184,79720.4799436885,61549.66687754146,67985.54216829455,79720.4799436885
2014-05-15,20599.529665282695,26750.160549146356,18849.29300550581,20599.529665282695,-115161.78695385635,-31353.7129864553,-5716.146441365476,-32031.82254801446,-91033.22866424778,-30579.8907834508,-2814.2565477602184,-2814.2565477602184,-2814.2565477602184,-2814.2565477602184,79936.04089413048,61765.22782798344,68201.10311873653,79936.04089413048
2014-05-16,20599.529665282695,26750.160549146356,18849.29300550581,20599.529665282695,-115161.78695385635,-31353.7129864553,-5716.146441365476,-32031.82254801446,-91033.22866424778,-30579.8907834508,-2814.2565477602184,-2814.2565477602184,-2814.2565477602184,-2814.2565477602184,80180.88072884874,62010.06766270171,68445.9429534548,80180.88072884874
2014-05-19,20599.529665282695,26750.160549146356,18849.29300550581,20599.529665282695,-115161.78695385635,-31353.7129864553,-5716.146441365476,-32031.82254801446,-91033.22866424778,-30579.8907834508,-2814.2565477602184,-2814.2565477602184,-2814.2565477602184,-2814.2565477602184,80198.55844083359,62027.74537468655,68463.62066543964,80198.55844083359
2014-05-20,20599.529665282695,26750.160549146356,18849.29300550581,20599.529665282695,-115161.78695385635,-31353.7129864553,-5716.146441365476,-32031.82254801446,-91033.22866424778,-30579.8907834508,-2814.2565477602184,-2814.2565477602184,-2814.2565477602184,-2814.2565477602184,80221.60151400208,62050.78844785504,68486.66373860813,80221.60151400208
2014-05-21,20599.529665282695,26750.160549146356,18849.29300550581,20599.529665282695,-115161.78695385635,-31353.7129864553,-5716.146441365476,-32031.82254801446,-91033.22866424778,-30579.8907834508,-2814.2565477602184,-2814.2565477602184,-2814.2565477602184,-2814.2565477602184,80322.02356512868,62151.21049898164,68587.08578973473,80322.02356512868
2014-05-22,20599.529665282695,26750.160549146356,18849.29300550581,20599.529665282695,-115161.78695385635,-31353.7129864553,-5716.146441365476,-32031.82254801446,-91033.22866424778,-30579.8907834508,-2814.2565477602184,-2814.2565477602184,-2814.2565477602184,-2814.2565477602184,80239.54879120272,62068.73572505568,68504.61101580877,80239.54879120272
2014-05-23,20599.529665282695,26750.160549146356,18849.29300550581,20599.529665282695,-115161.78695385635,-31353.7129864553,-5716.146441365476,-32031.82254801446,-91033.22866424778,-30579.8907834508,-2814.2565477602184,-2814.2565477602184,-2814.2565477602184,-2814.2565477602184,80232.17953678034,62061.36647063331,68497.2417613864,80232.17953678034
2014-05-27,20599.529665282695,26750.160549146356,18849.29300550581,20599.529665282695,-115161.78695385635,-31353.7129864553,-5716.146441365476,-32031.82254801446,-91033.22866424778,-30579.8907834508,-2814.2565477602184,-2814.2565477602184,-2814.2565477602184,-2814.2565477602184,80404.68890863657,62233.875842489535,68669.75113324262,80404.68890863657
2014-05-28,20599.529665282695,26750.160549146356,18849.29300550581,20599.529665282695,-115161.78695385635,-31353.7129864553,-5716.146441365476,-32031.82254801446,-91033.22866424778,-30579.8907834508,-2814.2565477602184,-2814.2565477602184,-2814.2565477602184,-2814.2565477602184,80597.71698937798,62426.903923230944,68862.77921398403,80597.71698937798
2014-05-29,20599.529665282695,26750.160549146356,18849.29300550581,20599.529665282695,-115161.78695385635,-31353.7129864553,-5716.146441365476,-32031.82254801446,-91033.22866424778,-30579.8907834508,-2814.2565477602184,-2814.2565477602184,-2814.2565477602184,-2814.2565477602184,80549.21340905502,62378.40034290799,68814.27563366108,80549.21340905502
2014-05-30,20599.529665282695,26750.160549146356,18849.29300550581,20599.529665282695,-115161.78695385635,-31353.7129864553,-5716.146441365476,-32031.82254801446,-91033.22866424778,-30579.8907834508,-2814.2565477602184,-2814.2565477602184,-2814.2565477602184,-2814.2565477602184,80717.62275431282,62546.809688165784,68982.68497891887,80717.62275431282
2014-06-02,20599.529665282695,26750.160549146356,18849.29300550581,20599.529665282695,-115161.78695385635,-31353.7129864553,-5716.146441365476,-32031.82254801446,-91033.22866424778,-30579.8907834508,-2814.2565477602184,-2814.2565477602184,-2814.2565477602184,-2814.2565477602184,80911.58925229707,62740.77618615003,69176.65147690312,80911.58925229707
2014-06-03,20599.529665282695,26750.160549146356,18849.29300550581,20599.529665282695,-115161.78695385635,-31353.7129864553,-5716.146441365476,-32031.82254801446,-91033.22866424778,-30579.8907834508,-2814.2565477602184,-2814.2565477602184,-2814.2565477602184,-2814.2565477602184,80957.04014057852,62786.22707443149,69222.10236518458,80957.04014057852
2014-06-04,20599.529665282695,26750.160549146356,18849.29300550581,20599.529665282695,-115161.78695385635,-31353.7129864553,-5716.146441365476,-32031.82254801446,-91033.22866424778,-30579.8907834508,-2814.2565477602184,-2814.2565477602184,-2814.2565477602184,-2814.2565477602184,81093.03221183852,62922.21914569149,69358.09443644457,81093.03221183852
2014-06-05,20599.529665282695,26750.160549146356,18849.29300550581,20599.529665282695,-115161.78695385635,-31353.7129864553,-5716.146441365476,-32031.82254801446,-91033.22866424778,-30579.8907834508,-2814.2565477602184,-2814.2565477602184,-2814.2565477602184,-2814.2565477602184,81172.8795842086,63002.06651806156,69437.94180881465,81172.8795842086
2014-06-06,20599.529665282695,26750.160549146356,18849.29300550581,20599.529665282695,-115161.78695385635,-31353.7129864553,-5716.146441365476,-32031.82254801446,-91033.22866424778,-30579.8907834508,-2814.2565477602184,-2814.2565477602184,-2814.2565477602184,-2814.2565477602184,81195.49017885071,63024.67711270368,69460.55240345676,81195.49017885071
2014-06-09,20599.529665282695,26750.160549146356,18849.29300550581,20599.529665282695,-115161.78695385635,-31353.7129864553,-5716.146441365476,-32031.82254801446,-91033.22866424778,-30579.8907834508,-2814.2565477602184,-2814.2565477602184,-2814.2565477602184,-2814.2565477602184,81444.36310498789,63273.550038840855,69709.42532959394,81444.36310498789
2014-06-10,20599.529665282695,26750.160549146356,18849.29300550581,20599.529665282695,-115161.78695385635,-31353.7129864553,-5716.146441365476,-32031.82254801446,-91033.22866424778,-30579.8907834508,-2814.2565477602184,-2814.2565477602184,-2814.2565477602184,-2814.2565477602184,81216.32563636266,63045.51257021562,69481.38786096871,81216.32563636266
2014-06-11,20599.529665282695,26750.160549146356,18849.29300550581,20599.529665282695,-115161.78695385635,-31353.7129864553,-5716.146441365476,-32031.82254801446,-91033.22866424778,-30579.8907834508,-2814.2565477602184,-2814.2565477602184,-2814.2565477602184,-2814.2565477602184,81236.2666144832,63065.45354833617,69501.32883908926,81236.2666144832
2014-06-12,20599.529665282695,26750.160549146356,18849.29300550581,20599.529665282695,-115161.78695385635,-31353.7129864553,-5716.146441365476,-32031.82254801446,-91033.22866424778,-30579.8907834508,-2814.2565477602184,-2814.2565477602184,-2814.2565477602184,-2814.2565477602184,81551.92691111495,63381.11384496791,69816.989135721,81551.92691111495
2014-06-13,20599.529665282695,26750.160549146356,18849.29300550581,20599.529665282695,-115161.78695385635,-31353.7129864553,-5716.146441365476,-32031.82254801446,-91033.22866424778,-30579.8907834508,-2814.2565477602184,-2814.2565477602184,-2814.2565477602184,-2814.2565477602184,81585.99751702813,63415.18445088109,69851.05974163418,81585.99751702813
2014-06-16,20599.529665282695,26750.160549146356,18849.29300550581,20599.529665282695,-115161.78695385635,-31353.7129864553,-5716.146441365476,-32031.82254801446,-91033.22866424778,-30579.8907834508,-2814.2565477602184,-2814.2565477602184,-2814.2565477602184,-2814.2565477602184,81725.04087981395,63554.22781366692,69990.10310442,81725.04087981395
2014-06-17,20599.529665282695,26750.160549146356,18849.29300550581,20599.529665282695,-115161.78695385635,-31353.7129864553,-5716.146441365476,-32031.82254801446,-91033.22866424778,-30579.8907834508,-2814.2565477602184,-2814.2565477602184,-2814.2565477602184,-2814.2565477602184,81401.17484838725,63230.361782240216,69666.2370729933,81401.17484838725
2014-06-18,20599.529665282695,26750.160549146356,18849.29300550581,20599.529665282695,-115161.78695385635,-31353.7129864553,-5716.146441365476,-32031.82254801446,-91033.22866424778,-30579.8907834508,-2814.2565477602184,-2814.2565477602184,-2814.2565477602184,-2814.2565477602184,81365.21731185447,63194.40424570744,69630.27953646053,81365.21731185447
2014-06-19,20599.529665282695,26750.160549146356,18849.29300550581,20599.529665282695,-115161.78695385635,-31353.7129864553,-5716.146441365476,-32031.82254801446,-91033.22866424778,-30579.8907834508,-2814.2565477602184,-2814.2565477602184,-2814.2565477602184,-2814.2565477602184,81148.19621110731,62977.38314496027,69413.25843571336,81148.19621110731
2014-06-20,20599.529665282695,26750.160549146356,18849.29300550581,20599.529665282695,-115161.78695385635,-31353.7129864553,-5716.146441365476,-32031.82254801446,-91033.22866424778,-30579.8907834508,-2814.2565477602184,-2814.2565477602184,-2814.2565477602184,-2814.2565477602184,81288.68436067086,63117.87129452382,69553.74658527691,81288.68436067086
2014-06-23,20599.529665282695,26750.160549146356,18849.29300550581,20599.529665282695,-115161.78695385635,-31353.7129864553,-5716.146441365476,-32031.82254801446,-91033.22866424778,-30579.8907834508,-2814.2565477602184,-2814.2565477602184,-2814.2565477602184,-2814.2565477602184,81312.03000392648,63141.21693777945,69577.09222853254,81312.03000392648
2014-06-24,20599.529665282695,26750.160549146356,18849.29300550581,20599.529665282695,-115161.78695385635,-31353.7129864553,-5716.146441365476,-32031.82254801446,-91033.22866424778,-30579.8907834508,-2814.2565477602184,-2814.2565477602184,-2814.2565477602184,-2814.2565477602184,81329.05832885113,63158.24526270409,69594.12055345718,81329.05832885113
2014-06-25,20599.529665282695,26750.160549146356,18849.29300550581,20599.529665282695,-115161.78695385635,-31353.7129864553,-5716.146441365476,-32031.82254801446,-91033.22866424778,-30579.8907834508,-2814.2565477602184,-2814.2565477602184,-2814.2565477602184,-2814.2565477602184,81324.05513598537,63153.242069838336,69589.11736059142,81324.05513598537
2014-06-26,20599.529665282695,26750.160549146356,18849.29300550581,20599.529665282695,-115161.78695385635,-31353.7129864553,-5716.146441365476,-32031.82254801446,-91033.22866424778,-30579.8907834508,-2814.2565477602184,-2814.2565477602184,-2814.2565477602184,-2814.2565477602184,81304.5250167877,63133.71195064066,69569.58724139375,81304.5250167877
2014-06-27,20599.529665282695,26750.160549146356,18849.29300550581,20599.529665282695,-115161.78695385635,-31353.7129864553,-5716.146441365476,-32031.82254801446,-91033.22866424778,-30579.8907834508,-2814.2565477602184,-2814.2565477602184,-2814.2565477602184,-2814.2565477602184,81273.89000315359,63103.07693700655,69538.95222775964,81273.89000315359
2014-06-30,20599.529665282695,26750.160549146356,18849.29300550581,20599.529665282695,-115161.78695385635,-31353.7129864553,-5716.146441365476,-32031.82254801446,-91033.22866424778,-30579.8907834508,-2814.2565477602184,-2814.2565477602184,-2814.2565477602184,-2814.2565477602184,81307.33841844718,63136.525352300145,69572.40064305323,81307.33841844718
2014-07-01,20599.529665282695,26750.160549146356,18849.29300550581,20599.529665282695,-115161.78695385635,-31353.7129864553,-5716.146441365476,-32031.82254801446,-91033.22866424778,-30579.8907834508,-2814.2565477602184,-2814.2565477602184,-2814.2565477602184,-2814.2565477602184,81323.87016096362,63153.057094816584,69588.93238556967,81323.87016096362
2014-07-02,20599.529665282695,26750.160549146356,18849.29300550581,20599.529665282695,-115161.78695385635,-31353.7129864553,-5716.146441365476,-32031.82254801446,-91033.22866424778,-30579.8907834508,-2814.2565477602184,-2814.2565477602184,-2814.2565477602184,-2814.2565477602184,81348.14998309012,63177.33691694308,69613.21220769617,81348.14998309012
2014-07-03,20599.529665282695,26750.160549146356,18849.29300550581,20599.529665282695,-115161.78695385635,-31353.7129864553,-5716.146441365476,-32031.82254801446,-91033.22866424778,-30579.8907834508,-2814.2565477602184,-2814.2565477602184,-2814.2565477602184,-2814.2565477602184,81344.09179376811,63173.27872762107,69609.15401837416,81344.09179376811
2014-07-07,20599.529665282695,26750.160549146356,18849.29300550581,20599.529665282695,-115161.78695385635,-31353.7129864553,-5716.146441365476,-32031.82254801446,-91033.22866424778,-30579.8907834508,-2814.2565477602184,-2814.2565477602184,-2814.2565477602184,-2814.2565477602184,81363.2496520211,63192.436585874064,69628.31187662715,81363.2496520211
2014-07-08,20599.529665282695,26750.160549146356,18849.29300550581,20599.529665282695,-115161.78695385635,-31353.7129864553,-5716.146441365476,-32031.82254801446,-91033.22866424778,-30579.8907834508,-2814.2565477602184,-2814.2565477602184,-2814.2565477602184,-2814.2565477602184,81448.18932923581,63277.37626308878,69713.25155384187,81448.18932923581
2014-07-09,20599.529665282695,26750.160549146356,18849.29300550581,20599.529665282695,-115161.78695385635,-31353.7129864553,-5716.146441365476,-32031.82254801446,-91033.22866424778,-30579.8907834508,-2814.2565477602184,-2814.2565477602184,-2814.2565477602184,-2814.2565477602184,81359.64977151621,63188.836705369176,69624.71199612226,81359.64977151621
2014-07-10,20599.529665282695,26750.160549146356,18849.29300550581,20599.529665282695,-115161.78695385635,-31353.7129864553,-5716.146441365476,-32031.82254801446,-91033.22866424778,-30579.8907834508,-2814.2565477602184,-2814.2565477602184,-2814.2565477602184,-2814.2565477602184,81402.32199243596,63231.50892628892,69667.38421704201,81402.32199243596
2014-07-11,20599.529665282695,26750.160549146356,18849.29300550581,20599.529665282695,-115161.78695385635,-31353.7129864553,-5716.146441365476,-32031.82254801446,-91033.22866424778,-30579.8907834508,-2814.2565477602184,-2814.2565477602184,-2814.2565477602184,-2814.2565477602184,81439.03793263878,63268.22486649174,69704.10015724483,81439.03793263878
2014-07-14,20599.529665282695,26750.160549146356,18849.29300550581,20599.529665282695,-115161.78695385635,-31353.7129864553,-5716.146441365476,-32031.82254801446,-91033.22866424778,-30579.8907834508,-2814.2565477602184,-2814.2565477602184,-2814.2565477602184,-2814.2565477602184,81401.70520444377,63230.89213829674,69666.76742904983,81401.70520444377
2014-07-15,20599.529665282695,26750.160549146356,18849.29300550581,20599.529665282695,-115161.78695385635,-31353.7129864553,-5716.146441365476,-32031.82254801446,-91033.22866424778,-30579.8907834508,-2814.2565477602184,-2814.2565477602184,-2814.2565477602184,-2814.2565477602184,81389.64022428705,63218.82715814002,69654.7024488931,81389.64022428705
2014-07-16,20599.529665282695,26750.160549146356,18849.29300550581,20599.529665282695,-115161.78695385635,-31353.7129864553,-5716.146441365476,-32031.82254801446,-91033.22866424778,-30579.8907834508,-2814.2565477602184,-2814.2565477602184,-2814.2565477602184,-2814.2565477602184,81559.55048251525,63388.73741636821,69824.6127071213,81559.55048251525
2014-07-17,20599.529665282695,26750.160549146356,18849.29300550581,20599.529665282695,-115161.78695385635,-31353.7129864553,-5716.146441365476,-32031.82254801446,-91033.22866424778,-30579.8907834508,-2814.2565477602184,-2814.2565477602184,-2814.2565477602184,-2814.2565477602184,81556.96384550235,63386.15077935532,69822.0260701084,81556.96384550235
2014-07-18,20599.529665282695,26750.160549146356,18849.29300550581,20599.529665282695,-115161.78695385635,-31353.7129864553,-5716.146441365476,-32031.82254801446,-91033.22866424778,-30579.8907834508,-2814.2565477602184,-2814.2565477602184,-2814.2565477602184,-2814.2565477602184,81498.2164531122,63327.40338696516,69763.27867771825,81498.2164531122
2014-07-21,20599.529665282695,26750.160549146356,18849.29300550581,20599.529665282695,-115161.78695385635,-31353.7129864553,-5716.146441365476,-32031.82254801446,-91033.22866424778,-30579.8907834508,-3506.798941855086,-3506.798941855086,-3506.798941855086,-3506.798941855086,81631.02888592589,63460.21581977885,69896.09111053194,81631.02888592589
2014-07-22,20599.529665282695,26750.160549146356,18849.29300550581,20599.529665282695,-115161.78695385635,-31353.7129864553,-5716.146441365476,-32031.82254801446,-91033.22866424778,-30579.8907834508,-3103.9339651170885,-3103.9339651170885,-3103.9339651170885,-3103.9339651170885,81650.14558138303,63479.33251523599,69915.20780598908,81650.14558138303
2014-07-23,20599.529665282695,26750.160549146356,18849.29300550581,20599.529665282695,-115161.78695385635,-31353.7129864553,-5716.146441365476,-32031.82254801446,-91033.22866424778,-30579.8907834508,-3900.4283756205114,-3900.4283756205114,-3900.4283756205114,-3900.4283756205114,81581.20120054996,63410.38813440292,69846.26342515601,81581.20120054996
2014-07-24,20599.529665282695,26750.160549146356,18849.29300550581,20599.529665282695,-115161.78695385635,-31353.7129864553,-5716.146441365476,-32031.82254801446,-91033.22866424778,-30579.8907834508,-4667.906781278085,-4667.906781278085,-4667.906781278085,-4667.906781278085,81443.1502562936,63272.33719014656,69708.21248089965,81443.1502562936
2014-07-25,20599.529665282695,26750.160549146356,18849.29300550581,20599.529665282695,-115161.78695385635,-31353.7129864553,-5716.146441365476,-32031.82254801446,-91033.22866424778,-30579.8907834508,-3783.821985185379,-3783.821985185379,-3783.821985185379,-3783.821985185379,81596.69475966645,63425.88169351942,69861.7569842725,81596.69475966645
2014-07-28,20599.529665282695,26750.160549146356,18849.29300550581,20599.529665282695,-115161.78695385635,-31353.7129864553,-5716.146441365476,-32031.82254801446,-91033.22866424778,-30579.8907834508,-3857.6009157008957,-3857.6009157008957,-3857.6009157008957,-3857.6009157008957,81773.13514873339,63602.322082586354,70038.19737333944,81773.13514873339
2014-07-29,20599.529665282695,26750.160549146356,18849.29300550581,20599.529665282695,-115161.78695385635,-31353.7129864553,-5716.146441365476,-32031.82254801446,-91033.22866424778,-30579.8907834508,-3783.729945841711,-3783.729945841711,-3783.729945841711,-3783.729945841711,81706.91612308868,63536.10305694165,69971.97834769473,81706.91612308868
2014-07-30,20599.529665282695,26750.160549146356,18849.29300550581,20599.529665282695,-115161.78695385635,-31353.7129864553,-5716.146441365476,-32031.82254801446,-91033.22866424778,-30579.8907834508,-3998.3014065310126,-3998.3014065310126,-3998.3014065310126,-3998.3014065310126,81125.17731130333,62954.36424515629,69390.23953590938,81125.17731130333
2014-07-31,20599.529665282695,26750.160549146356,18849.29300550581,20599.529665282695,-115161.78695385635,-31353.7129864553,-5716.146441365476,-32031.82254801446,-91033.22866424778,-30579.8907834508,-4707.639524935861,-4707.639524935861,-4707.639524935861,-4707.639524935861,80219.89791630348,62049.08485015645,68484.96014090953,80219.89791630348
2014-08-01,20599.529665282695,26750.160549146356,18849.29300550581,20599.529665282695,-115161.78695385635,-31353.7129864553,-5716.146441365476,-32031.82254801446,-91033.22866424778,-30579.8907834508,-4160.628458523308,-4160.628458523308,-4160.628458523308,-4160.628458523308,80217.11900555878,62046.305939411744,68482.18123016483,80217.11900555878
2014-08-04,20599.529665282695,26750.160549146356,18849.29300550581,20599.529665282695,-115161.78695385635,-31353.7129864553,-5716.146441365476,-32031.82254801446,-91033.22866424778,-30579.8907834508,-4388.815221481258,-4388.815221481258,-4388.815221481258,-4388.815221481258,80355.27379714022,62184.46073099319,68620.33602174628,80355.27379714022
2014-08-05,20599.529665282695,26750.160549146356,18849.29300550581,20599.529665282695,-115161.78695385635,-31353.7129864553,-5716.146441365476,-32031.82254801446,-91033.22866424778,-30579.8907834508,-4301.193568189745,-4301.193568189745,-4301.193568189745,-4301.193568189745,80174.08574762824,62003.272681481205,68439.14797223429,80174.08574762824
2014-08-06,20599.529665282695,26750.160549146356,18849.29300550581,20599.529665282695,-115161.78695385635,-31353.7129864553,-5716.146441365476,-32031.82254801446,-91033.22866424778,-30579.8907834508,-4301.9459753021365,-4301.9459753021365,-4301.9459753021365,-4301.9459753021365,80219.5242510559,62048.71118490887,68484.58647566196,80219.5242510559
2014-08-07,20599.529665282695,26750.160549146356,18849.29300550581,20599.529665282695,-115161.78695385635,-31353.7129864553,-5716.146441365476,-32031.82254801446,-91033.22866424778,-30579.8907834508,-4279.5641096504405,-4279.5641096504405,-4279.5641096504405,-4279.5641096504405,80340.04565932625,62169.232593179215,68605.1078839323,80340.04565932625
2014-08-08,20599.529665282695,26750.160549146356,18849.29300550581,20599.529665282695,-115161.78695385635,-31353.7129864553,-5716.146441365476,-32031.82254801446,-91033.22866424778,-30579.8907834508,-4379.345570379635,-4379.345570379635,-4379.345570379635,-4379.345570379635,80736.91145712626,62566.09839097923,69001.97368173231,80736.91145712626
2014-08-11,20599.529665282695,26750.160549146356,18849.29300550581,20599.529665282695,-115161.78695385635,-31353.7129864553,-5716.146441365476,-32031.82254801446,-91033.22866424778,-30579.8907834508,-4755.231196308974,-4755.231196308974,-4755.231196308974,-4755.231196308974,80929.18180896947,62758.36874282244,69194.24403357552,80929.18180896947
2014-08-12,20599.529665282695,26750.160549146356,18849.29300550581,20599.529665282695,-115161.78695385635,-31353.7129864553,-5716.146441365476,-32031.82254801446,-91033.22866424778,-30579.8907834508,-4891.479680028977,-4891.479680028977,-4891.479680028977,-4891.479680028977,81085.2440272863,62914.43096113927,69350.30625189235,81085.2440272863
2014-08-13,20599.529665282695,26750.160549146356,18849.29300550581,20599.529665282695,-115161.78695385635,-31353.7129864553,-5716.146441365476,-32031.82254801446,-91033.22866424778,-30579.8907834508,-4964.51681744121,-4964.51681744121,-4964.51681744121,-4964.51681744121,80940.53827578062,62769.72520963359,69205.60050038667,80940.53827578062
2014-08-14,20599.529665282695,26750.160549146356,18849.29300550581,20599.529665282695,-115161.78695385635,-31353.7129864553,-5716.146441365476,-32031.82254801446,-91033.22866424778,-30579.8907834508,-4800.508533088141,-4800.508533088141,-4800.508533088141,-4800.508533088141,80309.74523526197,62138.93216911494,68574.80745986803,80309.74523526197
2014-08-15,20599.529665282695,26750.160549146356,18849.29300550581,20599.529665282695,-115161.78695385635,-31353.7129864553,-5716.146441365476,-32031.82254801446,-91033.22866424778,-30579.8907834508,-5359.0263719889335,-5359.0263719889335,-5359.0263719889335,-5359.0263719889335,80252.91942615272,62082.10636000568,68517.98165075877,80252.91942615272
2014-08-18,20599.529665282695,26750.160549146356,18849.29300550581,20599.529665282695,-115161.78695385635,-31353.7129864553,-5716.146441365476,-32031.82254801446,-91033.22866424778,-30579.8907834508,-5359.0263719889335,-5359.0263719889335,-5359.0263719889335,-5359.0263719889335,80293.03141471208,62122.218348565046,68558.09363931813,80293.03141471208
2014-08-19,20599.529665282695,26750.160549146356,18849.29300550581,20599.529665282695,-115161.78695385635,-31353.7129864553,-5716.146441365476,-32031.82254801446,-91033.22866424778,-30579.8907834508,-5359.0263719889335,-5359.0263719889335,-5359.0263719889335,-5359.0263719889335,80090.68873815844,61919.8756720114,68355.75096276449,80090.68873815844
2014-08-20,20599.529665282695,26750.160549146356,18849.29300550581,20599.529665282695,-115161.78695385635,-31353.7129864553,-5716.146441365476,-32031.82254801446,-91033.22866424778,-30579.8907834508,-5359.0263719889335,-5359.0263719889335,-5359.0263719889335,-5359.0263719889335,79902.13810451352,61731.325038366485,68167.20032911957,79902.13810451352
2014-08-21,20599.529665282695,26750.160549146356,18849.29300550581,20599.529665282695,-115161.78695385635,-31353.7129864553,-5716.146441365476,-32031.82254801446,-91033.22866424778,-30579.8907834508,-5359.0263719889335,-5359.0263719889335,-5359.0263719889335,-5359.0263719889335,79896.4581248886,61725.64505874156,68161.52034949465,79896.4581248886
2014-08-22,20599.529665282695,26750.160549146356,18849.29300550581,20599.529665282695,-115161.78695385635,-31353.7129864553,-5716.146441365476,-32031.82254801446,-91033.22866424778,-30579.8907834508,-5359.0263719889335,-5359.0263719889335,-5359.0263719889335,-5359.0263719889335,79569.45779044228,61398.64472429524,67834.52001504833,79569.45779044228
2014-08-25,20599.529665282695,26750.160549146356,18849.29300550581,20599.529665282695,-115161.78695385635,-31353.7129864553,-5716.146441365476,-32031.82254801446,-91033.22866424778,-30579.8907834508,-5359.0263719889335,-5359.0263719889335,-5359.0263719889335,-5359.0263719889335,79798.9240551733,61628.11098902626,68063.98627977935,79798.9240551733
2014-08-26,20599.529665282695,26750.160549146356,18849.29300550581,20599.529665282695,-115161.78695385635,-31353.7129864553,-5716.146441365476,-32031.82254801446,-91033.22866424778,-30579.8907834508,-5359.0263719889335,-5359.0263719889335,-5359.0263719889335,-5359.0263719889335,79715.91372585157,61545.10065970477,67980.97595045762,79715.91372585157
2014-08-27,20599.529665282695,26750.160549146356,18849.29300550581,20599.529665282695,-115161.78695385635,-31353.7129864553,-5716.146441365476,-32031.82254801446,-91033.22866424778,-30579.8907834508,-5359.0263719889335,-5359.0263719889335,-5359.0263719889335,-5359.0263719889335,79711.5344625921,61540.721396445064,67976.59668719815,79711.5344625921
2014-08-28,20599.529665282695,26750.160549146356,18849.29300550581,20599.529665282695,-115161.78695385635,-31353.7129864553,-5716.146441365476,-32031.82254801446,-91033.22866424778,-30579.8907834508,-5359.0263719889335,-5359.0263719889335,-5359.0263719889335,-5359.0263719889335,79793.08104574378,61622.26797959674,68058.14327034983,79793.08104574378
2014-08-29,20599.529665282695,26750.160549146356,18849.29300550581,20599.529665282695,-115161.78695385635,-31353.7129864553,-5716.146441365476,-32031.82254801446,-91033.22866424778,-30579.8907834508,-5359.0263719889335,-5359.0263719889335,-5359.0263719889335,-5359.0263719889335,79650.75244844961,61479.939382302575,67915.81467305566,79650.75244844961
2014-09-02,20599.529665282695,26750.160549146356,18849.29300550581,20599.529665282695,-115161.78695385635,-31353.7129864553,-5716.146441365476,-32031.82254801446,-91033.22866424778,-30579.8907834508,-5359.0263719889335,-5359.0263719889335,-5359.0263719889335,-5359.0263719889335,79911.64658579952,61740.833519652486,68176.70881040557,79911.64658579952
2014-09-03,20599.529665282695,26750.160549146356,18849.29300550581,20599.529665282695,-115161.78695385635,-31353.7129864553,-5716.146441365476,-32031.82254801446,-91033.22866424778,-30579.8907834508,-5359.0263719889335,-5359.0263719889335,-5359.0263719889335,-5359.0263719889335,80215.26985945483,62044.45679330779,68480.33208406088,80215.26985945483
2014-09-04,20599.529665282695,26750.160549146356,18849.29300550581,20599.529665282695,-115161.78695385635,-31353.7129864553,-5716.146441365476,-32031.82254801446,-91033.22866424778,-30579.8907834508,-5359.0263719889335,-5359.0263719889335,-5359.0263719889335,-5359.0263719889335,80030.60237007635,61859.78930392931,68295.6645946824,80030.60237007635
2014-09-05,20599.529665282695,26750.160549146356,18849.29300550581,20599.529665282695,-115161.78695385635,-31353.7129864553,-5716.146441365476,-32031.82254801446,-91033.22866424778,-30579.8907834508,-5359.0263719889335,-5359.0263719889335,-5359.0263719889335,-5359.0263719889335,79777.93637353485,61607.12330738781,68042.9985981409,79777.93637353485
2014-09-08,20599.529665282695,26750.160549146356,18849.29300550581,20599.529665282695,-115161.78695385635,-31353.7129864553,-5716.146441365476,-32031.82254801446,-91033.22866424778,-30579.8907834508,-5359.0263719889335,-5359.0263719889335,-5359.0263719889335,-5359.0263719889335,79760.81779486057,61590.00472871354,68025.88001946663,79760.81779486057
2014-09-09,20599.529665282695,26750.160549146356,18849.29300550581,20599.529665282695,-115161.78695385635,-31353.7129864553,-5716.146441365476,-32031.82254801446,-91033.22866424778,-30579.8907834508,-5359.0263719889335,-5359.0263719889335,-5359.0263719889335,-5359.0263719889335,79941.85087331547,61771.03780716844,68206.91309792153,79941.85087331547
2014-09-10,20599.529665282695,26750.160549146356,18849.29300550581,20599.529665282695,-115161.78695385635,-31353.7129864553,-5716.146441365476,-32031.82254801446,-91033.22866424778,-30579.8907834508,-5359.0263719889335,-5359.0263719889335,-5359.0263719889335,-5359.0263719889335,79909.21153853508,61738.39847238804,68174.27376314113,79909.21153853508
2014-09-11,20599.529665282695,26750.160549146356,18849.29300550581,20599.529665282695,-115161.78695385635,-31353.7129864553,-5716.146441365476,-32031.82254801446,-91033.22866424778,-30579.8907834508,-5359.0263719889335,-5359.0263719889335,-5359.0263719889335,-5359.0263719889335,79887.88796568429,61717.074899537256,68152.95019029034,79887.88796568429
2014-09-12,20599.529665282695,26750.160549146356,18849.29300550581,20599.529665282695,-115161.78695385635,-31353.7129864553,-5716.146441365476,-32031.82254801446,-91033.22866424778,-30579.8907834508,-5359.0263719889335,-5359.0263719889335,-5359.0263719889335,-5359.0263719889335,79960.53076069895,61789.71769455192,68225.592985305,79960.53076069895
2014-09-15,20599.529665282695,26750.160549146356,18849.29300550581,20599.529665282695,-115161.78695385635,-31353.7129864553,-5716.146441365476,-32031.82254801446,-91033.22866424778,-30579.8907834508,-5359.0263719889335,-5359.0263719889335,-5359.0263719889335,-5359.0263719889335,80055.21682611597,61884.40375996893,68320.27905072202,80055.21682611597
2014-09-16,20599.529665282695,26750.160549146356,18849.29300550581,20599.529665282695,-115161.78695385635,-31353.7129864553,-5716.146441365476,-32031.82254801446,-91033.22866424778,-30579.8907834508,-5359.0263719889335,-5359.0263719889335,-5359.0263719889335,-5359.0263719889335,80185.87664134125,62015.06357519422,68450.9388659473,80185.87664134125
2014-09-17,20599.529665282695,26750.160549146356,18849.29300550581,20599.529665282695,-115161.78695385635,-31353.7129864553,-5716.146441365476,-32031.82254801446,-91033.22866424778,-30579.8907834508,-5359.0263719889335,-5359.0263719889335,-5359.0263719889335,-5359.0263719889335,80096.7307971688,61925.917731021764,68361.79302177485,80096.7307971688
2014-09-18,20599.529665282695,26750.160549146356,18849.29300550581,20599.529665282695,-115161.78695385635,-31353.7129864553,-5716.146441365476,-32031.82254801446,-91033.22866424778,-30579.8907834508,-5359.0263719889335,-5359.0263719889335,-5359.0263719889335,-5359.0263719889335,80077.70052596275,61906.88745981571,68342.7627505688,80077.70052596275
2014-09-19,20599.529665282695,26750.160549146356,18849.29300550581,20599.529665282695,-115161.78695385635,-31353.7129864553,-5716.146441365476,-32031.82254801446,-91033.22866424778,-30579.8907834508,-5359.0263719889335,-5359.0263719889335,-5359.0263719889335,-5359.0263719889335,79803.12458946346,61632.31152331643,68068.18681406952,79803.12458946346
2014-09-22,20599.529665282695,26750.160549146356,18849.29300550581,20599.529665282695,-115161.78695385635,-31353.7129864553,-5716.146441365476,-32031.82254801446,-91033.22866424778,-30579.8907834508,-5359.0263719889335,-5359.0263719889335,-5359.0263719889335,-5359.0263719889335,79824.53301550029,61653.71994935325,68089.59524010634,79824.53301550029
2014-09-23,20599.529665282695,26750.160549146356,18849.29300550581,20599.529665282695,-115161.78695385635,-31353.7129864553,-5716.146441365476,-32031.82254801446,-91033.22866424778,-30579.8907834508,-5359.0263719889335,-5359.0263719889335,-5359.0263719889335,-5359.0263719889335,79809.87868346646,61639.06561731943,68074.94090807252,79809.87868346646
2014-09-24,20599.529665282695,26750.160549146356,18849.29300550581,20599.529665282695,-115161.78695385635,-31353.7129864553,-5716.146441365476,-32031.82254801446,-91033.22866424778,-30579.8907834508,-5359.0263719889335,-5359.0263719889335,-5359.0263719889335,-5359.0263719889335,79844.63873733138,61673.82567118434,68109.70096193743,79844.63873733138
2014-09-25,20599.529665282695,26750.160549146356,18849.29300550581,20599.529665282695,-115161.78695385635,-31353.7129864553,-5716.146441365476,-32031.82254801446,-91033.22866424778,-30579.8907834508,-5359.0263719889335,-5359.0263719889335,-5359.0263719889335,-5359.0263719889335,79809.34360324405,61638.530537097016,68074.4058278501,79809.34360324405
2014-09-26,20599.529665282695,26750.160549146356,18849.29300550581,20599.529665282695,-115161.78695385635,-31353.7129864553,-5716.146441365476,-32031.82254801446,-91033.22866424778,-30579.8907834508,-5359.0263719889335,-5359.0263719889335,-5359.0263719889335,-5359.0263719889335,79847.49310978339,61676.680043636356,68112.55533438944,79847.49310978339
2014-09-29,20599.529665282695,26750.160549146356,18849.29300550581,20599.529665282695,-115161.78695385635,-31353.7129864553,-5716.146441365476,-32031.82254801446,-91033.22866424778,-30579.8907834508,-5359.0263719889335,-5359.0263719889335,-5359.0263719889335,-5359.0263719889335,79896.27948148153,61725.46641533449,68161.34170608758,79896.27948148153
2014-09-30,20599.529665282695,26750.160549146356,18849.29300550581,20599.529665282695,-115161.78695385635,-31353.7129864553,-5716.146441365476,-32031.82254801446,-91033.22866424778,-30579.8907834508,-5359.0263719889335,-5359.0263719889335,-5359.0263719889335,-5359.0263719889335,79892.63507854543,61721.82201239839,68157.69730315148,79892.63507854543
2014-10-01,20599.529665282695,26750.160549146356,18849.29300550581,20599.529665282695,-115161.78695385635,-31353.7129864553,-5716.146441365476,-32031.82254801446,-91033.22866424778,-30579.8907834508,-5359.0263719889335,-5359.0263719889335,-5359.0263719889335,-5359.0263719889335,79931.17894272413,61760.365876577096,68196.24116733018,79931.17894272413
2014-10-02,20599.529665282695,26750.160549146356,18849.29300550581,20599.529665282695,-115161.78695385635,-31353.7129864553,-5716.146441365476,-32031.82254801446,-91033.22866424778,-30579.8907834508,-5359.0263719889335,-5359.0263719889335,-5359.0263719889335,-5359.0263719889335,79915.97286158777,61745.15979544073,68181.03508619382,79915.97286158777
2014-10-03,20599.529665282695,26750.160549146356,18849.29300550581,20599.529665282695,-115161.78695385635,-31353.7129864553,-5716.146441365476,-32031.82254801446,-91033.22866424778,-30579.8907834508,-5359.0263719889335,-5359.0263719889335,-5359.0263719889335,-5359.0263719889335,79941.60496164532,61770.79189549829,68206.66718625138,79941.60496164532
2014-10-06,20599.529665282695,26750.160549146356,18849.29300550581,20599.529665282695,-115161.78695385635,-31353.7129864553,-5716.146441365476,-32031.82254801446,-91033.22866424778,-30579.8907834508,-5359.0263719889335,-5359.0263719889335,-5359.0263719889335,-5359.0263719889335,79991.33022671263,61820.51716056559,68256.39245131868,79991.33022671263
2014-10-07,20599.529665282695,26750.160549146356,18849.29300550581,20599.529665282695,-115161.78695385635,-31353.7129864553,-5716.146441365476,-32031.82254801446,-91033.22866424778,-30579.8907834508,-5359.0263719889335,-5359.0263719889335,-5359.0263719889335,-5359.0263719889335,79927.86702777073,61757.05396162369,68192.92925237678,79927.86702777073
2014-10-08,20599.529665282695,26750.160549146356,18849.29300550581,20599.529665282695,-115161.78695385635,-31353.7129864553,-5716.146441365476,-32031.82254801446,-91033.22866424778,-30579.8907834508,-5359.0263719889335,-5359.0263719889335,-5359.0263719889335,-5359.0263719889335,80018.58431514748,61847.77124900045,68283.64653975354,80018.58431514748
2014-10-09,20599.529665282695,26750.160549146356,18849.29300550581,20599.529665282695,-115161.78695385635,-31353.7129864553,-5716.146441365476,-32031.82254801446,-91033.22866424778,-30579.8907834508,-5359.0263719889335,-5359.0263719889335,-5359.0263719889335,-5359.0263719889335,79923.01601889147,61752.20295274444,68188.07824349753,79923.01601889147
2014-10-10,20599.529665282695,26750.160549146356,18849.29300550581,20599.529665282695,-115161.78695385635,-31353.7129864553,-5716.146441365476,-32031.82254801446,-91033.22866424778,-30579.8907834508,-5359.0263719889335,-5359.0263719889335,-5359.0263719889335,-5359.0263719889335,79814.08719554357,61643.27412939654,68079.14942014962,79814.08719554357
2014-10-13,20599.529665282695,26750.160549146356,18849.29300550581,20599.529665282695,-115161.78695385635,-31353.7129864553,-5716.146441365476,-32031.82254801446,-91033.22866424778,-30579.8907834508,-5359.0263719889335,-5359.0263719889335,-5359.0263719889335,-5359.0263719889335,79958.6109981616,61787.79793201457,68223.67322276765,79958.6109981616
2014-10-14,20599.529665282695,26750.160549146356,18849.29300550581,20599.529665282695,-115161.78695385635,-31353.7129864553,-5716.146441365476,-32031.82254801446,-91033.22866424778,-30579.8907834508,-5359.0263719889335,-5359.0263719889335,-5359.0263719889335,-5359.0263719889335,79982.92744782683,61812.1143816798,68247.98967243289,79982.92744782683
2014-10-15,20599.529665282695,26750.160549146356,18849.29300550581,20599.529665282695,-115161.78695385635,-31353.7129864553,-5716.146441365476,-32031.82254801446,-91033.22866424778,-30579.8907834508,-5359.0263719889335,-5359.0263719889335,-5359.0263719889335,-5359.0263719889335,79793.54895222024,61622.735886073206,68058.61117682629,79793.54895222024
2014-10-16,20599.529665282695,26750.160549146356,18849.29300550581,20599.529665282695,-115161.78695385635,-31353.7129864553,-5716.146441365476,-32031.82254801446,-91033.22866424778,-30579.8907834508,-5359.0263719889335,-5359.0263719889335,-5359.0263719889335,-5359.0263719889335,79932.51931449259,61761.70624834555,68197.58153909864,79932.51931449259
2014-10-17,20599.529665282695,26750.160549146356,18849.29300550581,20599.529665282695,-115161.78695385635,-31353.7129864553,-5716.146441365476,-32031.82254801446,-91033.22866424778,-30579.8907834508,-5359.0263719889335,-5359.0263719889335,-5359.0263719889335,-5359.0263719889335,79908.34350043815,61737.53043429111,68173.4057250442,79908.34350043815
2014-10-20,21557.50986895163,27708.140752815292,19807.273209174746,21557.50986895163,-114203.80675018742,-30395.732782786363,-4758.16623769654,-31073.842344345525,-90113.6572571448,-29654.51255329966,-5359.0263719889335,-5359.0263719889335,-5359.0263719889335,-5359.0263719889335,79877.55474849977,61706.74168235273,68142.61697310582,79877.55474849977
2014-10-21,22351.670257083373,28502.301140947035,20601.433597306488,22351.670257083373,-113409.64636205568,-29601.57239465462,-3964.0058495647972,-30279.681956213783,-90065.74012556893,-28451.87567864568,-5359.0263719889335,-5359.0263719889335,-5359.0263719889335,-5359.0263719889335,77904.1085661829,59733.29550003586,66169.17079078895,77904.1085661829
2014-10-22,22574.99617728032,28725.627061143983,20824.759517503437,22574.99617728032,-113186.32044185873,-29378.246474457672,-3740.6799293678487,-30056.356036016834,-90706.34413640574,-29204.032228028518,-5359.0263719889335,-5359.0263719889335,-5359.0263719889335,-5359.0263719889335,79041.72560303705,60870.91253689001,67306.7878276431,79041.72560303705
2014-10-23,22301.622377480264,28452.253261343925,20551.38571770338,22301.622377480264,-113459.69424165878,-29651.62027425773,-4014.0537291679066,-30329.729835816892,-90123.97060882149,-28315.302132371347,-5359.0263719889335,-5359.0263719889335,-5359.0263719889335,-5359.0263719889335,78271.7014209691,60100.88835482206,66536.76364557515,78271.7014209691
2014-10-24,21965.03051107307,28115.66139493673,20214.793851296185,21965.03051107307,-113796.28610806598,-29988.212140664924,-4350.969789283699,-30666.970089641283,-89696.33054493554,-27850.08067511604,-5359.0263719889335,-5359.0263719889335,-5359.0263719889335,-5359.0263719889335,77275.91936138994,59105.106295242906,65540.98158599599,77275.91936138994
2014-10-27,21547.29582415207,27697.92670801573,19797.059164375183,21547.29582415207,-114214.02079498698,-30405.946827585925,-4773.161913045915,-31093.619650244713,-90126.55125502625,-28270.84379926196,-5359.0263719889335,-5359.0263719889335,-5359.0263719889335,-5359.0263719889335,77841.31710474985,59670.50403860281,66106.3793293559,77841.31710474985
2014-10-28,22246.302848876687,28396.93373274035,20496.0661890998,22246.302848876687,-113515.01377026236,-29706.939802861307,-4037.0199279078515,-30320.34270469309,-89197.87578250514,-27477.75428900041,-5359.0263719889335,-5359.0263719889335,-5359.0263719889335,-5359.0263719889335,77469.36585395201,59298.552787804976,65734.42807855806,77469.36585395201
2014-10-29,22012.89166925999,28163.52255312365,20262.655009483104,22012.89166925999,-113748.42494987906,-29940.350982478005,-4275.381800442003,-30563.655270144693,-89375.53491970152,-27622.9410167702,-5359.0263719889335,-5359.0263719889335,-5359.0263719889335,-5359.0263719889335,77406.67409818247,59235.861032035435,65671.73632278852,77406.67409818247
2014-10-30,22248.51351141208,28399.14439527574,20498.276851635193,22248.51351141208,-113512.80310772697,-29704.729140325915,-4018.8004166068276,-30286.114344626432,-88853.42366580549,-27246.304427809315,-5359.0263719889335,-5359.0263719889335,-5359.0263719889335,-5359.0263719889335,77280.31470065564,59109.501634508604,65545.37692526169,77280.31470065564
2014-10-31,23200.38585201034,29351.016735874,21450.149192233454,23200.38585201034,-112560.93076712871,-28752.856799727655,-3030.234775343095,-29260.855402697343,-87641.78407318599,-26330.53540907905,-5359.0263719889335,-5359.0263719889335,-5359.0263719889335,-5359.0263719889335,76207.42397236452,58036.61090621748,64472.48619697057,76207.42397236452
2014-11-03,23039.336419560364,29189.967303424026,21289.09975978348,23039.336419560364,-112721.98019957868,-28913.90623217763,-3184.3541732502636,-29408.044766061706,-87790.66280795925,-26493.07450209651,-5359.0263719889335,-5359.0263719889335,-5359.0263719889335,-5359.0263719889335,76806.80992027512,58635.99685412808,65071.87214488117,76806.80992027512
2014-11-04,22782.149025833118,28932.77990969678,21031.912366056233,22782.149025833118,-112979.16759330593,-29171.093625904876,-3485.621746086399,-29753.39251800673,-88197.52780626959,-26804.583655740716,-5359.0263719889335,-5359.0263719889335,-5359.0263719889335,-5359.0263719889335,76473.88842272921,58303.07535658218,64738.95064733527,76473.88842272921
2014-11-05,22995.31414034858,29145.94502421224,21245.077480571694,22995.31414034858,-112766.00247879047,-28957.928511389415,-3192.4868471740047,-29380.287834697403,-87664.50897821132,-26460.572788086953,-5359.0263719889335,-5359.0263719889335,-5359.0263719889335,-5359.0263719889335,76248.44226594595,58077.62919979892,64513.504490552004,76248.44226594595
2014-11-06,23502.862756933435,29653.493640797096,21752.62609715655,23502.862756933435,-112258.45386220561,-28450.37989480456,-2633.9315347213997,-28770.72582637705,-87043.56184937817,-25945.626055182074,-5359.0263719889335,-5359.0263719889335,-5359.0263719889335,-5359.0263719889335,76864.97242895397,58694.15936280694,65130.034653560026,76864.97242895397
2014-11-07,23531.562173547107,29682.19305741077,21781.32551377022,23531.562173547107,-112229.75444559194,-28421.680478190887,-2593.409999026917,-28718.38217160164,-87158.3986765194,-26082.497878802475,-5359.0263719889335,-5359.0263719889335,-5359.0263719889335,-5359.0263719889335,77118.70933605474,58947.89626990771,65383.771560660796,77118.70933605474
2014-11-10,23524.33579328051,29674.96667714417,21774.099133503623,23524.33579328051,-112236.98082585854,-28428.906858457485,-2564.948061770294,-28654.23191682191,-87096.44541764585,-26091.43347423314,-5359.0263719889335,-5359.0263719889335,-5359.0263719889335,-5359.0263719889335,77620.107507715,59449.29444156797,65885.16973232105,77620.107507715
2014-11-11,23164.391116976854,29315.022000840516,21414.15445719997,23164.391116976854,-112596.9255021622,-28788.85153476114,-2913.739424957079,-28991.86996689171,-87459.35714717314,-26471.659817442996,-5359.0263719889335,-5359.0263719889335,-5359.0263719889335,-5359.0263719889335,78355.36349227675,60184.55042612972,66620.4257168828,78355.36349227675
2014-11-12,23481.87978137657,29632.510665240232,21731.643121599685,23481.87978137657,-112279.43683776248,-28471.362870361423,-2608.514109213138,-28698.90799980343,-87183.18061164184,-26178.428560719127,-5359.0263719889335,-5359.0263719889335,-5359.0263719889335,-5359.0263719889335,78870.13034644723,60699.317280300194,67135.19257105328,78870.13034644723
2014-11-13,23362.553792766877,29513.18467663054,21612.317132989992,23362.553792766877,-112398.76282637217,-28590.688858971116,-2715.022250591195,-28792.598293949733,-87412.04907793226,-26424.35033870011,-5359.0263719889335,-5359.0263719889335,-5359.0263719889335,-5359.0263719889335,79760.23059741594,61589.417531268904,68025.29282202199,79760.23059741594
2014-11-14,23523.112812484847,29673.74369634851,21772.876152707962,23523.112812484847,-112238.2038066542,-28430.129839253146,-2552.290503772907,-28627.693820031243,-87305.68412897561,-26320.856645694585,-5359.0263719889335,-5359.0263719889335,-5359.0263719889335,-5359.0263719889335,79854.1008741972,61683.28780805017,68119.16309880326,79854.1008741972
2014-11-17,23560.584101473214,29711.214985336876,21810.34744169633,23560.584101473214,-112200.73251766583,-28392.65855026478,-2511.50604957249,-28583.596200618776,-87264.35136030882,-26285.40782717173,-5359.0263719889335,-5359.0263719889335,-5359.0263719889335,-5359.0263719889335,80214.58216400421,62043.76909785718,68479.64438861026,80214.58216400421
2014-11-18,24031.090588435298,30181.72147229896,22280.853928658413,24031.090588435298,-111730.22603070375,-27922.152063302696,-2010.928625989356,-28052.947840414592,-86925.18768497906,-25963.254662850988,-5359.0263719889335,-5359.0263719889335,-5359.0263719889335,-5359.0263719889335,80132.69192558387,61961.87885943684,68397.75415018992,80132.69192558387
2014-11-19,23872.002908858238,30022.6337927219,22121.766249081353,23872.002908858238,-111889.31371028081,-28081.239742879756,-2178.425443452783,-28228.853795764502,-86963.56800548802,-26001.064518279396,-5359.0263719889335,-5359.0263719889335,-5359.0263719889335,-5359.0263719889335,79045.66364363814,60874.8505774911,67310.72586824419,79045.66364363814
2014-11-20,23977.961021487834,30128.591905351495,22227.72436171095,23977.961021487834,-111783.35559765121,-27975.28163025016,-2063.2932513267733,-28104.547524141963,-86897.08153949375,-25934.6475377935,-5359.0263719889335,-5359.0263719889335,-5359.0263719889335,-5359.0263719889335,78322.88450532872,60152.07143918169,66587.94672993477,78322.88450532872
2014-11-21,25166.270971646532,31316.901855510194,23416.034311869647,25166.270971646532,-110595.04564749252,-26786.97168009146,-846.9509434286738,-26860.172858504346,-85916.31120012642,-24953.877248798264,-5359.0263719889335,-5359.0263719889335,-5359.0263719889335,-5359.0263719889335,77921.9720238368,59751.15895768977,66187.03424844285,77921.9720238368
2014-11-24,25166.270971646532,31316.901855510194,23416.034311869647,25166.270971646532,-110595.04564749252,-26786.97168009146,-846.9509434286738,-26860.172858504346,-85916.31120012642,-24953.877248798264,-5359.0263719889335,-5359.0263719889335,-5359.0263719889335,-5359.0263719889335,77963.15640708199,59792.34334093495,66228.21863168804,77963.15640708199
2014-11-25,25166.270971646532,31316.901855510194,23416.034311869647,25166.270971646532,-110595.04564749252,-26786.97168009146,-846.9509434286738,-26860.172858504346,-85916.31120012642,-24953.877248798264,-5359.0263719889335,-5359.0263719889335,-5359.0263719889335,-5359.0263719889335,78006.1482339513,59835.33516780427,66271.21045855735,78006.1482339513
2014-11-26,25166.270971646532,31316.901855510194,23416.034311869647,25166.270971646532,-110595.04564749252,-26786.97168009146,-846.9509434286738,-26860.172858504346,-85916.31120012642,-24953.877248798264,-5359.0263719889335,-5359.0263719889335,-5359.0263719889335,-5359.0263719889335,77879.49205125403,59708.67898510699,66144.55427586008,77879.49205125403
2014-11-28,25166.270971646532,31316.901855510194,23416.034311869647,25166.270971646532,-110595.04564749252,-26786.97168009146,-846.9509434286738,-26860.172858504346,-85916.31120012642,-24953.877248798264,-5359.0263719889335,-5359.0263719889335,-5359.0263719889335,-5359.0263719889335,77704.7568224608,59533.94375631376,65969.81904706685,77704.7568224608
2014-12-01,25166.270971646532,31316.901855510194,23416.034311869647,25166.270971646532,-110595.04564749252,-26786.97168009146,-846.9509434286738,-26860.172858504346,-85916.31120012642,-24953.877248798264,-5359.0263719889335,-5359.0263719889335,-5359.0263719889335,-5359.0263719889335,78137.49295280827,59966.67988666124,66402.55517741432,78137.49295280827
2014-12-02,25166.270971646532,31316.901855510194,23416.034311869647,25166.270971646532,-110595.04564749252,-26786.97168009146,-846.9509434286738,-26860.172858504346,-85916.31120012642,-24953.877248798264,-5359.0263719889335,-5359.0263719889335,-5359.0263719889335,-5359.0263719889335,78240.04169847956,60069.228632332524,66505.10392308561,78240.04169847956
2014-12-03,25166.270971646532,31316.901855510194,23416.034311869647,25166.270971646532,-110595.04564749252,-26786.97168009146,-846.9509434286738,-26860.172858504346,-85916.31120012642,-24953.877248798264,-5359.0263719889335,-5359.0263719889335,-5359.0263719889335,-5359.0263719889335,78334.13008847483,60163.3170223278,66599.19231308089,78334.13008847483
2014-12-04,25166.270971646532,31316.901855510194,23416.034311869647,25166.270971646532,-110595.04564749252,-26786.97168009146,-846.9509434286738,-26860.172858504346,-85916.31120012642,-24953.877248798264,-5359.0263719889335,-5359.0263719889335,-5359.0263719889335,-5359.0263719889335,78440.28428985667,60269.47122370964,66705.34651446273,78440.28428985667
2014-12-05,25166.270971646532,31316.901855510194,23416.034311869647,25166.270971646532,-110595.04564749252,-26786.97168009146,-846.9509434286738,-26860.172858504346,-85916.31120012642,-24953.877248798264,-5359.0263719889335,-5359.0263719889335,-5359.0263719889335,-5359.0263719889335,78548.69072055072,60377.87765440368,66813.75294515677,78548.69072055072
2014-12-08,25166.270971646532,31316.901855510194,23416.034311869647,25166.270971646532,-110595.04564749252,-26786.97168009146,-846.9509434286738,-26860.172858504346,-85916.31120012642,-24953.877248798264,-5359.0263719889335,-5359.0263719889335,-5359.0263719889335,-5359.0263719889335,78579.89761544601,60409.084549298976,66844.95984005206,78579.89761544601
2014-12-09,25166.270971646532,31316.901855510194,23416.034311869647,25166.270971646532,-110595.04564749252,-26786.97168009146,-846.9509434286738,-26860.172858504346,-85916.31120012642,-24953.877248798264,-5359.0263719889335,-5359.0263719889335,-5359.0263719889335,-5359.0263719889335,78729.43055504002,60558.61748889298,66994.49277964607,78729.43055504002
2014-12-10,25166.270971646532,31316.901855510194,23416.034311869647,25166.270971646532,-110595.04564749252,-26786.97168009146,-846.9509434286738,-26860.172858504346,-85916.31120012642,-24953.877248798264,-5359.0263719889335,-5359.0263719889335,-5359.0263719889335,-5359.0263719889335,78619.45861686463,60448.6455507176,66884.52084147069,78619.45861686463
2014-12-11,25166.270971646532,31316.901855510194,23416.034311869647,25166.270971646532,-110595.04564749252,-26786.97168009146,-846.9509434286738,-26860.172858504346,-85916.31120012642,-24953.877248798264,-5359.0263719889335,-5359.0263719889335,-5359.0263719889335,-5359.0263719889335,78691.11566570983,60520.3025995628,66956.17789031588,78691.11566570983
2014-12-12,25166.270971646532,31316.901855510194,23416.034311869647,25166.270971646532,-110595.04564749252,-26786.97168009146,-846.9509434286738,-26860.172858504346,-85916.31120012642,-24953.877248798264,-5359.0263719889335,-5359.0263719889335,-5359.0263719889335,-5359.0263719889335,78223.01434580749,60052.201279660454,66488.07657041354,78223.01434580749
2014-12-15,25166.270971646532,31316.901855510194,23416.034311869647,25166.270971646532,-110595.04564749252,-26786.97168009146,-846.9509434286738,-26860.172858504346,-85916.31120012642,-24953.877248798264,-5359.0263719889335,-5359.0263719889335,-5359.0263719889335,-5359.0263719889335,78271.79349163943,60100.980425492395,66536.85571624548,78271.79349163943
2014-12-16,25166.270971646532,31316.901855510194,23416.034311869647,25166.270971646532,-110595.04564749252,-26786.97168009146,-846.9509434286738,-26860.172858504346,-85916.31120012642,-24953.877248798264,-5359.0263719889335,-5359.0263719889335,-5359.0263719889335,-5359.0263719889335,78508.69854337326,60337.88547722623,66773.76076797931,78508.69854337326
2014-12-17,25166.270971646532,31316.901855510194,23416.034311869647,25166.270971646532,-110595.04564749252,-26786.97168009146,-846.9509434286738,-26860.172858504346,-85916.31120012642,-24953.877248798264,-5359.0263719889335,-5359.0263719889335,-5359.0263719889335,-5359.0263719889335,78532.74289256753,60361.9298264205,66797.80511717359,78532.74289256753
2014-12-18,25166.270971646532,31316.901855510194,23416.034311869647,25166.270971646532,-110595.04564749252,-26786.97168009146,-846.9509434286738,-26860.172858504346,-85916.31120012642,-24953.877248798264,-5359.0263719889335,-5359.0263719889335,-5359.0263719889335,-5359.0263719889335,77723.11222886061,59552.29916271358,65988.17445346666,77723.11222886061
2014-12-19,25166.270971646532,31316.901855510194,23416.034311869647,25166.270971646532,-110595.04564749252,-26786.97168009146,-846.9509434286738,-26860.172858504346,-85916.31120012642,-24953.877248798264,-5359.0263719889335,-5359.0263719889335,-5359.0263719889335,-5359.0263719889335,77365.37054281938,59194.557476672344,65630.43276742543,77365.37054281938
2014-12-22,25166.270971646532,31316.901855510194,23416.034311869647,25166.270971646532,-110595.04564749252,-26786.97168009146,-846.9509434286738,-26860.172858504346,-85916.31120012642,-24953.877248798264,-5359.0263719889335,-5359.0263719889335,-5359.0263719889335,-5359.0263719889335,77365.37054281938,59194.557476672344,65630.43276742543,77365.37054281938
2014-12-23,25166.270971646532,31316.901855510194,23416.034311869647,25166.270971646532,-110595.04564749252,-26786.97168009146,-846.9509434286738,-26860.172858504346,-85916.31120012642,-24953.877248798264,-5359.0263719889335,-5359.0263719889335,-5359.0263719889335,-5359.0263719889335,77365.37054281938,59194.557476672344,65630.43276742543,77365.37054281938
2014-12-24,25166.270971646532,31316.901855510194,23416.034311869647,25166.270971646532,-110595.04564749252,-26786.97168009146,-846.9509434286738,-26860.172858504346,-85916.31120012642,-24953.877248798264,-5359.0263719889335,-5359.0263719889335,-5359.0263719889335,-5359.0263719889335,77365.37054281938,59194.557476672344,65630.43276742543,77365.37054281938
2014-12-26,25166.270971646532,31316.901855510194,23416.034311869647,25166.270971646532,-110595.04564749252,-26786.97168009146,-846.9509434286738,-26860.172858504346,-85916.31120012642,-24953.877248798264,-5359.0263719889335,-5359.0263719889335,-5359.0263719889335,-5359.0263719889335,77365.37054281938,59194.557476672344,65630.43276742543,77365.37054281938
2014-12-29,25166.270971646532,31316.901855510194,23416.034311869647,25166.270971646532,-110595.04564749252,-26786.97168009146,-846.9509434286738,-26860.172858504346,-85916.31120012642,-24953.877248798264,-5359.0263719889335,-5359.0263719889335,-5359.0263719889335,-5359.0263719889335,77365.37054281938,59194.557476672344,65630.43276742543,77365.37054281938
2014-12-30,25166.270971646532,31316.901855510194,23416.034311869647,25166.270971646532,-110595.04564749252,-26786.97168009146,-846.9509434286738,-26860.172858504346,-85916.31120012642,-24953.877248798264,-5359.0263719889335,-5359.0263719889335,-5359.0263719889335,-5359.0263719889335,77365.37054281938,59194.557476672344,65630.43276742543,77365.37054281938
2014-12-31,25166.270971646532,31316.901855510194,23416.034311869647,25166.270971646532,-110595.04564749252,-26786.97168009146,-846.9509434286738,-26860.172858504346,-85916.31120012642,-24953.877248798264,-5359.0263719889335,-5359.0263719889335,-5359.0263719889335,-5359.0263719889335,77365.37054281938,59194.557476672344,65630.43276742543,77365.37054281938
2015-01-02,25166.270971646532,31316.901855510194,23416.034311869647,25166.270971646532,-110595.04564749252,-26786.97168009146,-846.9509434286738,-26860.172858504346,-85916.31120012642,-24953.877248798264,-5359.0263719889335,-5359.0263719889335,-5359.0263719889335,-5359.0263719889335,77365.37054281938,59194.557476672344,65630.43276742543,77365.37054281938
2015-01-05,25166.270971646532,31316.901855510194,23416.034311869647,25166.270971646532,-110595.04564749252,-26786.97168009146,-846.9509434286738,-26860.172858504346,-85916.31120012642,-24953.877248798264,-5359.0263719889335,-5359.0263719889335,-5359.0263719889335,-5359.0263719889335,77365.37054281938,59194.557476672344,65630.43276742543,77365.37054281938
2015-01-06,25166.270971646532,31316.901855510194,23416.034311869647,25166.270971646532,-110595.04564749252,-26786.97168009146,-846.9509434286738,-26860.172858504346,-85916.31120012642,-24953.877248798264,-5359.0263719889335,-5359.0263719889335,-5359.0263719889335,-5359.0263719889335,77365.37054281938,59194.557476672344,65630.43276742543,77365.37054281938
2015-01-07,25166.270971646532,31316.901855510194,23416.034311869647,25166.270971646532,-110595.04564749252,-26786.97168009146,-846.9509434286738,-26860.172858504346,-85916.31120012642,-24953.877248798264,-5359.0263719889335,-5359.0263719889335,-5359.0263719889335,-5359.0263719889335,77365.37054281938,59194.557476672344,65630.43276742543,77365.37054281938
2015-01-08,25166.270971646532,31316.901855510194,23416.034311869647,25166.270971646532,-110595.04564749252,-26786.97168009146,-846.9509434286738,-26860.172858504346,-85916.31120012642,-24953.877248798264,-5359.0263719889335,-5359.0263719889335,-5359.0263719889335,-5359.0263719889335,77365.37054281938,59194.557476672344,65630.43276742543,77365.37054281938
2015-01-09,25166.270971646532,31316.901855510194,23416.034311869647,25166.270971646532,-110595.04564749252,-26786.97168009146,-846.9509434286738,-26860.172858504346,-85916.31120012642,-24953.877248798264,-5359.0263719889335,-5359.0263719889335,-5359.0263719889335,-5359.0263719889335,77365.37054281938,59194.557476672344,65630.43276742543,77365.37054281938
2015-01-12,25166.270971646532,31316.901855510194,23416.034311869647,25166.270971646532,-110595.04564749252,-26786.97168009146,-846.9509434286738,-26860.172858504346,-85916.31120012642,-24953.877248798264,-5359.0263719889335,-5359.0263719889335,-5359.0263719889335,-5359.0263719889335,77365.37054281938,59194.557476672344,65630.43276742543,77365.37054281938
2015-01-13,25166.270971646532,31316.901855510194,23416.034311869647,25166.270971646532,-110595.04564749252,-26786.97168009146,-846.9509434286738,-26860.172858504346,-85916.31120012642,-24953.877248798264,-5359.0263719889335,-5359.0263719889335,-5359.0263719889335,-5359.0263719889335,77365.37054281938,59194.557476672344,65630.43276742543,77365.37054281938
2015-01-14,25166.270971646532,31316.901855510194,23416.034311869647,25166.270971646532,-110595.04564749252,-26786.97168009146,-846.9509434286738,-26860.172858504346,-85916.31120012642,-24953.877248798264,-5359.0263719889335,-5359.0263719889335,-5359.0263719889335,-5359.0263719889335,77365.37054281938,59194.557476672344,65630.43276742543,77365.37054281938
2015-01-15,25166.270971646532,31316.901855510194,23416.034311869647,25166.270971646532,-110595.04564749252,-26786.97168009146,-846.9509434286738,-26860.172858504346,-85916.31120012642,-24953.877248798264,-5359.0263719889335,-5359.0263719889335,-5359.0263719889335,-5359.0263719889335,77365.37054281938,59194.557476672344,65630.43276742543,77365.37054281938
2015-01-16,25166.270971646532,31316.901855510194,23416.034311869647,25166.270971646532,-110595.04564749252,-26786.97168009146,-846.9509434286738,-26860.172858504346,-85916.31120012642,-24953.877248798264,-5359.0263719889335,-5359.0263719889335,-5359.0263719889335,-5359.0263719889335,77365.37054281938,59194.557476672344,65630.43276742543,77365.37054281938
2015-01-20,23786.809084333712,29937.439968197374,22036.572424556827,23786.809084333712,-111974.50753480534,-28166.43356740428,-2226.412830741494,-28239.634745817166,-87340.34555837035,-26370.350254693883,-5359.0263719889335,-5359.0263719889335,-5359.0263719889335,-5359.0263719889335,77693.5409565533,59522.72789040627,65958.60318115936,77693.5409565533
2015-01-21,24715.831912129303,30866.462795992964,22965.595252352417,24715.831912129303,-111045.48470700975,-27237.41073960869,-1297.3900029459037,-27310.611918021576,-87341.43208853411,-25988.157761546317,-5359.0263719889335,-5359.0263719889335,-5359.0263719889335,-5359.0263719889335,77783.22016928298,59612.40710313595,66048.28239388904,77783.22016928298
2015-01-22,23928.342493454926,30078.973377318587,22178.10583367804,23928.342493454926,-111832.974125684,-28024.900158283068,-2084.879421620164,-28098.101336695952,-87678.42284849868,-25431.10627468559,-5359.0263719889335,-5359.0263719889335,-5359.0263719889335,-5359.0263719889335,77466.32733299979,59295.514266852755,65731.38955760584,77466.32733299979
2015-01-23,24907.971670069965,31058.602553933626,23157.73501029308,24907.971670069965,-110853.34494906908,-27045.27098166803,-1105.2502450052416,-27118.472160080913,-87466.39752286079,-25346.612502306118,-5359.0263719889335,-5359.0263719889335,-5359.0263719889335,-5359.0263719889335,77732.12242170842,59561.30935556162,65997.18464631448,77732.12242170842
2015-01-26,24622.182693564566,30772.813577428227,22871.94603378768,24622.182693564566,-111139.13392557448,-27331.059958173428,-1392.0203685010783,-27406.22343056719,-87482.25972457824,-25284.960773579194,-5359.0263719889335,-5359.0263719889335,-5359.0263719889335,-5359.0263719889335,78138.70993663394,59967.896870486904,66403.77216123999,78138.70993663394
2015-01-27,25117.302093650447,31267.93297751411,23367.065433873562,25117.302093650447,-110644.0145254886,-26835.940558087546,-767.4818834838225,-26652.26586061844,-86744.81258762407,-24803.24972076353,-5359.0263719889335,-5359.0263719889335,-5359.0263719889335,-5359.0263719889335,77949.18181980145,59778.36875365442,66214.2440444075,77949.18181980145
2015-01-28,25520.46084554703,31671.09172941069,23770.224185770145,25520.46084554703,-110240.85577359202,-26432.781806190964,-240.15637136355508,-26000.773588274373,-85930.61933412682,-24631.216448472347,-5359.0263719889335,-5359.0263719889335,-5359.0263719889335,-5359.0263719889335,76891.55393916019,58720.74087301316,65156.616163766244,76891.55393916019
2015-01-29,26844.17161656206,32994.80250042572,25093.934956785175,26844.17161656206,-108917.14500257699,-25109.071035175934,995.2040897291154,-24853.76343710418,-85732.06549537671,-23599.87821064645,-5359.0263719889335,-5359.0263719889335,-5359.0263719889335,-5359.0263719889335,76512.55465432093,58341.7415881739,64777.61687892699,76512.55465432093
2015-01-30,26943.953329684096,33094.58421354776,25193.71666990721,26943.953329684096,-108817.36328945495,-25009.289322053897,1216.2845231645042,-24511.38428335532,-85938.35537292052,-24509.991800347925,-5359.0263719889335,-5359.0263719889335,-5359.0263719889335,-5359.0263719889335,75826.32542910846,57655.512362961425,64091.38765371451,75826.32542910846
2015-02-02,26253.59909156547,32404.22997542913,24503.362431788584,26253.59909156547,-109507.71752757358,-25699.643560172524,406.65172646648716,-25440.295638632728,-86321.39206580794,-23671.123424179154,-5359.0263719889335,-5359.0263719889335,-5359.0263719889335,-5359.0263719889335,77390.21270923573,59219.39964308869,65655.27493384178,77390.21270923573
2015-02-03,26575.676373061375,32726.307256925036,24825.43971328449,26575.676373061375,-109185.64024607767,-25377.56627867662,398.65009989996906,-25778.37617326167,-86680.76036170276,-23365.770750244264,-5359.0263719889335,-5359.0263719889335,-5359.0263719889335,-5359.0263719889335,76937.9714019529,58767.15833580587,65203.03362655896,76937.9714019529
2015-02-04,28273.160696392762,34423.791580256424,26522.924036615877,28273.160696392762,-107488.15592274629,-23680.08195534523,2184.2976833219873,-23904.56532974902,-85829.41915110382,-22516.44733975723,-5359.0263719889335,-5359.0263719889335,-5359.0263719889335,-5359.0263719889335,77049.48827624205,58878.67521009501,65314.5505008481,77049.48827624205
2015-02-05,28009.573305405793,34160.204189269454,26259.336645628908,28009.573305405793,-107751.74331373326,-23943.6693463322,1687.8364395411918,-24633.900426323526,-86129.73427389748,-22748.92371480656,-5359.0263719889335,-5359.0263719889335,-5359.0263719889335,-5359.0263719889335,76881.46546890563,58710.6524027586,65146.527693511685,76881.46546890563
2015-02-06,28597.658738173195,34748.28962203686,26847.42207839631,28597.658738173195,-107163.65788096585,-23355.5839135648,2340.361672580475,-23916.93539301236,-86087.01643524563,-22650.861443937058,-5359.0263719889335,-5359.0263719889335,-5359.0263719889335,-5359.0263719889335,76441.95574545884,58271.1426793118,64707.01797006489,76441.95574545884
2015-02-09,28857.153242381755,35007.78412624542,27106.91658260487,28857.153242381755,-106904.1633767573,-23096.08940935624,2700.4616557603003,-23456.229930861387,-86330.51559022348,-22810.335203696042,-5359.0263719889335,-5359.0263719889335,-5359.0263719889335,-5359.0263719889335,77038.8998770623,58868.086810915265,65303.96210166835,77038.8998770623
2015-02-10,29026.552970817662,35177.18385468132,27276.316311040777,29026.552970817662,-106734.76364832139,-22926.68968092033,2985.7777333700797,-23054.99750407762,-85940.73271137464,-22649.9449365373,-5359.0263719889335,-5359.0263719889335,-5359.0263719889335,-5359.0263719889335,77271.35585060762,59100.54278446059,65536.41807521367,77271.35585060762
2015-02-11,28989.875170652755,35140.506054516416,27239.63851087587,28989.875170652755,-106771.4414484863,-22963.36748108524,2955.478571946849,-23078.918026759056,-85850.78951062995,-22586.375403392245,-5359.0263719889335,-5359.0263719889335,-5359.0263719889335,-5359.0263719889335,77156.65686963475,58985.84380348772,65421.719094240805,77156.65686963475
2015-02-12,29030.74781736126,35181.37870122492,27280.511157584377,29030.74781736126,-106730.56880177779,-22922.494834376732,3102.164938392816,-22826.41794057563,-84789.97290974122,-22022.646251154016,-5359.0263719889335,-5359.0263719889335,-5359.0263719889335,-5359.0263719889335,75924.98794070422,57754.17487455718,64190.05016531027,75924.98794070422
2015-02-13,28946.851081213914,35097.481965077575,27196.61442143703,28946.851081213914,-106814.46553792513,-23006.39157052408,3063.992939393851,-22818.865202426095,-84521.26100327738,-22012.51810861181,-5359.0263719889335,-5359.0263719889335,-5359.0263719889335,-5359.0263719889335,75755.40408041934,57584.5910142723,64020.46630502539,75755.40408041934
2015-02-17,28294.91043578263,34445.54131964629,26544.673776005744,28294.91043578263,-107466.40618335642,-23658.332215955365,2426.06375437486,-23442.78292703291,-85025.27243801032,-22618.560384287033,-5359.0263719889335,-5359.0263719889335,-5359.0263719889335,-5359.0263719889335,76134.0479695471,57963.234903400065,64399.11019415315,76134.0479695471
2015-02-18,27885.193089889246,34035.82397375291,26134.95643011236,27885.193089889246,-107876.1235292498,-24068.049561848748,2020.7872821588535,-23843.618525571655,-85431.75879284844,-23032.613972441526,-5359.0263719889335,-5359.0263719889335,-5359.0263719889335,-5359.0263719889335,76886.1888432838,58715.37577713677,65151.251067889854,76886.1888432838
2015-02-19,27418.42838059482,33569.05926445848,25668.191720817937,27418.42838059482,-108342.88823854423,-24534.814271143172,1520.7959806136787,-24376.83641936758,-85982.92455732555,-23505.34873000998,-5359.0263719889335,-5359.0263719889335,-5359.0263719889335,-5359.0263719889335,76862.97716515348,58692.16409900645,65128.039389759535,76862.97716515348
2015-02-20,29750.567167688278,35901.19805155194,28000.330507911392,29750.567167688278,-106010.74945145077,-22202.675484049716,4131.943010323914,-21486.68114704045,-82320.72175073402,-20635.449369507143,-5359.0263719889335,-5359.0263719889335,-5359.0263719889335,-5359.0263719889335,76439.34929571161,58268.536229564575,64704.41152031766,76439.34929571161
2015-02-23,29497.987861668924,35648.618745532585,27747.75120189204,29497.987861668924,-106263.32875747012,-22455.25479006907,3879.36370430456,-21739.260453059804,-82621.56551442295,-20928.04938780039,-5359.0263719889335,-5359.0263719889335,-5359.0263719889335,-5359.0263719889335,76507.08682225342,58336.273756106384,64772.14904685947,76507.08682225342
2015-02-24,29009.56109739514,35160.1919812588,27259.324437618256,29009.56109739514,-106751.75552174391,-22943.681554342853,3390.936940030777,-22227.687217333587,-82269.65891316743,-20340.395529157948,-5359.0263719889335,-5359.0263719889335,-5359.0263719889335,-5359.0263719889335,76513.0312440584,58342.21817791136,64778.09346866445,76513.0312440584
2015-02-25,28701.19868182973,34851.82956569339,26950.962022052845,28701.19868182973,-107060.11793730932,-23252.043969908264,3082.5745244653663,-22536.049632898998,-82106.26594260836,-20234.014583097538,-5359.0263719889335,-5359.0263719889335,-5359.0263719889335,-5359.0263719889335,76582.26062720432,58411.447561057284,64847.32285181037,76582.26062720432
2015-02-26,29172.366066975752,35322.99695083941,27422.129407198867,29172.366066975752,-106588.9505521633,-22780.87658476224,3553.741909611388,-22064.882247752976,-81747.42802849505,-19955.604529013508,-5359.0263719889335,-5359.0263719889335,-5359.0263719889335,-5359.0263719889335,76226.7166159309,58055.90354978386,64491.77884053695,76226.7166159309
2015-02-27,29971.652289922233,36122.283173785894,28221.415630145348,29971.652289922233,-105789.66432921682,-21981.59036181576,4348.772272352944,-21274.10774521646,-80869.63414323679,-19318.27072248992,-5359.0263719889335,-5359.0263719889335,-5359.0263719889335,-5359.0263719889335,76352.46495348029,58181.65188733325,64617.52717808634,76352.46495348029
2015-03-02,29282.13230174803,35432.76318561169,27531.895641971147,29282.13230174803,-106479.18431739102,-22671.110349989962,3390.5564086347586,-22501.019484478747,-82115.06121131638,-20022.224148647627,-5359.0263719889335,-5359.0263719889335,-5359.0263719889335,-5359.0263719889335,76571.72495248984,58400.9118863428,64836.78717709589,76571.72495248984
2015-03-03,29385.42093163391,35536.05181549757,27635.184271857026,29385.42093163391,-106375.89568750514,-22567.821720104082,3669.6085059817415,-22046.20391967066,-82020.36869473255,-20109.842314742506,-5359.0263719889335,-5359.0263719889335,-5359.0263719889335,-5359.0263719889335,76713.11482988298,58542.301763735944,64978.17705448903,76713.11482988298
2015-03-04,29958.64863407414,36109.2795179378,28208.411974297254,29958.64863407414,-105802.66798506491,-21994.594017663854,4422.640215364983,-21113.368203344406,-81188.30660363659,-19535.42673994042,-5359.0263719889335,-5359.0263719889335,-5359.0263719889335,-5359.0263719889335,76862.80197443953,58691.98890829249,65127.86419904558,76862.80197443953
2015-03-05,29581.01228913106,35731.64317299472,27830.775629354175,29581.01228913106,-106180.30433000799,-22372.230362606933,3998.530183899915,-21583.951921331463,-81493.63648102153,-19750.16013438173,-5359.0263719889335,-5359.0263719889335,-5359.0263719889335,-5359.0263719889335,76874.37428246834,58703.56121632131,65139.436507074395,76874.37428246834
2015-03-06,30415.38211183506,36566.01299569872,28665.145452058176,30415.38211183506,-105345.93450730399,-21537.860539902933,5426.870600604219,-19561.640910626855,-79821.9946727861,-19082.38783727691,-5359.0263719889335,-5359.0263719889335,-5359.0263719889335,-5359.0263719889335,76867.65424097469,58696.841174827656,65132.71646558074,76867.65424097469
2015-03-09,30429.781656098785,36580.412539962446,28679.5449963219,30429.781656098785,-105331.53496304026,-21523.46099563921,5100.515314496704,-20228.751027105493,-80507.26671393798,-19082.39839779213,-5359.0263719889335,-5359.0263719889335,-5359.0263719889335,-5359.0263719889335,76958.0096272172,58787.19656107016,65223.071851823246,76958.0096272172
2015-03-10,32195.140663428465,38345.771547292126,30444.90400365158,32195.140663428465,-103656.17595571058,-19758.10198830953,8205.05503937765,-15785.030584673397,-77161.38698054629,-17792.910662644194,-5359.0263719889335,-5359.0263719889335,-5359.0263719889335,-5359.0263719889335,77020.77925193892,58849.96618579188,65285.84147654497,77020.77925193892
2015-03-11,32271.91363961296,38422.54452347662,30521.676979836076,32271.91363961296,-101471.69825441448,-19681.329012125032,8472.023242143332,-15327.86715532653,-75918.06995423802,-17154.01090309897,-5359.0263719889335,-5359.0263719889335,-5359.0263719889335,-5359.0263719889335,77075.94546270417,58905.132396557136,65341.00768731022,77075.94546270417
2015-03-12,32753.233629375114,38903.864513238776,31002.99696959823,32753.233629375114,-112406.31264897413,-19200.00902236288,7923.19123718224,-16906.851155010983,-81180.49205991777,-18843.291438141838,-5359.0263719889335,-5359.0263719889335,-5359.0263719889335,-5359.0263719889335,77069.74774064496,58898.93467449793,65334.80996525101,77069.74774064496
2015-03-13,34095.06185954774,40245.692743411404,32344.825199770858,34095.06185954774,-105488.11664403102,-17858.18079219025,9764.953154921182,-14565.15554970561,-78646.92618991295,-17353.484251117567,-5359.0263719889335,-5359.0263719889335,-5359.0263719889335,-5359.0263719889335,77187.03449774534,59016.2214315983,65452.09672235139,77187.03449774534
2015-03-16,30038.749154506368,36189.38003837003,28288.512494729483,30038.749154506368,-121618.88933206245,-21914.493497231626,4182.567240546108,-21673.614673414268,-85813.26279833715,-21452.444741638727,-5359.0263719889335,-5359.0263719889335,-5359.0263719889335,-5359.0263719889335,77182.36915748706,59011.556091340026,65447.43138209311,77182.36915748706
2015-03-17,30463.88717115973,36614.51805502339,28713.650511382846,30463.88717115973,-118471.5907378298,-21489.355480578262,4951.755122352857,-20560.376926454133,-85361.20613544667,-21234.27583081764,-5359.0263719889335,-5359.0263719889335,-5359.0263719889335,-5359.0263719889335,77054.68569835182,58883.87263220479,65319.747922957875,77054.68569835182
2015-03-18,27625.98954534484,33776.6204292085,25875.752885567956,27625.98954534484,-132286.18885686807,-24327.253106393153,726.5284919127589,-26172.932561519323,-86991.85045679286,-21723.603948516888,-5359.0263719889335,-5359.0263719889335,-5359.0263719889335,-5359.0263719889335,77034.06853442686,58863.25546827982,65299.13075903291,77034.06853442686
2015-03-19,28731.845655272715,34882.476539136376,26981.60899549583,28731.845655272715,-126964.8419872222,-23221.39699646528,2365.1742687624646,-24001.49711774767,-86542.24918071041,-21290.630347525468,-5359.0263719889335,-5359.0263719889335,-5359.0263719889335,-5359.0263719889335,77065.30458413251,58894.49151798547,65330.36680873856,77065.30458413251
2015-03-20,26240.353970015887,32390.98485387955,24490.117310239002,26240.353970015887,-137668.85895566642,-25712.888681722106,-1152.557974275318,-28545.469918566407,-86037.11538216623,-20759.013504795963,-5359.0263719889335,-5359.0263719889335,-5359.0263719889335,-5359.0263719889335,77193.99473503535,59023.18166888831,65459.0569596414,77193.99473503535
2015-03-23,26240.353970015887,32390.98485387955,24490.117310239002,26240.353970015887,-137668.85895566642,-25712.888681722106,-1152.557974275318,-28545.469918566407,-86037.11538216623,-20759.013504795963,-5359.0263719889335,-5359.0263719889335,-5359.0263719889335,-5359.0263719889335,77210.36805899092,59039.554992843885,65475.43028359697,77210.36805899092
2015-03-24,26240.353970015887,32390.98485387955,24490.117310239002,26240.353970015887,-137668.85895566642,-25712.888681722106,-1152.557974275318,-28545.469918566407,-86037.11538216623,-20759.013504795963,-5359.0263719889335,-5359.0263719889335,-5359.0263719889335,-5359.0263719889335,77195.05234017293,59024.239274025895,65460.11456477898,77195.05234017293
2015-03-25,26240.353970015887,32390.98485387955,24490.117310239002,26240.353970015887,-137668.85895566642,-25712.888681722106,-1152.557974275318,-28545.469918566407,-86037.11538216623,-20759.013504795963,-5359.0263719889335,-5359.0263719889335,-5359.0263719889335,-5359.0263719889335,77161.82771993871,58991.01465379167,65426.88994454476,77161.82771993871
2015-03-26,26240.353970015887,32390.98485387955,24490.117310239002,26240.353970015887,-137668.85895566642,-25712.888681722106,-1152.557974275318,-28545.469918566407,-86037.11538216623,-20759.013504795963,-5359.0263719889335,-5359.0263719889335,-5359.0263719889335,-5359.0263719889335,77179.10795089253,59008.2948847455,65444.170175498584,77179.10795089253
2015-03-27,26240.353970015887,32390.98485387955,24490.117310239002,26240.353970015887,-137668.85895566642,-25712.888681722106,-1152.557974275318,-28545.469918566407,-86037.11538216623,-20759.013504795963,-5359.0263719889335,-5359.0263719889335,-5359.0263719889335,-5359.0263719889335,77196.07649462437,59025.26342847734,65461.138719230425,77196.07649462437
2015-03-30,26240.353970015887,32390.98485387955,24490.117310239002,26240.353970015887,-137668.85895566642,-25712.888681722106,-1152.557974275318,-28545.469918566407,-86037.11538216623,-20759.013504795963,-5359.0263719889335,-5359.0263719889335,-5359.0263719889335,-5359.0263719889335,77244.77725199191,59073.964185844874,65509.83947659796,77244.77725199191
2015-03-31,26240.353970015887,32390.98485387955,24490.117310239002,26240.353970015887,-137668.85895566642,-25712.888681722106,-1152.557974275318,-28545.469918566407,-86037.11538216623,-20759.013504795963,-5359.0263719889335,-5359.0263719889335,-5359.0263719889335,-5359.0263719889335,77253.44628090248,59082.63321475545,65518.50850550854,77253.44628090248
2015-04-01,26240.353970015887,32390.98485387955,24490.117310239002,26240.353970015887,-137668.85895566642,-25712.888681722106,-1152.557974275318,-28545.469918566407,-86037.11538216623,-20759.013504795963,-5359.0263719889335,-5359.0263719889335,-5359.0263719889335,-5359.0263719889335,77255.38765962026,59084.574593473226,65520.44988422631,77255.38765962026
2015-04-02,26240.353970015887,32390.98485387955,24490.117310239002,26240.353970015887,-137668.85895566642,-25712.888681722106,-1152.557974275318,-28545.469918566407,-86037.11538216623,-20759.013504795963,-5359.0263719889335,-5359.0263719889335,-5359.0263719889335,-5359.0263719889335,77251.49821998761,59080.685153840575,65516.56044459366,77251.49821998761
2015-04-06,26240.353970015887,32390.98485387955,24490.117310239002,26240.353970015887,-137668.85895566642,-25712.888681722106,-1152.557974275318,-28545.469918566407,-86037.11538216623,-20759.013504795963,-5359.0263719889335,-5359.0263719889335,-5359.0263719889335,-5359.0263719889335,77216.67996847001,59045.866902322974,65481.74219307606,77216.67996847001
2015-04-07,26240.353970015887,32390.98485387955,24490.117310239002,26240.353970015887,-137668.85895566642,-25712.888681722106,-1152.557974275318,-28545.469918566407,-86037.11538216623,-20759.013504795963,-5359.0263719889335,-5359.0263719889335,-5359.0263719889335,-5359.0263719889335,77149.65842503216,58978.845358885126,65414.72064963821,77149.65842503216
2015-04-08,26240.353970015887,32390.98485387955,24490.117310239002,26240.353970015887,-137668.85895566642,-25712.888681722106,-1152.557974275318,-28545.469918566407,-86037.11538216623,-20759.013504795963,-5359.0263719889335,-5359.0263719889335,-5359.0263719889335,-5359.0263719889335,77199.30847535143,59028.49540920439,65464.37069995748,77199.30847535143
2015-04-09,26240.353970015887,32390.98485387955,24490.117310239002,26240.353970015887,-137668.85895566642,-25712.888681722106,-1152.557974275318,-28545.469918566407,-86037.11538216623,-20759.013504795963,-5359.0263719889335,-5359.0263719889335,-5359.0263719889335,-5359.0263719889335,77205.29748891201,59034.484422764974,65470.35971351806,77205.29748891201
2015-04-10,26240.353970015887,32390.98485387955,24490.117310239002,26240.353970015887,-137668.85895566642,-25712.888681722106,-1152.557974275318,-28545.469918566407,-86037.11538216623,-20759.013504795963,-5359.0263719889335,-5359.0263719889335,-5359.0263719889335,-5359.0263719889335,77316.00898337946,59145.19591723243,65581.07120798551,77316.00898337946
2015-04-13,26240.353970015887,32390.98485387955,24490.117310239002,26240.353970015887,-137668.85895566642,-25712.888681722106,-1152.557974275318,-28545.469918566407,-86037.11538216623,-20759.013504795963,-5359.0263719889335,-5359.0263719889335,-5359.0263719889335,-5359.0263719889335,77404.71909477958,59233.90602863254,65669.78131938563,77404.71909477958
2015-04-14,26240.353970015887,32390.98485387955,24490.117310239002,26240.353970015887,-137668.85895566642,-25712.888681722106,-1152.557974275318,-28545.469918566407,-86037.11538216623,-20759.013504795963,-5359.0263719889335,-5359.0263719889335,-5359.0263719889335,-5359.0263719889335,77398.37235478149,59227.55928863445,65663.43457938754,77398.37235478149
2015-04-15,26240.353970015887,32390.98485387955,24490.117310239002,26240.353970015887,-137668.85895566642,-25712.888681722106,-1152.557974275318,-28545.469918566407,-86037.11538216623,-20759.013504795963,-5359.0263719889335,-5359.0263719889335,-5359.0263719889335,-5359.0263719889335,77403.18845866853,59232.3753925215,65668.25068327459,77403.18845866853
2015-04-16,26240.353970015887,32390.98485387955,24490.117310239002,26240.353970015887,-137668.85895566642,-25712.888681722106,-1152.557974275318,-28545.469918566407,-86037.11538216623,-20759.013504795963,-5359.0263719889335,-5359.0263719889335,-5359.0263719889335,-5359.0263719889335,77411.2319121228,59240.41884597577,65676.29413672886,77411.2319121228
2015-04-17,26240.353970015887,32390.98485387955,24490.117310239002,26240.353970015887,-137668.85895566642,-25712.888681722106,-1152.557974275318,-28545.469918566407,-86037.11538216623,-20759.013504795963,-5359.0263719889335,-5359.0263719889335,-5359.0263719889335,-5359.0263719889335,77487.03910711338,59316.22604096634,65752.10133171943,77487.03910711338
2015-04-20,26240.353970015887,32390.98485387955,24490.117310239002,26240.353970015887,-137668.85895566642,-25712.888681722106,-1152.557974275318,-28545.469918566407,-86037.11538216623,-20759.013504795963,-6309.087685479666,-6309.087685479666,-6309.087685479666,-6309.087685479666,77497.39006669866,59326.577000551624,65762.45229130471,77497.39006669866
2015-04-21,26240.353970015887,32390.98485387955,24490.117310239002,26240.353970015887,-137668.85895566642,-25712.888681722106,-1152.557974275318,-28545.469918566407,-86037.11538216623,-20759.013504795963,-6580.189720340306,-6580.189720340306,-6580.189720340306,-6580.189720340306,77690.60151430918,59519.788448162144,65955.66373891523,77690.60151430918
2015-04-22,26240.353970015887,32390.98485387955,24490.117310239002,26240.353970015887,-137668.85895566642,-25712.888681722106,-1152.557974275318,-28545.469918566407,-86037.11538216623,-20759.013504795963,-6510.624482621439,-6510.624482621439,-6510.624482621439,-6510.624482621439,77673.58822920918,59502.77516306215,65938.65045381524,77673.58822920918
2015-04-23,26240.353970015887,32390.98485387955,24490.117310239002,26240.353970015887,-137668.85895566642,-25712.888681722106,-1152.557974275318,-28545.469918566407,-86037.11538216623,-20759.013504795963,-6485.885603157571,-6485.885603157571,-6485.885603157571,-6485.885603157571,77455.27557446179,59284.462508314755,65720.33779906784,77455.27557446179
2015-04-24,26240.353970015887,32390.98485387955,24490.117310239002,26240.353970015887,-137668.85895566642,-25712.888681722106,-1152.557974275318,-28545.469918566407,-86037.11538216623,-20759.013504795963,-5370.010431528324,-5370.010431528324,-5370.010431528324,-5370.010431528324,76572.54924060218,58401.736174455145,64837.61146520823,76572.54924060218
2015-04-27,26240.353970015887,32390.98485387955,24490.117310239002,26240.353970015887,-137668.85895566642,-25712.888681722106,-1152.557974275318,-28545.469918566407,-86037.11538216623,-20759.013504795963,-5916.798650126439,-5916.798650126439,-5916.798650126439,-5916.798650126439,77103.22119241627,58932.408126269234,65368.28341702232,77103.22119241627
2015-04-28,26240.353970015887,32390.98485387955,24490.117310239002,26240.353970015887,-137668.85895566642,-25712.888681722106,-1152.557974275318,-28545.469918566407,-86037.11538216623,-20759.013504795963,-4979.747425417532,-4979.747425417532,-4979.747425417532,-4979.747425417532,76786.17175299232,58615.358686845284,65051.23397759837,76786.17175299232
2015-04-29,26240.353970015887,32390.98485387955,24490.117310239002,26240.353970015887,-137668.85895566642,-25712.888681722106,-1152.557974275318,-28545.469918566407,-86037.11538216623,-20759.013504795963,-4917.290386009845,-4917.290386009845,-4917.290386009845,-4917.290386009845,76538.56254677661,58367.74948062957,64803.62477138266,76538.56254677661
2015-04-30,26240.353970015887,32390.98485387955,24490.117310239002,26240.353970015887,-137668.85895566642,-25712.888681722106,-1152.557974275318,-28545.469918566407,-86037.11538216623,-20759.013504795963,-6302.392277692328,-6302.392277692328,-6302.392277692328,-6302.392277692328,76739.47591321613,58568.66284706909,65004.53813782218,76739.47591321613
2015-05-01,26240.353970015887,32390.98485387955,24490.117310239002,26240.353970015887,-137668.85895566642,-25712.888681722106,-1152.557974275318,-28545.469918566407,-86037.11538216623,-20759.013504795963,-4764.315811473643,-4764.315811473643,-4764.315811473643,-4764.315811473643,77208.17171876365,59037.35865261662,65473.233943369705,77208.17171876365
2015-05-04,26240.353970015887,32390.98485387955,24490.117310239002,26240.353970015887,-137668.85895566642,-25712.888681722106,-1152.557974275318,-28545.469918566407,-86037.11538216623,-20759.013504795963,-5458.476266906946,-5458.476266906946,-5458.476266906946,-5458.476266906946,78061.01375488983,59890.2006887428,66326.07597949589,78061.01375488983
2015-05-05,26240.353970015887,32390.98485387955,24490.117310239002,26240.353970015887,-137668.85895566642,-25712.888681722106,-1152.557974275318,-28545.469918566407,-86037.11538216623,-20759.013504795963,-5967.170135750319,-5967.170135750319,-5967.170135750319,-5967.170135750319,78248.93735205196,60078.12428590492,66513.99957665801,78248.93735205196
2015-05-06,26240.353970015887,32390.98485387955,24490.117310239002,26240.353970015887,-137668.85895566642,-25712.888681722106,-1152.557974275318,-28545.469918566407,-86037.11538216623,-20759.013504795963,-6310.669170758803,-6310.669170758803,-6310.669170758803,-6310.669170758803,78927.76455164026,60756.95148549322,67192.82677624631,78927.76455164026
2015-05-07,26240.353970015887,32390.98485387955,24490.117310239002,26240.353970015887,-137668.85895566642,-25712.888681722106,-1152.557974275318,-28545.469918566407,-86037.11538216623,-20759.013504795963,-5574.385020416463,-5574.385020416463,-5574.385020416463,-5574.385020416463,79309.15904202196,61138.34597587492,67574.22126662801,79309.15904202196
2015-05-08,26240.353970015887,32390.98485387955,24490.117310239002,26240.353970015887,-137668.85895566642,-25712.888681722106,-1152.557974275318,-28545.469918566407,-86037.11538216623,-20759.013504795963,-4850.570963971317,-4850.570963971317,-4850.570963971317,-4850.570963971317,79234.54517409345,61063.73210794618,67499.6073986995,79234.54517409345
2015-05-11,26240.353970015887,32390.98485387955,24490.117310239002,26240.353970015887,-137668.85895566642,-25712.888681722106,-1152.557974275318,-28545.469918566407,-86037.11538216623,-20759.013504795963,-5502.544325251598,-5502.544325251598,-5502.544325251598,-5502.544325251598,79886.54121263302,61715.728146485984,68151.60343723907,79886.54121263302
2015-05-12,26240.353970015887,32390.98485387955,24490.117310239002,26240.353970015887,-137668.85895566642,-25712.888681722106,-1152.557974275318,-28545.469918566407,-86037.11538216623,-20759.013504795963,-6024.711005341378,-6024.711005341378,-6024.711005341378,-6024.711005341378,79979.19835046772,61808.385284320684,68244.26057507377,79979.19835046772
2015-05-13,26240.353970015887,32390.98485387955,24490.117310239002,26240.353970015887,-137668.85895566642,-25712.888681722106,-1152.557974275318,-28545.469918566407,-86037.11538216623,-20759.013504795963,-5548.143689182354,-5548.143689182354,-5548.143689182354,-5548.143689182354,79555.3223806778,61384.50931453076,67820.38460528385,79555.3223806778
2015-05-14,26240.353970015887,32390.98485387955,24490.117310239002,26240.353970015887,-137668.85895566642,-25712.888681722106,-1152.557974275318,-28545.469918566407,-86037.11538216623,-20759.013504795963,-5484.887516811956,-5484.887516811956,-5484.887516811956,-5484.887516811956,79436.12486509839,61265.311798951356,67701.18708970444,79436.12486509839
2015-05-15,26240.353970015887,32390.98485387955,24490.117310239002,26240.353970015887,-137668.85895566642,-25712.888681722106,-1152.557974275318,-28545.469918566407,-86037.11538216623,-20759.013504795963,-6704.697780250572,-6704.697780250572,-6704.697780250572,-6704.697780250572,79836.96889669122,61666.15583054419,68102.03112129727,79836.96889669122
2015-05-18,26240.353970015887,32390.98485387955,24490.117310239002,26240.353970015887,-137668.85895566642,-25712.888681722106,-1152.557974275318,-28545.469918566407,-86037.11538216623,-20759.013504795963,-6704.697780250572,-6704.697780250572,-6704.697780250572,-6704.697780250572,79893.47932265722,61722.66625651019,68158.54154726327,79893.47932265722
2015-05-19,26240.353970015887,32390.98485387955,24490.117310239002,26240.353970015887,-137668.85895566642,-25712.888681722106,-1152.557974275318,-28545.469918566407,-86037.11538216623,-20759.013504795963,-6704.697780250572,-6704.697780250572,-6704.697780250572,-6704.697780250572,79929.99413265125,61759.181066504214,68195.0563572573,79929.99413265125
2015-05-20,26240.353970015887,32390.98485387955,24490.117310239002,26240.353970015887,-137668.85895566642,-25712.888681722106,-1152.557974275318,-28545.469918566407,-86037.11538216623,-20759.013504795963,-6704.697780250572,-6704.697780250572,-6704.697780250572,-6704.697780250572,79963.12438172195,61792.311315574916,68228.186606328,79963.12438172195
2015-05-21,26240.353970015887,32390.98485387955,24490.117310239002,26240.353970015887,-137668.85895566642,-25712.888681722106,-1152.557974275318,-28545.469918566407,-86037.11538216623,-20759.013504795963,-6704.697780250572,-6704.697780250572,-6704.697780250572,-6704.697780250572,79987.70408885833,61816.891022711294,68252.76631346438,79987.70408885833
2015-05-22,26240.353970015887,32390.98485387955,24490.117310239002,26240.353970015887,-137668.85895566642,-25712.888681722106,-1152.557974275318,-28545.469918566407,-86037.11538216623,-20759.013504795963,-6704.697780250572,-6704.697780250572,-6704.697780250572,-6704.697780250572,79982.2571853227,61811.44411917566,68247.31940992875,79982.2571853227
2015-05-26,26240.353970015887,32390.98485387955,24490.117310239002,26240.353970015887,-137668.85895566642,-25712.888681722106,-1152.557974275318,-28545.469918566407,-86037.11538216623,-20759.013504795963,-6704.697780250572,-6704.697780250572,-6704.697780250572,-6704.697780250572,80149.45188698359,61978.63882083655,68414.51411158964,80149.45188698359
2015-05-27,26240.353970015887,32390.98485387955,24490.117310239002,26240.353970015887,-137668.85895566642,-25712.888681722106,-1152.557974275318,-28545.469918566407,-86037.11538216623,-20759.013504795963,-6704.697780250572,-6704.697780250572,-6704.697780250572,-6704.697780250572,80178.99854788254,62008.185481735505,68444.06077248859,80178.99854788254
2015-05-28,26240.353970015887,32390.98485387955,24490.117310239002,26240.353970015887,-137668.85895566642,-25712.888681722106,-1152.557974275318,-28545.469918566407,-86037.11538216623,-20759.013504795963,-6704.697780250572,-6704.697780250572,-6704.697780250572,-6704.697780250572,80206.90371354716,62036.090647400124,68471.96593815321,80206.90371354716
2015-05-29,26240.353970015887,32390.98485387955,24490.117310239002,26240.353970015887,-137668.85895566642,-25712.888681722106,-1152.557974275318,-28545.469918566407,-86037.11538216623,-20759.013504795963,-6704.697780250572,-6704.697780250572,-6704.697780250572,-6704.697780250572,80232.79605600587,62061.982989858836,68497.85828061192,80232.79605600587
2015-06-01,26240.353970015887,32390.98485387955,24490.117310239002,26240.353970015887,-137668.85895566642,-25712.888681722106,-1152.557974275318,-28545.469918566407,-86037.11538216623,-20759.013504795963,-6704.697780250572,-6704.697780250572,-6704.697780250572,-6704.697780250572,80389.51780252787,62218.70473638084,68654.58002713392,80389.51780252787
2015-06-02,26240.353970015887,32390.98485387955,24490.117310239002,26240.353970015887,-137668.85895566642,-25712.888681722106,-1152.557974275318,-28545.469918566407,-86037.11538216623,-20759.013504795963,-6704.697780250572,-6704.697780250572,-6704.697780250572,-6704.697780250572,80446.7243172212,62275.91125107417,68711.78654182726,80446.7243172212
2015-06-03,26240.353970015887,32390.98485387955,24490.117310239002,26240.353970015887,-137668.85895566642,-25712.888681722106,-1152.557974275318,-28545.469918566407,-86037.11538216623,-20759.013504795963,-6704.697780250572,-6704.697780250572,-6704.697780250572,-6704.697780250572,80319.89645498083,62149.083388833795,68584.95867958688,80319.89645498083
2015-06-04,26240.353970015887,32390.98485387955,24490.117310239002,26240.353970015887,-137668.85895566642,-25712.888681722106,-1152.557974275318,-28545.469918566407,-86037.11538216623,-20759.013504795963,-6704.697780250572,-6704.697780250572,-6704.697780250572,-6704.697780250572,80184.67020701291,62013.857140865875,68449.73243161896,80184.67020701291
2015-06-05,26240.353970015887,32390.98485387955,24490.117310239002,26240.353970015887,-137668.85895566642,-25712.888681722106,-1152.557974275318,-28545.469918566407,-86037.11538216623,-20759.013504795963,-6704.697780250572,-6704.697780250572,-6704.697780250572,-6704.697780250572,80233.56678587943,62062.7537197324,68498.62901048549,80233.56678587943
2015-06-08,26240.353970015887,32390.98485387955,24490.117310239002,26240.353970015887,-137668.85895566642,-25712.888681722106,-1152.557974275318,-28545.469918566407,-86037.11538216623,-20759.013504795963,-6704.697780250572,-6704.697780250572,-6704.697780250572,-6704.697780250572,80333.75050757569,62162.93744142866,68598.81273218174,80333.75050757569
2015-06-09,26240.353970015887,32390.98485387955,24490.117310239002,26240.353970015887,-137668.85895566642,-25712.888681722106,-1152.557974275318,-28545.469918566407,-86037.11538216623,-20759.013504795963,-6704.697780250572,-6704.697780250572,-6704.697780250572,-6704.697780250572,80336.82876402978,62166.01569788274,68601.89098863583,80336.82876402978
2015-06-10,26240.353970015887,32390.98485387955,24490.117310239002,26240.353970015887,-137668.85895566642,-25712.888681722106,-1152.557974275318,-28545.469918566407,-86037.11538216623,-20759.013504795963,-6704.697780250572,-6704.697780250572,-6704.697780250572,-6704.697780250572,80272.86492936895,62102.05186322192,68537.927153975,80272.86492936895
2015-06-11,26240.353970015887,32390.98485387955,24490.117310239002,26240.353970015887,-137668.85895566642,-25712.888681722106,-1152.557974275318,-28545.469918566407,-86037.11538216623,-20759.013504795963,-6704.697780250572,-6704.697780250572,-6704.697780250572,-6704.697780250572,80272.291105123,62101.47803897597,68537.35332972906,80272.291105123
2015-06-12,26240.353970015887,32390.98485387955,24490.117310239002,26240.353970015887,-137668.85895566642,-25712.888681722106,-1152.557974275318,-28545.469918566407,-86037.11538216623,-20759.013504795963,-6704.697780250572,-6704.697780250572,-6704.697780250572,-6704.697780250572,80248.90056248452,62078.08749633748,68513.96278709057,80248.90056248452
2015-06-15,26240.353970015887,32390.98485387955,24490.117310239002,26240.353970015887,-137668.85895566642,-25712.888681722106,-1152.557974275318,-28545.469918566407,-86037.11538216623,-20759.013504795963,-6704.697780250572,-6704.697780250572,-6704.697780250572,-6704.697780250572,80519.7865508094,62348.97348466236,68784.84877541545,80519.7865508094
2015-06-16,26240.353970015887,32390.98485387955,24490.117310239002,26240.353970015887,-137668.85895566642,-25712.888681722106,-1152.557974275318,-28545.469918566407,-86037.11538216623,-20759.013504795963,-6704.697780250572,-6704.697780250572,-6704.697780250572,-6704.697780250572,80623.66814485076,62452.855078703724,68888.73036945681,80623.66814485076
2015-06-17,26240.353970015887,32390.98485387955,24490.117310239002,26240.353970015887,-137668.85895566642,-25712.888681722106,-1152.557974275318,-28545.469918566407,-86037.11538216623,-20759.013504795963,-6704.697780250572,-6704.697780250572,-6704.697780250572,-6704.697780250572,80769.06108675944,62598.2480206124,69034.12331136549,80769.06108675944
2015-06-18,26240.353970015887,32390.98485387955,24490.117310239002,26240.353970015887,-137668.85895566642,-25712.888681722106,-1152.557974275318,-28545.469918566407,-86037.11538216623,-20759.013504795963,-6704.697780250572,-6704.697780250572,-6704.697780250572,-6704.697780250572,80761.3491776723,62590.53611152526,69026.41140227835,80761.3491776723
2015-06-19,26240.353970015887,32390.98485387955,24490.117310239002,26240.353970015887,-137668.85895566642,-25712.888681722106,-1152.557974275318,-28545.469918566407,-86037.11538216623,-20759.013504795963,-6704.697780250572,-6704.697780250572,-6704.697780250572,-6704.697780250572,80765.50993953552,62594.696873388486,69030.57216414157,80765.50993953552
2015-06-22,26558.13122355647,32708.76210742013,24807.894563779584,26558.13122355647,-137351.08170212584,-25395.111428181524,-834.780720734736,-28227.692665025825,-85755.51368137507,-20471.574294444872,-6704.697780250572,-6704.697780250572,-6704.697780250572,-6704.697780250572,80698.94960462884,62528.136538481805,68964.01182923489,80698.94960462884
2015-06-23,26795.43203593383,32946.06291979749,25045.195376156946,26795.43203593383,-137113.78088974848,-25157.810615804163,-597.4799083573744,-27990.391852648463,-85204.56637286872,-19878.71652377874,-6704.697780250572,-6704.697780250572,-6704.697780250572,-6704.697780250572,80605.38126501325,62434.56819886621,68870.4434896193,80605.38126501325
2015-06-24,26441.14827516314,32591.779159026803,24690.911615386256,26441.14827516314,-137468.06465051917,-25512.094376574853,-951.7636691280641,-28344.675613419153,-85695.93579188571,-20748.78941331443,-6704.697780250572,-6704.697780250572,-6704.697780250572,-6704.697780250572,80655.6164669951,62484.80340084806,68920.67869160115,80655.6164669951
2015-06-25,26031.98142166133,32182.612305524992,24281.744761884445,26031.98142166133,-137877.23150402098,-25921.261230076663,-1360.9305226298748,-28753.842466920963,-86056.81261502544,-21362.887487594737,-6704.697780250572,-6704.697780250572,-6704.697780250572,-6704.697780250572,80454.49504820467,62283.681982057635,68719.55727281072,80454.49504820467
2015-06-26,26014.778291094,32165.409174957662,24264.541631317115,26014.778291094,-137894.4346345883,-25938.464360643993,-1382.9324360113824,-28780.64316311665,-86146.7390386915,-21471.23510299425,-6704.697780250572,-6704.697780250572,-6704.697780250572,-6704.697780250572,80571.66419068724,62400.851124540204,68836.72641529329,80571.66419068724
2015-06-29,21365.619951472734,27516.250835336396,19615.38329169585,21365.619951472734,-142633.59297420958,-30587.62270026526,-5025.765901935287,-31417.151755343075,-88838.1570605908,-26161.932636099402,-6704.697780250572,-6704.697780250572,-6704.697780250572,-6704.697780250572,80527.92688852525,62357.11382237822,68792.9891131313,80527.92688852525
2015-06-30,22634.48273517948,28785.113619043143,20884.246075402596,22634.48273517948,-143248.44362448086,-29318.759916558512,-3855.2361058451934,-30344.954946869635,-88391.73168187123,-25237.58093536645,-6704.697780250572,-6704.697780250572,-6704.697780250572,-6704.697780250572,80699.45851980732,62528.64545366028,68964.52074441337,80699.45851980732
2015-07-01,24634.837057321914,30785.467941185576,22884.60039754503,24634.837057321914,-148477.4043012635,-27318.40559441608,-2232.264101757901,-29099.365260837483,-89029.87667656294,-24154.880343092256,-6704.697780250572,-6704.697780250572,-6704.697780250572,-6704.697780250572,80862.81331165833,62692.0002455113,69127.87553626439,80862.81331165833
2015-07-02,23974.554975660983,30125.185859524645,22224.3183158841,23974.554975660983,-148305.1516028737,-27978.68767607701,-2849.086477318895,-29672.727930298657,-89309.85075395089,-24577.998807101045,-6704.697780250572,-6704.697780250572,-6704.697780250572,-6704.697780250572,80897.72921677004,62726.916150623,69162.79144137609,80897.72921677004
2015-07-06,24261.404177978402,30412.035061842063,22511.167518201517,24261.404177978402,-145433.64242973912,-27691.83847375959,-2431.5806553508155,-29124.5654886798,-88661.44217408588,-24389.345351759694,-6704.697780250572,-6704.697780250572,-6704.697780250572,-6704.697780250572,81069.69440611382,62898.881339966785,69334.75663071987,81069.69440611382
2015-07-07,25495.660200339975,31646.291084203636,23745.42354056309,25495.660200339975,-149894.73778674973,-26457.58245139802,-1762.9530055064242,-29021.56621135259,-88583.24651265517,-23174.225410394953,-6704.697780250572,-6704.697780250572,-6704.697780250572,-6704.697780250572,81154.96492408263,62984.15185793559,69420.02714868868,81154.96492408263
2015-07-08,23485.653474719962,29636.284358583624,21735.416814943077,23485.653474719962,-136614.22280468605,-28467.58917701803,-2254.3961988076335,-27994.445872335113,-90130.16591491573,-26792.35913617781,-6704.697780250572,-6704.697780250572,-6704.697780250572,-6704.697780250572,81030.84936010442,62860.03629395738,69295.91158471047,81030.84936010442
2015-07-09,23833.176315628225,29983.807199491886,22082.93965585134,23833.176315628225,-137887.71921399538,-28120.06633610977,-2067.863333625952,-27968.902982880012,-90162.25241058331,-26329.420627914136,-6704.697780250572,-6704.697780250572,-6704.697780250572,-6704.697780250572,81218.71781224245,63047.90474609542,69483.7800368485,81218.71781224245
2015-07-10,26240.80285164842,32391.43373551208,24490.566191871534,26240.80285164842,-146783.57903850055,-25712.439800089574,-782.831729506026,-27806.46631066024,-92211.57985067123,-25094.37067533587,-6704.697780250572,-6704.697780250572,-6704.697780250572,-6704.697780250572,81365.19695771649,63194.38389156945,69630.25918232254,81365.19695771649
2015-07-13,27203.171590660233,33353.802474523894,25452.934930883348,27203.171590660233,-155854.63298087893,-24750.07106107776,-824.9671256094007,-28853.105841878918,-92200.21270835737,-23565.14355686528,-6704.697780250572,-6704.697780250572,-6704.697780250572,-6704.697780250572,81501.14288607915,63330.329819932114,69766.2051106852,81501.14288607915
2015-07-14,27808.51367136452,33959.14455522818,26058.277011587634,27808.51367136452,-159236.0850960015,-24144.728980373475,-266.61243764392566,-28341.738546652137,-91703.32299985667,-22971.575531772804,-6704.697780250572,-6704.697780250572,-6704.697780250572,-6704.697780250572,81548.22727224021,63377.41420609318,69813.28949684626,81548.22727224021
2015-07-15,27766.38616502157,33917.01704888523,26016.149505244684,27766.38616502157,-158971.7092600317,-24186.856486716424,-305.1275696797529,-28376.641304380726,-91497.63991690648,-22763.951226126053,-6704.697780250572,-6704.697780250572,-6704.697780250572,-6704.697780250572,81708.11409990327,63537.30103375623,69973.17632450932,81708.11409990327
2015-07-16,28733.110783373588,34883.74166723725,26982.874123596703,28733.110783373588,-165502.22905096563,-23220.131868364406,574.3325824232306,-27584.445618526894,-90997.65287320933,-22289.5587717148,-6704.697780250572,-6704.697780250572,-6704.697780250572,-6704.697780250572,81583.58906969731,63412.77600355027,69848.65129430336,81583.58906969731
2015-07-17,28679.963349865517,34830.59423372918,26929.72669008863,28679.963349865517,-165555.3764844737,-23273.279301872477,511.8894193840679,-27656.184511097148,-90938.25155050342,-22246.603290038765,-6704.697780250572,-6704.697780250572,-6704.697780250572,-6704.697780250572,81801.917150839,63631.104084691964,70066.97937544505,81801.917150839
2015-07-20,28679.963349865517,34830.59423372918,26929.72669008863,28679.963349865517,-165555.3764844737,-23273.279301872477,511.8894193840679,-27656.184511097148,-90938.25155050342,-22246.603290038765,-6704.697780250572,-6704.697780250572,-6704.697780250572,-6704.697780250572,81908.66422356362,63737.85115741659,70173.72644816968,81908.66422356362
2015-07-21,28679.963349865517,34830.59423372918,26929.72669008863,28679.963349865517,-165555.3764844737,-23273.279301872477,511.8894193840679,-27656.184511097148,-90938.25155050342,-22246.603290038765,-6704.697780250572,-6704.697780250572,-6704.697780250572,-6704.697780250572,81894.67465656111,63723.861590414075,70159.73688116716,81894.67465656111
2015-07-22,28679.963349865517,34830.59423372918,26929.72669008863,28679.963349865517,-165555.3764844737,-23273.279301872477,511.8894193840679,-27656.184511097148,-90938.25155050342,-22246.603290038765,-6704.697780250572,-6704.697780250572,-6704.697780250572,-6704.697780250572,81803.41572499112,63632.60265884409,70068.47794959717,81803.41572499112
2015-07-23,28679.963349865517,34830.59423372918,26929.72669008863,28679.963349865517,-165555.3764844737,-23273.279301872477,511.8894193840679,-27656.184511097148,-90938.25155050342,-22246.603290038765,-6704.697780250572,-6704.697780250572,-6704.697780250572,-6704.697780250572,81680.87222826155,63510.059162114514,69945.9344528676,81680.87222826155
2015-07-24,28679.963349865517,34830.59423372918,26929.72669008863,28679.963349865517,-165555.3764844737,-23273.279301872477,511.8894193840679,-27656.184511097148,-90938.25155050342,-22246.603290038765,-6704.697780250572,-6704.697780250572,-6704.697780250572,-6704.697780250572,79643.24200654146,61472.42894039443,67908.30423114751,79643.24200654146
2015-07-27,28679.963349865517,34830.59423372918,26929.72669008863,28679.963349865517,-165555.3764844737,-23273.279301872477,511.8894193840679,-27656.184511097148,-90938.25155050342,-22246.603290038765,-6704.697780250572,-6704.697780250572,-6704.697780250572,-6704.697780250572,80229.86560604698,62059.052539899945,68494.92783065303,80229.86560604698
2015-07-28,28679.963349865517,34830.59423372918,26929.72669008863,28679.963349865517,-165555.3764844737,-23273.279301872477,511.8894193840679,-27656.184511097148,-90938.25155050342,-22246.603290038765,-6704.697780250572,-6704.697780250572,-6704.697780250572,-6704.697780250572,80496.86426921748,62326.05120307044,68761.92649382353,80496.86426921748
2015-07-29,28679.963349865517,34830.59423372918,26929.72669008863,28679.963349865517,-165555.3764844737,-23273.279301872477,511.8894193840679,-27656.184511097148,-90938.25155050342,-22246.603290038765,-6704.697780250572,-6704.697780250572,-6704.697780250572,-6704.697780250572,80109.93007172598,61939.11700557894,68374.99229633203,80109.93007172598
2015-07-30,28679.963349865517,34830.59423372918,26929.72669008863,28679.963349865517,-165555.3764844737,-23273.279301872477,511.8894193840679,-27656.184511097148,-90938.25155050342,-22246.603290038765,-6704.697780250572,-6704.697780250572,-6704.697780250572,-6704.697780250572,80226.53339016717,62055.720324020134,68491.59561477322,80226.53339016717
2015-07-31,28679.963349865517,34830.59423372918,26929.72669008863,28679.963349865517,-165555.3764844737,-23273.279301872477,511.8894193840679,-27656.184511097148,-90938.25155050342,-22246.603290038765,-6704.697780250572,-6704.697780250572,-6704.697780250572,-6704.697780250572,80182.79075511545,62011.977688968414,68447.8529797215,80182.79075511545
2015-08-03,28679.963349865517,34830.59423372918,26929.72669008863,28679.963349865517,-165555.3764844737,-23273.279301872477,511.8894193840679,-27656.184511097148,-90938.25155050342,-22246.603290038765,-6704.697780250572,-6704.697780250572,-6704.697780250572,-6704.697780250572,79862.33237374341,61691.519307596376,68127.39459834946,79862.33237374341
2015-08-04,28679.963349865517,34830.59423372918,26929.72669008863,28679.963349865517,-165555.3764844737,-23273.279301872477,511.8894193840679,-27656.184511097148,-90938.25155050342,-22246.603290038765,-6704.697780250572,-6704.697780250572,-6704.697780250572,-6704.697780250572,79738.34365390241,61567.53058775538,68003.40587850846,79738.34365390241
2015-08-05,28679.963349865517,34830.59423372918,26929.72669008863,28679.963349865517,-165555.3764844737,-23273.279301872477,511.8894193840679,-27656.184511097148,-90938.25155050342,-22246.603290038765,-6704.697780250572,-6704.697780250572,-6704.697780250572,-6704.697780250572,79992.97555868095,61822.16249253391,68258.037783287,79992.97555868095
2015-08-06,28679.963349865517,34830.59423372918,26929.72669008863,28679.963349865517,-165555.3764844737,-23273.279301872477,511.8894193840679,-27656.184511097148,-90938.25155050342,-22246.603290038765,-6704.697780250572,-6704.697780250572,-6704.697780250572,-6704.697780250572,80379.32215414708,62208.50908800005,68644.38437875314,80379.32215414708
2015-08-07,28679.963349865517,34830.59423372918,26929.72669008863,28679.963349865517,-165555.3764844737,-23273.279301872477,511.8894193840679,-27656.184511097148,-90938.25155050342,-22246.603290038765,-6704.697780250572,-6704.697780250572,-6704.697780250572,-6704.697780250572,79743.52322801435,61572.71016186732,68008.5854526204,79743.52322801435
2015-08-10,28679.963349865517,34830.59423372918,26929.72669008863,28679.963349865517,-165555.3764844737,-23273.279301872477,511.8894193840679,-27656.184511097148,-90938.25155050342,-22246.603290038765,-6704.697780250572,-6704.697780250572,-6704.697780250572,-6704.697780250572,81051.25358605105,62880.44051990402,69316.3158106571,81051.25358605105
2015-08-11,28679.963349865517,34830.59423372918,26929.72669008863,28679.963349865517,-165555.3764844737,-23273.279301872477,511.8894193840679,-27656.184511097148,-90938.25155050342,-22246.603290038765,-6704.697780250572,-6704.697780250572,-6704.697780250572,-6704.697780250572,80883.17543543503,62712.36236928799,69148.23766004108,80883.17543543503
2015-08-12,28679.963349865517,34830.59423372918,26929.72669008863,28679.963349865517,-165555.3764844737,-23273.279301872477,511.8894193840679,-27656.184511097148,-90938.25155050342,-22246.603290038765,-6704.697780250572,-6704.697780250572,-6704.697780250572,-6704.697780250572,81261.96870816499,63091.155642017955,69527.03093277104,81261.96870816499
2015-08-13,28679.963349865517,34830.59423372918,26929.72669008863,28679.963349865517,-165555.3764844737,-23273.279301872477,511.8894193840679,-27656.184511097148,-90938.25155050342,-22246.603290038765,-6704.697780250572,-6704.697780250572,-6704.697780250572,-6704.697780250572,81102.05713288276,62931.24406673573,69367.11935748882,81102.05713288276
2015-08-14,28679.963349865517,34830.59423372918,26929.72669008863,28679.963349865517,-165555.3764844737,-23273.279301872477,511.8894193840679,-27656.184511097148,-90938.25155050342,-22246.603290038765,-6704.697780250572,-6704.697780250572,-6704.697780250572,-6704.697780250572,80900.36533744563,62729.5522712986,69165.42756205169,80900.36533744563
2015-08-17,28679.963349865517,34830.59423372918,26929.72669008863,28679.963349865517,-165555.3764844737,-23273.279301872477,511.8894193840679,-27656.184511097148,-90938.25155050342,-22246.603290038765,-6704.697780250572,-6704.697780250572,-6704.697780250572,-6704.697780250572,81254.16225994448,63083.34919379745,69519.22448455053,81254.16225994448
2015-08-18,28679.963349865517,34830.59423372918,26929.72669008863,28679.963349865517,-165555.3764844737,-23273.279301872477,511.8894193840679,-27656.184511097148,-90938.25155050342,-22246.603290038765,-6704.697780250572,-6704.697780250572,-6704.697780250572,-6704.697780250572,81147.32236059639,62976.50929444935,69412.38458520244,81147.32236059639
2015-08-19,28679.963349865517,34830.59423372918,26929.72669008863,28679.963349865517,-165555.3764844737,-23273.279301872477,511.8894193840679,-27656.184511097148,-90938.25155050342,-22246.603290038765,-6704.697780250572,-6704.697780250572,-6704.697780250572,-6704.697780250572,80966.70775060123,62795.89468445419,69231.76997520728,80966.70775060123
2015-08-20,28679.963349865517,34830.59423372918,26929.72669008863,28679.963349865517,-165555.3764844737,-23273.279301872477,511.8894193840679,-27656.184511097148,-90938.25155050342,-22246.603290038765,-6704.697780250572,-6704.697780250572,-6704.697780250572,-6704.697780250572,80385.70900135231,62214.89593520528,68650.77122595836,80385.70900135231
2015-08-21,28679.963349865517,34830.59423372918,26929.72669008863,28679.963349865517,-165555.3764844737,-23273.279301872477,511.8894193840679,-27656.184511097148,-90938.25155050342,-22246.603290038765,-6704.697780250572,-6704.697780250572,-6704.697780250572,-6704.697780250572,76871.99778629513,58701.1847201481,65137.06001090119,76871.99778629513
2015-08-24,16742.718137089512,22892.149826344918,14992.481477312627,16742.718137089512,-177582.6216972497,-35255.52451464848,-11425.355793391936,-39593.42972387315,-102972.15678447788,-34261.288462339784,-6704.697780250572,-6704.697780250572,-6704.697780250572,-6704.697780250572,75928.95858893497,57758.145522787934,64194.02081354102,75928.95858893497
2015-08-25,24080.762138767866,22892.149826344918,22330.52547899098,24080.762138767866,-159653.0927092518,-22621.738019810407,-4087.3117917135824,-32255.3857221948,-95387.4449017453,-28935.106392398593,-6704.697780250572,-6704.697780250572,-6704.697780250572,-6704.697780250572,74812.04912319104,56641.23605704401,63077.111347797094,74812.04912319104
2015-08-26,8090.251367817982,22892.149826344918,6081.639899571193,8090.251367817982,-209791.84070158156,-55686.36740145029,-20077.822562663467,-48245.89649314468,-118038.94279826398,-42997.58078201162,-6704.697780250572,-6704.697780250572,-6704.697780250572,-6704.697780250572,77356.28614447475,59185.47307832772,65621.3483690808,77356.28614447475
2015-08-27,29851.256705339998,22892.149826344918,6081.639899571193,29851.256705339998,-210969.70961686107,-45394.79919032892,1683.1827748585492,-26484.891155622667,-98239.6998243219,-20186.24265138351,-6704.697780250572,-6704.697780250572,-6704.697780250572,-6704.697780250572,77628.51751712686,59457.70445097983,65893.57974173292,77628.51751712686
2015-08-28,28738.811194226262,22892.149826344918,6081.639899571193,28738.811194226262,-212082.1551279748,-46507.24470144266,567.9399620156037,-27602.93127019494,-98894.77085257694,-20838.077538106707,-6704.697780250572,-6704.697780250572,-6704.697780250572,-6704.697780250572,77735.5049551446,59564.691888997564,66000.56717975065,77735.5049551446
2015-08-31,29031.48591750185,22892.149826344918,6081.639899571193,29031.48591750185,-211789.48040469922,-46214.56997816707,1086.6006856807508,-26858.28454614035,-98157.19711807859,-20551.349465516047,-6704.697780250572,-6704.697780250572,-6704.697780250572,-6704.697780250572,78384.8414604764,60214.02839432936,66649.90368508245,78384.8414604764
2015-09-01,23576.395839960314,22892.149826344918,6081.639899571193,23576.395839960314,-217334.57048224076,-51669.660055708606,-3540.292988463887,-30656.981816888205,-101490.81210111128,-25868.51879856491,-6704.697780250572,-6704.697780250572,-6704.697780250572,-6704.697780250572,77260.94805105682,59090.13498490979,65526.01027566288,77260.94805105682
2015-09-02,31238.206388987717,22892.149826344918,6081.639899571193,31238.206388987717,-226755.81972233928,-44007.8495066812,3610.566376271192,-24017.07363644545,-97632.59428409755,-19060.687615155475,-6704.697780250572,-6704.697780250572,-6704.697780250572,-6704.697780250572,78756.60964189447,60585.79657574743,67021.67186650052,78756.60964189447
2015-09-03,30220.56130748696,22892.149826344918,6081.639899571193,30220.56130748696,-228430.79368698946,-45025.49458818196,2573.2607084667543,-25074.03989055357,-98586.13602032245,-19946.57659515692,-6704.697780250572,-6704.697780250572,-6704.697780250572,-6704.697780250572,79182.52455898863,61011.7114928416,67447.58678359468,79182.52455898863
2015-09-04,26865.795906101237,22892.149826344918,6081.639899571193,26865.795906101237,-217893.7388941251,-48380.25998956768,-370.1547646004474,-27606.10543530225,-100593.64366781584,-23292.53531498916,-6704.697780250572,-6704.697780250572,-6704.697780250572,-6704.697780250572,78287.59848471498,60116.785418567946,66552.66070932103,78287.59848471498
2015-09-08,30923.736188984592,22892.149826344918,6081.639899571193,30923.736188984592,-236550.58431108086,-44322.31970668433,1964.9775294101564,-26993.781130164396,-100026.64534696308,-19269.83281633805,-6704.697780250572,-6704.697780250572,-6704.697780250572,-6704.697780250572,79026.32050261763,60855.507436470594,67291.38272722368,79026.32050261763
2015-09-09,28788.93687782681,22892.149826344918,6081.639899571193,28788.93687782681,-226295.1560914995,-46457.11901784211,769.9177894718014,-27249.101298883324,-102053.13356711005,-21822.544130279333,-6704.697780250572,-6704.697780250572,-6704.697780250572,-6704.697780250572,79876.16905648843,61705.3559903414,68141.23128109449,79876.16905648843
2015-09-10,30725.1162175145,22892.149826344918,6081.639899571193,30725.1162175145,-229334.23483371572,-44520.93967815442,2328.747570001171,-26067.621077512158,-100564.3089095807,-19887.56304891617,-6704.697780250572,-6704.697780250572,-6704.697780250572,-6704.697780250572,79808.28294694587,61637.46988079883,68073.34517155192,79808.28294694587
2015-09-11,32373.044946665294,22892.149826344918,6081.639899571193,32373.044946665294,-231863.02239156084,-42873.01094900363,3659.892320576124,-25053.26030551293,-99103.46369476127,-18166.604869551375,-6704.697780250572,-6704.697780250572,-6704.697780250572,-6704.697780250572,79408.16575106652,61237.35268491972,67673.22797567258,79408.16575106652
2015-09-14,31426.810954897897,22892.149826344918,6081.639899571193,31426.810954897897,-229383.2072699368,-43819.24494077102,2967.9348899818724,-25490.941174933803,-100056.32694603491,-19250.413591687684,-6704.697780250572,-6704.697780250572,-6704.697780250572,-6704.697780250572,80616.89743089816,62446.08436475112,68881.95965550421,80616.89743089816
2015-09-15,34155.53716261301,22892.149826344918,6081.639899571193,34155.53716261301,-238245.709905399,-41090.51873305591,5521.158913067309,-23113.219336478156,-97698.67939477181,-16538.146012168843,-6704.697780250572,-6704.697780250572,-6704.697780250572,-6704.697780250572,81020.98676389246,62850.17369774543,69286.04898849851,81020.98676389246
2015-09-16,35783.1348512175,22892.149826344918,6081.639899571193,35783.1348512175,-236618.1122167945,-39462.92104445142,7025.546931529185,-21732.040988158784,-96162.665181246,-15067.795791155077,-6704.697780250572,-6704.697780250572,-6704.697780250572,-6704.697780250572,80954.62791237282,62783.81484622578,69219.69013697887,80954.62791237282
2015-09-17,35830.648951218114,22892.149826344918,6081.639899571193,35830.648951218114,-236570.5981167939,-39415.406944450806,7105.296341241919,-21620.05626873381,-95700.31662482442,-14557.609106262913,-6704.697780250572,-6704.697780250572,-6704.697780250572,-6704.697780250572,81711.91039813706,63541.09733199002,69976.97262274311,81711.91039813706
2015-09-18,32017.237219478353,22892.149826344918,6081.639899571193,32017.237219478353,-240384.00984853366,-43228.81867619057,3525.686875818181,-24965.863467841526,-98000.17781464488,-16796.432937580743,-6704.697780250572,-6704.697780250572,-6704.697780250572,-6704.697780250572,82852.63424854912,64681.821182402084,71117.69647315517,82852.63424854912
2015-09-21,34544.16555625782,25419.078163124388,8608.56823635078,34544.16555625782,-237857.08151175408,-40701.8903394111,6052.615212597651,-22438.935131062055,-95515.20248085726,-14304.654410246527,-6704.697780250572,-6704.697780250572,-6704.697780250572,-6704.697780250572,82898.79584148154,64727.9827753345,71163.85806608759,82898.79584148154
2015-09-22,32501.188255360583,23376.100862227147,6565.590935453423,32501.188255360583,-239900.05881265143,-42744.86764030834,4009.6379117004108,-24481.912431959296,-96544.20745237765,-16213.051786643686,-6704.697780250572,-6704.697780250572,-6704.697780250572,-6704.697780250572,82955.35389505955,64784.54082891252,71220.4161196656,82955.35389505955
2015-09-23,33477.802496559336,24352.7151034259,7542.205176652176,33477.802496559336,-238923.44457145268,-41768.253399109584,4986.252152899164,-23505.298190760543,-95446.70496703801,-15280.766336942674,-6704.697780250572,-6704.697780250572,-6704.697780250572,-6704.697780250572,82980.82300156099,64810.00993541395,71245.88522616704,82980.82300156099
2015-09-24,33113.50819056714,23988.420797433704,7177.91087065998,33113.50819056714,-239287.73887744488,-42132.54770510178,4621.9578469069675,-23869.59249675274,-95655.10845467832,-15873.865914226044,-6704.697780250572,-6704.697780250572,-6704.697780250572,-6704.697780250572,83037.97346878937,64867.16040264233,71303.03569339542,83037.97346878937
2015-09-25,34168.39788240858,25043.310489275143,8232.80056250142,34168.39788240858,-238232.84918560344,-41077.65801326034,5671.056321843993,-22826.285238720127,-94559.78224351606,-14808.686226195423,-6704.697780250572,-6704.697780250572,-6704.697780250572,-6704.697780250572,82984.90820482164,64814.0951386746,71249.97042942769,82984.90820482164
2015-09-28,29566.958152910694,20441.87075977726,3631.360833003535,29566.958152910694,-242924.28891510132,-45679.097742758226,2523.0368789423956,-24520.88439502532,-96292.60869317106,-19438.8252713735,-6704.697780250572,-6704.697780250572,-6704.697780250572,-6704.697780250572,82945.66552314861,64774.85245700157,71210.72774775466,82945.66552314861
2015-09-29,30116.08564607124,20990.998252937803,4180.488326164079,30116.08564607124,-242901.49739410565,-45129.97024959768,3039.1462938645855,-24037.793058341485,-95454.33965831203,-18478.597385784844,-6704.697780250572,-6704.697780250572,-6704.697780250572,-6704.697780250572,83158.7661695669,64987.95310341986,71423.82839417295,83158.7661695669
2015-09-30,33877.000869262265,24751.91347612883,7941.4035493551055,33877.000869262265,-255943.2289954581,-41369.055026406655,5745.998833135585,-22385.003202990396,-97771.86365425517,-16938.76057642768,-6704.697780250572,-6704.697780250572,-6704.697780250572,-6704.697780250572,83188.04092886345,65017.22786271642,71453.1031534695,83188.04092886345
2015-10-01,34834.63780620892,25709.550413075485,8899.040486301761,34834.63780620892,-257378.74316701002,-40411.41808946,6553.5087510005105,-21727.620304207085,-97183.23484372068,-16008.657880027778,-6704.697780250572,-6704.697780250572,-6704.697780250572,-6704.697780250572,83259.05872653332,65088.24566038628,71524.12095113937,83259.05872653332
2015-10-02,37102.306992721045,27977.21959958761,11166.709672813886,37102.306992721045,-268849.8932486117,-38143.748902947875,7956.313997837133,-21189.67899704585,-96913.96647594252,-13974.557301579393,-6704.697780250572,-6704.697780250572,-6704.697780250572,-6704.697780250572,83381.14856896433,65210.335502817295,71646.21079357038,83381.14856896433
2015-10-05,37148.4142187495,28023.326825616066,11212.816898842342,37148.4142187495,-285509.21901245916,-38097.64167691942,7494.448286360595,-22159.51764602738,-97912.05985747371,-13949.850659331423,-6704.697780250572,-6704.697780250572,-6704.697780250572,-6704.697780250572,83351.86675742874,65181.053691281704,71616.92898203479,83351.86675742874
2015-10-06,38619.55715610401,29494.469762970577,12683.959836196853,38619.55715610401,-284038.07607510465,-36626.49873956491,9065.13424279273,-20489.288670517737,-96983.47418719518,-12985.19575454155,-6704.697780250572,-6704.697780250572,-6704.697780250572,-6704.697780250572,83333.40416538133,65162.5910992343,71598.46638998738,83333.40416538133
2015-10-07,38058.77026426059,28933.682871127152,12123.172944353428,38058.77026426059,-284598.8629669481,-37187.28563140833,8267.193202180672,-21524.38385989843,-96817.7813558525,-12875.349806934828,-6704.697780250572,-6704.697780250572,-6704.697780250572,-6704.697780250572,83246.73735050275,65075.924284355715,71511.7995751088,83246.73735050275
2015-10-08,37014.52024277183,27889.432849638397,11078.922922864673,37014.52024277183,-285643.1129884368,-38231.53565289709,6959.426992243738,-23095.666258283425,-96727.97703594388,-13067.681685306947,-6704.697780250572,-6704.697780250572,-6704.697780250572,-6704.697780250572,82977.25478402479,64806.44171787775,71242.31700863084,82977.25478402479
2015-10-09,36983.396367697744,27858.30897456431,11047.799047790584,36983.396367697744,-285674.2368635109,-38262.65952797118,6904.973559426842,-23173.44924884301,-96611.698140183,-12980.629397070617,-6704.697780250572,-6704.697780250572,-6704.697780250572,-6704.697780250572,83268.97891248064,65098.165846333606,71534.0411370867,83268.97891248064
2015-10-12,36655.0784206551,27529.991027521668,10719.481100747944,36655.0784206551,-286002.55481055356,-38590.97747501382,6603.2559369258815,-23448.566546802293,-96895.2155819406,-13315.070323833846,-6704.697780250572,-6704.697780250572,-6704.697780250572,-6704.697780250572,83485.43050573068,65314.61743958364,71750.49273033673,83485.43050573068
2015-10-13,37735.31247279979,28610.225079666357,11799.715152892633,37735.31247279979,-284922.32075840887,-37510.74342286913,7505.662934757769,-22723.986603283207,-96701.17178105726,-12621.775732938899,-6704.697780250572,-6704.697780250572,-6704.697780250572,-6704.697780250572,83611.83583992324,65441.0227737762,71876.89806452929,83611.83583992324
2015-10-14,38654.68180653686,29529.59441340342,12719.084486629697,38654.68180653686,-284002.9514246718,-36591.37408913206,8290.607088833,-22073.46762886981,-96249.85611504654,-11796.148326624185,-6704.697780250572,-6704.697780250572,-6704.697780250572,-6704.697780250572,83646.13057070132,65475.31750455429,71911.19279530738,83646.13057070132
2015-10-15,37085.36736952851,27960.279976395075,11149.770049621351,37085.36736952851,-285572.26586168015,-38160.68852614041,7149.773071731441,-22785.821226064465,-96508.10050953156,-13032.559336809674,-6704.697780250572,-6704.697780250572,-6704.697780250572,-6704.697780250572,84026.86966589186,65856.05659974483,72291.93189049792,84026.86966589186
2015-10-16,34380.48443401151,25255.397040878073,8444.88711410435,34380.48443401151,-288277.14879719715,-40865.57146165741,4573.713095334824,-25233.058243340696,-97756.52518332622,-15002.63872522267,-6704.697780250572,-6704.697780250572,-6704.697780250572,-6704.697780250572,84018.82494419068,65848.01187804365,72283.88716879673,84018.82494419068
2015-10-19,34380.48443401151,25255.397040878073,8444.88711410435,34380.48443401151,-288277.14879719715,-40865.57146165741,4573.713095334824,-25233.058243340696,-97756.52518332622,-15002.63872522267,-6704.697780250572,-6704.697780250572,-6704.697780250572,-6704.697780250572,84198.34406697517,66027.53100082814,72463.40629158122,84198.34406697517
2015-10-20,34380.48443401151,25255.397040878073,8444.88711410435,34380.48443401151,-288277.14879719715,-40865.57146165741,4573.713095334824,-25233.058243340696,-97756.52518332622,-15002.63872522267,-6704.697780250572,-6704.697780250572,-6704.697780250572,-6704.697780250572,84048.15353208152,65877.34046593448,72313.21575668757,84048.15353208152
2015-10-21,34380.48443401151,25255.397040878073,8444.88711410435,34380.48443401151,-288277.14879719715,-40865.57146165741,4573.713095334824,-25233.058243340696,-97756.52518332622,-15002.63872522267,-6704.697780250572,-6704.697780250572,-6704.697780250572,-6704.697780250572,84093.16236835578,65922.34930220875,72358.22459296184,84093.16236835578
2015-10-22,34380.48443401151,25255.397040878073,8444.88711410435,34380.48443401151,-288277.14879719715,-40865.57146165741,4573.713095334824,-25233.058243340696,-97756.52518332622,-15002.63872522267,-6704.697780250572,-6704.697780250572,-6704.697780250572,-6704.697780250572,83428.69891067292,65257.88584452588,71693.76113527897,83428.69891067292
2015-10-23,34380.48443401151,25255.397040878073,8444.88711410435,34380.48443401151,-288277.14879719715,-40865.57146165741,4573.713095334824,-25233.058243340696,-97756.52518332622,-15002.63872522267,-6704.697780250572,-6704.697780250572,-6704.697780250572,-6704.697780250572,82234.61405379279,64063.80098764575,70499.67627839884,82234.61405379279
2015-10-26,34380.48443401151,25255.397040878073,8444.88711410435,34380.48443401151,-288277.14879719715,-40865.57146165741,4573.713095334824,-25233.058243340696,-97756.52518332622,-15002.63872522267,-6704.697780250572,-6704.697780250572,-6704.697780250572,-6704.697780250572,82548.46958407992,64377.65651793289,70813.53180868598,82548.46958407992
2015-10-27,34380.48443401151,25255.397040878073,8444.88711410435,34380.48443401151,-288277.14879719715,-40865.57146165741,4573.713095334824,-25233.058243340696,-97756.52518332622,-15002.63872522267,-6704.697780250572,-6704.697780250572,-6704.697780250572,-6704.697780250572,82462.3962275947,64291.58316144766,70727.45845220075,82462.3962275947
2015-10-28,34380.48443401151,25255.397040878073,8444.88711410435,34380.48443401151,-288277.14879719715,-40865.57146165741,4573.713095334824,-25233.058243340696,-97756.52518332622,-15002.63872522267,-6704.697780250572,-6704.697780250572,-6704.697780250572,-6704.697780250572,82506.31526742852,64335.50220128149,70771.37749203457,82506.31526742852
2015-10-29,34380.48443401151,25255.397040878073,8444.88711410435,34380.48443401151,-288277.14879719715,-40865.57146165741,4573.713095334824,-25233.058243340696,-97756.52518332622,-15002.63872522267,-6704.697780250572,-6704.697780250572,-6704.697780250572,-6704.697780250572,83323.97185049718,65153.15878435015,71589.03407510323,83323.97185049718
2015-10-30,34380.48443401151,25255.397040878073,8444.88711410435,34380.48443401151,-288277.14879719715,-40865.57146165741,4573.713095334824,-25233.058243340696,-97756.52518332622,-15002.63872522267,-6704.697780250572,-6704.697780250572,-6704.697780250572,-6704.697780250572,83543.09897054732,65372.28590440028,71808.16119515337,83543.09897054732
2015-11-02,34380.48443401151,25255.397040878073,8444.88711410435,34380.48443401151,-288277.14879719715,-40865.57146165741,4573.713095334824,-25233.058243340696,-97756.52518332622,-15002.63872522267,-6704.697780250572,-6704.697780250572,-6704.697780250572,-6704.697780250572,83825.69763790444,65654.8845717574,72090.75986251049,83825.69763790444
2015-11-03,34380.48443401151,25255.397040878073,8444.88711410435,34380.48443401151,-288277.14879719715,-40865.57146165741,4573.713095334824,-25233.058243340696,-97756.52518332622,-15002.63872522267,-6704.697780250572,-6704.697780250572,-6704.697780250572,-6704.697780250572,83739.15819935966,65568.34513321263,72004.22042396571,83739.15819935966
2015-11-04,34380.48443401151,25255.397040878073,8444.88711410435,34380.48443401151,-288277.14879719715,-40865.57146165741,4573.713095334824,-25233.058243340696,-97756.52518332622,-15002.63872522267,-6704.697780250572,-6704.697780250572,-6704.697780250572,-6704.697780250572,83974.84734830796,65804.03428216092,72239.90957291401,83974.84734830796
2015-11-05,34380.48443401151,25255.397040878073,8444.88711410435,34380.48443401151,-288277.14879719715,-40865.57146165741,4573.713095334824,-25233.058243340696,-97756.52518332622,-15002.63872522267,-6704.697780250572,-6704.697780250572,-6704.697780250572,-6704.697780250572,84104.05312040541,65933.24005425838,72369.11534501147,84104.05312040541
2015-11-06,34380.48443401151,25255.397040878073,8444.88711410435,34380.48443401151,-288277.14879719715,-40865.57146165741,4573.713095334824,-25233.058243340696,-97756.52518332622,-15002.63872522267,-6704.697780250572,-6704.697780250572,-6704.697780250572,-6704.697780250572,83713.67765530408,65542.86458915705,71978.73987991014,83713.67765530408
2015-11-09,34380.48443401151,25255.397040878073,8444.88711410435,34380.48443401151,-288277.14879719715,-40865.57146165741,4573.713095334824,-25233.058243340696,-97756.52518332622,-15002.63872522267,-6704.697780250572,-6704.697780250572,-6704.697780250572,-6704.697780250572,84197.91838551336,66027.10531936632,72462.98061011941,84197.91838551336
2015-11-10,34380.48443401151,25255.397040878073,8444.88711410435,34380.48443401151,-288277.14879719715,-40865.57146165741,4573.713095334824,-25233.058243340696,-97756.52518332622,-15002.63872522267,-6704.697780250572,-6704.697780250572,-6704.697780250572,-6704.697780250572,84803.83294082968,66633.01987468265,73068.89516543574,84803.83294082968
2015-11-11,34380.48443401151,25255.397040878073,8444.88711410435,34380.48443401151,-288277.14879719715,-40865.57146165741,4573.713095334824,-25233.058243340696,-97756.52518332622,-15002.63872522267,-6704.697780250572,-6704.697780250572,-6704.697780250572,-6704.697780250572,84798.22776088491,66627.41469473788,73063.28998549096,84798.22776088491
2015-11-12,34380.48443401151,25255.397040878073,8444.88711410435,34380.48443401151,-288277.14879719715,-40865.57146165741,4573.713095334824,-25233.058243340696,-97756.52518332622,-15002.63872522267,-6704.697780250572,-6704.697780250572,-6704.697780250572,-6704.697780250572,84544.319356428,66373.50629028096,72809.38158103405,84544.319356428
2015-11-13,34380.48443401151,25255.397040878073,8444.88711410435,34380.48443401151,-288277.14879719715,-40865.57146165741,4573.713095334824,-25233.058243340696,-97756.52518332622,-15002.63872522267,-6704.697780250572,-6704.697780250572,-6704.697780250572,-6704.697780250572,83977.55583193898,65806.74276579195,72242.61805654503,83977.55583193898
2015-11-16,34380.48443401151,25255.397040878073,8444.88711410435,34380.48443401151,-288277.14879719715,-40865.57146165741,4573.713095334824,-25233.058243340696,-97756.52518332622,-15002.63872522267,-6704.697780250572,-6704.697780250572,-6704.697780250572,-6704.697780250572,84821.94435039768,66651.13128425064,73087.00657500373,84821.94435039768
2015-11-17,34380.48443401151,25255.397040878073,8444.88711410435,34380.48443401151,-288277.14879719715,-40865.57146165741,4573.713095334824,-25233.058243340696,-97756.52518332622,-15002.63872522267,-6704.697780250572,-6704.697780250572,-6704.697780250572,-6704.697780250572,85327.98555698153,67157.17249083449,73593.04778158758,85327.98555698153
2015-11-18,34380.48443401151,25255.397040878073,8444.88711410435,34380.48443401151,-288277.14879719715,-40865.57146165741,4573.713095334824,-25233.058243340696,-97756.52518332622,-15002.63872522267,-6704.697780250572,-6704.697780250572,-6704.697780250572,-6704.697780250572,84305.47631762805,66134.66325148102,72570.5385422341,84305.47631762805
2015-11-19,34380.48443401151,25255.397040878073,8444.88711410435,34380.48443401151,-288277.14879719715,-40865.57146165741,4573.713095334824,-25233.058243340696,-97756.52518332622,-15002.63872522267,-6704.697780250572,-6704.697780250572,-6704.697780250572,-6704.697780250572,84423.77796461969,66252.96489847265,72688.84018922574,84423.77796461969
2015-11-20,34380.48443401151,25255.397040878073,8444.88711410435,34380.48443401151,-288277.14879719715,-40865.57146165741,4573.713095334824,-25233.058243340696,-97756.52518332622,-15002.63872522267,-6704.697780250572,-6704.697780250572,-6704.697780250572,-6704.697780250572,84409.17214782769,66238.35908168065,72674.23437243374,84409.17214782769
2015-11-23,34252.49048228364,25127.403089150204,8316.89316237648,34252.49048228364,-288405.142748925,-40993.56541338528,4445.719143606955,-25361.052195068565,-97934.13209937909,-15171.59529801947,-6704.697780250572,-6704.697780250572,-6704.697780250572,-6704.697780250572,84466.39714839938,66295.58408225235,72731.45937300543,84466.39714839938
2015-11-24,34106.905074125156,24981.81768099172,8171.307754217996,34106.905074125156,-288550.7281570835,-41139.150821543764,4300.133735448471,-25506.63760322705,-98134.06961186079,-15254.88564274495,-6704.697780250572,-6704.697780250572,-6704.697780250572,-6704.697780250572,84477.76210530684,66306.94903915981,72742.8243299129,84477.76210530684
2015-11-25,34685.89837692294,25560.810983789503,8750.301057015778,34685.89837692294,-287971.7348542857,-40560.15751874598,4879.1270382462535,-24927.644300429267,-97658.71775313397,-14790.66679316666,-6704.697780250572,-6704.697780250572,-6704.697780250572,-6704.697780250572,84521.59622466378,66350.78315851674,72786.65844926983,84521.59622466378
2015-11-27,35930.31673915847,26805.229346025037,9994.719419251313,35930.31673915847,-286727.3164920502,-39315.73915651045,6123.5454004817875,-23683.225938193733,-96646.22214991238,-13689.020671791048,-6704.697780250572,-6704.697780250572,-6704.697780250572,-6704.697780250572,84581.73935955111,66410.92629340407,72846.80158415716,84581.73935955111
2015-11-30,34637.54310662311,25512.455713489675,8701.94578671595,34637.54310662311,-288020.09012458555,-40608.51278904581,4826.965757911792,-24983.611590798362,-98387.25798331271,-15705.991690607974,-6704.697780250572,-6704.697780250572,-6704.697780250572,-6704.697780250572,84643.98003976932,66473.16697362228,72909.04226437537,84643.98003976932
2015-12-01,35056.59886519483,25931.511472061393,9121.001545287669,35056.59886519483,-287601.03436601383,-40189.45703047409,4883.0913710198365,-25290.41612315399,-98714.4787286953,-15302.867739376146,-6704.697780250572,-6704.697780250572,-6704.697780250572,-6704.697780250572,84661.4815847266,66490.66851857956,72926.54380933265,84661.4815847266
2015-12-02,34940.98356659687,25815.896173463436,9005.386246689712,34940.98356659687,-287716.6496646118,-40305.07232907205,5159.579639344709,-24621.82428790629,-98782.1121252788,-15692.899406081182,-6704.697780250572,-6704.697780250572,-6704.697780250572,-6704.697780250572,84738.97440301767,66568.16133687063,73004.03662762372,84738.97440301767
2015-12-03,33331.142780606286,24206.05538747285,7395.545460699126,33331.142780606286,-289326.4904506024,-41914.913115062634,4082.2869461533846,-25166.568888298352,-99378.1130175622,-17309.969031886198,-6704.697780250572,-6704.697780250572,-6704.697780250572,-6704.697780250572,84739.75508366665,66568.94201751961,73004.8173082727,84739.75508366665
2015-12-04,36357.18142281193,27232.094029678497,10421.584102904773,36357.18142281193,-286300.4518083967,-38888.87447285699,6376.98279798578,-23603.21582683921,-100495.45784258225,-15499.297787970281,-6704.697780250572,-6704.697780250572,-6704.697780250572,-6704.697780250572,84807.54244314972,66636.72937700269,73072.60466775578,84807.54244314972
2015-12-07,36144.83342961664,27019.746036483208,10209.236109709484,36144.83342961664,-286512.799801592,-39101.22246605228,6395.400624315953,-23354.032180983457,-101122.07795859373,-16371.640649060835,-6704.697780250572,-6704.697780250572,-6704.697780250572,-6704.697780250572,84935.11152493395,66764.29845878691,73200.17374954,84935.11152493395
2015-12-08,35732.23892229772,26607.151529164286,9796.641602390562,35732.23892229772,-286925.39430891094,-39513.8169733712,6180.080089546158,-23372.07874320401,-101157.91739485809,-16798.297428040183,-6704.697780250572,-6704.697780250572,-6704.697780250572,-6704.697780250572,85018.36491981894,66847.5518536719,73283.42714442499,85018.36491981894
2015-12-09,33651.71236559888,24526.624972465448,7716.115045691724,33651.71236559888,-289005.9208656098,-41594.34353007004,4326.414871994988,-24998.88262160751,-102086.83018715272,-18465.95240000775,-6704.697780250572,-6704.697780250572,-6704.697780250572,-6704.697780250572,85103.31024299352,66932.49717684649,73368.37246759958,85103.31024299352
2015-12-10,34653.38397362956,25528.296580496128,8717.786653722404,34653.38397362956,-288004.2492575791,-40592.67192203936,5253.400497875642,-24146.582977876882,-101635.83339053125,-17633.411306507885,-6704.697780250572,-6704.697780250572,-6704.697780250572,-6704.697780250572,85141.5739734075,66970.76090726047,73406.63619801356,85141.5739734075
2015-12-11,29350.275330197997,20225.187937064562,3414.678010290838,29350.275330197997,-293397.35790101066,-45895.78056547092,512.5212616532808,-28325.23280689004,-103496.61776377354,-21890.12881976145,-6704.697780250572,-6704.697780250572,-6704.697780250572,-6704.697780250572,85367.55962590687,67196.74655975983,73632.62185051292,85367.55962590687
2015-12-14,32170.276404071134,23045.1890109377,6234.679084163974,32170.276404071134,-295124.57234058087,-43075.77949159779,3179.3075395623455,-25811.66132494493,-103144.85224285931,-20121.413733653957,-6704.697780250572,-6704.697780250572,-6704.697780250572,-6704.697780250572,85499.94859635411,67329.13553020707,73765.01082096016,85499.94859635411
2015-12-15,34015.54276353691,24890.455370403477,8079.945443629753,34015.54276353691,-302775.05524274765,-41230.51313213201,3728.3848466386553,-26558.773070257972,-103945.62974353833,-18317.230687933974,-6704.697780250572,-6704.697780250572,-6704.697780250572,-6704.697780250572,85509.6635790437,67338.85051289666,73774.72580364975,85509.6635790437
2015-12-16,33766.222621851484,24641.13522871805,7830.625301944325,33766.222621851484,-316398.31369436684,-41479.833273817436,1653.4949740094598,-30459.232673830935,-104546.5493537467,-17096.308900749544,-6704.697780250572,-6704.697780250572,-6704.697780250572,-6704.697780250572,85388.4389984028,67217.62593225576,73653.50122300885,85388.4389984028
2015-12-17,38630.54126467253,29505.453871539095,12694.943944765371,38630.54126467253,-297402.09255737485,-36615.51463099639,8446.846997734043,-21736.847269202815,-103039.67168520251,-15709.299896220095,-6704.697780250572,-6704.697780250572,-6704.697780250572,-6704.697780250572,85621.90479942923,67451.0917332822,73886.96702403529,85621.90479942923
2015-12-18,45212.75301141606,36087.66561828263,19277.155691508902,45212.75301141606,-274639.43151014904,-30033.30288425286,17249.967358193127,-10712.818295028294,-97829.38384765515,-11933.447315666708,-6704.697780250572,-6704.697780250572,-6704.697780250572,-6704.697780250572,85974.13050808245,67803.31744193542,74239.1927326885,85974.13050808245
2015-12-21,44216.57084796869,35091.48345483525,18280.973528061528,44216.57084796869,-275635.6136735964,-31029.485047700233,16253.785194745753,-11709.000458475668,-98861.70047432871,-12960.00291316607,-6704.697780250572,-6704.697780250572,-6704.697780250572,-6704.697780250572,85990.71569746034,67819.9026313133,74255.7779220664,85990.71569746034
2015-12-22,44415.93629426835,35290.848901134916,18480.33897436119,44415.93629426835,-275436.24822729675,-30830.11960140057,16453.150641045417,-11509.635012176004,-98696.23856513004,-12269.134205144597,-6704.697780250572,-6704.697780250572,-6704.697780250572,-6704.697780250572,85959.63487440627,67788.82180825924,74224.69709901232,85959.63487440627
2015-12-23,44363.718990051304,35238.63159691787,18428.121670144144,44363.718990051304,-275488.4655315138,-30882.336905617616,16400.93333682837,-11561.852316393051,-98206.92040418065,-11382.757452305174,-6704.697780250572,-6704.697780250572,-6704.697780250572,-6704.697780250572,85933.77783954656,67762.96477339952,74198.84006415261,85933.77783954656
2015-12-24,43796.89549785934,34671.808104725904,17861.29817795218,43796.89549785934,-276055.28902370576,-31449.16039780958,15834.109844636405,-12128.675808585016,-98871.97539746575,-12056.25951454346,-6704.697780250572,-6704.697780250572,-6704.697780250572,-6704.697780250572,85976.97150276438,67806.15843661735,74242.03372737044,85976.97150276438
2015-12-28,43734.31623733882,34609.22884420538,17798.71891743166,43734.31623733882,-276117.8682842263,-31511.7396583301,15771.292033446836,-12191.732170443516,-99135.19132902985,-12329.44091498875,-6704.697780250572,-6704.697780250572,-6704.697780250572,-6704.697780250572,86110.0145840908,67939.20151794376,74375.07680869685,86110.0145840908
2015-12-29,43772.25817946147,34647.17078632803,17836.660859554308,43772.25817946147,-276079.92634210363,-31473.797716207453,15834.692047392251,-12102.874084675219,-99054.6724450381,-12298.179095652536,-6704.697780250572,-6704.697780250572,-6704.697780250572,-6704.697780250572,86133.44524325151,67962.63217710447,74398.50746785756,86133.44524325151
2015-12-30,43676.23381572438,34551.146422590944,17740.63649581722,43676.23381572438,-276175.9507058407,-31569.82207994454,15721.579839607351,-12233.07413650793,-99292.08790825983,-12383.442122224369,-6704.697780250572,-6704.697780250572,-6704.697780250572,-6704.697780250572,86181.19297549548,68010.37990934844,74446.25520010153,86181.19297549548
2015-12-31,43258.15418474958,34133.06679161615,17322.556864842423,43258.15418474958,-276594.0303368155,-31987.901710919337,15279.553814626066,-12699.046555495821,-99940.5997804749,-12856.863388675614,-6704.697780250572,-6704.697780250572,-6704.697780250572,-6704.697780250572,86185.74145624274,68014.92839009571,74450.8036808488,86185.74145624274
2016-01-04,41482.41189878725,32357.324505653814,15546.81457888009,41482.41189878725,-278369.77262277785,-33763.64399688167,13470.680326203117,-14541.05124637927,-101853.92108995758,-14707.74191444472,-6704.697780250572,-6704.697780250572,-6704.697780250572,-6704.697780250572,86173.02030407451,68002.20723792748,74438.08252868056,86173.02030407451
2016-01-05,43008.80759293423,33883.720199800795,17073.21027302707,43008.80759293423,-276843.37692863087,-32237.24830273469,15000.553461861331,-13007.700669209706,-100412.6454571836,-13238.420026752749,-6704.697780250572,-6704.697780250572,-6704.697780250572,-6704.697780250572,86244.84803989553,68074.0349737485,74509.91026450158,86244.84803989553
2016-01-06,41693.53221555264,32568.444822419202,15757.934895645478,41693.53221555264,-278158.65230601246,-33552.52368011628,13715.591193507658,-14262.349828535342,-101687.00120780058,-14568.787833431154,-6704.697780250572,-6704.697780250572,-6704.697780250572,-6704.697780250572,86133.13389720023,67962.32083105319,74398.19612180628,86133.13389720023
2016-01-07,36495.39766919473,27370.310276061296,10559.800349287572,36495.39766919473,-283446.78685237037,-38750.65822647419,8574.386192127247,-19346.625284938375,-104933.71527568263,-19023.001694438746,-6704.697780250572,-6704.697780250572,-6704.697780250572,-6704.697780250572,85948.5817166944,67777.76865054737,74213.64394130046,85948.5817166944
2016-01-08,33727.99644305557,24386.870763378916,7792.399123148411,33727.99644305557,-276335.57383218675,-41563.05945261335,5832.405196555075,-22063.186049943673,-104355.42233361478,-20451.83244493825,-6704.697780250572,-6704.697780250572,-6704.697780250572,-6704.697780250572,85718.10046786768,67547.28740172065,73983.16269247374,85718.10046786768
2016-01-11,34556.34118565859,24386.870763378916,8620.743865751429,34556.34118565859,-276388.4773188683,-41180.228894395754,6658.482259439421,-21239.376666778,-102783.55247675546,-18627.834380019107,-6704.697780250572,-6704.697780250572,-6704.697780250572,-6704.697780250572,85802.33692387049,67631.52385772346,74067.39914847654,85802.33692387049
2016-01-12,38187.331909407396,24386.870763378916,12251.734589500236,38187.331909407396,-279946.3245663636,-41183.54820839618,10261.946740053361,-17663.43842929881,-103082.11068910419,-16834.291247371002,-6704.697780250572,-6704.697780250572,-6704.697780250572,-6704.697780250572,86047.06542775291,67876.25236160588,74312.12765235896,86047.06542775291
2016-01-13,31215.621845841408,24386.870763378916,5280.024525934248,31215.621845841408,-264516.388226948,-36830.12774180842,5599.416625028243,-20016.78859578306,-105523.33120920358,-23871.817206541426,-6704.697780250572,-6704.697780250572,-6704.697780250572,-6704.697780250572,85769.73462577141,67598.92155962437,74034.79685037746,85769.73462577141
2016-01-14,37537.21503156086,24386.870763378916,11601.6177116537,37537.21503156086,-272572.6392893372,-37777.23971833009,10438.929920558934,-16659.355190441012,-108073.26926683064,-19827.266872375156,-6704.697780250572,-6704.697780250572,-6704.697780250572,-6704.697780250572,85660.24324706313,67489.4301809161,73925.30547166918,85660.24324706313
2016-01-15,24744.70783093851,24386.870763378916,-1190.889488968649,24744.70783093851,-266344.01041299524,-40953.63009305857,-383.88413652812596,-25512.476103992783,-109419.3864996829,-27853.741771204513,-6704.697780250572,-6704.697780250572,-6704.697780250572,-6704.697780250572,85573.38145300094,67402.5683868539,73838.44367760699,85573.38145300094
2016-01-19,25010.26573244459,24652.428664884996,-925.3315874625696,25010.26573244459,-266078.45251148916,-40688.07219155249,-118.3262350220466,-25246.918202486704,-109199.88240283832,-27626.308636566508,-6704.697780250572,-6704.697780250572,-6704.697780250572,-6704.697780250572,86634.42157153785,68463.60850539082,74899.4837961439,86634.42157153785
2016-01-20,26194.95619985368,25837.119132294087,259.3588799465215,26194.95619985368,-264893.76204408007,-39503.3817241434,1066.3642323870445,-24062.227735077613,-108218.95253579621,-27658.72763583227,-6704.697780250572,-6704.697780250572,-6704.697780250572,-6704.697780250572,86645.58350843843,68474.7704422914,74910.64573304448,86645.58350843843
2016-01-21,25977.397257328033,25619.56018976844,41.7999374208739,25977.397257328033,-265111.3209866057,-39720.94066666905,848.8052898613969,-24279.78667760326,-108716.89791176224,-27562.108698953525,-6704.697780250572,-6704.697780250572,-6704.697780250572,-6704.697780250572,87156.78027135693,68985.96720520989,75421.84249596298,87156.78027135693
2016-01-22,26667.448367975303,26309.61130041571,731.8510480681434,26667.448367975303,-264421.26987595845,-39030.88955602178,1538.8564005086664,-23589.73556695599,-108648.71881637396,-25609.60073521128,-6704.697780250572,-6704.697780250572,-6704.697780250572,-6704.697780250572,87267.90578846913,69097.0927223221,75532.96801307518,87267.90578846913
2016-01-25,27552.409911656636,27194.57284409704,1616.8125917494763,27552.409911656636,-263536.3083322771,-38145.928012340446,2420.1957566597266,-22712.018398335204,-108621.77356655989,-26299.048918175045,-6704.697780250572,-6704.697780250572,-6704.697780250572,-6704.697780250572,88749.0646782273,70578.25161208026,77014.12690283335,88749.0646782273
2016-01-26,28398.988695901353,28041.15162834176,2463.3913759941934,28398.988695901353,-262689.7295480324,-37299.34922809573,2772.591817067354,-22853.80506176455,-108778.29774464725,-25463.958348980872,-6704.697780250572,-6704.697780250572,-6704.697780250572,-6704.697780250572,89051.10305473744,70880.2899885904,77316.16527934349,89051.10305473744
2016-01-27,29416.054079312366,29058.21701175277,3480.456759405206,29416.054079312366,-261672.66416462138,-36282.283844684716,4189.260386908776,-21037.533305492718,-107719.05493310094,-24848.14675949351,-6704.697780250572,-6704.697780250572,-6704.697780250572,-6704.697780250572,89740.42421813635,71569.61115198932,78005.4864427424,89740.42421813635
2016-01-28,30345.09245598782,29987.255388428224,4409.495136080659,30345.09245598782,-260743.62578794593,-35353.24546800926,4929.1151708744,-20486.862114236807,-107370.83849178627,-24176.353055039304,-6704.697780250572,-6704.697780250572,-6704.697780250572,-6704.697780250572,89409.24254979985,71238.42948365281,77674.3047744059,89409.24254979985
2016-01-29,30041.733826409793,29683.8967588502,4106.136506502633,30041.733826409793,-261046.98441752396,-35656.60409758729,3735.8444586914266,-22570.044909024728,-108500.26201207796,-24141.976477402262,-6704.697780250572,-6704.697780250572,-6704.697780250572,-6704.697780250572,87742.10722057428,69571.29415442725,76007.16944518033,87742.10722057428
2016-02-01,28790.283275268856,28432.44620770926,2854.685955361696,28790.283275268856,-262298.4349686649,-36908.054648728226,2493.7323545430554,-23802.81856618065,-109039.24089944165,-24680.316808891715,-6704.697780250572,-6704.697780250572,-6704.697780250572,-6704.697780250572,90295.42164530233,72124.60857915529,78560.48386990838,90295.42164530233
2016-02-02,28592.3894587697,28234.552391210105,2656.79213886254,28592.3894587697,-262496.32878516405,-37105.94846522738,2218.486040362506,-24155.417378042475,-109405.8279430283,-24889.370512234513,-6704.697780250572,-6704.697780250572,-6704.697780250572,-6704.697780250572,89646.79429316847,71475.98122702143,77911.85651777452,89646.79429316847
2016-02-03,28795.68970624276,28437.852638683165,2860.0923863356,28795.68970624276,-262293.028537691,-36902.64821775432,2447.0534218657995,-23901.58286250895,-108831.57747195382,-24194.507737251697,-6704.697780250572,-6704.697780250572,-6704.697780250572,-6704.697780250572,90043.99212716054,71873.1790610135,78309.0543517666,90043.99212716054
2016-02-04,29158.865187128074,28801.02811956848,3223.267867220915,29158.865187128074,-261929.85305680567,-36539.47273686901,2816.877259583678,-23525.110667958623,-108271.39036490582,-23627.219935706,-6704.697780250572,-6704.697780250572,-6704.697780250572,-6704.697780250572,90260.15297291358,72089.33990676655,78525.21519751963,90260.15297291358
2016-02-05,27945.928568928968,27588.091501369374,2010.3312490216922,27945.928568928968,-263142.7896750048,-37752.409355068114,1523.0411737503018,-24899.84622142627,-109130.04759270884,-24430.083108721534,-6704.697780250572,-6704.697780250572,-6704.697780250572,-6704.697780250572,87966.9967869115,69796.18372076447,76232.05901151756,87966.9967869115
2016-02-08,26475.15441306145,26117.317345501855,539.5570931542898,26475.15441306145,-264613.5638308723,-39223.18351093563,-7.5405075357994065,-26490.235428130953,-110294.98472117679,-26090.349035229883,-6704.697780250572,-6704.697780250572,-6704.697780250572,-6704.697780250572,85514.40788857569,67343.59482242865,73779.47011318174,85514.40788857569
2016-02-09,26471.193505506846,26113.356437947252,535.5961855996866,26471.193505506846,-264617.5247384269,-39227.144418490236,-13.296835335437208,-26497.787176175625,-110306.73434404691,-26098.099365234724,-6704.697780250572,-6704.697780250572,-6704.697780250572,-6704.697780250572,86627.78983363695,68456.97676748992,74892.852058243,86627.78983363695
2016-02-10,28266.915109364665,27909.07804180507,2331.3177894575056,28266.915109364665,-262821.8031345691,-37431.42281463242,1811.1222192866262,-24644.670670789317,-108698.55694744096,-24543.663702437887,-6704.697780250572,-6704.697780250572,-6704.697780250572,-6704.697780250572,87622.64066526853,69451.82759912149,75887.70288987458,87622.64066526853
2016-02-11,28542.495559706353,28184.65849214676,2606.898239799193,28542.495559706353,-262636.2226842274,-37155.84236429073,2518.7126557958545,-23505.07024811243,-107571.01547555975,-24206.06801413803,-6704.697780250572,-6704.697780250572,-6704.697780250572,-6704.697780250572,84957.32607509778,66786.51300895074,73222.38829970383,84957.32607509778
2016-02-12,29910.42491160729,29552.587844047695,3974.82759170013,29910.42491160729,-279823.28656915494,-35787.91301238979,3210.8321666629054,-23488.76057827915,-107839.40902911825,-22299.119389602565,-6704.697780250572,-6704.697780250572,-6704.697780250572,-6704.697780250572,87838.52276367415,69667.70969752711,76103.5849882802,87838.52276367415
2016-02-16,28516.299494834733,28158.46242727514,2580.7021749275737,28516.299494834733,-296814.34667369444,-37182.03842916235,1247.6798735398334,-26020.93974775262,-109084.25375822408,-23069.58667819819,-6704.697780250572,-6704.697780250572,-6704.697780250572,-6704.697780250572,90705.59133167239,72534.77826552535,78970.65355627844,90705.59133167239
2016-02-17,28762.488766687457,28404.651699127862,2826.891446780297,28762.488766687457,-296568.1574018417,-36935.849157309625,1649.935075893649,-25462.618614897714,-108542.22069858015,-22835.66954536806,-6704.697780250572,-6704.697780250572,-6704.697780250572,-6704.697780250572,91297.98921131738,73127.17614517035,79563.05143592344,91297.98921131738
2016-02-18,29261.723765587085,28903.88669802749,3326.1264456799254,29261.723765587085,-296068.9224029421,-36436.61415841,2109.4002230367623,-25042.923319511116,-108540.89613476174,-22586.593500852818,-6704.697780250572,-6704.697780250572,-6704.697780250572,-6704.697780250572,91410.97161819716,73240.15855205012,79676.03384280321,91410.97161819716
2016-02-19,29758.150755195762,29400.313687636168,3822.5534352886025,29758.150755195762,-295572.4954133334,-35940.18716880132,2601.2937528111506,-24555.563249571132,-108015.92033327802,-22051.3056513482,-6704.697780250572,-6704.697780250572,-6704.697780250572,-6704.697780250572,91690.8962491441,73520.08318299707,79955.95847375016,91690.8962491441
2016-02-22,28144.20981938683,27786.372751827235,2208.61249947967,28144.20981938683,-297186.43634914234,-37554.12810461025,987.3528170022182,-26169.504185380065,-109660.2940312823,-23691.301606790512,-6704.697780250572,-6704.697780250572,-6704.697780250572,-6704.697780250572,91731.72183338483,73560.9087672378,79996.78405799088,91731.72183338483
2016-02-23,28835.89098563802,28478.053918078425,2900.29366573086,28835.89098563802,-296494.75518289115,-36862.44693835906,1679.0339832534082,-25477.823019128875,-109794.56209653383,-24375.3051689117,-6704.697780250572,-6704.697780250572,-6704.697780250572,-6704.697780250572,91852.85050451802,73682.03743837099,80117.91272912407,91852.85050451802
2016-02-24,28428.817369844066,28070.98030228447,2493.2200499369064,28428.817369844066,-296901.8287986851,-37269.520554153016,1271.9603674594546,-25884.89663492283,-110509.0039942686,-24745.12049775175,-6704.697780250572,-6704.697780250572,-6704.697780250572,-6704.697780250572,91713.31923778122,73542.50617163419,79978.38146238727,91713.31923778122
2016-02-25,28221.769392064656,27863.932324505062,2286.1720721574966,28221.769392064656,-297108.8767764645,-37476.568531932426,1064.9123896800447,-26091.94461270224,-110648.62374987034,-24163.56185023696,-6704.697780250572,-6704.697780250572,-6704.697780250572,-6704.697780250572,90974.15006999951,72803.33700385247,79239.21229460556,90974.15006999951
2016-02-26,28277.272346753627,27919.435279194033,2341.6750268464675,28277.272346753627,-297053.37382177555,-37421.065577243455,1119.0063667650102,-26039.25961322128,-110648.98835311516,-24223.926028725808,-6704.697780250572,-6704.697780250572,-6704.697780250572,-6704.697780250572,91192.31078885403,73021.49772270699,79457.37301346008,91192.31078885403
2016-02-29,27943.33527958719,27585.498212027596,2007.737959680031,27943.33527958719,-297387.310888942,-37755.00264440989,895.5660722644534,-26152.203135056072,-110768.11416492087,-24563.004906588583,-6704.697780250572,-6704.697780250572,-6704.697780250572,-6704.697780250572,91471.08866795409,73300.27560180705,79736.15089256014,91471.08866795409
2016-03-01,28614.8150953796,28256.978027820005,2679.21777547244,28614.8150953796,-296715.8310731496,-37083.52282861748,1238.44110281975,-26137.932889738004,-110707.48054929334,-23595.258283242467,-6704.697780250572,-6704.697780250572,-6704.697780250572,-6704.697780250572,91326.76358686248,73155.95052071544,79591.82581146853,91326.76358686248
2016-03-02,29338.35987887485,28980.522811315255,3402.76255896769,29338.35987887485,-295992.2862896543,-36359.97804512223,1897.7048127357848,-25542.950253401184,-109989.36068011553,-22939.024510045885,-6704.697780250572,-6704.697780250572,-6704.697780250572,-6704.697780250572,91436.9930937565,73266.18002760946,79702.05531836255,91436.9930937565
2016-03-03,29183.747393399128,28825.910325839533,3248.150073491968,29183.747393399128,-296146.89877513004,-36514.590530597954,1686.760228123865,-25810.226937149186,-109819.49232438742,-22856.159402424586,-6704.697780250572,-6704.697780250572,-6704.697780250572,-6704.697780250572,92158.5509875461,73987.73792139906,80423.61321215215,92158.5509875461
2016-03-04,29256.1261080408,28898.289040481206,3320.528788133641,29256.1261080408,-296074.5200604884,-36442.21181595628,1709.0933612921508,-25837.939385454403,-109364.09123080864,-22493.341840890702,-6704.697780250572,-6704.697780250572,-6704.697780250572,-6704.697780250572,92205.87377637625,74035.06071022921,80470.9360009823,92205.87377637625
2016-03-07,28680.178486537305,28322.34141897771,2744.581166630145,28680.178486537305,-296650.46768199187,-37018.15943745978,1146.3574886278948,-26387.46350927942,-109920.07788906398,-23074.823981952388,-6704.697780250572,-6704.697780250572,-6704.697780250572,-6704.697780250572,92655.06001628726,74484.24695014022,80920.12224089331,92655.06001628726
2016-03-08,27646.07125986938,27288.234192309785,1710.4739399622194,27646.07125986938,-297684.5749086598,-38052.2666641277,-68.59247977787163,-27783.256219423027,-111179.39124663,-23870.94299808517,-6704.697780250572,-6704.697780250572,-6704.697780250572,-6704.697780250572,92560.7305883863,74389.91752223927,80825.79281299235,92560.7305883863
2016-03-09,28283.898383478983,27926.06131591939,2348.3010635718238,28283.898383478983,-297046.7477850502,-37414.4395405181,650.1622239862336,-26983.57393550442,-110314.62440564332,-23222.090797616285,-6704.697780250572,-6704.697780250572,-6704.697780250572,-6704.697780250572,92426.78005508357,74255.96698893653,80691.84227968962,92426.78005508357
2016-03-10,28043.968721875106,27686.13165431551,2108.3714019679464,28043.968721875106,-297286.67744665407,-37654.369202121976,423.44431122159585,-27197.08009942982,-110514.94155998703,-23462.13525093568,-6704.697780250572,-6704.697780250572,-6704.697780250572,-6704.697780250572,92688.96602941584,74518.1529632688,80954.02825402189,92688.96602941584
2016-03-11,29311.806655907072,28953.969588347478,3376.2093359999126,29311.806655907072,-296018.8395126221,-36386.53126809001,1956.702837727149,-25398.400980450795,-107825.07996856107,-21648.258424863685,-6704.697780250572,-6704.697780250572,-6704.697780250572,-6704.697780250572,92623.7544546451,74452.94138849806,80888.81667925115,92623.7544546451
2016-03-14,28842.4117484506,28484.574680891004,2906.814428543439,28842.4117484506,-296488.2344200786,-36855.92617554648,1459.7495723750908,-25922.912603698438,-108351.53644604038,-22119.255643406417,-6704.697780250572,-6704.697780250572,-6704.697780250572,-6704.697780250572,92622.75479251915,74451.94172637211,80887.8170171252,92622.75479251915
2016-03-15,28494.225343390135,28136.38827583054,2558.6280234829755,28494.225343390135,-296836.42082513904,-37204.11258060695,1076.5922033844981,-26341.040936619276,-108774.54199686518,-22466.403252922348,-6704.697780250572,-6704.697780250572,-6704.697780250572,-6704.697780250572,92602.43072016351,74431.61765401647,80867.49294476956,92602.43072016351
2016-03-16,29021.561465130886,28663.72439757129,3085.9641452237265,29021.561465130886,-296309.0847033983,-36676.776458866196,1727.91978425032,-25565.721896628267,-107935.51945517573,-21911.71339008771,-6704.697780250572,-6704.697780250572,-6704.697780250572,-6704.697780250572,92105.2956190093,73934.48255286226,80370.35784361535,92105.2956190093
2016-03-17,30026.357635262073,29668.52056770248,4090.7603153549135,30026.357635262073,-295304.2885332671,-35671.98028873501,2869.4213307830505,-24287.514973693993,-107232.25999194907,-21347.089747536113,-6704.697780250572,-6704.697780250572,-6704.697780250572,-6704.697780250572,92078.23458544095,73907.42151929392,80343.296810047,92078.23458544095
2016-03-18,29861.10651897674,29503.269451417145,3925.50919906958,29861.10651897674,-295469.53964955243,-35837.23140502034,2789.3911482078256,-24282.324222559226,-107623.17007597769,-21741.873699694872,-6704.697780250572,-6704.697780250572,-6704.697780250572,-6704.697780250572,91509.58435873524,73338.77129258821,79774.6465833413,91509.58435873524
2016-03-21,29861.10651897674,29503.269451417145,3925.50919906958,29861.10651897674,-295469.53964955243,-35837.23140502034,2789.3911482078256,-24282.324222559226,-107623.17007597769,-21741.873699694872,-6704.697780250572,-6704.697780250572,-6704.697780250572,-6704.697780250572,91521.45087821782,73350.63781207078,79786.51310282387,91521.45087821782
2016-03-22,29861.10651897674,29503.269451417145,3925.50919906958,29861.10651897674,-295469.53964955243,-35837.23140502034,2789.3911482078256,-24282.324222559226,-107623.17007597769,-21741.873699694872,-6704.697780250572,-6704.697780250572,-6704.697780250572,-6704.697780250572,91565.51729899202,73394.70423284499,79830.57952359808,91565.51729899202
2016-03-23,29861.10651897674,29503.269451417145,3925.50919906958,29861.10651897674,-295469.53964955243,-35837.23140502034,2789.3911482078256,-24282.324222559226,-107623.17007597769,-21741.873699694872,-6704.697780250572,-6704.697780250572,-6704.697780250572,-6704.697780250572,91650.50428621448,73479.69122006744,79915.56651082053,91650.50428621448
2016-03-24,29861.10651897674,29503.269451417145,3925.50919906958,29861.10651897674,-295469.53964955243,-35837.23140502034,2789.3911482078256,-24282.324222559226,-107623.17007597769,-21741.873699694872,-6704.697780250572,-6704.697780250572,-6704.697780250572,-6704.697780250572,91645.79043352441,73474.97736737737,79910.85265813046,91645.79043352441
2016-03-28,29861.10651897674,29503.269451417145,3925.50919906958,29861.10651897674,-295469.53964955243,-35837.23140502034,2789.3911482078256,-24282.324222559226,-107623.17007597769,-21741.873699694872,-6704.697780250572,-6704.697780250572,-6704.697780250572,-6704.697780250572,91798.09490961465,73627.28184346762,80063.1571342207,91798.09490961465
2016-03-29,29861.10651897674,29503.269451417145,3925.50919906958,29861.10651897674,-295469.53964955243,-35837.23140502034,2789.3911482078256,-24282.324222559226,-107623.17007597769,-21741.873699694872,-6704.697780250572,-6704.697780250572,-6704.697780250572,-6704.697780250572,91730.4694627705,73559.65639662347,79995.53168737656,91730.4694627705
2016-03-30,29861.10651897674,29503.269451417145,3925.50919906958,29861.10651897674,-295469.53964955243,-35837.23140502034,2789.3911482078256,-24282.324222559226,-107623.17007597769,-21741.873699694872,-6704.697780250572,-6704.697780250572,-6704.697780250572,-6704.697780250572,91840.15971151576,73669.34664536873,80105.22193612182,91840.15971151576
2016-03-31,29861.10651897674,29503.269451417145,3925.50919906958,29861.10651897674,-295469.53964955243,-35837.23140502034,2789.3911482078256,-24282.324222559226,-107623.17007597769,-21741.873699694872,-6704.697780250572,-6704.697780250572,-6704.697780250572,-6704.697780250572,91859.25968655781,73688.44662041077,80124.32191116386,91859.25968655781
2016-04-01,29861.10651897674,29503.269451417145,3925.50919906958,29861.10651897674,-295469.53964955243,-35837.23140502034,2789.3911482078256,-24282.324222559226,-107623.17007597769,-21741.873699694872,-6704.697780250572,-6704.697780250572,-6704.697780250572,-6704.697780250572,91953.7163034624,73782.90323731536,80218.77852806845,91953.7163034624
2016-04-04,29861.10651897674,29503.269451417145,3925.50919906958,29861.10651897674,-295469.53964955243,-35837.23140502034,2789.3911482078256,-24282.324222559226,-107623.17007597769,-21741.873699694872,-6704.697780250572,-6704.697780250572,-6704.697780250572,-6704.697780250572,91920.96334554302,73750.15027939598,80186.02557014907,91920.96334554302
2016-04-05,29861.10651897674,29503.269451417145,3925.50919906958,29861.10651897674,-295469.53964955243,-35837.23140502034,2789.3911482078256,-24282.324222559226,-107623.17007597769,-21741.873699694872,-6704.697780250572,-6704.697780250572,-6704.697780250572,-6704.697780250572,91813.6089025219,73642.79583637486,80078.67112712795,91813.6089025219
2016-04-06,29861.10651897674,29503.269451417145,3925.50919906958,29861.10651897674,-295469.53964955243,-35837.23140502034,2789.3911482078256,-24282.324222559226,-107623.17007597769,-21741.873699694872,-6704.697780250572,-6704.697780250572,-6704.697780250572,-6704.697780250572,92023.80351695861,73852.99045081157,80288.86574156466,92023.80351695861
2016-04-07,29861.10651897674,29503.269451417145,3925.50919906958,29861.10651897674,-295469.53964955243,-35837.23140502034,2789.3911482078256,-24282.324222559226,-107623.17007597769,-21741.873699694872,-6704.697780250572,-6704.697780250572,-6704.697780250572,-6704.697780250572,91754.36690655886,73583.55384041183,80019.42913116491,91754.36690655886
2016-04-08,29861.10651897674,29503.269451417145,3925.50919906958,29861.10651897674,-295469.53964955243,-35837.23140502034,2789.3911482078256,-24282.324222559226,-107623.17007597769,-21741.873699694872,-6704.697780250572,-6704.697780250572,-6704.697780250572,-6704.697780250572,91812.76307559013,73641.9500094431,80077.82530019619,91812.76307559013
2016-04-11,29861.10651897674,29503.269451417145,3925.50919906958,29861.10651897674,-295469.53964955243,-35837.23140502034,2789.3911482078256,-24282.324222559226,-107623.17007597769,-21741.873699694872,-6704.697780250572,-6704.697780250572,-6704.697780250572,-6704.697780250572,91744.87863734551,73574.06557119847,80009.94086195156,91744.87863734551
2016-04-12,29861.10651897674,29503.269451417145,3925.50919906958,29861.10651897674,-295469.53964955243,-35837.23140502034,2789.3911482078256,-24282.324222559226,-107623.17007597769,-21741.873699694872,-6704.697780250572,-6704.697780250572,-6704.697780250572,-6704.697780250572,91833.43592234049,73662.62285619345,80098.49814694654,91833.43592234049
2016-04-13,29861.10651897674,29503.269451417145,3925.50919906958,29861.10651897674,-295469.53964955243,-35837.23140502034,2789.3911482078256,-24282.324222559226,-107623.17007597769,-21741.873699694872,-6704.697780250572,-6704.697780250572,-6704.697780250572,-6704.697780250572,91844.58241048828,73673.76934434124,80109.64463509433,91844.58241048828
2016-04-14,29861.10651897674,29503.269451417145,3925.50919906958,29861.10651897674,-295469.53964955243,-35837.23140502034,2789.3911482078256,-24282.324222559226,-107623.17007597769,-21741.873699694872,-6704.697780250572,-6704.697780250572,-6704.697780250572,-6704.697780250572,91711.592092345,73540.77902619797,79976.65431695106,91711.592092345
2016-04-15,29861.10651897674,29503.269451417145,3925.50919906958,29861.10651897674,-295469.53964955243,-35837.23140502034,2789.3911482078256,-24282.324222559226,-107623.17007597769,-21741.873699694872,-6704.697780250572,-6704.697780250572,-6704.697780250572,-6704.697780250572,91805.97805424756,73635.16498810053,80071.04027885362,91805.97805424756
2016-04-18,29861.10651897674,29503.269451417145,3925.50919906958,29861.10651897674,-295469.53964955243,-35837.23140502034,2789.3911482078256,-24282.324222559226,-107623.17007597769,-21741.873699694872,-7237.28828751191,-7237.28828751191,-7237.28828751191,-7237.28828751191,91885.67055760487,73714.85749145783,80150.73278221092,91885.67055760487
2016-04-19,29861.10651897674,29503.269451417145,3925.50919906958,29861.10651897674,-295469.53964955243,-35837.23140502034,2789.3911482078256,-24282.324222559226,-107623.17007597769,-21741.873699694872,-6917.437382250093,-6917.437382250093,-6917.437382250093,-6917.437382250093,91686.055955905,73515.24288975797,79951.11818051105,91686.055955905
2016-04-20,29861.10651897674,29503.269451417145,3925.50919906958,29861.10651897674,-295469.53964955243,-35837.23140502034,2789.3911482078256,-24282.324222559226,-107623.17007597769,-21741.873699694872,-6065.376904063742,-6065.376904063742,-6065.376904063742,-6065.376904063742,91765.18227159465,73594.36920544761,80030.2444962007,91765.18227159465
2016-04-21,29861.10651897674,29503.269451417145,3925.50919906958,29861.10651897674,-295469.53964955243,-35837.23140502034,2789.3911482078256,-24282.324222559226,-107623.17007597769,-21741.873699694872,-5506.962857690291,-5506.962857690291,-5506.962857690291,-5506.962857690291,91948.35588162486,73777.54281547782,80213.4181062309,91948.35588162486
2016-04-22,29861.10651897674,29503.269451417145,3925.50919906958,29861.10651897674,-295469.53964955243,-35837.23140502034,2789.3911482078256,-24282.324222559226,-107623.17007597769,-21741.873699694872,-4404.795665744459,-4404.795665744459,-4404.795665744459,-4404.795665744459,91676.82018358773,73506.00711744069,79941.88240819378,91676.82018358773
2016-04-25,29861.10651897674,29503.269451417145,3925.50919906958,29861.10651897674,-295469.53964955243,-35837.23140502034,2789.3911482078256,-24282.324222559226,-107623.17007597769,-21741.873699694872,-5131.187651339918,-5131.187651339918,-5131.187651339918,-5131.187651339918,92457.19480459229,74286.38173844526,80722.25702919834,92457.19480459229
2016-04-26,29861.10651897674,29503.269451417145,3925.50919906958,29861.10651897674,-295469.53964955243,-35837.23140502034,2789.3911482078256,-24282.324222559226,-107623.17007597769,-21741.873699694872,-5457.913811250939,-5457.913811250939,-5457.913811250939,-5457.913811250939,92411.10776637937,74240.29470023233,80676.16999098542,92411.10776637937
2016-04-27,29861.10651897674,29503.269451417145,3925.50919906958,29861.10651897674,-295469.53964955243,-35837.23140502034,2789.3911482078256,-24282.324222559226,-107623.17007597769,-21741.873699694872,-5182.612875553663,-5182.612875553663,-5182.612875553663,-5182.612875553663,92006.33991187229,73835.52684572525,80271.40213647834,92006.33991187229
2016-04-28,29861.10651897674,29503.269451417145,3925.50919906958,29861.10651897674,-295469.53964955243,-35837.23140502034,2789.3911482078256,-24282.324222559226,-107623.17007597769,-21741.873699694872,-5470.530163302319,-5470.530163302319,-5470.530163302319,-5470.530163302319,91719.30967179197,73548.49660564493,79984.37189639802,91719.30967179197
2016-04-29,29861.10651897674,29503.269451417145,3925.50919906958,29861.10651897674,-295469.53964955243,-35837.23140502034,2789.3911482078256,-24282.324222559226,-107623.17007597769,-21741.873699694872,-4293.034501946764,-4293.034501946764,-4293.034501946764,-4293.034501946764,92036.24013446667,73865.42706831964,80301.30235907272,92036.24013446667
2016-05-02,29861.10651897674,29503.269451417145,3925.50919906958,29861.10651897674,-295469.53964955243,-35837.23140502034,2789.3911482078256,-24282.324222559226,-107623.17007597769,-21741.873699694872,-4299.86683130404,-4299.86683130404,-4299.86683130404,-4299.86683130404,92889.42202422488,74718.60895807785,81154.48424883094,92889.42202422488
2016-05-03,29861.10651897674,29503.269451417145,3925.50919906958,29861.10651897674,-295469.53964955243,-35837.23140502034,2789.3911482078256,-24282.324222559226,-107623.17007597769,-21741.873699694872,-4338.694318497437,-4338.694318497437,-4338.694318497437,-4338.694318497437,93202.98486592341,75032.17179977638,81468.04709052946,93202.98486592341
2016-05-04,29861.10651897674,29503.269451417145,3925.50919906958,29861.10651897674,-295469.53964955243,-35837.23140502034,2789.3911482078256,-24282.324222559226,-107623.17007597769,-21741.873699694872,-4129.9808690290665,-4129.9808690290665,-4129.9808690290665,-4129.9808690290665,93283.93552455213,75113.1224584051,81548.99774915818,93283.93552455213
2016-05-05,29861.10651897674,29503.269451417145,3925.50919906958,29861.10651897674,-295469.53964955243,-35837.23140502034,2789.3911482078256,-24282.324222559226,-107623.17007597769,-21741.873699694872,-3919.298695271602,-3919.298695271602,-3919.298695271602,-3919.298695271602,93322.55032985238,75151.73726370535,81587.61255445844,93322.55032985238
2016-05-06,29861.10651897674,29503.269451417145,3925.50919906958,29861.10651897674,-295469.53964955243,-35837.23140502034,2789.3911482078256,-24282.324222559226,-107623.17007597769,-21741.873699694872,-3623.3167554147076,-3623.3167554147076,-3623.3167554147076,-3623.3167554147076,93450.85937254061,75280.04630639357,81715.92159714666,93450.85937254061
2016-05-09,29861.10651897674,29503.269451417145,3925.50919906958,29861.10651897674,-295469.53964955243,-35837.23140502034,2789.3911482078256,-24282.324222559226,-107623.17007597769,-21741.873699694872,-4058.265869724215,-4058.265869724215,-4058.265869724215,-4058.265869724215,94086.3140729249,75915.50100677786,82351.37629753095,94086.3140729249
2016-05-10,29861.10651897674,29503.269451417145,3925.50919906958,29861.10651897674,-295469.53964955243,-35837.23140502034,2789.3911482078256,-24282.324222559226,-107623.17007597769,-21741.873699694872,-4096.732624748955,-4096.732624748955,-4096.732624748955,-4096.732624748955,94339.54484156007,76168.73177541303,82604.60706616612,94339.54484156007
2016-05-11,29861.10651897674,29503.269451417145,3925.50919906958,29861.10651897674,-295469.53964955243,-35837.23140502034,2789.3911482078256,-24282.324222559226,-107623.17007597769,-21741.873699694872,-4283.548706272268,-4283.548706272268,-4283.548706272268,-4283.548706272268,95098.36623099796,76927.55316485092,83363.42845560401,95098.36623099796
2016-05-12,29861.10651897674,29503.269451417145,3925.50919906958,29861.10651897674,-295469.53964955243,-35837.23140502034,2789.3911482078256,-24282.324222559226,-107623.17007597769,-21741.873699694872,-4220.441654069233,-4220.441654069233,-4220.441654069233,-4220.441654069233,94952.52143257135,76781.70836642431,83217.5836571774,94952.52143257135
2016-05-13,29861.10651897674,29503.269451417145,3925.50919906958,29861.10651897674,-295469.53964955243,-35837.23140502034,2789.3911482078256,-24282.324222559226,-107623.17007597769,-21741.873699694872,-4505.18930744112,-4505.18930744112,-4505.18930744112,-4505.18930744112,95361.83146444499,77191.01839829795,83626.89368905104,95361.83146444499
2016-05-16,29861.10651897674,29503.269451417145,3925.50919906958,29861.10651897674,-295469.53964955243,-35837.23140502034,2789.3911482078256,-24282.324222559226,-107623.17007597769,-21741.873699694872,-4968.5592521486105,-4968.5592521486105,-4968.5592521486105,-4968.5592521486105,96620.31945467717,78449.50638853014,84885.38167928322,96620.31945467717
2016-05-17,29861.10651897674,29503.269451417145,3925.50919906958,29861.10651897674,-295469.53964955243,-35837.23140502034,2789.3911482078256,-24282.324222559226,-107623.17007597769,-21741.873699694872,-5132.761221552733,-5132.761221552733,-5132.761221552733,-5132.761221552733,97693.49717966584,79522.6841135188,85958.55940427189,97693.49717966584
2016-05-18,29861.10651897674,29503.269451417145,3925.50919906958,29861.10651897674,-295469.53964955243,-35837.23140502034,2789.3911482078256,-24282.324222559226,-107623.17007597769,-21741.873699694872,-4723.390881433035,-4723.390881433035,-4723.390881433035,-4723.390881433035,97582.76644568681,79411.95337953977,85847.82867029286,97582.76644568681
2016-05-19,29861.10651897674,29503.269451417145,3925.50919906958,29861.10651897674,-295469.53964955243,-35837.23140502034,2789.3911482078256,-24282.324222559226,-107623.17007597769,-21741.873699694872,-5120.045535473386,-5120.045535473386,-5120.045535473386,-5120.045535473386,97262.4461463003,79091.63308015326,85527.50837090635,97262.4461463003
2016-05-20,29861.10651897674,29503.269451417145,3925.50919906958,29861.10651897674,-295469.53964955243,-35837.23140502034,2789.3911482078256,-24282.324222559226,-107623.17007597769,-21741.873699694872,-4281.625441977521,-4281.625441977521,-4281.625441977521,-4281.625441977521,97821.86057849857,79651.04751235154,86086.92280310462,97821.86057849857
2016-05-23,29861.10651897674,29503.269451417145,3925.50919906958,29861.10651897674,-295469.53964955243,-35837.23140502034,2789.3911482078256,-24282.324222559226,-107623.17007597769,-21741.873699694872,-4281.625441977521,-4281.625441977521,-4281.625441977521,-4281.625441977521,97838.18815685203,79667.375090705,86103.25038145809,97838.18815685203
2016-05-24,29861.10651897674,29503.269451417145,3925.50919906958,29861.10651897674,-295469.53964955243,-35837.23140502034,2789.3911482078256,-24282.324222559226,-107623.17007597769,-21741.873699694872,-4281.625441977521,-4281.625441977521,-4281.625441977521,-4281.625441977521,97847.3294961222,79676.51642997516,86112.39172072825,97847.3294961222
2016-05-25,29861.10651897674,29503.269451417145,3925.50919906958,29861.10651897674,-295469.53964955243,-35837.23140502034,2789.3911482078256,-24282.324222559226,-107623.17007597769,-21741.873699694872,-4281.625441977521,-4281.625441977521,-4281.625441977521,-4281.625441977521,97842.26359606604,79671.450529919,86107.3258206721,97842.26359606604
2016-05-26,29861.10651897674,29503.269451417145,3925.50919906958,29861.10651897674,-295469.53964955243,-35837.23140502034,2789.3911482078256,-24282.324222559226,-107623.17007597769,-21741.873699694872,-4281.625441977521,-4281.625441977521,-4281.625441977521,-4281.625441977521,97705.98270573863,79535.1696395916,85971.04493034468,97705.98270573863
2016-05-27,29861.10651897674,29503.269451417145,3925.50919906958,29861.10651897674,-295469.53964955243,-35837.23140502034,2789.3911482078256,-24282.324222559226,-107623.17007597769,-21741.873699694872,-4281.625441977521,-4281.625441977521,-4281.625441977521,-4281.625441977521,97736.90695697535,79566.09389082831,86001.9691815814,97736.90695697535
2016-05-31,29861.10651897674,29503.269451417145,3925.50919906958,29861.10651897674,-295469.53964955243,-35837.23140502034,2789.3911482078256,-24282.324222559226,-107623.17007597769,-21741.873699694872,-4281.625441977521,-4281.625441977521,-4281.625441977521,-4281.625441977521,97765.62909827963,79594.8160321326,86030.69132288569,97765.62909827963
2016-06-01,29861.10651897674,29503.269451417145,3925.50919906958,29861.10651897674,-295469.53964955243,-35837.23140502034,2789.3911482078256,-24282.324222559226,-107623.17007597769,-21741.873699694872,-4281.625441977521,-4281.625441977521,-4281.625441977521,-4281.625441977521,97601.20391579182,79430.39084964478,85866.26614039787,97601.20391579182
2016-06-02,29861.10651897674,29503.269451417145,3925.50919906958,29861.10651897674,-295469.53964955243,-35837.23140502034,2789.3911482078256,-24282.324222559226,-107623.17007597769,-21741.873699694872,-4281.625441977521,-4281.625441977521,-4281.625441977521,-4281.625441977521,97677.44546551094,79506.63239936391,85942.507690117,97677.44546551094
2016-06-03,29861.10651897674,29503.269451417145,3925.50919906958,29861.10651897674,-295469.53964955243,-35837.23140502034,2789.3911482078256,-24282.324222559226,-107623.17007597769,-21741.873699694872,-4281.625441977521,-4281.625441977521,-4281.625441977521,-4281.625441977521,97653.65908356919,79482.84601742215,85918.72130817524,97653.65908356919
2016-06-06,29861.10651897674,29503.269451417145,3925.50919906958,29861.10651897674,-295469.53964955243,-35837.23140502034,2789.3911482078256,-24282.324222559226,-107623.17007597769,-21741.873699694872,-4281.625441977521,-4281.625441977521,-4281.625441977521,-4281.625441977521,97663.53565535229,79492.72258920525,85928.59787995834,97663.53565535229
2016-06-07,29861.10651897674,29503.269451417145,3925.50919906958,29861.10651897674,-295469.53964955243,-35837.23140502034,2789.3911482078256,-24282.324222559226,-107623.17007597769,-21741.873699694872,-4281.625441977521,-4281.625441977521,-4281.625441977521,-4281.625441977521,97657.54832980433,79486.73526365729,85922.61055441038,97657.54832980433
2016-06-08,29861.10651897674,29503.269451417145,3925.50919906958,29861.10651897674,-295469.53964955243,-35837.23140502034,2789.3911482078256,-24282.324222559226,-107623.17007597769,-21741.873699694872,-4281.625441977521,-4281.625441977521,-4281.625441977521,-4281.625441977521,97642.70470607001,79471.89163992298,85907.76693067607,97642.70470607001
2016-06-09,29861.10651897674,29503.269451417145,3925.50919906958,29861.10651897674,-295469.53964955243,-35837.23140502034,2789.3911482078256,-24282.324222559226,-107623.17007597769,-21741.873699694872,-4281.625441977521,-4281.625441977521,-4281.625441977521,-4281.625441977521,97588.98535458976,79418.17228844273,85854.04757919582,97588.98535458976
2016-06-10,29861.10651897674,29503.269451417145,3925.50919906958,29861.10651897674,-295469.53964955243,-35837.23140502034,2789.3911482078256,-24282.324222559226,-107623.17007597769,-21741.873699694872,-4281.625441977521,-4281.625441977521,-4281.625441977521,-4281.625441977521,97452.46211937326,79281.64905322623,85717.52434397931,97452.46211937326
2016-06-13,29861.10651897674,29503.269451417145,3925.50919906958,29861.10651897674,-295469.53964955243,-35837.23140502034,2789.3911482078256,-24282.324222559226,-107623.17007597769,-21741.873699694872,-4281.625441977521,-4281.625441977521,-4281.625441977521,-4281.625441977521,97378.58117705025,79207.76811090321,85643.6434016563,97378.58117705025
2016-06-14,29861.10651897674,29503.269451417145,3925.50919906958,29861.10651897674,-295469.53964955243,-35837.23140502034,2789.3911482078256,-24282.324222559226,-107623.17007597769,-21741.873699694872,-4281.625441977521,-4281.625441977521,-4281.625441977521,-4281.625441977521,97299.48613540549,79128.67306925845,85564.54836001154,97299.48613540549
2016-06-15,29861.10651897674,29503.269451417145,3925.50919906958,29861.10651897674,-295469.53964955243,-35837.23140502034,2789.3911482078256,-24282.324222559226,-107623.17007597769,-21741.873699694872,-4281.625441977521,-4281.625441977521,-4281.625441977521,-4281.625441977521,97350.32329168986,79179.51022554282,85615.38551629591,97350.32329168986
2016-06-16,29861.10651897674,29503.269451417145,3925.50919906958,29861.10651897674,-295469.53964955243,-35837.23140502034,2789.3911482078256,-24282.324222559226,-107623.17007597769,-21741.873699694872,-4281.625441977521,-4281.625441977521,-4281.625441977521,-4281.625441977521,97279.26492421888,79108.45185807184,85544.32714882493,97279.26492421888
2016-06-17,29861.10651897674,29503.269451417145,3925.50919906958,29861.10651897674,-295469.53964955243,-35837.23140502034,2789.3911482078256,-24282.324222559226,-107623.17007597769,-21741.873699694872,-4281.625441977521,-4281.625441977521,-4281.625441977521,-4281.625441977521,97275.97336548753,79105.1602993405,85541.03559009358,97275.97336548753
2016-06-20,29234.171266196878,28876.334198637283,3298.573946289718,29234.171266196878,-296096.4749023323,-36464.166657800204,2162.4558954279637,-24909.259475339088,-108288.23870682227,-22400.948156676488,-4281.625441977521,-4281.625441977521,-4281.625441977521,-4281.625441977521,97387.16943723196,79216.35637108493,85652.23166183801,97387.16943723196
2016-06-21,28603.926771317725,28246.08970375813,2668.3294514105655,28603.926771317725,-296726.71939721145,-37094.41115267936,1532.211400548811,-25539.50397021824,-108853.38432368485,-22794.769187537022,-4281.625441977521,-4281.625441977521,-4281.625441977521,-4281.625441977521,97433.239922598,79262.42685645097,85698.30214720406,97433.239922598
2016-06-22,27011.00706469582,26653.169997136225,1075.4097447886597,27011.00706469582,-298319.63910383335,-38687.33085930126,-60.70830607309472,-27132.423676840146,-110541.96813208936,-24561.93914072239,-4281.625441977521,-4281.625441977521,-4281.625441977521,-4281.625441977521,97511.24789448595,79340.43482833891,85776.310119092,97511.24789448595
2016-06-23,27695.537275008508,27337.700207448914,1759.9399551013485,27695.537275008508,-297635.10889352066,-38002.800648988574,623.821904239594,-26447.893466527457,-109009.96681039815,-22368.209946936928,-4281.625441977521,-4281.625441977521,-4281.625441977521,-4281.625441977521,97453.59220315935,79282.77913701232,85718.6544277654,97453.59220315935
2016-06-24,28084.533421773114,27726.69635421352,2148.9361018659547,28084.533421773114,-297246.11274675606,-37613.80450222397,1005.836563560064,-26072.86029465124,-111807.92604306212,-25603.007903100923,-4281.625441977521,-4281.625441977521,-4281.625441977521,-4281.625441977521,97423.63984465622,79252.82677850919,85688.70206926228,97423.63984465622
2016-06-27,30518.568950489396,30160.731882929802,4582.971630582237,30518.568950489396,-294902.0772180398,-35179.768973507686,4690.255032367073,-21138.058885753388,-106910.38311098935,-23197.424872013507,-4281.625441977521,-4281.625441977521,-4281.625441977521,-4281.625441977521,97336.26245692931,79165.44939078228,85601.32468153536,97336.26245692931
2016-06-28,32645.113859690726,32287.27679213113,6709.516539783566,32645.113859690726,-309007.5774501696,-33053.224064306356,5580.1978069486795,-21484.71824579162,-109586.79601357342,-21802.907812101883,-4281.625441977521,-4281.625441977521,-4281.625441977521,-4281.625441977521,97543.98037428432,79373.16730813729,85809.04259889037,97543.98037428432
2016-06-29,32038.01271687646,31680.175649316865,6102.4153969693,32038.01271687646,-325309.05447186704,-33660.32520712062,3784.5546259445837,-24468.903464985662,-112605.87778075179,-22530.016048025573,-4281.625441977521,-4281.625441977521,-4281.625441977521,-4281.625441977521,97646.70964759681,79475.89658144978,85911.77187220287,97646.70964759681
2016-06-30,30720.435611275374,30362.59854371578,4784.838291368214,30720.435611275374,-326626.6315774681,-34977.90231272171,1498.2744908262976,-27723.886629621033,-113768.30920220423,-22973.148328486946,-4281.625441977521,-4281.625441977521,-4281.625441977521,-4281.625441977521,97689.27728889394,79518.4642227469,85954.33951349999,97689.27728889394
2016-07-01,30754.520029599313,30396.68296203972,4818.922709692153,30754.520029599313,-326592.5471591442,-34943.81789439777,1373.5739527185215,-28007.372124160524,-113337.89642536663,-22538.335815569502,-4281.625441977521,-4281.625441977521,-4281.625441977521,-4281.625441977521,97709.77766116709,79538.96459502005,85974.83988577314,97709.77766116709
2016-07-05,30353.248435704038,29995.411368144443,4417.651115796878,30353.248435704038,-326993.81875303946,-35345.089488293044,942.7541484499816,-28467.740138802328,-113802.01662227593,-22943.328533018474,-4281.625441977521,-4281.625441977521,-4281.625441977521,-4281.625441977521,93038.02419153927,74867.21112539223,81303.08641614532,93038.02419153927
2016-07-06,30083.23299690499,29725.395929345395,4147.63567699783,30083.23299690499,-327263.8341918385,-35615.10492709209,697.1985203546938,-28688.835956193856,-113859.0831406056,-23045.162140321685,-4281.625441977521,-4281.625441977521,-4281.625441977521,-4281.625441977521,93101.97950059874,74931.1664344517,81367.04172520479,93101.97950059874
2016-07-07,30071.987316651153,29714.15024909156,4136.389996743994,30071.987316651153,-327275.07987209235,-35626.35060734593,683.4086402661633,-28705.17003611708,-113823.21600431611,-22989.778668834013,-4281.625441977521,-4281.625441977521,-4281.625441977521,-4281.625441977521,93115.50207122811,74944.68900508108,81380.56429583416,93115.50207122811
2016-07-08,29721.036010270705,29363.19894271111,3785.438690363546,29721.036010270705,-327626.0311784728,-35977.30191372638,393.5121559690451,-28934.01169833087,-113364.81180378026,-23050.125877496903,-4281.625441977521,-4281.625441977521,-4281.625441977521,-4281.625441977521,93248.81390158017,75078.00083543314,81513.87612618622,93248.81390158017
2016-07-11,29442.808117468492,29084.971049908898,3507.2107975613326,29442.808117468492,-327904.259071275,-36255.52980652859,126.63875320262741,-29189.53061106149,-113365.797743876,-23257.84488093981,-4281.625441977521,-4281.625441977521,-4281.625441977521,-4281.625441977521,93558.05810679146,75387.24504064443,81823.12033139751,93558.05810679146
2016-07-12,30439.216559277498,30081.379491717904,4503.619239370339,30439.216559277498,-326907.850629466,-35259.121364719584,1394.5801115895156,-27650.056336096604,-111832.85929351416,-22266.138514599763,-4281.625441977521,-4281.625441977521,-4281.625441977521,-4281.625441977521,93668.98312528245,75498.17005913542,81934.0453498885,93668.98312528245
2016-07-13,30238.78610134672,29880.949033787125,4303.1887814395595,30238.78610134672,-327108.2810873968,-35459.55182265036,1188.8961668116972,-27860.993767721462,-112007.2061496895,-22432.34060248267,-4281.625441977521,-4281.625441977521,-4281.625441977521,-4281.625441977521,93602.18212571181,75431.36905956478,81867.24435031787,93602.18212571181
2016-07-14,31600.06052617426,31242.223458614666,5664.463206267101,31600.06052617426,-325747.00666256924,-34098.27739782282,2760.3887105317554,-26079.283105109003,-110735.87028207898,-21463.500112982583,-4281.625441977521,-4281.625441977521,-4281.625441977521,-4281.625441977521,93680.32646848354,75509.51340233651,81945.3886930896,93680.32646848354
2016-07-15,31413.26006275683,31055.422995197237,5477.662742849672,31413.26006275683,-325933.80712598667,-34285.07786124025,2522.7804231228074,-26367.699216509354,-110753.907647499,-21469.17919533956,-4281.625441977521,-4281.625441977521,-4281.625441977521,-4281.625441977521,93582.59165222198,75411.77858607494,81847.65387682803,93582.59165222198
2016-07-18,31413.26006275683,31055.422995197237,5477.662742849672,31413.26006275683,-325933.80712598667,-34285.07786124025,2522.7804231228074,-26367.699216509354,-110753.907647499,-21469.17919533956,-4867.355651092716,-4867.355651092716,-4867.355651092716,-4867.355651092716,93767.49467368657,75596.68160753953,82032.55689829262,93767.49467368657
2016-07-19,31413.26006275683,31055.422995197237,5477.662742849672,31413.26006275683,-325933.80712598667,-34285.07786124025,2522.7804231228074,-26367.699216509354,-110753.907647499,-21469.17919533956,-4282.871568218921,-4282.871568218921,-4282.871568218921,-4282.871568218921,93872.73560712114,75701.9225409741,82137.79783172719,93872.73560712114
2016-07-20,31413.26006275683,31055.422995197237,5477.662742849672,31413.26006275683,-325933.80712598667,-34285.07786124025,2522.7804231228074,-26367.699216509354,-110753.907647499,-21469.17919533956,-4010.5497370113153,-4010.5497370113153,-4010.5497370113153,-4010.5497370113153,93838.65912911925,75667.84606297221,82103.7213537253,93838.65912911925
2016-07-21,31413.26006275683,31055.422995197237,5477.662742849672,31413.26006275683,-325933.80712598667,-34285.07786124025,2522.7804231228074,-26367.699216509354,-110753.907647499,-21469.17919533956,-3202.642138247029,-3202.642138247029,-3202.642138247029,-3202.642138247029,93738.63284714334,75567.8197809963,82003.69507174939,93738.63284714334
2016-07-22,31413.26006275683,31055.422995197237,5477.662742849672,31413.26006275683,-325933.80712598667,-34285.07786124025,2522.7804231228074,-26367.699216509354,-110753.907647499,-21469.17919533956,-2156.7773806649493,-2156.7773806649493,-2156.7773806649493,-2156.7773806649493,93613.13462532032,75442.32155917329,81878.19684992637,93613.13462532032
2016-07-25,31413.26006275683,31055.422995197237,5477.662742849672,31413.26006275683,-325933.80712598667,-34285.07786124025,2522.7804231228074,-26367.699216509354,-110753.907647499,-21469.17919533956,-2782.0123276375234,-2782.0123276375234,-2782.0123276375234,-2782.0123276375234,93925.48005242622,75754.66698627919,82190.54227703228,93925.48005242622
2016-07-26,31413.26006275683,31055.422995197237,5477.662742849672,31413.26006275683,-325933.80712598667,-34285.07786124025,2522.7804231228074,-26367.699216509354,-110753.907647499,-21469.17919533956,-1992.6783343029674,-1992.6783343029674,-1992.6783343029674,-1992.6783343029674,93781.80607154989,75610.99300540285,82046.86829615594,93781.80607154989
2016-07-27,31413.26006275683,31055.422995197237,5477.662742849672,31413.26006275683,-325933.80712598667,-34285.07786124025,2522.7804231228074,-26367.699216509354,-110753.907647499,-21469.17919533956,-1357.9375187343685,-1357.9375187343685,-1357.9375187343685,-1357.9375187343685,93596.80525344796,75425.99218730093,81861.86747805402,93596.80525344796
2016-07-28,31413.26006275683,31055.422995197237,5477.662742849672,31413.26006275683,-325933.80712598667,-34285.07786124025,2522.7804231228074,-26367.699216509354,-110753.907647499,-21469.17919533956,-1250.4483573802281,-1250.4483573802281,-1250.4483573802281,-1250.4483573802281,93684.49532047473,75513.6822543277,81949.55754508078,93684.49532047473
2016-07-29,31413.26006275683,31055.422995197237,5477.662742849672,31413.26006275683,-325933.80712598667,-34285.07786124025,2522.7804231228074,-26367.699216509354,-110753.907647499,-21469.17919533956,-294.3226714213379,-294.3226714213379,-294.3226714213379,-294.3226714213379,93527.55399084906,75356.74092470203,81792.61621545511,93527.55399084906
2016-08-01,31413.26006275683,31055.422995197237,5477.662742849672,31413.26006275683,-325933.80712598667,-34285.07786124025,2522.7804231228074,-26367.699216509354,-110753.907647499,-21469.17919533956,-394.3253745760303,-394.3253745760303,-394.3253745760303,-394.3253745760303,93155.45777916769,74984.64471302065,81420.52000377374,93155.45777916769
2016-08-02,31413.26006275683,31055.422995197237,5477.662742849672,31413.26006275683,-325933.80712598667,-34285.07786124025,2522.7804231228074,-26367.699216509354,-110753.907647499,-21469.17919533956,-1237.425962063484,-1237.425962063484,-1237.425962063484,-1237.425962063484,92154.07420657435,73983.26114042732,80419.1364311804,92154.07420657435
2016-08-03,31413.26006275683,31055.422995197237,5477.662742849672,31413.26006275683,-325933.80712598667,-34285.07786124025,2522.7804231228074,-26367.699216509354,-110753.907647499,-21469.17919533956,-717.5242685407866,-717.5242685407866,-717.5242685407866,-717.5242685407866,92507.60547002009,74336.79240387306,80772.66769462614,92507.60547002009
2016-08-04,31413.26006275683,31055.422995197237,5477.662742849672,31413.26006275683,-325933.80712598667,-34285.07786124025,2522.7804231228074,-26367.699216509354,-110753.907647499,-21469.17919533956,-511.53067921451293,-511.53067921451293,-511.53067921451293,-511.53067921451293,92624.39468053076,74453.58161438373,80889.45690513682,92624.39468053076
2016-08-05,31413.26006275683,31055.422995197237,5477.662742849672,31413.26006275683,-325933.80712598667,-34285.07786124025,2522.7804231228074,-26367.699216509354,-110753.907647499,-21469.17919533956,2092.268887013546,2092.268887013546,2092.268887013546,2092.268887013546,92893.72590285307,74722.91283670603,81158.78812745912,92893.72590285307
2016-08-08,31413.26006275683,31055.422995197237,5477.662742849672,31413.26006275683,-325933.80712598667,-34285.07786124025,2522.7804231228074,-26367.699216509354,-110753.907647499,-21469.17919533956,1899.7194503471255,1899.7194503471255,1899.7194503471255,1899.7194503471255,93182.27585894917,75011.46279280214,81447.33808355522,93182.27585894917
2016-08-09,31413.26006275683,31055.422995197237,5477.662742849672,31413.26006275683,-325933.80712598667,-34285.07786124025,2522.7804231228074,-26367.699216509354,-110753.907647499,-21469.17919533956,1854.7207096397178,1854.7207096397178,1854.7207096397178,1854.7207096397178,93394.27448935295,75223.46142320591,81659.336713959,93394.27448935295
2016-08-10,31413.26006275683,31055.422995197237,5477.662742849672,31413.26006275683,-325933.80712598667,-34285.07786124025,2522.7804231228074,-26367.699216509354,-110753.907647499,-21469.17919533956,1492.6497030610917,1492.6497030610917,1492.6497030610917,1492.6497030610917,93714.09004246001,75543.27697631298,81979.15226706606,93714.09004246001
2016-08-11,31413.26006275683,31055.422995197237,5477.662742849672,31413.26006275683,-325933.80712598667,-34285.07786124025,2522.7804231228074,-26367.699216509354,-110753.907647499,-21469.17919533956,2043.6036079726182,2043.6036079726182,2043.6036079726182,2043.6036079726182,93620.5218796269,75449.70881347987,81885.58410423296,93620.5218796269
2016-08-12,31413.26006275683,31055.422995197237,5477.662742849672,31413.26006275683,-325933.80712598667,-34285.07786124025,2522.7804231228074,-26367.699216509354,-110753.907647499,-21469.17919533956,2319.154469398549,2319.154469398549,2319.154469398549,2319.154469398549,93910.8018881937,75739.98882204667,82175.86411279975,93910.8018881937
2016-08-15,31413.26006275683,31055.422995197237,5477.662742849672,31413.26006275683,-325933.80712598667,-34285.07786124025,2522.7804231228074,-26367.699216509354,-110753.907647499,-21469.17919533956,2312.0842398020905,2312.0842398020905,2312.0842398020905,2312.0842398020905,94155.21829034248,75984.40522419545,82420.28051494854,94155.21829034248
2016-08-16,31413.26006275683,31055.422995197237,5477.662742849672,31413.26006275683,-325933.80712598667,-34285.07786124025,2522.7804231228074,-26367.699216509354,-110753.907647499,-21469.17919533956,1590.2353583077202,1590.2353583077202,1590.2353583077202,1590.2353583077202,94190.06874090107,76019.25567475404,82455.13096550712,94190.06874090107
2016-08-17,31413.26006275683,31055.422995197237,5477.662742849672,31413.26006275683,-325933.80712598667,-34285.07786124025,2522.7804231228074,-26367.699216509354,-110753.907647499,-21469.17919533956,2024.560883829021,2024.560883829021,2024.560883829021,2024.560883829021,94729.72132260818,76558.90825646115,82994.78354721423,94729.72132260818
2016-08-18,31413.26006275683,31055.422995197237,5477.662742849672,31413.26006275683,-325933.80712598667,-34285.07786124025,2522.7804231228074,-26367.699216509354,-110753.907647499,-21469.17919533956,2916.2034776586806,2916.2034776586806,2916.2034776586806,2916.2034776586806,95000.84388144035,76830.03081529331,83265.9061060464,95000.84388144035
2016-08-19,31413.26006275683,31055.422995197237,5477.662742849672,31413.26006275683,-325933.80712598667,-34285.07786124025,2522.7804231228074,-26367.699216509354,-110753.907647499,-21469.17919533956,2254.5202417636756,2254.5202417636756,2254.5202417636756,2254.5202417636756,94422.72702139197,76251.91395524493,82687.78924599802,94422.72702139197
2016-08-22,31413.26006275683,31055.422995197237,5477.662742849672,31413.26006275683,-325933.80712598667,-34285.07786124025,2522.7804231228074,-26367.699216509354,-110753.907647499,-21469.17919533956,2254.5202417636756,2254.5202417636756,2254.5202417636756,2254.5202417636756,94451.00451935013,76280.1914532031,82716.06674395618,94451.00451935013
2016-08-23,31413.26006275683,31055.422995197237,5477.662742849672,31413.26006275683,-325933.80712598667,-34285.07786124025,2522.7804231228074,-26367.699216509354,-110753.907647499,-21469.17919533956,2254.5202417636756,2254.5202417636756,2254.5202417636756,2254.5202417636756,94460.44012742606,76289.62706127902,82725.50235203211,94460.44012742606
2016-08-24,31413.26006275683,31055.422995197237,5477.662742849672,31413.26006275683,-325933.80712598667,-34285.07786124025,2522.7804231228074,-26367.699216509354,-110753.907647499,-21469.17919533956,2254.5202417636756,2254.5202417636756,2254.5202417636756,2254.5202417636756,94477.13018162176,76306.31711547473,82742.19240622781,94477.13018162176
2016-08-25,31413.26006275683,31055.422995197237,5477.662742849672,31413.26006275683,-325933.80712598667,-34285.07786124025,2522.7804231228074,-26367.699216509354,-110753.907647499,-21469.17919533956,2254.5202417636756,2254.5202417636756,2254.5202417636756,2254.5202417636756,94438.0262827666,76267.21321661957,82703.08850737265,94438.0262827666
2016-08-26,31413.26006275683,31055.422995197237,5477.662742849672,31413.26006275683,-325933.80712598667,-34285.07786124025,2522.7804231228074,-26367.699216509354,-110753.907647499,-21469.17919533956,2254.5202417636756,2254.5202417636756,2254.5202417636756,2254.5202417636756,94457.1428648259,76286.32979867887,82722.20508943195,94457.1428648259
2016-08-29,31413.26006275683,31055.422995197237,5477.662742849672,31413.26006275683,-325933.80712598667,-34285.07786124025,2522.7804231228074,-26367.699216509354,-110753.907647499,-21469.17919533956,2254.5202417636756,2254.5202417636756,2254.5202417636756,2254.5202417636756,94521.53798487922,76350.72491873219,82786.60020948527,94521.53798487922
2016-08-30,31413.26006275683,31055.422995197237,5477.662742849672,31413.26006275683,-325933.80712598667,-34285.07786124025,2522.7804231228074,-26367.699216509354,-110753.907647499,-21469.17919533956,2254.5202417636756,2254.5202417636756,2254.5202417636756,2254.5202417636756,94536.22154702386,76365.40848087682,82801.28377162991,94536.22154702386
2016-08-31,31413.26006275683,31055.422995197237,5477.662742849672,31413.26006275683,-325933.80712598667,-34285.07786124025,2522.7804231228074,-26367.699216509354,-110753.907647499,-21469.17919533956,2254.5202417636756,2254.5202417636756,2254.5202417636756,2254.5202417636756,94558.79910909454,76387.98604294751,82823.8613337006,94558.79910909454
2016-09-01,31413.26006275683,31055.422995197237,5477.662742849672,31413.26006275683,-325933.80712598667,-34285.07786124025,2522.7804231228074,-26367.699216509354,-110753.907647499,-21469.17919533956,2254.5202417636756,2254.5202417636756,2254.5202417636756,2254.5202417636756,94598.27711094823,76427.46404480119,82863.33933555428,94598.27711094823
2016-09-02,31413.26006275683,31055.422995197237,5477.662742849672,31413.26006275683,-325933.80712598667,-34285.07786124025,2522.7804231228074,-26367.699216509354,-110753.907647499,-21469.17919533956,2254.5202417636756,2254.5202417636756,2254.5202417636756,2254.5202417636756,94605.75010934938,76434.93704320234,82870.81233395543,94605.75010934938
2016-09-06,31413.26006275683,31055.422995197237,5477.662742849672,31413.26006275683,-325933.80712598667,-34285.07786124025,2522.7804231228074,-26367.699216509354,-110753.907647499,-21469.17919533956,2254.5202417636756,2254.5202417636756,2254.5202417636756,2254.5202417636756,94683.57035205956,76512.75728591252,82948.63257666561,94683.57035205956
2016-09-07,31413.26006275683,31055.422995197237,5477.662742849672,31413.26006275683,-325933.80712598667,-34285.07786124025,2522.7804231228074,-26367.699216509354,-110753.907647499,-21469.17919533956,2254.5202417636756,2254.5202417636756,2254.5202417636756,2254.5202417636756,94687.37198077608,76516.55891462904,82952.43420538213,94687.37198077608
2016-09-08,31413.26006275683,31055.422995197237,5477.662742849672,31413.26006275683,-325933.80712598667,-34285.07786124025,2522.7804231228074,-26367.699216509354,-110753.907647499,-21469.17919533956,2254.5202417636756,2254.5202417636756,2254.5202417636756,2254.5202417636756,94707.45073777018,76536.63767162315,82972.51296237623,94707.45073777018
2016-09-09,31413.26006275683,31055.422995197237,5477.662742849672,31413.26006275683,-325933.80712598667,-34285.07786124025,2522.7804231228074,-26367.699216509354,-110753.907647499,-21469.17919533956,2254.5202417636756,2254.5202417636756,2254.5202417636756,2254.5202417636756,94749.52944860584,76578.7163824588,83014.5916732119,94749.52944860584
2016-09-12,31413.26006275683,31055.422995197237,5477.662742849672,31413.26006275683,-325933.80712598667,-34285.07786124025,2522.7804231228074,-26367.699216509354,-110753.907647499,-21469.17919533956,2254.5202417636756,2254.5202417636756,2254.5202417636756,2254.5202417636756,94783.54190621688,76612.72884006985,83048.60413082293,94783.54190621688
2016-09-13,31413.26006275683,31055.422995197237,5477.662742849672,31413.26006275683,-325933.80712598667,-34285.07786124025,2522.7804231228074,-26367.699216509354,-110753.907647499,-21469.17919533956,2254.5202417636756,2254.5202417636756,2254.5202417636756,2254.5202417636756,94761.99412224884,76591.1810561018,83027.0563468549,94761.99412224884
2016-09-14,31413.26006275683,31055.422995197237,5477.662742849672,31413.26006275683,-325933.80712598667,-34285.07786124025,2522.7804231228074,-26367.699216509354,-110753.907647499,-21469.17919533956,2254.5202417636756,2254.5202417636756,2254.5202417636756,2254.5202417636756,94854.73945052596,76683.92638437892,83119.80167513201,94854.73945052596
2016-09-15,31413.26006275683,31055.422995197237,5477.662742849672,31413.26006275683,-325933.80712598667,-34285.07786124025,2522.7804231228074,-26367.699216509354,-110753.907647499,-21469.17919533956,2254.5202417636756,2254.5202417636756,2254.5202417636756,2254.5202417636756,94823.16361187329,76652.35054572625,83088.22583647934,94823.16361187329
2016-09-16,31413.26006275683,31055.422995197237,5477.662742849672,31413.26006275683,-325933.80712598667,-34285.07786124025,2522.7804231228074,-26367.699216509354,-110753.907647499,-21469.17919533956,2254.5202417636756,2254.5202417636756,2254.5202417636756,2254.5202417636756,94765.97791496338,76595.16484881635,83031.04013956944,94765.97791496338
2016-09-19,31413.26006275683,31055.422995197237,5477.662742849672,31413.26006275683,-325933.80712598667,-34285.07786124025,2522.7804231228074,-26367.699216509354,-110753.907647499,-21469.17919533956,2254.5202417636756,2254.5202417636756,2254.5202417636756,2254.5202417636756,94791.27225742955,76620.45919128251,83056.3344820356,94791.27225742955
2016-09-20,31413.26006275683,31055.422995197237,5477.662742849672,31413.26006275683,-325933.80712598667,-34285.07786124025,2522.7804231228074,-26367.699216509354,-110753.907647499,-21469.17919533956,2254.5202417636756,2254.5202417636756,2254.5202417636756,2254.5202417636756,94807.28727610083,76636.4742099538,83072.34950070689,94807.28727610083
2016-09-21,31413.26006275683,31055.422995197237,5477.662742849672,31413.26006275683,-325933.80712598667,-34285.07786124025,2522.7804231228074,-26367.699216509354,-110753.907647499,-21469.17919533956,2254.5202417636756,2254.5202417636756,2254.5202417636756,2254.5202417636756,94811.0586434605,76640.24557731347,83076.12086806656,94811.0586434605
2016-09-22,31413.26006275683,31055.422995197237,5477.662742849672,31413.26006275683,-325933.80712598667,-34285.07786124025,2522.7804231228074,-26367.699216509354,-110753.907647499,-21469.17919533956,2254.5202417636756,2254.5202417636756,2254.5202417636756,2254.5202417636756,94773.31681001862,76602.50374387158,83038.37903462467,94773.31681001862
2016-09-23,31413.26006275683,31055.422995197237,5477.662742849672,31413.26006275683,-325933.80712598667,-34285.07786124025,2522.7804231228074,-26367.699216509354,-110753.907647499,-21469.17919533956,2254.5202417636756,2254.5202417636756,2254.5202417636756,2254.5202417636756,94809.62413798994,76638.81107184291,83074.686362596,94809.62413798994
2016-09-26,31413.26006275683,31055.422995197237,5477.662742849672,31413.26006275683,-325933.80712598667,-34285.07786124025,2522.7804231228074,-26367.699216509354,-110753.907647499,-21469.17919533956,2254.5202417636756,2254.5202417636756,2254.5202417636756,2254.5202417636756,94814.92536301655,76644.11229686951,83079.9875876226,94814.92536301655
2016-09-27,31413.26006275683,31055.422995197237,5477.662742849672,31413.26006275683,-325933.80712598667,-34285.07786124025,2522.7804231228074,-26367.699216509354,-110753.907647499,-21469.17919533956,2254.5202417636756,2254.5202417636756,2254.5202417636756,2254.5202417636756,94741.68377206428,76570.87070591724,83006.74599667033,94741.68377206428
2016-09-28,31413.26006275683,31055.422995197237,5477.662742849672,31413.26006275683,-325933.80712598667,-34285.07786124025,2522.7804231228074,-26367.699216509354,-110753.907647499,-21469.17919533956,2254.5202417636756,2254.5202417636756,2254.5202417636756,2254.5202417636756,94753.02977348608,76582.21670733904,83018.09199809213,94753.02977348608
2016-09-29,31413.26006275683,31055.422995197237,5477.662742849672,31413.26006275683,-325933.80712598667,-34285.07786124025,2522.7804231228074,-26367.699216509354,-110753.907647499,-21469.17919533956,2254.5202417636756,2254.5202417636756,2254.5202417636756,2254.5202417636756,94397.41452528932,76226.60145914229,82662.47674989537,94397.41452528932
2016-09-30,31413.26006275683,31055.422995197237,5477.662742849672,31413.26006275683,-325933.80712598667,-34285.07786124025,2522.7804231228074,-26367.699216509354,-110753.907647499,-21469.17919533956,2254.5202417636756,2254.5202417636756,2254.5202417636756,2254.5202417636756,94395.81672057929,76225.00365443225,82660.87894518534,94395.81672057929
2016-10-03,31413.26006275683,31055.422995197237,5477.662742849672,31413.26006275683,-325933.80712598667,-34285.07786124025,2522.7804231228074,-26367.699216509354,-110753.907647499,-21469.17919533956,2254.5202417636756,2254.5202417636756,2254.5202417636756,2254.5202417636756,94502.05610870523,76331.2430425582,82767.11833331129,94502.05610870523
2016-10-04,31413.26006275683,31055.422995197237,5477.662742849672,31413.26006275683,-325933.80712598667,-34285.07786124025,2522.7804231228074,-26367.699216509354,-110753.907647499,-21469.17919533956,2254.5202417636756,2254.5202417636756,2254.5202417636756,2254.5202417636756,94672.19624773739,76501.38318159035,82937.25847234344,94672.19624773739
2016-10-05,31413.26006275683,31055.422995197237,5477.662742849672,31413.26006275683,-325933.80712598667,-34285.07786124025,2522.7804231228074,-26367.699216509354,-110753.907647499,-21469.17919533956,2254.5202417636756,2254.5202417636756,2254.5202417636756,2254.5202417636756,94711.00503097964,76540.1919648326,82976.06725558569,94711.00503097964
2016-10-06,31413.26006275683,31055.422995197237,5477.662742849672,31413.26006275683,-325933.80712598667,-34285.07786124025,2522.7804231228074,-26367.699216509354,-110753.907647499,-21469.17919533956,2254.5202417636756,2254.5202417636756,2254.5202417636756,2254.5202417636756,94696.42821904109,76525.61515289405,82961.49044364714,94696.42821904109
2016-10-07,31413.26006275683,31055.422995197237,5477.662742849672,31413.26006275683,-325933.80712598667,-34285.07786124025,2522.7804231228074,-26367.699216509354,-110753.907647499,-21469.17919533956,2254.5202417636756,2254.5202417636756,2254.5202417636756,2254.5202417636756,94849.9040485851,76679.09098243807,83114.96627319115,94849.9040485851
2016-10-10,31413.26006275683,31055.422995197237,5477.662742849672,31413.26006275683,-325933.80712598667,-34285.07786124025,2522.7804231228074,-26367.699216509354,-110753.907647499,-21469.17919533956,2254.5202417636756,2254.5202417636756,2254.5202417636756,2254.5202417636756,94805.6140552254,76634.80098907836,83070.67627983144,94805.6140552254
2016-10-11,31413.26006275683,31055.422995197237,5477.662742849672,31413.26006275683,-325933.80712598667,-34285.07786124025,2522.7804231228074,-26367.699216509354,-110753.907647499,-21469.17919533956,2254.5202417636756,2254.5202417636756,2254.5202417636756,2254.5202417636756,94824.45041365153,76653.6373475045,83089.51263825758,94824.45041365153
2016-10-12,31413.26006275683,31055.422995197237,5477.662742849672,31413.26006275683,-325933.80712598667,-34285.07786124025,2522.7804231228074,-26367.699216509354,-110753.907647499,-21469.17919533956,2254.5202417636756,2254.5202417636756,2254.5202417636756,2254.5202417636756,94813.91862218641,76643.10555603937,83078.98084679246,94813.91862218641
2016-10-13,31413.26006275683,31055.422995197237,5477.662742849672,31413.26006275683,-325933.80712598667,-34285.07786124025,2522.7804231228074,-26367.699216509354,-110753.907647499,-21469.17919533956,2254.5202417636756,2254.5202417636756,2254.5202417636756,2254.5202417636756,94761.18730988074,76590.3742437337,83026.2495344868,94761.18730988074
2016-10-14,31413.26006275683,31055.422995197237,5477.662742849672,31413.26006275683,-325933.80712598667,-34285.07786124025,2522.7804231228074,-26367.699216509354,-110753.907647499,-21469.17919533956,2254.5202417636756,2254.5202417636756,2254.5202417636756,2254.5202417636756,94764.77868409734,76593.9656179503,83029.8409087034,94764.77868409734
2016-10-17,31413.26006275683,31055.422995197237,5477.662742849672,31413.26006275683,-325933.80712598667,-34285.07786124025,2522.7804231228074,-26367.699216509354,-110753.907647499,-21469.17919533956,2254.5202417636756,2254.5202417636756,2254.5202417636756,2254.5202417636756,94901.219691223,76730.40662507596,83166.28191582905,94901.219691223
2016-10-18,31413.26006275683,31055.422995197237,5477.662742849672,31413.26006275683,-325933.80712598667,-34285.07786124025,2522.7804231228074,-26367.699216509354,-110753.907647499,-21469.17919533956,2254.5202417636756,2254.5202417636756,2254.5202417636756,2254.5202417636756,94962.0398092852,76791.22674313816,83227.10203389125,94962.0398092852
2016-10-19,31413.26006275683,31055.422995197237,5477.662742849672,31413.26006275683,-325933.80712598667,-34285.07786124025,2522.7804231228074,-26367.699216509354,-110753.907647499,-21469.17919533956,2254.5202417636756,2254.5202417636756,2254.5202417636756,2254.5202417636756,94809.16628927062,76638.35322312359,83074.22851387667,94809.16628927062
2016-10-20,31413.26006275683,31055.422995197237,5477.662742849672,31413.26006275683,-325933.80712598667,-34285.07786124025,2522.7804231228074,-26367.699216509354,-110753.907647499,-21469.17919533956,2254.5202417636756,2254.5202417636756,2254.5202417636756,2254.5202417636756,95010.20234237984,76839.3892762328,83275.26456698589,95010.20234237984
2016-10-21,31413.26006275683,31055.422995197237,5477.662742849672,31413.26006275683,-325933.80712598667,-34285.07786124025,2522.7804231228074,-26367.699216509354,-110753.907647499,-21469.17919533956,2254.5202417636756,2254.5202417636756,2254.5202417636756,2254.5202417636756,95015.80302483612,76844.98995868908,83280.86524944217,95015.80302483612
2016-10-24,31413.26006275683,31055.422995197237,5477.662742849672,31413.26006275683,-325933.80712598667,-34285.07786124025,2522.7804231228074,-26367.699216509354,-110753.907647499,-21469.17919533956,2254.5202417636756,2254.5202417636756,2254.5202417636756,2254.5202417636756,95196.98690419365,77026.17383804685,83462.0491287997,95196.98690419365
2016-10-25,31413.26006275683,31055.422995197237,5477.662742849672,31413.26006275683,-325933.80712598667,-34285.07786124025,2522.7804231228074,-26367.699216509354,-110753.907647499,-21469.17919533956,2254.5202417636756,2254.5202417636756,2254.5202417636756,2254.5202417636756,95351.5060682483,77180.69300210127,83616.56829285435,95351.5060682483
2016-10-26,31413.26006275683,31055.422995197237,5477.662742849672,31413.26006275683,-325933.80712598667,-34285.07786124025,2522.7804231228074,-26367.699216509354,-110753.907647499,-21469.17919533956,2254.5202417636756,2254.5202417636756,2254.5202417636756,2254.5202417636756,95196.66154599143,77025.8484798444,83461.72377059748,95196.66154599143
2016-10-27,31413.26006275683,31055.422995197237,5477.662742849672,31413.26006275683,-325933.80712598667,-34285.07786124025,2522.7804231228074,-26367.699216509354,-110753.907647499,-21469.17919533956,2254.5202417636756,2254.5202417636756,2254.5202417636756,2254.5202417636756,95391.03731668484,77220.22425053781,83656.0995412909,95391.03731668484
2016-10-28,31413.26006275683,31055.422995197237,5477.662742849672,31413.26006275683,-325933.80712598667,-34285.07786124025,2522.7804231228074,-26367.699216509354,-110753.907647499,-21469.17919533956,2254.5202417636756,2254.5202417636756,2254.5202417636756,2254.5202417636756,95302.2386299211,77131.42556377407,83567.30085452716,95302.2386299211
2016-10-31,31413.26006275683,31055.422995197237,5477.662742849672,31413.26006275683,-325933.80712598667,-34285.07786124025,2522.7804231228074,-26367.699216509354,-110753.907647499,-21469.17919533956,2254.5202417636756,2254.5202417636756,2254.5202417636756,2254.5202417636756,95471.51187878242,77300.69881263538,83736.57410338847,95471.51187878242
2016-11-01,31413.26006275683,31055.422995197237,5477.662742849672,31413.26006275683,-325933.80712598667,-34285.07786124025,2522.7804231228074,-26367.699216509354,-110753.907647499,-21469.17919533956,2254.5202417636756,2254.5202417636756,2254.5202417636756,2254.5202417636756,95339.37862583413,77168.5655596871,83604.44085044018,95339.37862583413
2016-11-02,31413.26006275683,31055.422995197237,5477.662742849672,31413.26006275683,-325933.80712598667,-34285.07786124025,2522.7804231228074,-26367.699216509354,-110753.907647499,-21469.17919533956,2254.5202417636756,2254.5202417636756,2254.5202417636756,2254.5202417636756,95386.05603584298,77215.24296969594,83651.11826044903,95386.05603584298
2016-11-03,31413.26006275683,31055.422995197237,5477.662742849672,31413.26006275683,-325933.80712598667,-34285.07786124025,2522.7804231228074,-26367.699216509354,-110753.907647499,-21469.17919533956,2254.5202417636756,2254.5202417636756,2254.5202417636756,2254.5202417636756,95130.25140690757,76959.43834076053,83395.31363151362,95130.25140690757
2016-11-04,31413.26006275683,31055.422995197237,5477.662742849672,31413.26006275683,-325933.80712598667,-34285.07786124025,2522.7804231228074,-26367.699216509354,-110753.907647499,-21469.17919533956,2254.5202417636756,2254.5202417636756,2254.5202417636756,2254.5202417636756,95421.30987266987,77250.49680652283,83686.37209727592,95421.30987266987
2016-11-07,31413.26006275683,31055.422995197237,5477.662742849672,31413.26006275683,-325933.80712598667,-34285.07786124025,2522.7804231228074,-26367.699216509354,-110753.907647499,-21469.17919533956,2254.5202417636756,2254.5202417636756,2254.5202417636756,2254.5202417636756,95384.81009432697,77213.99702817993,83649.87231893302,95384.81009432697
2016-11-08,31413.26006275683,31055.422995197237,5477.662742849672,31413.26006275683,-325933.80712598667,-34285.07786124025,2522.7804231228074,-26367.699216509354,-110753.907647499,-21469.17919533956,2254.5202417636756,2254.5202417636756,2254.5202417636756,2254.5202417636756,94857.67357936129,76686.86051321425,83122.73580396734,94857.67357936129
2016-11-09,31413.26006275683,31055.422995197237,5477.662742849672,31413.26006275683,-325933.80712598667,-34285.07786124025,2522.7804231228074,-26367.699216509354,-110753.907647499,-21469.17919533956,2254.5202417636756,2254.5202417636756,2254.5202417636756,2254.5202417636756,94595.7707088925,76424.95764274546,82860.83293349855,94595.7707088925
2016-11-10,31413.26006275683,31055.422995197237,5477.662742849672,31413.26006275683,-325933.80712598667,-34285.07786124025,2522.7804231228074,-26367.699216509354,-110753.907647499,-21469.17919533956,2254.5202417636756,2254.5202417636756,2254.5202417636756,2254.5202417636756,93407.59297121852,75236.77990507148,81672.65519582457,93407.59297121852
2016-11-11,31413.26006275683,31055.422995197237,5477.662742849672,31413.26006275683,-325933.80712598667,-34285.07786124025,2522.7804231228074,-26367.699216509354,-110753.907647499,-21469.17919533956,2254.5202417636756,2254.5202417636756,2254.5202417636756,2254.5202417636756,93868.6193850541,75697.80631890707,82133.68160966015,93868.6193850541
2016-11-14,31413.26006275683,31055.422995197237,5477.662742849672,31413.26006275683,-325933.80712598667,-34285.07786124025,2522.7804231228074,-26367.699216509354,-110753.907647499,-21469.17919533956,2254.5202417636756,2254.5202417636756,2254.5202417636756,2254.5202417636756,93567.20642212545,75396.39335597842,81832.2686467315,93567.20642212545
2016-11-15,31413.26006275683,31055.422995197237,5477.662742849672,31413.26006275683,-325933.80712598667,-34285.07786124025,2522.7804231228074,-26367.699216509354,-110753.907647499,-21469.17919533956,2254.5202417636756,2254.5202417636756,2254.5202417636756,2254.5202417636756,94322.98864619015,76152.17558004311,82588.0508707962,94322.98864619015
2016-11-16,31413.26006275683,31055.422995197237,5477.662742849672,31413.26006275683,-325933.80712598667,-34285.07786124025,2522.7804231228074,-26367.699216509354,-110753.907647499,-21469.17919533956,2254.5202417636756,2254.5202417636756,2254.5202417636756,2254.5202417636756,94243.02147213067,76072.20840598363,82508.08369673672,94243.02147213067
2016-11-17,31413.26006275683,31055.422995197237,5477.662742849672,31413.26006275683,-325933.80712598667,-34285.07786124025,2522.7804231228074,-26367.699216509354,-110753.907647499,-21469.17919533956,2254.5202417636756,2254.5202417636756,2254.5202417636756,2254.5202417636756,94836.88400253444,76666.0709363874,83101.94622714049,94836.88400253444
2016-11-18,31413.26006275683,31055.422995197237,5477.662742849672,31413.26006275683,-325933.80712598667,-34285.07786124025,2522.7804231228074,-26367.699216509354,-110753.907647499,-21469.17919533956,2254.5202417636756,2254.5202417636756,2254.5202417636756,2254.5202417636756,94469.79171769274,76298.97865154571,82734.8539422988,94469.79171769274
2016-11-21,31413.26006275683,31055.422995197237,5477.662742849672,31413.26006275683,-325933.80712598667,-34285.07786124025,2522.7804231228074,-26367.699216509354,-110753.907647499,-21469.17919533956,2254.5202417636756,2254.5202417636756,2254.5202417636756,2254.5202417636756,94551.09882764844,76380.2857615014,82816.1610522545,94551.09882764844
2016-11-22,31413.26006275683,31055.422995197237,5477.662742849672,31413.26006275683,-325933.80712598667,-34285.07786124025,2522.7804231228074,-26367.699216509354,-110753.907647499,-21469.17919533956,2254.5202417636756,2254.5202417636756,2254.5202417636756,2254.5202417636756,94218.75779207353,76047.9447259265,82483.82001667959,94218.75779207353
2016-11-23,31413.26006275683,31055.422995197237,5477.662742849672,31413.26006275683,-325933.80712598667,-34285.07786124025,2522.7804231228074,-26367.699216509354,-110753.907647499,-21469.17919533956,2254.5202417636756,2254.5202417636756,2254.5202417636756,2254.5202417636756,94198.52811097051,76027.71504482348,82463.59033557656,94198.52811097051
2016-11-25,31413.26006275683,31055.422995197237,5477.662742849672,31413.26006275683,-325933.80712598667,-34285.07786124025,2522.7804231228074,-26367.699216509354,-110753.907647499,-21469.17919533956,2254.5202417636756,2254.5202417636756,2254.5202417636756,2254.5202417636756,94431.94953044388,76261.13646429684,82697.01175504993,94431.94953044388
2016-11-28,31413.26006275683,31055.422995197237,5477.662742849672,31413.26006275683,-325933.80712598667,-34285.07786124025,2522.7804231228074,-26367.699216509354,-110753.907647499,-21469.17919533956,2254.5202417636756,2254.5202417636756,2254.5202417636756,2254.5202417636756,94435.19417952118,76264.38111337414,82700.25640412723,94435.19417952118
2016-11-29,31413.26006275683,31055.422995197237,5477.662742849672,31413.26006275683,-325933.80712598667,-34285.07786124025,2522.7804231228074,-26367.699216509354,-110753.907647499,-21469.17919533956,2254.5202417636756,2254.5202417636756,2254.5202417636756,2254.5202417636756,94433.51220034156,76262.69913419452,82698.57442494761,94433.51220034156
2016-11-30,31413.26006275683,31055.422995197237,5477.662742849672,31413.26006275683,-325933.80712598667,-34285.07786124025,2522.7804231228074,-26367.699216509354,-110753.907647499,-21469.17919533956,2254.5202417636756,2254.5202417636756,2254.5202417636756,2254.5202417636756,93893.73904935783,75722.9259832108,82158.80127396388,93893.73904935783
2016-12-01,31413.26006275683,31055.422995197237,5477.662742849672,31413.26006275683,-325933.80712598667,-34285.07786124025,2522.7804231228074,-26367.699216509354,-110753.907647499,-21469.17919533956,2254.5202417636756,2254.5202417636756,2254.5202417636756,2254.5202417636756,93722.11250963318,75551.29944348615,81987.17473423923,93722.11250963318
2016-12-02,31413.26006275683,31055.422995197237,5477.662742849672,31413.26006275683,-325933.80712598667,-34285.07786124025,2522.7804231228074,-26367.699216509354,-110753.907647499,-21469.17919533956,2254.5202417636756,2254.5202417636756,2254.5202417636756,2254.5202417636756,94023.10446366714,75852.29139752011,82288.1666882732,94023.10446366714
2016-12-05,31413.26006275683,31055.422995197237,5477.662742849672,31413.26006275683,-325933.80712598667,-34285.07786124025,2522.7804231228074,-26367.699216509354,-110753.907647499,-21469.17919533956,2254.5202417636756,2254.5202417636756,2254.5202417636756,2254.5202417636756,93921.36903234222,75750.55596619518,82186.43125694827,93921.36903234222
2016-12-06,31413.26006275683,31055.422995197237,5477.662742849672,31413.26006275683,-325933.80712598667,-34285.07786124025,2522.7804231228074,-26367.699216509354,-110753.907647499,-21469.17919533956,2254.5202417636756,2254.5202417636756,2254.5202417636756,2254.5202417636756,93929.17360637081,75758.36054022377,82194.23583097686,93929.17360637081
2016-12-07,31413.26006275683,31055.422995197237,5477.662742849672,31413.26006275683,-325933.80712598667,-34285.07786124025,2522.7804231228074,-26367.699216509354,-110753.907647499,-21469.17919533956,2254.5202417636756,2254.5202417636756,2254.5202417636756,2254.5202417636756,93797.00007650303,75626.18701035599,82062.06230110908,93797.00007650303
2016-12-08,31413.26006275683,31055.422995197237,5477.662742849672,31413.26006275683,-325933.80712598667,-34285.07786124025,2522.7804231228074,-26367.699216509354,-110753.907647499,-21469.17919533956,2254.5202417636756,2254.5202417636756,2254.5202417636756,2254.5202417636756,93727.9943143134,75557.18124816637,81993.05653891945,93727.9943143134
2016-12-09,31413.26006275683,31055.422995197237,5477.662742849672,31413.26006275683,-325933.80712598667,-34285.07786124025,2522.7804231228074,-26367.699216509354,-110753.907647499,-21469.17919533956,2254.5202417636756,2254.5202417636756,2254.5202417636756,2254.5202417636756,93486.59662287962,75315.78355673258,81751.65884748567,93486.59662287962
2016-12-12,31413.26006275683,31055.422995197237,5477.662742849672,31413.26006275683,-325933.80712598667,-34285.07786124025,2522.7804231228074,-26367.699216509354,-110753.907647499,-21469.17919533956,2254.5202417636756,2254.5202417636756,2254.5202417636756,2254.5202417636756,93354.40755403833,75183.5944878913,81619.46977864439,93354.40755403833
2016-12-13,31413.26006275683,31055.422995197237,5477.662742849672,31413.26006275683,-325933.80712598667,-34285.07786124025,2522.7804231228074,-26367.699216509354,-110753.907647499,-21469.17919533956,2254.5202417636756,2254.5202417636756,2254.5202417636756,2254.5202417636756,93171.0066209468,75000.19355479977,81436.06884555286,93171.0066209468
2016-12-14,31413.26006275683,31055.422995197237,5477.662742849672,31413.26006275683,-325933.80712598667,-34285.07786124025,2522.7804231228074,-26367.699216509354,-110753.907647499,-21469.17919533956,2254.5202417636756,2254.5202417636756,2254.5202417636756,2254.5202417636756,93478.42336226394,75307.61029611691,81743.48558687,93478.42336226394
2016-12-15,31413.26006275683,31055.422995197237,5477.662742849672,31413.26006275683,-325933.80712598667,-34285.07786124025,2522.7804231228074,-26367.699216509354,-110753.907647499,-21469.17919533956,2254.5202417636756,2254.5202417636756,2254.5202417636756,2254.5202417636756,93861.50584839098,75690.69278224395,82126.56807299703,93861.50584839098
2016-12-16,31413.26006275683,31055.422995197237,5477.662742849672,31413.26006275683,-325933.80712598667,-34285.07786124025,2522.7804231228074,-26367.699216509354,-110753.907647499,-21469.17919533956,2254.5202417636756,2254.5202417636756,2254.5202417636756,2254.5202417636756,93700.89352576574,75530.08045961871,81965.9557503718,93700.89352576574
2016-12-19,31413.26006275683,31055.422995197237,5477.662742849672,31413.26006275683,-325933.80712598667,-34285.07786124025,2522.7804231228074,-26367.699216509354,-110753.907647499,-21469.17919533956,1967.7367807218106,1967.7367807218106,1967.7367807218106,1967.7367807218106,93715.334098852,75544.52103270497,81980.39632345806,93715.334098852
2016-12-20,31413.26006275683,31055.422995197237,5477.662742849672,31413.26006275683,-325933.80712598667,-34285.07786124025,2522.7804231228074,-26367.699216509354,-110753.907647499,-21469.17919533956,2131.447069006739,2131.447069006739,2131.447069006739,2131.447069006739,93719.39280587761,75548.57973973057,81984.45503048366,93719.39280587761
2016-12-21,31413.26006275683,31055.422995197237,5477.662742849672,31413.26006275683,-325933.80712598667,-34285.07786124025,2522.7804231228074,-26367.699216509354,-110753.907647499,-21469.17919533956,2460.69802689692,2460.69802689692,2460.69802689692,2460.69802689692,93724.75649310928,75553.94342696224,81989.81871771533,93724.75649310928
2016-12-22,31413.26006275683,31055.422995197237,5477.662742849672,31413.26006275683,-325933.80712598667,-34285.07786124025,2522.7804231228074,-26367.699216509354,-110753.907647499,-21469.17919533956,2780.8348521699663,2780.8348521699663,2780.8348521699663,2780.8348521699663,93722.93828807399,75552.12522192695,81988.00051268004,93722.93828807399
2016-12-23,31413.26006275683,31055.422995197237,5477.662742849672,31413.26006275683,-325933.80712598667,-34285.07786124025,2522.7804231228074,-26367.699216509354,-110753.907647499,-21469.17919533956,2422.5043202304514,2422.5043202304514,2422.5043202304514,2422.5043202304514,93742.19270813582,75571.37964198878,82007.25493274187,93742.19270813582
2016-12-27,31413.26006275683,31055.422995197237,5477.662742849672,31413.26006275683,-325933.80712598667,-34285.07786124025,2522.7804231228074,-26367.699216509354,-110753.907647499,-21469.17919533956,1929.543890817673,1929.543890817673,1929.543890817673,1929.543890817673,93764.67169282539,75593.85862667835,82029.73391743144,93764.67169282539
2016-12-28,31413.26006275683,31055.422995197237,5477.662742849672,31413.26006275683,-325933.80712598667,-34285.07786124025,2522.7804231228074,-26367.699216509354,-110753.907647499,-21469.17919533956,1243.2988250487251,1243.2988250487251,1243.2988250487251,1243.2988250487251,93756.38537388411,75585.57230773708,82021.44759849017,93756.38537388411
2016-12-29,31413.26006275683,31055.422995197237,5477.662742849672,31413.26006275683,-325933.80712598667,-34285.07786124025,2522.7804231228074,-26367.699216509354,-110753.907647499,-21469.17919533956,1077.9256741625722,1077.9256741625722,1077.9256741625722,1077.9256741625722,93736.34206041275,75565.52899426571,82001.4042850188,93736.34206041275
2016-12-30,31413.26006275683,31055.422995197237,5477.662742849672,31413.26006275683,-325933.80712598667,-34285.07786124025,2522.7804231228074,-26367.699216509354,-110753.907647499,-21469.17919533956,602.7582877050154,602.7582877050154,602.7582877050154,602.7582877050154,93734.51585986838,75563.70279372134,81999.57808447443,93734.51585986838
2017-01-03,31413.26006275683,31055.422995197237,5477.662742849672,31413.26006275683,-325933.80712598667,-34285.07786124025,2522.7804231228074,-26367.699216509354,-110753.907647499,-21469.17919533956,1076.0499329949962,1076.0499329949962,1076.0499329949962,1076.0499329949962,93795.31067928975,75624.49761314271,82060.3729038958,93795.31067928975
2017-01-04,31413.26006275683,31055.422995197237,5477.662742849672,31413.26006275683,-325933.80712598667,-34285.07786124025,2522.7804231228074,-26367.699216509354,-110753.907647499,-21469.17919533956,1809.821589998086,1809.821589998086,1809.821589998086,1809.821589998086,93802.73652183986,75631.92345569283,82067.79874644591,93802.73652183986
2017-01-05,31413.26006275683,31055.422995197237,5477.662742849672,31413.26006275683,-325933.80712598667,-34285.07786124025,2522.7804231228074,-26367.699216509354,-110753.907647499,-21469.17919533956,1750.2521417564712,1750.2521417564712,1750.2521417564712,1750.2521417564712,93810.8923337427,75640.07926759566,82075.95455834875,93810.8923337427
2017-01-06,31413.26006275683,31055.422995197237,5477.662742849672,31413.26006275683,-325933.80712598667,-34285.07786124025,2522.7804231228074,-26367.699216509354,-110753.907647499,-21469.17919533956,1979.7205754512688,1979.7205754512688,1979.7205754512688,1979.7205754512688,93844.74075823044,75673.92769208341,82109.8029828365,93844.74075823044
2017-01-09,31413.26006275683,31055.422995197237,5477.662742849672,31413.26006275683,-325933.80712598667,-34285.07786124025,2522.7804231228074,-26367.699216509354,-110753.907647499,-21469.17919533956,1740.3694738459308,1740.3694738459308,1740.3694738459308,1740.3694738459308,93886.94473485672,75716.13166870968,82152.00695946277,93886.94473485672
2017-01-10,31413.26006275683,31055.422995197237,5477.662742849672,31413.26006275683,-325933.80712598667,-34285.07786124025,2522.7804231228074,-26367.699216509354,-110753.907647499,-21469.17919533956,1729.8585351830116,1729.8585351830116,1729.8585351830116,1729.8585351830116,93868.69743451523,75697.88436836819,82133.75965912128,93868.69743451523
2017-01-11,31413.26006275683,31055.422995197237,5477.662742849672,31413.26006275683,-325933.80712598667,-34285.07786124025,2522.7804231228074,-26367.699216509354,-110753.907647499,-21469.17919533956,2397.9267080299323,2397.9267080299323,2397.9267080299323,2397.9267080299323,93888.74656974967,75717.93350360263,82153.80879435572,93888.74656974967
2017-01-12,31413.26006275683,31055.422995197237,5477.662742849672,31413.26006275683,-325933.80712598667,-34285.07786124025,2522.7804231228074,-26367.699216509354,-110753.907647499,-21469.17919533956,1827.5514510013163,1827.5514510013163,1827.5514510013163,1827.5514510013163,93860.02978586894,75689.21671972191,82125.092010475,93860.02978586894
2017-01-13,31413.26006275683,31055.422995197237,5477.662742849672,31413.26006275683,-325933.80712598667,-34285.07786124025,2522.7804231228074,-26367.699216509354,-110753.907647499,-21469.17919533956,2217.9112985697575,2217.9112985697575,2217.9112985697575,2217.9112985697575,93846.84857368842,75676.03550754138,82111.91079829447,93846.84857368842
2017-01-17,31413.26006275683,31055.422995197237,5477.662742849672,31413.26006275683,-325933.80712598667,-34285.07786124025,2522.7804231228074,-26367.699216509354,-110753.907647499,-21469.17919533956,1220.9113015746698,1220.9113015746698,1220.9113015746698,1220.9113015746698,93859.34649601835,75688.53342987131,82124.4087206244,93859.34649601835
2017-01-18,31413.26006275683,31055.422995197237,5477.662742849672,31413.26006275683,-325933.80712598667,-34285.07786124025,2522.7804231228074,-26367.699216509354,-110753.907647499,-21469.17919533956,1334.8963308773236,1334.8963308773236,1334.8963308773236,1334.8963308773236,93904.04777063988,75733.23470449285,82169.10999524593,93904.04777063988
2017-01-19,31413.26006275683,31055.422995197237,5477.662742849672,31413.26006275683,-325933.80712598667,-34285.07786124025,2522.7804231228074,-26367.699216509354,-110753.907647499,-21469.17919533956,664.8651394306216,664.8651394306216,664.8651394306216,664.8651394306216,93888.56573652616,75717.75267037912,82153.62796113221,93888.56573652616
2017-01-20,31413.26006275683,31055.422995197237,5477.662742849672,31413.26006275683,-325933.80712598667,-34285.07786124025,2522.7804231228074,-26367.699216509354,-110753.907647499,-21469.17919533956,2013.3688341012457,2013.3688341012457,2013.3688341012457,2013.3688341012457,93838.24905092316,75667.43598477612,82103.31127552921,93838.24905092316
2017-01-23,31413.26006275683,31055.422995197237,5477.662742849672,31413.26006275683,-325933.80712598667,-34285.07786124025,2522.7804231228074,-26367.699216509354,-110753.907647499,-21469.17919533956,308.8810360262869,308.8810360262869,308.8810360262869,308.8810360262869,93554.87009138521,75384.05702523817,81819.93231599126,93554.87009138521
2017-01-24,31413.26006275683,31055.422995197237,5477.662742849672,31413.26006275683,-325933.80712598667,-34285.07786124025,2522.7804231228074,-26367.699216509354,-110753.907647499,-21469.17919533956,170.6957736745244,170.6957736745244,170.6957736745244,170.6957736745244,93622.21951227519,75451.40644612815,81887.28173688124,93622.21951227519
2017-01-25,31413.26006275683,31055.422995197237,5477.662742849672,31413.26006275683,-325933.80712598667,-34285.07786124025,2522.7804231228074,-26367.699216509354,-110753.907647499,-21469.17919533956,-358.0264031381812,-358.0264031381812,-358.0264031381812,-358.0264031381812,93831.17435865803,75660.36129251099,82096.23658326408,93831.17435865803
2017-01-26,31413.26006275683,31055.422995197237,5477.662742849672,31413.26006275683,-325933.80712598667,-34285.07786124025,2522.7804231228074,-26367.699216509354,-110753.907647499,-21469.17919533956,514.3812542357482,514.3812542357482,514.3812542357482,514.3812542357482,93519.98591806623,75349.1728519192,81785.04814267228,93519.98591806623
2017-01-27,31413.26006275683,31055.422995197237,5477.662742849672,31413.26006275683,-325933.80712598667,-34285.07786124025,2522.7804231228074,-26367.699216509354,-110753.907647499,-21469.17919533956,1242.8462482397445,1242.8462482397445,1242.8462482397445,1242.8462482397445,93548.43435851461,75377.62129236758,81813.49658312066,93548.43435851461
2017-01-30,31413.26006275683,31055.422995197237,5477.662742849672,31413.26006275683,-325933.80712598667,-34285.07786124025,2522.7804231228074,-26367.699216509354,-110753.907647499,-21469.17919533956,281.8180859913118,281.8180859913118,281.8180859913118,281.8180859913118,94061.85148466798,75891.03841852094,82326.91370927403,94061.85148466798
2017-01-31,31413.26006275683,31055.422995197237,5477.662742849672,31413.26006275683,-325933.80712598667,-34285.07786124025,2522.7804231228074,-26367.699216509354,-110753.907647499,-21469.17919533956,967.8211132446304,967.8211132446304,967.8211132446304,967.8211132446304,93979.24560023495,75808.43253408791,82244.307824841,93979.24560023495
2017-02-01,31413.26006275683,31055.422995197237,5477.662742849672,31413.26006275683,-325933.80712598667,-34285.07786124025,2522.7804231228074,-26367.699216509354,-110753.907647499,-21469.17919533956,1765.633847707766,1765.633847707766,1765.633847707766,1765.633847707766,93134.41364475177,74963.60057860473,81399.47586935782,93134.41364475177
2017-02-02,31413.26006275683,31055.422995197237,5477.662742849672,31413.26006275683,-325933.80712598667,-34285.07786124025,2522.7804231228074,-26367.699216509354,-110753.907647499,-21469.17919533956,1951.2971662104828,1951.2971662104828,1951.2971662104828,1951.2971662104828,93245.46205300093,75074.64898685389,81510.52427760698,93245.46205300093
2017-02-03,31413.26006275683,31055.422995197237,5477.662742849672,31413.26006275683,-325933.80712598667,-34285.07786124025,2522.7804231228074,-26367.699216509354,-110753.907647499,-21469.17919533956,2527.941777633154,2527.941777633154,2527.941777633154,2527.941777633154,93590.82931873295,75420.01625258592,81855.891543339,93590.82931873295
2017-02-06,31413.26006275683,31055.422995197237,5477.662742849672,31413.26006275683,-325933.80712598667,-34285.07786124025,2522.7804231228074,-26367.699216509354,-110753.907647499,-21469.17919533956,2100.127243816969,2100.127243816969,2100.127243816969,2100.127243816969,94085.6234060945,75914.81033994746,82350.68563070055,94085.6234060945
2017-02-07,31413.26006275683,31055.422995197237,5477.662742849672,31413.26006275683,-325933.80712598667,-34285.07786124025,2522.7804231228074,-26367.699216509354,-110753.907647499,-21469.17919533956,2133.1447581332177,2133.1447581332177,2133.1447581332177,2133.1447581332177,93996.4113332741,75825.59826712706,82261.47355788015,93996.4113332741
2017-02-08,31413.26006275683,31055.422995197237,5477.662742849672,31413.26006275683,-325933.80712598667,-34285.07786124025,2522.7804231228074,-26367.699216509354,-110753.907647499,-21469.17919533956,3263.308288336033,3263.308288336033,3263.308288336033,3263.308288336033,94187.59497846616,76016.78191231913,82452.65720307222,94187.59497846616
2017-02-09,31413.26006275683,31055.422995197237,5477.662742849672,31413.26006275683,-325933.80712598667,-34285.07786124025,2522.7804231228074,-26367.699216509354,-110753.907647499,-21469.17919533956,3087.6227462122915,3087.6227462122915,3087.6227462122915,3087.6227462122915,94352.18826965406,76181.37520350702,82617.25049426011,94352.18826965406
2017-02-10,31413.26006275683,31055.422995197237,5477.662742849672,31413.26006275683,-325933.80712598667,-34285.07786124025,2522.7804231228074,-26367.699216509354,-110753.907647499,-21469.17919533956,2201.1944037841167,2201.1944037841167,2201.1944037841167,2201.1944037841167,94781.81740655564,76611.0043404086,83046.87963116169,94781.81740655564
2017-02-13,31413.26006275683,31055.422995197237,5477.662742849672,31413.26006275683,-325933.80712598667,-34285.07786124025,2522.7804231228074,-26367.699216509354,-110753.907647499,-21469.17919533956,1342.7535655976972,1342.7535655976972,1342.7535655976972,1342.7535655976972,95355.85642373958,77185.04335759254,83620.91864834563,95355.85642373958
2017-02-14,31413.26006275683,31055.422995197237,5477.662742849672,31413.26006275683,-325933.80712598667,-34285.07786124025,2522.7804231228074,-26367.699216509354,-110753.907647499,-21469.17919533956,1448.346301466343,1448.346301466343,1448.346301466343,1448.346301466343,95045.14437167323,76874.3313055262,83310.20659627928,95045.14437167323
2017-02-15,31413.26006275683,31055.422995197237,5477.662742849672,31413.26006275683,-325933.80712598667,-34285.07786124025,2522.7804231228074,-26367.699216509354,-110753.907647499,-21469.17919533956,2627.2325750694145,2627.2325750694145,2627.2325750694145,2627.2325750694145,93696.94363762741,75526.13057148037,81962.00586223346,93696.94363762741
2017-02-16,31413.26006275683,31055.422995197237,5477.662742849672,31413.26006275683,-325933.80712598667,-34285.07786124025,2522.7804231228074,-26367.699216509354,-110753.907647499,-21469.17919533956,2563.5293908506865,2563.5293908506865,2563.5293908506865,2563.5293908506865,93343.3370056299,75172.52393948287,81608.39923023595,93343.3370056299
2017-02-17,31413.26006275683,31055.422995197237,5477.662742849672,31413.26006275683,-325933.80712598667,-34285.07786124025,2522.7804231228074,-26367.699216509354,-110753.907647499,-21469.17919533956,5488.296439775848,5488.296439775848,5488.296439775848,5488.296439775848,93427.50218166085,75256.68911551381,81692.5644062669,93427.50218166085
2017-02-21,31413.26006275683,31055.422995197237,5477.662742849672,31413.26006275683,-325933.80712598667,-34285.07786124025,2522.7804231228074,-26367.699216509354,-110753.907647499,-21469.17919533956,5488.296439775848,5488.296439775848,5488.296439775848,5488.296439775848,93445.35143737309,75274.53837122605,81710.41366197914,93445.35143737309
2017-02-22,31413.26006275683,31055.422995197237,5477.662742849672,31413.26006275683,-325933.80712598667,-34285.07786124025,2522.7804231228074,-26367.699216509354,-110753.907647499,-21469.17919533956,5488.296439775848,5488.296439775848,5488.296439775848,5488.296439775848,93437.10839350219,75266.29532735515,81702.17061810824,93437.10839350219
2017-02-23,31413.26006275683,31055.422995197237,5477.662742849672,31413.26006275683,-325933.80712598667,-34285.07786124025,2522.7804231228074,-26367.699216509354,-110753.907647499,-21469.17919533956,5488.296439775848,5488.296439775848,5488.296439775848,5488.296439775848,93500.85206729034,75330.0390011433,81765.91429189639,93500.85206729034
2017-02-24,31413.26006275683,31055.422995197237,5477.662742849672,31413.26006275683,-325933.80712598667,-34285.07786124025,2522.7804231228074,-26367.699216509354,-110753.907647499,-21469.17919533956,5488.296439775848,5488.296439775848,5488.296439775848,5488.296439775848,93507.1118454365,75336.29877928947,81772.17407004256,93507.1118454365
2017-02-27,31413.26006275683,31055.422995197237,5477.662742849672,31413.26006275683,-325933.80712598667,-34285.07786124025,2522.7804231228074,-26367.699216509354,-110753.907647499,-21469.17919533956,5488.296439775848,5488.296439775848,5488.296439775848,5488.296439775848,93591.70343185007,75420.89036570303,81856.76565645612,93591.70343185007
2017-02-28,31413.26006275683,31055.422995197237,5477.662742849672,31413.26006275683,-325933.80712598667,-34285.07786124025,2522.7804231228074,-26367.699216509354,-110753.907647499,-21469.17919533956,5488.296439775848,5488.296439775848,5488.296439775848,5488.296439775848,93701.6481481709,75530.83508202387,81966.71037277696,93701.6481481709
2017-03-01,31413.26006275683,31055.422995197237,5477.662742849672,31413.26006275683,-325933.80712598667,-34285.07786124025,2522.7804231228074,-26367.699216509354,-110753.907647499,-21469.17919533956,5488.296439775848,5488.296439775848,5488.296439775848,5488.296439775848,93559.13720642612,75388.32414027909,81824.19943103218,93559.13720642612
2017-03-02,31413.26006275683,31055.422995197237,5477.662742849672,31413.26006275683,-325933.80712598667,-34285.07786124025,2522.7804231228074,-26367.699216509354,-110753.907647499,-21469.17919533956,5488.296439775848,5488.296439775848,5488.296439775848,5488.296439775848,93692.99903652351,75522.18597037648,81958.06126112957,93692.99903652351
2017-03-03,31413.26006275683,31055.422995197237,5477.662742849672,31413.26006275683,-325933.80712598667,-34285.07786124025,2522.7804231228074,-26367.699216509354,-110753.907647499,-21469.17919533956,5488.296439775848,5488.296439775848,5488.296439775848,5488.296439775848,93709.10102432757,75538.28795818053,81974.16324893362,93709.10102432757
2017-03-06,31413.26006275683,31055.422995197237,5477.662742849672,31413.26006275683,-325933.80712598667,-34285.07786124025,2522.7804231228074,-26367.699216509354,-110753.907647499,-21469.17919533956,5488.296439775848,5488.296439775848,5488.296439775848,5488.296439775848,93937.64021553379,75766.82714938675,82202.70244013984,93937.64021553379
2017-03-07,31413.26006275683,31055.422995197237,5477.662742849672,31413.26006275683,-325933.80712598667,-34285.07786124025,2522.7804231228074,-26367.699216509354,-110753.907647499,-21469.17919533956,5488.296439775848,5488.296439775848,5488.296439775848,5488.296439775848,93953.9534179403,75783.14035179326,82219.01564254635,93953.9534179403
2017-03-08,31413.26006275683,31055.422995197237,5477.662742849672,31413.26006275683,-325933.80712598667,-34285.07786124025,2522.7804231228074,-26367.699216509354,-110753.907647499,-21469.17919533956,5488.296439775848,5488.296439775848,5488.296439775848,5488.296439775848,93927.63002718729,75756.81696104025,82192.69225179334,93927.63002718729
2017-03-09,31413.26006275683,31055.422995197237,5477.662742849672,31413.26006275683,-325933.80712598667,-34285.07786124025,2522.7804231228074,-26367.699216509354,-110753.907647499,-21469.17919533956,5488.296439775848,5488.296439775848,5488.296439775848,5488.296439775848,94063.91640693112,75893.10334078409,82328.97863153717,94063.91640693112
2017-03-10,31413.26006275683,31055.422995197237,5477.662742849672,31413.26006275683,-325933.80712598667,-34285.07786124025,2522.7804231228074,-26367.699216509354,-110753.907647499,-21469.17919533956,5488.296439775848,5488.296439775848,5488.296439775848,5488.296439775848,94027.09684609808,75856.28377995105,82292.15907070413,94027.09684609808
2017-03-13,31413.26006275683,31055.422995197237,5477.662742849672,31413.26006275683,-325933.80712598667,-34285.07786124025,2522.7804231228074,-26367.699216509354,-110753.907647499,-21469.17919533956,5488.296439775848,5488.296439775848,5488.296439775848,5488.296439775848,94185.13258142932,76014.31951528229,82450.19480603538,94185.13258142932
2017-03-14,31413.26006275683,31055.422995197237,5477.662742849672,31413.26006275683,-325933.80712598667,-34285.07786124025,2522.7804231228074,-26367.699216509354,-110753.907647499,-21469.17919533956,5488.296439775848,5488.296439775848,5488.296439775848,5488.296439775848,94059.01410969789,75888.20104355086,82324.07633430394,94059.01410969789
2017-03-15,31413.26006275683,31055.422995197237,5477.662742849672,31413.26006275683,-325933.80712598667,-34285.07786124025,2522.7804231228074,-26367.699216509354,-110753.907647499,-21469.17919533956,5488.296439775848,5488.296439775848,5488.296439775848,5488.296439775848,94130.61973628518,75959.80667013815,82395.68196089123,94130.61973628518
2017-03-16,31413.26006275683,31055.422995197237,5477.662742849672,31413.26006275683,-325933.80712598667,-34285.07786124025,2522.7804231228074,-26367.699216509354,-110753.907647499,-21469.17919533956,5488.296439775848,5488.296439775848,5488.296439775848,5488.296439775848,94248.1485858059,76077.33551965887,82513.21081041195,94248.1485858059
2017-03-17,31413.26006275683,31055.422995197237,5477.662742849672,31413.26006275683,-325933.80712598667,-34285.07786124025,2522.7804231228074,-26367.699216509354,-110753.907647499,-21469.17919533956,5488.296439775848,5488.296439775848,5488.296439775848,5488.296439775848,93970.9862867177,75800.17322057066,82236.04851132375,93970.9862867177
2017-03-20,31413.26006275683,31055.422995197237,5477.662742849672,31413.26006275683,-325933.80712598667,-34285.07786124025,2522.7804231228074,-26367.699216509354,-110753.907647499,-21469.17919533956,4711.235651872819,4711.235651872819,4711.235651872819,4711.235651872819,93995.36444342206,75824.55137727503,82260.42666802811,93995.36444342206
2017-03-21,31413.26006275683,31055.422995197237,5477.662742849672,31413.26006275683,-325933.80712598667,-34285.07786124025,2522.7804231228074,-26367.699216509354,-110753.907647499,-21469.17919533956,4316.856943639228,4316.856943639228,4316.856943639228,4316.856943639228,94041.32594989846,75870.51288375142,82306.38817450451,94041.32594989846
2017-03-22,31413.26006275683,31055.422995197237,5477.662742849672,31413.26006275683,-325933.80712598667,-34285.07786124025,2522.7804231228074,-26367.699216509354,-110753.907647499,-21469.17919533956,4235.879563485039,4235.879563485039,4235.879563485039,4235.879563485039,93857.54719246994,75686.7341263229,82122.60941707599,93857.54719246994
2017-03-23,31413.26006275683,31055.422995197237,5477.662742849672,31413.26006275683,-325933.80712598667,-34285.07786124025,2522.7804231228074,-26367.699216509354,-110753.907647499,-21469.17919533956,3772.350897208671,3772.350897208671,3772.350897208671,3772.350897208671,93943.52857941529,75772.71551326825,82208.59080402134,93943.52857941529
2017-03-24,31413.26006275683,31055.422995197237,5477.662742849672,31413.26006275683,-325933.80712598667,-34285.07786124025,2522.7804231228074,-26367.699216509354,-110753.907647499,-21469.17919533956,3691.825412028469,3691.825412028469,3691.825412028469,3691.825412028469,93951.43562387652,75780.62255772948,82216.49784848257,93951.43562387652
2017-03-27,31413.26006275683,31055.422995197237,5477.662742849672,31413.26006275683,-325933.80712598667,-34285.07786124025,2522.7804231228074,-26367.699216509354,-110753.907647499,-21469.17919533956,3623.619495897903,3623.619495897903,3623.619495897903,3623.619495897903,94034.37367000524,75863.5606038582,82299.43589461129,94034.37367000524
2017-03-28,31413.26006275683,31055.422995197237,5477.662742849672,31413.26006275683,-325933.80712598667,-34285.07786124025,2522.7804231228074,-26367.699216509354,-110753.907647499,-21469.17919533956,3818.3937593195587,3818.3937593195587,3818.3937593195587,3818.3937593195587,94125.10409952211,75954.29103337508,82390.16632412816,94125.10409952211
2017-03-29,31413.26006275683,31055.422995197237,5477.662742849672,31413.26006275683,-325933.80712598667,-34285.07786124025,2522.7804231228074,-26367.699216509354,-110753.907647499,-21469.17919533956,3922.2368349399185,3922.2368349399185,3922.2368349399185,3922.2368349399185,94137.61930510285,75966.80623895582,82402.6815297089,94137.61930510285
2017-03-30,31413.26006275683,31055.422995197237,5477.662742849672,31413.26006275683,-325933.80712598667,-34285.07786124025,2522.7804231228074,-26367.699216509354,-110753.907647499,-21469.17919533956,4183.855046676472,4183.855046676472,4183.855046676472,4183.855046676472,94051.139630683,75880.32656453596,82316.20185528905,94051.139630683
2017-03-31,31413.26006275683,31055.422995197237,5477.662742849672,31413.26006275683,-325933.80712598667,-34285.07786124025,2522.7804231228074,-26367.699216509354,-110753.907647499,-21469.17919533956,4012.5005206733476,4012.5005206733476,4012.5005206733476,4012.5005206733476,94017.02143214457,75846.20836599753,82282.08365675062,94017.02143214457
2017-04-03,31413.26006275683,31055.422995197237,5477.662742849672,31413.26006275683,-325933.80712598667,-34285.07786124025,2522.7804231228074,-26367.699216509354,-110753.907647499,-21469.17919533956,3717.2254403445404,3717.2254403445404,3717.2254403445404,3717.2254403445404,94020.12222356163,75849.3091574146,82285.18444816768,94020.12222356163
2017-04-04,31413.26006275683,31055.422995197237,5477.662742849672,31413.26006275683,-325933.80712598667,-34285.07786124025,2522.7804231228074,-26367.699216509354,-110753.907647499,-21469.17919533956,3878.4026786771137,3878.4026786771137,3878.4026786771137,3878.4026786771137,94010.83718578448,75840.02411963744,82275.89941039053,94010.83718578448
2017-04-05,31413.26006275683,31055.422995197237,5477.662742849672,31413.26006275683,-325933.80712598667,-34285.07786124025,2522.7804231228074,-26367.699216509354,-110753.907647499,-21469.17919533956,3348.756666191737,3348.756666191737,3348.756666191737,3348.756666191737,94064.6007480002,75893.78768185317,82329.66297260625,94064.6007480002
2017-04-06,31413.26006275683,31055.422995197237,5477.662742849672,31413.26006275683,-325933.80712598667,-34285.07786124025,2522.7804231228074,-26367.699216509354,-110753.907647499,-21469.17919533956,3716.570594747318,3716.570594747318,3716.570594747318,3716.570594747318,94049.94158985885,75879.12852371181,82315.0038144649,94049.94158985885
2017-04-07,31413.26006275683,31055.422995197237,5477.662742849672,31413.26006275683,-325933.80712598667,-34285.07786124025,2522.7804231228074,-26367.699216509354,-110753.907647499,-21469.17919533956,3511.7672816639533,3511.7672816639533,3511.7672816639533,3511.7672816639533,93963.65580339264,75792.8427372456,82228.7180279987,93963.65580339264
2017-04-10,31413.26006275683,31055.422995197237,5477.662742849672,31413.26006275683,-325933.80712598667,-34285.07786124025,2522.7804231228074,-26367.699216509354,-110753.907647499,-21469.17919533956,3237.8030695765046,3237.8030695765046,3237.8030695765046,3237.8030695765046,94046.98134312895,75876.16827698192,82312.043567735,94046.98134312895
2017-04-11,31413.26006275683,31055.422995197237,5477.662742849672,31413.26006275683,-325933.80712598667,-34285.07786124025,2522.7804231228074,-26367.699216509354,-110753.907647499,-21469.17919533956,3196.1167818865506,3196.1167818865506,3196.1167818865506,3196.1167818865506,94023.62581940624,75852.8127532592,82288.68804401229,94023.62581940624
2017-04-12,31413.26006275683,31055.422995197237,5477.662742849672,31413.26006275683,-325933.80712598667,-34285.07786124025,2522.7804231228074,-26367.699216509354,-110753.907647499,-21469.17919533956,2918.4034028610913,2918.4034028610913,2918.4034028610913,2918.4034028610913,94015.47948371642,75844.66641756939,82280.54170832247,94015.47948371642
2017-04-13,31413.26006275683,31055.422995197237,5477.662742849672,31413.26006275683,-325933.80712598667,-34285.07786124025,2522.7804231228074,-26367.699216509354,-110753.907647499,-21469.17919533956,2767.6643623518758,2767.6643623518758,2767.6643623518758,2767.6643623518758,93953.51966405567,75782.70659790863,82218.58188866172,93953.51966405567
2017-04-17,31413.26006275683,31055.422995197237,5477.662742849672,31413.26006275683,-325933.80712598667,-34285.07786124025,2522.7804231228074,-26367.699216509354,-110753.907647499,-21469.17919533956,2680.754490970983,2680.754490970983,2680.754490970983,2680.754490970983,94192.66381220659,76021.85074605956,82457.72603681264,94192.66381220659
2017-04-18,31413.26006275683,31055.422995197237,5477.662742849672,31413.26006275683,-325933.80712598667,-34285.07786124025,2522.7804231228074,-26367.699216509354,-110753.907647499,-21469.17919533956,2724.6725012359675,2724.6725012359675,2724.6725012359675,2724.6725012359675,94155.77178642224,75984.9587202752,82420.83401102829,94155.77178642224
2017-04-19,31413.26006275683,31055.422995197237,5477.662742849672,31413.26006275683,-325933.80712598667,-34285.07786124025,2522.7804231228074,-26367.699216509354,-110753.907647499,-21469.17919533956,2706.20012936322,2706.20012936322,2706.20012936322,2706.20012936322,94190.22257640911,76019.40951026208,82455.28480101516,94190.22257640911
2017-04-20,31413.26006275683,31055.422995197237,5477.662742849672,31413.26006275683,-325933.80712598667,-34285.07786124025,2522.7804231228074,-26367.699216509354,-110753.907647499,-21469.17919533956,2770.770707848482,2770.770707848482,2770.770707848482,2770.770707848482,94358.11672237935,76187.30365623231,82623.1789469854,94358.11672237935
2017-04-21,31413.26006275683,31055.422995197237,5477.662742849672,31413.26006275683,-325933.80712598667,-34285.07786124025,2522.7804231228074,-26367.699216509354,-110753.907647499,-21469.17919533956,2691.840934687876,2691.840934687876,2691.840934687876,2691.840934687876,94187.61370446323,76016.8006383162,82452.67592906929,94187.61370446323
2017-04-24,31413.26006275683,31055.422995197237,5477.662742849672,31413.26006275683,-325933.80712598667,-34285.07786124025,2522.7804231228074,-26367.699216509354,-110753.907647499,-21469.17919533956,2691.840934687876,2691.840934687876,2691.840934687876,2691.840934687876,94181.64374004165,76010.83067389461,82446.7059646477,94181.64374004165
2017-04-25,31413.26006275683,31055.422995197237,5477.662742849672,31413.26006275683,-325933.80712598667,-34285.07786124025,2522.7804231228074,-26367.699216509354,-110753.907647499,-21469.17919533956,2691.840934687876,2691.840934687876,2691.840934687876,2691.840934687876,94006.80683751637,75835.99377136934,82271.86906212242,94006.80683751637
2017-04-26,31413.26006275683,31055.422995197237,5477.662742849672,31413.26006275683,-325933.80712598667,-34285.07786124025,2522.7804231228074,-26367.699216509354,-110753.907647499,-21469.17919533956,2691.840934687876,2691.840934687876,2691.840934687876,2691.840934687876,94054.91698030825,75884.10391416121,82319.9792049143,94054.91698030825
2017-04-27,31413.26006275683,31055.422995197237,5477.662742849672,31413.26006275683,-325933.80712598667,-34285.07786124025,2522.7804231228074,-26367.699216509354,-110753.907647499,-21469.17919533956,2691.840934687876,2691.840934687876,2691.840934687876,2691.840934687876,93740.50386222126,75569.69079607422,82005.56608682731,93740.50386222126
2017-04-28,31413.26006275683,31055.422995197237,5477.662742849672,31413.26006275683,-325933.80712598667,-34285.07786124025,2522.7804231228074,-26367.699216509354,-110753.907647499,-21469.17919533956,2691.840934687876,2691.840934687876,2691.840934687876,2691.840934687876,94041.67503470182,75870.86196855479,82306.73725930788,94041.67503470182
2017-05-01,31413.26006275683,31055.422995197237,5477.662742849672,31413.26006275683,-325933.80712598667,-34285.07786124025,2522.7804231228074,-26367.699216509354,-110753.907647499,-21469.17919533956,2691.840934687876,2691.840934687876,2691.840934687876,2691.840934687876,94731.99967111065,76561.18660496362,82997.0618957167,94731.99967111065
2017-05-02,31413.26006275683,31055.422995197237,5477.662742849672,31413.26006275683,-325933.80712598667,-34285.07786124025,2522.7804231228074,-26367.699216509354,-110753.907647499,-21469.17919533956,2691.840934687876,2691.840934687876,2691.840934687876,2691.840934687876,94432.90138365538,76262.08831750834,82697.96360826143,94432.90138365538
2017-05-03,31413.26006275683,31055.422995197237,5477.662742849672,31413.26006275683,-325933.80712598667,-34285.07786124025,2522.7804231228074,-26367.699216509354,-110753.907647499,-21469.17919533956,2691.840934687876,2691.840934687876,2691.840934687876,2691.840934687876,94372.88910998101,76202.07604383398,82637.95133458707,94372.88910998101
2017-05-04,31413.26006275683,31055.422995197237,5477.662742849672,31413.26006275683,-325933.80712598667,-34285.07786124025,2522.7804231228074,-26367.699216509354,-110753.907647499,-21469.17919533956,2691.840934687876,2691.840934687876,2691.840934687876,2691.840934687876,94380.78130314546,76209.96823699842,82645.84352775151,94380.78130314546
2017-05-05,31413.26006275683,31055.422995197237,5477.662742849672,31413.26006275683,-325933.80712598667,-34285.07786124025,2522.7804231228074,-26367.699216509354,-110753.907647499,-21469.17919533956,2691.840934687876,2691.840934687876,2691.840934687876,2691.840934687876,94469.40933631174,76298.59627016471,82734.4715609178,94469.40933631174
2017-05-08,31413.26006275683,31055.422995197237,5477.662742849672,31413.26006275683,-325933.80712598667,-34285.07786124025,2522.7804231228074,-26367.699216509354,-110753.907647499,-21469.17919533956,2691.840934687876,2691.840934687876,2691.840934687876,2691.840934687876,95146.60987493512,76975.79680878809,83411.67209954117,95146.60987493512
2017-05-09,31413.26006275683,31055.422995197237,5477.662742849672,31413.26006275683,-325933.80712598667,-34285.07786124025,2522.7804231228074,-26367.699216509354,-110753.907647499,-21469.17919533956,2691.840934687876,2691.840934687876,2691.840934687876,2691.840934687876,95346.7624747844,77175.94940863736,83611.82469939045,95346.7624747844
2017-05-10,31413.26006275683,31055.422995197237,5477.662742849672,31413.26006275683,-325933.80712598667,-34285.07786124025,2522.7804231228074,-26367.699216509354,-110753.907647499,-21469.17919533956,2691.840934687876,2691.840934687876,2691.840934687876,2691.840934687876,95732.96869591693,77562.1556297699,83998.03092052299,95732.96869591693
2017-05-11,31413.26006275683,31055.422995197237,5477.662742849672,31413.26006275683,-325933.80712598667,-34285.07786124025,2522.7804231228074,-26367.699216509354,-110753.907647499,-21469.17919533956,2691.840934687876,2691.840934687876,2691.840934687876,2691.840934687876,95594.86775567126,77424.05468952423,83859.92998027732,95594.86775567126
2017-05-12,31413.26006275683,31055.422995197237,5477.662742849672,31413.26006275683,-325933.80712598667,-34285.07786124025,2522.7804231228074,-26367.699216509354,-110753.907647499,-21469.17919533956,2691.840934687876,2691.840934687876,2691.840934687876,2691.840934687876,95851.77936923737,77680.96630309033,84116.84159384342,95851.77936923737
2017-05-15,31413.26006275683,31055.422995197237,5477.662742849672,31413.26006275683,-325933.80712598667,-34285.07786124025,2522.7804231228074,-26367.699216509354,-110753.907647499,-21469.17919533956,2691.840934687876,2691.840934687876,2691.840934687876,2691.840934687876,96444.83203641186,78274.01897026482,84709.89426101791,96444.83203641186
2017-05-16,31413.26006275683,31055.422995197237,5477.662742849672,31413.26006275683,-325933.80712598667,-34285.07786124025,2522.7804231228074,-26367.699216509354,-110753.907647499,-21469.17919533956,2691.840934687876,2691.840934687876,2691.840934687876,2691.840934687876,96114.4939814806,77943.68091533356,84379.55620608665,96114.4939814806
2017-05-17,31413.26006275683,31055.422995197237,5477.662742849672,31413.26006275683,-325933.80712598667,-34285.07786124025,2522.7804231228074,-26367.699216509354,-110753.907647499,-21469.17919533956,2691.840934687876,2691.840934687876,2691.840934687876,2691.840934687876,96139.57628443278,77968.76321828575,84404.63850903884,96139.57628443278
2017-05-18,31413.26006275683,31055.422995197237,5477.662742849672,31413.26006275683,-325933.80712598667,-34285.07786124025,2522.7804231228074,-26367.699216509354,-110753.907647499,-21469.17919533956,2691.840934687876,2691.840934687876,2691.840934687876,2691.840934687876,96414.36119895126,78243.54813280422,84679.42342355731,96414.36119895126
2017-05-19,31413.26006275683,31055.422995197237,5477.662742849672,31413.26006275683,-325933.80712598667,-34285.07786124025,2522.7804231228074,-26367.699216509354,-110753.907647499,-21469.17919533956,2691.840934687876,2691.840934687876,2691.840934687876,2691.840934687876,96261.67878538789,78090.86571924086,84526.74100999394,96261.67878538789
2017-05-22,31413.26006275683,31055.422995197237,5477.662742849672,31413.26006275683,-325933.80712598667,-34285.07786124025,2522.7804231228074,-26367.699216509354,-110753.907647499,-21469.17919533956,2691.840934687876,2691.840934687876,2691.840934687876,2691.840934687876,96310.62171363737,78139.80864749034,84575.68393824343,96310.62171363737
2017-05-23,31413.26006275683,31055.422995197237,5477.662742849672,31413.26006275683,-325933.80712598667,-34285.07786124025,2522.7804231228074,-26367.699216509354,-110753.907647499,-21469.17919533956,2691.840934687876,2691.840934687876,2691.840934687876,2691.840934687876,96292.80105572962,78121.98798958259,84557.86328033567,96292.80105572962
2017-05-24,31413.26006275683,31055.422995197237,5477.662742849672,31413.26006275683,-325933.80712598667,-34285.07786124025,2522.7804231228074,-26367.699216509354,-110753.907647499,-21469.17919533956,2691.840934687876,2691.840934687876,2691.840934687876,2691.840934687876,96125.29781235568,77954.48474620865,84390.36003696173,96125.29781235568
2017-05-25,31413.26006275683,31055.422995197237,5477.662742849672,31413.26006275683,-325933.80712598667,-34285.07786124025,2522.7804231228074,-26367.699216509354,-110753.907647499,-21469.17919533956,2691.840934687876,2691.840934687876,2691.840934687876,2691.840934687876,96131.40218925034,77960.5891231033,84396.46441385639,96131.40218925034
2017-05-26,31413.26006275683,31055.422995197237,5477.662742849672,31413.26006275683,-325933.80712598667,-34285.07786124025,2522.7804231228074,-26367.699216509354,-110753.907647499,-21469.17919533956,2691.840934687876,2691.840934687876,2691.840934687876,2691.840934687876,96061.58802413824,77890.7749579912,84326.65024874429,96061.58802413824
2017-05-30,31413.26006275683,31055.422995197237,5477.662742849672,31413.26006275683,-325933.80712598667,-34285.07786124025,2522.7804231228074,-26367.699216509354,-110753.907647499,-21469.17919533956,2691.840934687876,2691.840934687876,2691.840934687876,2691.840934687876,96029.27720809961,77858.46414195257,84294.33943270566,96029.27720809961
2017-05-31,31413.26006275683,31055.422995197237,5477.662742849672,31413.26006275683,-325933.80712598667,-34285.07786124025,2522.7804231228074,-26367.699216509354,-110753.907647499,-21469.17919533956,2691.840934687876,2691.840934687876,2691.840934687876,2691.840934687876,95894.47288901242,77723.65982286539,84159.53511361848,95894.47288901242
2017-06-01,31413.26006275683,31055.422995197237,5477.662742849672,31413.26006275683,-325933.80712598667,-34285.07786124025,2522.7804231228074,-26367.699216509354,-110753.907647499,-21469.17919533956,2691.840934687876,2691.840934687876,2691.840934687876,2691.840934687876,96078.28293923987,77907.46987309284,84343.34516384592,96078.28293923987
2017-06-02,31413.26006275683,31055.422995197237,5477.662742849672,31413.26006275683,-325933.80712598667,-34285.07786124025,2522.7804231228074,-26367.699216509354,-110753.907647499,-21469.17919533956,2691.840934687876,2691.840934687876,2691.840934687876,2691.840934687876,96061.5450123162,77890.73194616917,84326.60723692225,96061.5450123162
2017-06-05,31413.26006275683,31055.422995197237,5477.662742849672,31413.26006275683,-325933.80712598667,-34285.07786124025,2522.7804231228074,-26367.699216509354,-110753.907647499,-21469.17919533956,2691.840934687876,2691.840934687876,2691.840934687876,2691.840934687876,96000.02245806274,77829.2093919157,84265.08468266879,96000.02245806274
2017-06-06,31413.26006275683,31055.422995197237,5477.662742849672,31413.26006275683,-325933.80712598667,-34285.07786124025,2522.7804231228074,-26367.699216509354,-110753.907647499,-21469.17919533956,2691.840934687876,2691.840934687876,2691.840934687876,2691.840934687876,95932.4051253791,77761.59205923206,84197.46734998515,95932.4051253791
2017-06-07,31413.26006275683,31055.422995197237,5477.662742849672,31413.26006275683,-325933.80712598667,-34285.07786124025,2522.7804231228074,-26367.699216509354,-110753.907647499,-21469.17919533956,2691.840934687876,2691.840934687876,2691.840934687876,2691.840934687876,95971.91702036303,77801.103954216,84236.97924496909,95971.91702036303
2017-06-08,31413.26006275683,31055.422995197237,5477.662742849672,31413.26006275683,-325933.80712598667,-34285.07786124025,2522.7804231228074,-26367.699216509354,-110753.907647499,-21469.17919533956,2691.840934687876,2691.840934687876,2691.840934687876,2691.840934687876,96195.75785391638,78024.94478776935,84460.82007852243,96195.75785391638
2017-06-09,31413.26006275683,31055.422995197237,5477.662742849672,31413.26006275683,-325933.80712598667,-34285.07786124025,2522.7804231228074,-26367.699216509354,-110753.907647499,-21469.17919533956,2691.840934687876,2691.840934687876,2691.840934687876,2691.840934687876,96265.94429705734,78095.13123091031,84531.0065216634,96265.94429705734
2017-06-12,31413.26006275683,31055.422995197237,5477.662742849672,31413.26006275683,-325933.80712598667,-34285.07786124025,2522.7804231228074,-26367.699216509354,-110753.907647499,-21469.17919533956,2691.840934687876,2691.840934687876,2691.840934687876,2691.840934687876,96401.38841355895,78230.57534741191,84666.450638165,96401.38841355895
2017-06-13,31413.26006275683,31055.422995197237,5477.662742849672,31413.26006275683,-325933.80712598667,-34285.07786124025,2522.7804231228074,-26367.699216509354,-110753.907647499,-21469.17919533956,2691.840934687876,2691.840934687876,2691.840934687876,2691.840934687876,96528.15385272098,78357.34078657394,84793.21607732703,96528.15385272098
2017-06-14,31413.26006275683,31055.422995197237,5477.662742849672,31413.26006275683,-325933.80712598667,-34285.07786124025,2522.7804231228074,-26367.699216509354,-110753.907647499,-21469.17919533956,2691.840934687876,2691.840934687876,2691.840934687876,2691.840934687876,96432.13810297498,78261.32503682794,84697.20032758103,96432.13810297498
2017-06-15,31413.26006275683,31055.422995197237,5477.662742849672,31413.26006275683,-325933.80712598667,-34285.07786124025,2522.7804231228074,-26367.699216509354,-110753.907647499,-21469.17919533956,2691.840934687876,2691.840934687876,2691.840934687876,2691.840934687876,96464.13567858213,78293.32261243509,84729.19790318818,96464.13567858213
2017-06-16,31413.26006275683,31055.422995197237,5477.662742849672,31413.26006275683,-325933.80712598667,-34285.07786124025,2522.7804231228074,-26367.699216509354,-110753.907647499,-21469.17919533956,2691.840934687876,2691.840934687876,2691.840934687876,2691.840934687876,96748.1266545658,78577.31358841876,85013.18887917185,96748.1266545658
2017-06-19,31413.26006275683,31055.422995197237,5477.662742849672,31413.26006275683,-325933.80712598667,-34285.07786124025,2522.7804231228074,-26367.699216509354,-110753.907647499,-21469.17919533956,674.7385987393791,674.7385987393791,674.7385987393791,674.7385987393791,96758.50276749302,78587.68970134598,85023.56499209907,96758.50276749302
2017-06-20,31413.26006275683,31055.422995197237,5477.662742849672,31413.26006275683,-325933.80712598667,-34285.07786124025,2522.7804231228074,-26367.699216509354,-110753.907647499,-21469.17919533956,1324.297771322541,1324.297771322541,1324.297771322541,1324.297771322541,96819.87241717824,78649.0593510312,85084.93464178429,96819.87241717824
2017-06-21,31413.26006275683,31055.422995197237,5477.662742849672,31413.26006275683,-325933.80712598667,-34285.07786124025,2522.7804231228074,-26367.699216509354,-110753.907647499,-21469.17919533956,1990.0658505070023,1990.0658505070023,1990.0658505070023,1990.0658505070023,96705.91723618633,78535.1041700393,84970.97946079238,96705.91723618633
2017-06-22,31413.26006275683,31055.422995197237,5477.662742849672,31413.26006275683,-325933.80712598667,-34285.07786124025,2522.7804231228074,-26367.699216509354,-110753.907647499,-21469.17919533956,3635.7121805752395,3635.7121805752395,3635.7121805752395,3635.7121805752395,96084.8469866577,77914.03392051067,84349.90921126376,96084.8469866577
2017-06-23,31413.26006275683,31055.422995197237,5477.662742849672,31413.26006275683,-325933.80712598667,-34285.07786124025,2522.7804231228074,-26367.699216509354,-110753.907647499,-21469.17919533956,3745.3998418952106,3745.3998418952106,3745.3998418952106,3745.3998418952106,95906.7123982273,77735.89933208027,84171.77462283336,95906.7123982273
2017-06-26,31413.26006275683,31055.422995197237,5477.662742849672,31413.26006275683,-325933.80712598667,-34285.07786124025,2522.7804231228074,-26367.699216509354,-110753.907647499,-21469.17919533956,3806.0307548285928,3806.0307548285928,3806.0307548285928,3806.0307548285928,96050.16300287424,77879.3499367272,84315.22522748029,96050.16300287424
2017-06-27,31413.26006275683,31055.422995197237,5477.662742849672,31413.26006275683,-325933.80712598667,-34285.07786124025,2522.7804231228074,-26367.699216509354,-110753.907647499,-21469.17919533956,3512.2808076941874,3512.2808076941874,3512.2808076941874,3512.2808076941874,96074.74624611135,77903.93317996431,84339.8084707174,96074.74624611135
2017-06-28,31413.26006275683,31055.422995197237,5477.662742849672,31413.26006275683,-325933.80712598667,-34285.07786124025,2522.7804231228074,-26367.699216509354,-110753.907647499,-21469.17919533956,4496.419916018844,4496.419916018844,4496.419916018844,4496.419916018844,96205.67122593964,78034.85815979261,84470.7334505457,96205.67122593964
2017-06-29,31413.26006275683,31055.422995197237,5477.662742849672,31413.26006275683,-325933.80712598667,-34285.07786124025,2522.7804231228074,-26367.699216509354,-110753.907647499,-21469.17919533956,5200.101769793895,5200.101769793895,5200.101769793895,5200.101769793895,96324.29519762448,78153.48213147745,84589.35742223053,96324.29519762448
2017-06-30,31413.26006275683,31055.422995197237,5477.662742849672,31413.26006275683,-325933.80712598667,-34285.07786124025,2522.7804231228074,-26367.699216509354,-110753.907647499,-21469.17919533956,5342.7156227438245,5342.7156227438245,5342.7156227438245,5342.7156227438245,95554.97113965033,77384.15807350329,83820.03336425638,95554.97113965033
2017-07-03,31413.26006275683,31055.422995197237,5477.662742849672,31413.26006275683,-325933.80712598667,-34285.07786124025,2522.7804231228074,-26367.699216509354,-110753.907647499,-21469.17919533956,5666.725751308841,5666.725751308841,5666.725751308841,5666.725751308841,95989.45509747509,77818.64203132805,84254.51732208114,95989.45509747509
2017-07-05,31413.26006275683,31055.422995197237,5477.662742849672,31413.26006275683,-325933.80712598667,-34285.07786124025,2522.7804231228074,-26367.699216509354,-110753.907647499,-21469.17919533956,5179.940381915541,5179.940381915541,5179.940381915541,5179.940381915541,96233.57203062437,78062.75896447734,84498.63425523043,96233.57203062437
2017-07-06,31413.26006275683,31055.422995197237,5477.662742849672,31413.26006275683,-325933.80712598667,-34285.07786124025,2522.7804231228074,-26367.699216509354,-110753.907647499,-21469.17919533956,4941.0813721206505,4941.0813721206505,4941.0813721206505,4941.0813721206505,96292.45011078753,78121.63704464049,84557.51233539358,96292.45011078753
2017-07-07,31413.26006275683,31055.422995197237,5477.662742849672,31413.26006275683,-325933.80712598667,-34285.07786124025,2522.7804231228074,-26367.699216509354,-110753.907647499,-21469.17919533956,5530.811977938865,5530.811977938865,5530.811977938865,5530.811977938865,96174.04098494002,78003.22791879298,84439.10320954607,96174.04098494002
2017-07-10,31413.26006275683,31055.422995197237,5477.662742849672,31413.26006275683,-325933.80712598667,-34285.07786124025,2522.7804231228074,-26367.699216509354,-110753.907647499,-21469.17919533956,5409.1651203556685,5409.1651203556685,5409.1651203556685,5409.1651203556685,96084.17393064639,77913.36086449935,84349.23615525244,96084.17393064639
2017-07-11,31413.26006275683,31055.422995197237,5477.662742849672,31413.26006275683,-325933.80712598667,-34285.07786124025,2522.7804231228074,-26367.699216509354,-110753.907647499,-21469.17919533956,5552.6592118144035,5552.6592118144035,5552.6592118144035,5552.6592118144035,96205.22566768876,78034.41260154173,84470.28789229481,96205.22566768876
2017-07-12,31413.26006275683,31055.422995197237,5477.662742849672,31413.26006275683,-325933.80712598667,-34285.07786124025,2522.7804231228074,-26367.699216509354,-110753.907647499,-21469.17919533956,5386.134611836285,5386.134611836285,5386.134611836285,5386.134611836285,96146.91141193826,77976.09834579122,84411.97363654431,96146.91141193826
2017-07-13,31413.26006275683,31055.422995197237,5477.662742849672,31413.26006275683,-325933.80712598667,-34285.07786124025,2522.7804231228074,-26367.699216509354,-110753.907647499,-21469.17919533956,5290.237926074769,5290.237926074769,5290.237926074769,5290.237926074769,96429.26743883104,78258.454372684,84694.32966343709,96429.26743883104
2017-07-14,31413.26006275683,31055.422995197237,5477.662742849672,31413.26006275683,-325933.80712598667,-34285.07786124025,2522.7804231228074,-26367.699216509354,-110753.907647499,-21469.17919533956,4398.022045563324,4398.022045563324,4398.022045563324,4398.022045563324,96461.40464884159,78290.59158269456,84726.46687344764,96461.40464884159
2017-07-17,31413.26006275683,31055.422995197237,5477.662742849672,31413.26006275683,-325933.80712598667,-34285.07786124025,2522.7804231228074,-26367.699216509354,-110753.907647499,-21469.17919533956,4165.575555667747,4165.575555667747,4165.575555667747,4165.575555667747,96773.57813219214,78602.7650660451,85038.64035679819,96773.57813219214
2017-07-18,31413.26006275683,31055.422995197237,5477.662742849672,31413.26006275683,-325933.80712598667,-34285.07786124025,2522.7804231228074,-26367.699216509354,-110753.907647499,-21469.17919533956,4398.296043416136,4398.296043416136,4398.296043416136,4398.296043416136,96883.40721852914,78712.59415238211,85148.4694431352,96883.40721852914
2017-07-19,31413.26006275683,31055.422995197237,5477.662742849672,31413.26006275683,-325933.80712598667,-34285.07786124025,2522.7804231228074,-26367.699216509354,-110753.907647499,-21469.17919533956,3657.4064222195884,3657.4064222195884,3657.4064222195884,3657.4064222195884,96911.98693769984,78741.1738715528,85177.04916230589,96911.98693769984
2017-07-20,31413.26006275683,31055.422995197237,5477.662742849672,31413.26006275683,-325933.80712598667,-34285.07786124025,2522.7804231228074,-26367.699216509354,-110753.907647499,-21469.17919533956,3502.6072376777884,3502.6072376777884,3502.6072376777884,3502.6072376777884,96570.54764118907,78399.73457504204,84835.60986579512,96570.54764118907
2017-07-21,31413.26006275683,31055.422995197237,5477.662742849672,31413.26006275683,-325933.80712598667,-34285.07786124025,2522.7804231228074,-26367.699216509354,-110753.907647499,-21469.17919533956,6469.48208746803,6469.48208746803,6469.48208746803,6469.48208746803,96570.01185652567,78399.19879037864,84835.07408113172,96570.01185652567
2017-07-24,31413.26006275683,31055.422995197237,5477.662742849672,31413.26006275683,-325933.80712598667,-34285.07786124025,2522.7804231228074,-26367.699216509354,-110753.907647499,-21469.17919533956,5215.032862382126,5215.032862382126,5215.032862382126,5215.032862382126,96792.39737821603,78621.584312069,85057.45960282208,96792.39737821603
2017-07-25,31413.26006275683,31055.422995197237,5477.662742849672,31413.26006275683,-325933.80712598667,-34285.07786124025,2522.7804231228074,-26367.699216509354,-110753.907647499,-21469.17919533956,6631.176633298164,6631.176633298164,6631.176633298164,6631.176633298164,96759.79016174865,78588.97709560161,85024.8523863547,96759.79016174865
2017-07-26,31413.26006275683,31055.422995197237,5477.662742849672,31413.26006275683,-325933.80712598667,-34285.07786124025,2522.7804231228074,-26367.699216509354,-110753.907647499,-21469.17919533956,7047.709601133363,7047.709601133363,7047.709601133363,7047.709601133363,96073.14293353236,77902.32986738533,84338.20515813841,96073.14293353236
2017-07-27,31413.26006275683,31055.422995197237,5477.662742849672,31413.26006275683,-325933.80712598667,-34285.07786124025,2522.7804231228074,-26367.699216509354,-110753.907647499,-21469.17919533956,10162.224055329105,10162.224055329105,10162.224055329105,10162.224055329105,95202.79032119364,77031.9772550466,83467.85254579969,95202.79032119364
2017-07-28,31413.26006275683,31055.422995197237,5477.662742849672,31413.26006275683,-325933.80712598667,-34285.07786124025,2522.7804231228074,-26367.699216509354,-110753.907647499,-21469.17919533956,10741.71791133238,10741.71791133238,10741.71791133238,10741.71791133238,95127.43396681827,76956.62090067123,83392.49619142432,95127.43396681827
2017-07-31,31413.26006275683,31055.422995197237,5477.662742849672,31413.26006275683,-325933.80712598667,-34285.07786124025,2522.7804231228074,-26367.699216509354,-110753.907647499,-21469.17919533956,10533.61587765452,10533.61587765452,10533.61587765452,10533.61587765452,95248.87542303442,77078.06235688739,83513.93764764047,95248.87542303442
2017-08-01,31413.26006275683,31055.422995197237,5477.662742849672,31413.26006275683,-325933.80712598667,-34285.07786124025,2522.7804231228074,-26367.699216509354,-110753.907647499,-21469.17919533956,11006.467728070216,11006.467728070216,11006.467728070216,11006.467728070216,95262.52929495904,77091.716228812,83527.59151956509,95262.52929495904
2017-08-02,31413.26006275683,31055.422995197237,5477.662742849672,31413.26006275683,-325933.80712598667,-34285.07786124025,2522.7804231228074,-26367.699216509354,-110753.907647499,-21469.17919533956,11299.541029591812,11299.541029591812,11299.541029591812,11299.541029591812,95821.1096372169,77650.29657106986,84086.17186182295,95821.1096372169
2017-08-03,31413.26006275683,31055.422995197237,5477.662742849672,31413.26006275683,-325933.80712598667,-34285.07786124025,2522.7804231228074,-26367.699216509354,-110753.907647499,-21469.17919533956,10898.315418803133,10898.315418803133,10898.315418803133,10898.315418803133,96149.10561655439,77978.29255040735,84414.16784116044,96149.10561655439
2017-08-04,31413.26006275683,31055.422995197237,5477.662742849672,31413.26006275683,-325933.80712598667,-34285.07786124025,2522.7804231228074,-26367.699216509354,-110753.907647499,-21469.17919533956,11858.361534573138,11858.361534573138,11858.361534573138,11858.361534573138,96511.40293795918,78340.58987181215,84776.46516256523,96511.40293795918
2017-08-07,31413.26006275683,31055.422995197237,5477.662742849672,31413.26006275683,-325933.80712598667,-34285.07786124025,2522.7804231228074,-26367.699216509354,-110753.907647499,-21469.17919533956,11423.096693022642,11423.096693022642,11423.096693022642,11423.096693022642,96922.36049474077,78751.54742859374,85187.42271934683,96922.36049474077
2017-08-08,31413.26006275683,31055.422995197237,5477.662742849672,31413.26006275683,-325933.80712598667,-34285.07786124025,2522.7804231228074,-26367.699216509354,-110753.907647499,-21469.17919533956,11068.269720417447,11068.269720417447,11068.269720417447,11068.269720417447,96976.61338295811,78805.80031681107,85241.67560756416,96976.61338295811
2017-08-09,31413.26006275683,31055.422995197237,5477.662742849672,31413.26006275683,-325933.80712598667,-34285.07786124025,2522.7804231228074,-26367.699216509354,-110753.907647499,-21469.17919533956,11556.285316355526,11556.285316355526,11556.285316355526,11556.285316355526,96973.35312677291,78802.54006062588,85238.41535137896,96973.35312677291
2017-08-10,31413.26006275683,31055.422995197237,5477.662742849672,31413.26006275683,-325933.80712598667,-34285.07786124025,2522.7804231228074,-26367.699216509354,-110753.907647499,-21469.17919533956,9534.521761172684,9534.521761172684,9534.521761172684,9534.521761172684,96263.3622414805,78092.54917533346,84528.42446608655,96263.3622414805
2017-08-11,31413.26006275683,31055.422995197237,5477.662742849672,31413.26006275683,-325933.80712598667,-34285.07786124025,2522.7804231228074,-26367.699216509354,-110753.907647499,-21469.17919533956,10120.143536932068,10120.143536932068,10120.143536932068,10120.143536932068,96880.37479922757,78709.56173308054,85145.43702383363,96880.37479922757
2017-08-14,31413.26006275683,31055.422995197237,5477.662742849672,31413.26006275683,-325933.80712598667,-34285.07786124025,2522.7804231228074,-26367.699216509354,-110753.907647499,-21469.17919533956,9443.58431074,9443.58431074,9443.58431074,9443.58431074,97367.95711811841,79197.14405197138,85633.01934272447,97367.95711811841
2017-08-15,31413.26006275683,31055.422995197237,5477.662742849672,31413.26006275683,-325933.80712598667,-34285.07786124025,2522.7804231228074,-26367.699216509354,-110753.907647499,-21469.17919533956,9672.318771692691,9672.318771692691,9672.318771692691,9672.318771692691,97074.35056605842,78903.53749991138,85339.41279066447,97074.35056605842
2017-08-16,31413.26006275683,31055.422995197237,5477.662742849672,31413.26006275683,-325933.80712598667,-34285.07786124025,2522.7804231228074,-26367.699216509354,-110753.907647499,-21469.17919533956,9216.823787370347,9216.823787370347,9216.823787370347,9216.823787370347,97050.05637243693,78879.24330628989,85315.11859704298,97050.05637243693
2017-08-17,31413.26006275683,31055.422995197237,5477.662742849672,31413.26006275683,-325933.80712598667,-34285.07786124025,2522.7804231228074,-26367.699216509354,-110753.907647499,-21469.17919533956,8912.88956624607,8912.88956624607,8912.88956624607,8912.88956624607,97749.41179714538,79578.59873099835,86014.47402175143,97749.41179714538
2017-08-18,31413.26006275683,31055.422995197237,5477.662742849672,31413.26006275683,-325933.80712598667,-34285.07786124025,2522.7804231228074,-26367.699216509354,-110753.907647499,-21469.17919533956,9911.672616646392,9911.672616646392,9911.672616646392,9911.672616646392,97792.2246436046,79621.41157745756,86057.28686821065,97792.2246436046
2017-08-21,31413.26006275683,31055.422995197237,5477.662742849672,31413.26006275683,-325933.80712598667,-34285.07786124025,2522.7804231228074,-26367.699216509354,-110753.907647499,-21469.17919533956,9911.672616646392,9911.672616646392,9911.672616646392,9911.672616646392,97853.08514789469,79682.27208174765,86118.14737250074,97853.08514789469
2017-08-22,31413.26006275683,31055.422995197237,5477.662742849672,31413.26006275683,-325933.80712598667,-34285.07786124025,2522.7804231228074,-26367.699216509354,-110753.907647499,-21469.17919533956,9911.672616646392,9911.672616646392,9911.672616646392,9911.672616646392,97816.84825704386,79646.03519089683,86081.91048164992,97816.84825704386
2017-08-23,31413.26006275683,31055.422995197237,5477.662742849672,31413.26006275683,-325933.80712598667,-34285.07786124025,2522.7804231228074,-26367.699216509354,-110753.907647499,-21469.17919533956,9911.672616646392,9911.672616646392,9911.672616646392,9911.672616646392,97904.89803320565,79734.08496705862,86169.9602578117,97904.89803320565
2017-08-24,31413.26006275683,31055.422995197237,5477.662742849672,31413.26006275683,-325933.80712598667,-34285.07786124025,2522.7804231228074,-26367.699216509354,-110753.907647499,-21469.17919533956,9911.672616646392,9911.672616646392,9911.672616646392,9911.672616646392,97884.27555329958,79713.46248715254,86149.33777790563,97884.27555329958
2017-08-25,31413.26006275683,31055.422995197237,5477.662742849672,31413.26006275683,-325933.80712598667,-34285.07786124025,2522.7804231228074,-26367.699216509354,-110753.907647499,-21469.17919533956,9911.672616646392,9911.672616646392,9911.672616646392,9911.672616646392,97934.08339541755,79763.27032927051,86199.1456200236,97934.08339541755
2017-08-28,31413.26006275683,31055.422995197237,5477.662742849672,31413.26006275683,-325933.80712598667,-34285.07786124025,2522.7804231228074,-26367.699216509354,-110753.907647499,-21469.17919533956,9911.672616646392,9911.672616646392,9911.672616646392,9911.672616646392,98103.87313366728,79933.06006752024,86368.93535827333,98103.87313366728
2017-08-29,31413.26006275683,31055.422995197237,5477.662742849672,31413.26006275683,-325933.80712598667,-34285.07786124025,2522.7804231228074,-26367.699216509354,-110753.907647499,-21469.17919533956,9911.672616646392,9911.672616646392,9911.672616646392,9911.672616646392,98166.0055321746,79995.19246602757,86431.06775678066,98166.0055321746
2017-08-30,31413.26006275683,31055.422995197237,5477.662742849672,31413.26006275683,-325933.80712598667,-34285.07786124025,2522.7804231228074,-26367.699216509354,-110753.907647499,-21469.17919533956,9911.672616646392,9911.672616646392,9911.672616646392,9911.672616646392,98188.49354420323,80017.6804780562,86453.55576880928,98188.49354420323
2017-08-31,31413.26006275683,31055.422995197237,5477.662742849672,31413.26006275683,-325933.80712598667,-34285.07786124025,2522.7804231228074,-26367.699216509354,-110753.907647499,-21469.17919533956,9911.672616646392,9911.672616646392,9911.672616646392,9911.672616646392,98207.32513305126,80036.51206690422,86472.38735765731,98207.32513305126
2017-09-01,31413.26006275683,31055.422995197237,5477.662742849672,31413.26006275683,-325933.80712598667,-34285.07786124025,2522.7804231228074,-26367.699216509354,-110753.907647499,-21469.17919533956,9911.672616646392,9911.672616646392,9911.672616646392,9911.672616646392,98249.88926321152,80079.07619706448,86514.95148781757,98249.88926321152
2017-09-05,31413.26006275683,31055.422995197237,5477.662742849672,31413.26006275683,-325933.80712598667,-34285.07786124025,2522.7804231228074,-26367.699216509354,-110753.907647499,-21469.17919533956,9911.672616646392,9911.672616646392,9911.672616646392,9911.672616646392,98314.17871687119,80143.36565072415,86579.24094147724,98314.17871687119
2017-09-06,31413.26006275683,31055.422995197237,5477.662742849672,31413.26006275683,-325933.80712598667,-34285.07786124025,2522.7804231228074,-26367.699216509354,-110753.907647499,-21469.17919533956,9911.672616646392,9911.672616646392,9911.672616646392,9911.672616646392,98369.24302366376,80198.42995751672,86634.30524826981,98369.24302366376
2017-09-07,31413.26006275683,31055.422995197237,5477.662742849672,31413.26006275683,-325933.80712598667,-34285.07786124025,2522.7804231228074,-26367.699216509354,-110753.907647499,-21469.17919533956,9911.672616646392,9911.672616646392,9911.672616646392,9911.672616646392,98219.9425162808,80049.12945013377,86485.00474088686,98219.9425162808
2017-09-08,31413.26006275683,31055.422995197237,5477.662742849672,31413.26006275683,-325933.80712598667,-34285.07786124025,2522.7804231228074,-26367.699216509354,-110753.907647499,-21469.17919533956,9911.672616646392,9911.672616646392,9911.672616646392,9911.672616646392,98132.28029939742,79961.46723325038,86397.34252400347,98132.28029939742
2017-09-11,31413.26006275683,31055.422995197237,5477.662742849672,31413.26006275683,-325933.80712598667,-34285.07786124025,2522.7804231228074,-26367.699216509354,-110753.907647499,-21469.17919533956,9911.672616646392,9911.672616646392,9911.672616646392,9911.672616646392,98392.39606773248,80221.58300158544,86657.45829233853,98392.39606773248
2017-09-12,31413.26006275683,31055.422995197237,5477.662742849672,31413.26006275683,-325933.80712598667,-34285.07786124025,2522.7804231228074,-26367.699216509354,-110753.907647499,-21469.17919533956,9911.672616646392,9911.672616646392,9911.672616646392,9911.672616646392,98522.52862448222,80351.71555833519,86787.59084908827,98522.52862448222
2017-09-13,31413.26006275683,31055.422995197237,5477.662742849672,31413.26006275683,-325933.80712598667,-34285.07786124025,2522.7804231228074,-26367.699216509354,-110753.907647499,-21469.17919533956,9911.672616646392,9911.672616646392,9911.672616646392,9911.672616646392,98898.1569542517,80727.34388810466,87163.21917885775,98898.1569542517
2017-09-14,31413.26006275683,31055.422995197237,5477.662742849672,31413.26006275683,-325933.80712598667,-34285.07786124025,2522.7804231228074,-26367.699216509354,-110753.907647499,-21469.17919533956,9911.672616646392,9911.672616646392,9911.672616646392,9911.672616646392,99001.47978094476,80830.66671479773,87266.54200555081,99001.47978094476
2017-09-15,31413.26006275683,31055.422995197237,5477.662742849672,31413.26006275683,-325933.80712598667,-34285.07786124025,2522.7804231228074,-26367.699216509354,-110753.907647499,-21469.17919533956,9911.672616646392,9911.672616646392,9911.672616646392,9911.672616646392,99106.72170278104,80935.908636634,87371.78392738709,99106.72170278104
2017-09-18,31413.26006275683,31055.422995197237,5477.662742849672,31413.26006275683,-325933.80712598667,-34285.07786124025,2522.7804231228074,-26367.699216509354,-110753.907647499,-21469.17919533956,9808.00586396386,9808.00586396386,9808.00586396386,9808.00586396386,99117.71014486486,80946.89707871783,87382.77236947091,99117.71014486486
2017-09-19,31413.26006275683,31055.422995197237,5477.662742849672,31413.26006275683,-325933.80712598667,-34285.07786124025,2522.7804231228074,-26367.699216509354,-110753.907647499,-21469.17919533956,10619.46885780769,10619.46885780769,10619.46885780769,10619.46885780769,99129.09445348755,80958.28138734051,87394.1566780936,99129.09445348755
2017-09-20,31413.26006275683,31055.422995197237,5477.662742849672,31413.26006275683,-325933.80712598667,-34285.07786124025,2522.7804231228074,-26367.699216509354,-110753.907647499,-21469.17919533956,11551.242994677974,11551.242994677974,11551.242994677974,11551.242994677974,99105.92568859062,80935.11262244359,87370.98791319667,99105.92568859062
2017-09-21,31413.26006275683,31055.422995197237,5477.662742849672,31413.26006275683,-325933.80712598667,-34285.07786124025,2522.7804231228074,-26367.699216509354,-110753.907647499,-21469.17919533956,12311.081798336003,12311.081798336003,12311.081798336003,12311.081798336003,99129.81567921583,80959.00261306879,87394.87790382188,99129.81567921583
2017-09-22,31413.26006275683,31055.422995197237,5477.662742849672,31413.26006275683,-325933.80712598667,-34285.07786124025,2522.7804231228074,-26367.699216509354,-110753.907647499,-21469.17919533956,13175.822223409545,13175.822223409545,13175.822223409545,13175.822223409545,99110.19360265788,80939.38053651084,87375.25582726393,99110.19360265788
2017-09-25,31413.26006275683,31055.422995197237,5477.662742849672,31413.26006275683,-325933.80712598667,-34285.07786124025,2522.7804231228074,-26367.699216509354,-110753.907647499,-21469.17919533956,12874.842852181522,12874.842852181522,12874.842852181522,12874.842852181522,99031.96076485584,80861.14769870881,87297.0229894619,99031.96076485584
2017-09-26,31413.26006275683,31055.422995197237,5477.662742849672,31413.26006275683,-325933.80712598667,-34285.07786124025,2522.7804231228074,-26367.699216509354,-110753.907647499,-21469.17919533956,12867.125912250369,12867.125912250369,12867.125912250369,12867.125912250369,99098.32670335425,80927.51363720722,87363.3889279603,99098.32670335425
2017-09-27,31413.26006275683,31055.422995197237,5477.662742849672,31413.26006275683,-325933.80712598667,-34285.07786124025,2522.7804231228074,-26367.699216509354,-110753.907647499,-21469.17919533956,12659.698607715662,12659.698607715662,12659.698607715662,12659.698607715662,99147.69126904989,80976.87820290285,87412.75349365594,99147.69126904989
2017-09-28,31413.26006275683,31055.422995197237,5477.662742849672,31413.26006275683,-325933.80712598667,-34285.07786124025,2522.7804231228074,-26367.699216509354,-110753.907647499,-21469.17919533956,13079.91832224885,13079.91832224885,13079.91832224885,13079.91832224885,99178.57270713523,81007.7596409882,87443.63493174128,99178.57270713523
2017-09-29,31413.26006275683,31055.422995197237,5477.662742849672,31413.26006275683,-325933.80712598667,-34285.07786124025,2522.7804231228074,-26367.699216509354,-110753.907647499,-21469.17919533956,12739.480370490812,12739.480370490812,12739.480370490812,12739.480370490812,99262.60037763952,81091.78731149249,87527.66260224557,99262.60037763952
2017-10-02,31413.26006275683,31055.422995197237,5477.662742849672,31413.26006275683,-325933.80712598667,-34285.07786124025,2522.7804231228074,-26367.699216509354,-110753.907647499,-21469.17919533956,12586.154028922552,12586.154028922552,12586.154028922552,12586.154028922552,99268.30909414776,81097.49602800072,87533.37131875381,99268.30909414776
2017-10-03,31413.26006275683,31055.422995197237,5477.662742849672,31413.26006275683,-325933.80712598667,-34285.07786124025,2522.7804231228074,-26367.699216509354,-110753.907647499,-21469.17919533956,12232.121443428448,12232.121443428448,12232.121443428448,12232.121443428448,99295.93092610361,81125.11785995658,87560.99315070966,99295.93092610361
2017-10-04,31413.26006275683,31055.422995197237,5477.662742849672,31413.26006275683,-325933.80712598667,-34285.07786124025,2522.7804231228074,-26367.699216509354,-110753.907647499,-21469.17919533956,11535.269215835026,11535.269215835026,11535.269215835026,11535.269215835026,99294.48883941374,81123.6757732667,87559.55106401979,99294.48883941374
2017-10-05,31413.26006275683,31055.422995197237,5477.662742849672,31413.26006275683,-325933.80712598667,-34285.07786124025,2522.7804231228074,-26367.699216509354,-110753.907647499,-21469.17919533956,10501.701221896219,10501.701221896219,10501.701221896219,10501.701221896219,99349.46738474071,81178.65431859368,87614.52960934676,99349.46738474071
2017-10-06,31413.26006275683,31055.422995197237,5477.662742849672,31413.26006275683,-325933.80712598667,-34285.07786124025,2522.7804231228074,-26367.699216509354,-110753.907647499,-21469.17919533956,10946.134099780349,10946.134099780349,10946.134099780349,10946.134099780349,99391.545370935,81220.73230478796,87656.60759554105,99391.545370935
2017-10-09,31413.26006275683,31055.422995197237,5477.662742849672,31413.26006275683,-325933.80712598667,-34285.07786124025,2522.7804231228074,-26367.699216509354,-110753.907647499,-21469.17919533956,10642.411060842453,10642.411060842453,10642.411060842453,10642.411060842453,99458.41676368262,81287.60369753558,87723.47898828867,99458.41676368262
2017-10-10,31413.26006275683,31055.422995197237,5477.662742849672,31413.26006275683,-325933.80712598667,-34285.07786124025,2522.7804231228074,-26367.699216509354,-110753.907647499,-21469.17919533956,11242.727917916374,11242.727917916374,11242.727917916374,11242.727917916374,99478.41554366169,81307.60247751465,87743.47776826774,99478.41554366169
2017-10-11,31413.26006275683,31055.422995197237,5477.662742849672,31413.26006275683,-325933.80712598667,-34285.07786124025,2522.7804231228074,-26367.699216509354,-110753.907647499,-21469.17919533956,12386.187407819089,12386.187407819089,12386.187407819089,12386.187407819089,99533.26294064987,81362.44987450284,87798.32516525593,99533.26294064987
2017-10-12,31413.26006275683,31055.422995197237,5477.662742849672,31413.26006275683,-325933.80712598667,-34285.07786124025,2522.7804231228074,-26367.699216509354,-110753.907647499,-21469.17919533956,14009.651587903034,14009.651587903034,14009.651587903034,14009.651587903034,99484.00720785791,81313.19414171088,87749.06943246396,99484.00720785791
2017-10-13,31413.26006275683,31055.422995197237,5477.662742849672,31413.26006275683,-325933.80712598667,-34285.07786124025,2522.7804231228074,-26367.699216509354,-110753.907647499,-21469.17919533956,14298.242400236428,14298.242400236428,14298.242400236428,14298.242400236428,99509.8050108389,81338.99194469186,87774.86723544495,99509.8050108389
2017-10-16,31413.26006275683,31055.422995197237,5477.662742849672,31413.26006275683,-325933.80712598667,-34285.07786124025,2522.7804231228074,-26367.699216509354,-110753.907647499,-21469.17919533956,13967.969449633267,13967.969449633267,13967.969449633267,13967.969449633267,99533.76917250478,81362.95610635774,87798.83139711083,99533.76917250478
2017-10-17,31413.26006275683,31055.422995197237,5477.662742849672,31413.26006275683,-325933.80712598667,-34285.07786124025,2522.7804231228074,-26367.699216509354,-110753.907647499,-21469.17919533956,14257.011425212724,14257.011425212724,14257.011425212724,14257.011425212724,99582.80141502689,81411.98834887985,87847.86363963294,99582.80141502689
2017-10-18,31413.26006275683,31055.422995197237,5477.662742849672,31413.26006275683,-325933.80712598667,-34285.07786124025,2522.7804231228074,-26367.699216509354,-110753.907647499,-21469.17919533956,16121.371954196133,16121.371954196133,16121.371954196133,16121.371954196133,99699.44625612139,81528.63318997435,87964.50848072744,99699.44625612139
2017-10-19,31413.26006275683,31055.422995197237,5477.662742849672,31413.26006275683,-325933.80712598667,-34285.07786124025,2522.7804231228074,-26367.699216509354,-110753.907647499,-21469.17919533956,15997.043008681852,15997.043008681852,15997.043008681852,15997.043008681852,98778.8298755528,80608.01680940576,87043.89210015885,98778.8298755528
2017-10-20,31413.26006275683,31055.422995197237,5477.662742849672,31413.26006275683,-325933.80712598667,-34285.07786124025,2522.7804231228074,-26367.699216509354,-110753.907647499,-21469.17919533956,18427.980791273178,18427.980791273178,18427.980791273178,18427.980791273178,98523.3940986176,80352.58103247057,86788.45632322365,98523.3940986176
2017-10-23,31413.26006275683,31055.422995197237,5477.662742849672,31413.26006275683,-325933.80712598667,-34285.07786124025,2522.7804231228074,-26367.699216509354,-110753.907647499,-21469.17919533956,17161.302188346395,17161.302188346395,17161.302188346395,17161.302188346395,98594.43589721015,80423.62283106311,86859.4981218162,98594.43589721015
2017-10-24,31413.26006275683,31055.422995197237,5477.662742849672,31413.26006275683,-325933.80712598667,-34285.07786124025,2522.7804231228074,-26367.699216509354,-110753.907647499,-21469.17919533956,17182.013906982727,17182.013906982727,17182.013906982727,17182.013906982727,98578.68766687694,80407.8746007299,86843.74989148299,98578.68766687694
2017-10-25,31413.26006275683,31055.422995197237,5477.662742849672,31413.26006275683,-325933.80712598667,-34285.07786124025,2522.7804231228074,-26367.699216509354,-110753.907647499,-21469.17919533956,17118.121759911068,17118.121759911068,17118.121759911068,17118.121759911068,98530.12795317895,80359.31488703191,86795.190177785,98530.12795317895
2017-10-26,31413.26006275683,31055.422995197237,5477.662742849672,31413.26006275683,-325933.80712598667,-34285.07786124025,2522.7804231228074,-26367.699216509354,-110753.907647499,-21469.17919533956,17311.377911651507,17311.377911651507,17311.377911651507,17311.377911651507,98476.96729394048,80306.15422779345,86742.02951854654,98476.96729394048
2017-10-27,31413.26006275683,31055.422995197237,5477.662742849672,31413.26006275683,-325933.80712598667,-34285.07786124025,2522.7804231228074,-26367.699216509354,-110753.907647499,-21469.17919533956,18422.860015232465,18422.860015232465,18422.860015232465,18422.860015232465,96846.48924720543,78675.6761810584,85111.55147181149,96846.48924720543
2017-10-30,31413.26006275683,31055.422995197237,5477.662742849672,31413.26006275683,-325933.80712598667,-34285.07786124025,2522.7804231228074,-26367.699216509354,-110753.907647499,-21469.17919533956,18245.01392239367,18245.01392239367,18245.01392239367,18245.01392239367,97154.86597955902,78984.05291341199,85419.92820416507,97154.86597955902
2017-10-31,31413.26006275683,31055.422995197237,5477.662742849672,31413.26006275683,-325933.80712598667,-34285.07786124025,2522.7804231228074,-26367.699216509354,-110753.907647499,-21469.17919533956,18862.54440754745,18862.54440754745,18862.54440754745,18862.54440754745,97249.70271536591,79078.88964921888,85514.76493997197,97249.70271536591
2017-11-01,31413.26006275683,31055.422995197237,5477.662742849672,31413.26006275683,-325933.80712598667,-34285.07786124025,2522.7804231228074,-26367.699216509354,-110753.907647499,-21469.17919533956,18430.82376603014,18430.82376603014,18430.82376603014,18430.82376603014,97175.27657200233,79004.4635058553,85440.33879660838,97175.27657200233
2017-11-02,31413.26006275683,31055.422995197237,5477.662742849672,31413.26006275683,-325933.80712598667,-34285.07786124025,2522.7804231228074,-26367.699216509354,-110753.907647499,-21469.17919533956,18783.960475696716,18783.960475696716,18783.960475696716,18783.960475696716,96903.01047461038,78732.19740846334,85168.07269921643,96903.01047461038
2017-11-03,31413.26006275683,31055.422995197237,5477.662742849672,31413.26006275683,-325933.80712598667,-34285.07786124025,2522.7804231228074,-26367.699216509354,-110753.907647499,-21469.17919533956,18856.703820198192,18856.703820198192,18856.703820198192,18856.703820198192,97106.0894727637,78935.27640661667,85371.15169736976,97106.0894727637
2017-11-06,31413.26006275683,31055.422995197237,5477.662742849672,31413.26006275683,-325933.80712598667,-34285.07786124025,2522.7804231228074,-26367.699216509354,-110753.907647499,-21469.17919533956,18679.443339018966,18679.443339018966,18679.443339018966,18679.443339018966,96754.55201461329,78583.73894846626,85019.61423921934,96754.55201461329
2017-11-07,31413.26006275683,31055.422995197237,5477.662742849672,31413.26006275683,-325933.80712598667,-34285.07786124025,2522.7804231228074,-26367.699216509354,-110753.907647499,-21469.17919533956,18747.800662084483,18747.800662084483,18747.800662084483,18747.800662084483,97181.04844714212,79010.23538099509,85446.11067174817,97181.04844714212
2017-11-08,31413.26006275683,31055.422995197237,5477.662742849672,31413.26006275683,-325933.80712598667,-34285.07786124025,2522.7804231228074,-26367.699216509354,-110753.907647499,-21469.17919533956,19350.64103981678,19350.64103981678,19350.64103981678,19350.64103981678,97003.58134579728,78832.76827965025,85268.64357040334,97003.58134579728
2017-11-09,31413.26006275683,31055.422995197237,5477.662742849672,31413.26006275683,-325933.80712598667,-34285.07786124025,2522.7804231228074,-26367.699216509354,-110753.907647499,-21469.17919533956,19564.43083851505,19564.43083851505,19564.43083851505,19564.43083851505,97393.86102429731,79223.04795815027,85658.92324890336,97393.86102429731
2017-11-10,31413.26006275683,31055.422995197237,5477.662742849672,31413.26006275683,-325933.80712598667,-34285.07786124025,2522.7804231228074,-26367.699216509354,-110753.907647499,-21469.17919533956,20300.537482524873,20300.537482524873,20300.537482524873,20300.537482524873,98112.98525432963,79942.1721881826,86378.04747893568,98112.98525432963
2017-11-13,31413.26006275683,31055.422995197237,5477.662742849672,31413.26006275683,-325933.80712598667,-34285.07786124025,2522.7804231228074,-26367.699216509354,-110753.907647499,-21469.17919533956,20168.02148354845,20168.02148354845,20168.02148354845,20168.02148354845,98145.51270437171,79974.69963822467,86410.57492897776,98145.51270437171
2017-11-14,31413.26006275683,31055.422995197237,5477.662742849672,31413.26006275683,-325933.80712598667,-34285.07786124025,2522.7804231228074,-26367.699216509354,-110753.907647499,-21469.17919533956,20688.052066828706,20688.052066828706,20688.052066828706,20688.052066828706,97421.26740091061,79250.45433476358,85686.32962551666,97421.26740091061
2017-11-15,31413.26006275683,31055.422995197237,5477.662742849672,31413.26006275683,-325933.80712598667,-34285.07786124025,2522.7804231228074,-26367.699216509354,-110753.907647499,-21469.17919533956,19629.37715348322,19629.37715348322,19629.37715348322,19629.37715348322,97846.346113635,79675.53304748796,86111.40833824105,97846.346113635
2017-11-16,31413.26006275683,31055.422995197237,5477.662742849672,31413.26006275683,-325933.80712598667,-34285.07786124025,2522.7804231228074,-26367.699216509354,-110753.907647499,-21469.17919533956,22580.267242224538,22580.267242224538,22580.267242224538,22580.267242224538,97636.37098338106,79465.55791723402,85901.43320798711,97636.37098338106
2017-11-17,31413.26006275683,31055.422995197237,5477.662742849672,31413.26006275683,-325933.80712598667,-34285.07786124025,2522.7804231228074,-26367.699216509354,-110753.907647499,-21469.17919533956,22870.705263121752,22870.705263121752,22870.705263121752,22870.705263121752,98089.66665758938,79918.85359144234,86354.72888219543,98089.66665758938
2017-11-20,31413.26006275683,31055.422995197237,5477.662742849672,31413.26006275683,-325933.80712598667,-34285.07786124025,2522.7804231228074,-26367.699216509354,-110753.907647499,-21469.17919533956,22705.921419192106,22705.921419192106,22705.921419192106,22705.921419192106,98139.87456847774,79969.0615023307,86404.93679308379,98139.87456847774
2017-11-21,31413.26006275683,31055.422995197237,5477.662742849672,31413.26006275683,-325933.80712598667,-34285.07786124025,2522.7804231228074,-26367.699216509354,-110753.907647499,-21469.17919533956,22752.028320531244,22752.028320531244,22752.028320531244,22752.028320531244,98061.31535185967,79890.50228571263,86326.37757646572,98061.31535185967
2017-11-22,31413.26006275683,31055.422995197237,5477.662742849672,31413.26006275683,-325933.80712598667,-34285.07786124025,2522.7804231228074,-26367.699216509354,-110753.907647499,-21469.17919533956,22737.096657646238,22737.096657646238,22737.096657646238,22737.096657646238,98144.6350606978,79973.82199455076,86409.69728530385,98144.6350606978
2017-11-24,31413.26006275683,31055.422995197237,5477.662742849672,31413.26006275683,-325933.80712598667,-34285.07786124025,2522.7804231228074,-26367.699216509354,-110753.907647499,-21469.17919533956,21708.05873278319,21708.05873278319,21708.05873278319,21708.05873278319,98166.00226478046,79995.18919863342,86431.06448938651,98166.00226478046
2017-11-27,31413.26006275683,31055.422995197237,5477.662742849672,31413.26006275683,-325933.80712598667,-34285.07786124025,2522.7804231228074,-26367.699216509354,-110753.907647499,-21469.17919533956,20992.415483633522,20992.415483633522,20992.415483633522,20992.415483633522,98416.97428127215,80246.16121512512,86682.0365058782,98416.97428127215
2017-11-28,31413.26006275683,31055.422995197237,5477.662742849672,31413.26006275683,-325933.80712598667,-34285.07786124025,2522.7804231228074,-26367.699216509354,-110753.907647499,-21469.17919533956,19613.5453753795,19613.5453753795,19613.5453753795,19613.5453753795,98393.16579655232,80222.35273040528,86658.22802115837,98393.16579655232
2017-11-29,31413.26006275683,31055.422995197237,5477.662742849672,31413.26006275683,-325933.80712598667,-34285.07786124025,2522.7804231228074,-26367.699216509354,-110753.907647499,-21469.17919533956,22281.70962014934,22281.70962014934,22281.70962014934,22281.70962014934,98168.26028632908,79997.44722018205,86433.32251093513,98168.26028632908
2017-11-30,31413.26006275683,31055.422995197237,5477.662742849672,31413.26006275683,-325933.80712598667,-34285.07786124025,2522.7804231228074,-26367.699216509354,-110753.907647499,-21469.17919533956,20848.819599114126,20848.819599114126,20848.819599114126,20848.819599114126,97927.93847125652,79757.12540510949,86193.00069586257,97927.93847125652
2017-12-01,31413.26006275683,31055.422995197237,5477.662742849672,31413.26006275683,-325933.80712598667,-34285.07786124025,2522.7804231228074,-26367.699216509354,-110753.907647499,-21469.17919533956,22321.38808026153,22321.38808026153,22321.38808026153,22321.38808026153,97911.83759353799,79741.02452739095,86176.89981814404,97911.83759353799
2017-12-04,31413.26006275683,31055.422995197237,5477.662742849672,31413.26006275683,-325933.80712598667,-34285.07786124025,2522.7804231228074,-26367.699216509354,-110753.907647499,-21469.17919533956,27965.325974679436,27965.325974679436,27965.325974679436,27965.325974679436,97222.01573531656,79051.20266916952,85487.07795992261,97222.01573531656
2017-12-05,31413.26006275683,31055.422995197237,5477.662742849672,31413.26006275683,-325933.80712598667,-34285.07786124025,2522.7804231228074,-26367.699216509354,-110753.907647499,-21469.17919533956,29100.74361160805,29100.74361160805,29100.74361160805,29100.74361160805,97481.91529689846,79311.10223075142,85746.97752150451,97481.91529689846
2017-12-06,31413.26006275683,31055.422995197237,5477.662742849672,31413.26006275683,-325933.80712598667,-34285.07786124025,2522.7804231228074,-26367.699216509354,-110753.907647499,-21469.17919533956,30413.44306236552,30413.44306236552,30413.44306236552,30413.44306236552,98040.6271879552,79869.81412180816,86305.68941256125,98040.6271879552
2017-12-07,31413.26006275683,31055.422995197237,5477.662742849672,31413.26006275683,-325933.80712598667,-34285.07786124025,2522.7804231228074,-26367.699216509354,-110753.907647499,-21469.17919533956,30833.347344958805,30833.347344958805,30833.347344958805,30833.347344958805,98214.9816241765,80044.16855802946,86480.04384878254,98214.9816241765
2017-12-08,31413.26006275683,31055.422995197237,5477.662742849672,31413.26006275683,-325933.80712598667,-34285.07786124025,2522.7804231228074,-26367.699216509354,-110753.907647499,-21469.17919533956,30334.119591364986,30334.119591364986,30334.119591364986,30334.119591364986,97988.94466830138,79818.13160215435,86254.00689290743,97988.94466830138
2017-12-11,31413.26006275683,31055.422995197237,5477.662742849672,31413.26006275683,-325933.80712598667,-34285.07786124025,2522.7804231228074,-26367.699216509354,-110753.907647499,-21469.17919533956,28781.168479657732,28781.168479657732,28781.168479657732,28781.168479657732,98090.09628463327,79919.28321848623,86355.15850923932,98090.09628463327
2017-12-12,31413.26006275683,31055.422995197237,5477.662742849672,31413.26006275683,-325933.80712598667,-34285.07786124025,2522.7804231228074,-26367.699216509354,-110753.907647499,-21469.17919533956,28936.18945009343,28936.18945009343,28936.18945009343,28936.18945009343,98057.71198864258,79886.89892249554,86322.77421324863,98057.71198864258
2017-12-13,31413.26006275683,31055.422995197237,5477.662742849672,31413.26006275683,-325933.80712598667,-34285.07786124025,2522.7804231228074,-26367.699216509354,-110753.907647499,-21469.17919533956,28817.783039201517,28817.783039201517,28817.783039201517,28817.783039201517,98033.98618978728,79863.17312364024,86299.04841439333,98033.98618978728
2017-12-14,31413.26006275683,31055.422995197237,5477.662742849672,31413.26006275683,-325933.80712598667,-34285.07786124025,2522.7804231228074,-26367.699216509354,-110753.907647499,-21469.17919533956,29121.383015765925,29121.383015765925,29121.383015765925,29121.383015765925,97972.99220956396,79802.17914341693,86238.05443417002,97972.99220956396
2017-12-15,31413.26006275683,31055.422995197237,5477.662742849672,31413.26006275683,-325933.80712598667,-34285.07786124025,2522.7804231228074,-26367.699216509354,-110753.907647499,-21469.17919533956,31484.782282765955,31484.782282765955,31484.782282765955,31484.782282765955,97660.6543960697,79489.84132992267,85925.71662067575,97660.6543960697
2017-12-18,31413.26006275683,31055.422995197237,5477.662742849672,31413.26006275683,-325933.80712598667,-34285.07786124025,2522.7804231228074,-26367.699216509354,-110753.907647499,-21469.17919533956,29538.700208648574,29538.700208648574,29538.700208648574,29538.700208648574,97675.51405382203,79504.700987675,85940.57627842808,97675.51405382203
2017-12-19,31413.26006275683,31055.422995197237,5477.662742849672,31413.26006275683,-325933.80712598667,-34285.07786124025,2522.7804231228074,-26367.699216509354,-110753.907647499,-21469.17919533956,30100.23774124193,30100.23774124193,30100.23774124193,30100.23774124193,97695.32083277195,79524.50776662491,85960.383057378,97695.32083277195
2017-12-20,31413.26006275683,31055.422995197237,5477.662742849672,31413.26006275683,-325933.80712598667,-34285.07786124025,2522.7804231228074,-26367.699216509354,-110753.907647499,-21469.17919533956,31454.858826488256,31454.858826488256,31454.858826488256,31454.858826488256,97585.94421245693,79415.1311463099,85851.00643706298,97585.94421245693
2017-12-21,31413.26006275683,31055.422995197237,5477.662742849672,31413.26006275683,-325933.80712598667,-34285.07786124025,2522.7804231228074,-26367.699216509354,-110753.907647499,-21469.17919533956,31673.540798638132,31673.540798638132,31673.540798638132,31673.540798638132,97729.2777140725,79558.46464792546,85994.33993867855,97729.2777140725
2017-12-22,31413.26006275683,31055.422995197237,5477.662742849672,31413.26006275683,-325933.80712598667,-34285.07786124025,2522.7804231228074,-26367.699216509354,-110753.907647499,-21469.17919533956,31346.337184575736,31346.337184575736,31346.337184575736,31346.337184575736,97765.28762545297,79594.47455930593,86030.34985005902,97765.28762545297
2017-12-26,31413.26006275683,31055.422995197237,5477.662742849672,31413.26006275683,-325933.80712598667,-34285.07786124025,2522.7804231228074,-26367.699216509354,-110753.907647499,-21469.17919533956,30741.710857551545,30741.710857551545,30741.710857551545,30741.710857551545,97985.87913496327,79815.06606881623,86250.94135956932,97985.87913496327
2017-12-27,31413.26006275683,31055.422995197237,5477.662742849672,31413.26006275683,-325933.80712598667,-34285.07786124025,2522.7804231228074,-26367.699216509354,-110753.907647499,-21469.17919533956,31180.980686737224,31180.980686737224,31180.980686737224,31180.980686737224,97997.78213514155,79826.96906899451,86262.8443597476,97997.78213514155
2017-12-28,31413.26006275683,31055.422995197237,5477.662742849672,31413.26006275683,-325933.80712598667,-34285.07786124025,2522.7804231228074,-26367.699216509354,-110753.907647499,-21469.17919533956,31673.898697083,31673.898697083,31673.898697083,31673.898697083,98040.22491256846,79869.41184642143,86305.28713717451,98040.22491256846
2017-12-29,31413.26006275683,31055.422995197237,5477.662742849672,31413.26006275683,-325933.80712598667,-34285.07786124025,2522.7804231228074,-26367.699216509354,-110753.907647499,-21469.17919533956,31965.086737390957,31965.086737390957,31965.086737390957,31965.086737390957,98041.252040538,79870.43897439097,86306.31426514406,98041.252040538
2018-01-02,31413.26006275683,31055.422995197237,5477.662742849672,31413.26006275683,-325933.80712598667,-34285.07786124025,2522.7804231228074,-26367.699216509354,-110753.907647499,-21469.17919533956,30873.812563217012,30873.812563217012,30873.812563217012,30873.812563217012,98231.98915360845,80061.17608746141,86497.0513782145,98231.98915360845
2018-01-03,31413.26006275683,31055.422995197237,5477.662742849672,31413.26006275683,-325933.80712598667,-34285.07786124025,2522.7804231228074,-26367.699216509354,-110753.907647499,-21469.17919533956,30268.93251830677,30268.93251830677,30268.93251830677,30268.93251830677,98178.31975431531,80007.50668816827,86443.38197892136,98178.31975431531
2018-01-04,31413.26006275683,31055.422995197237,5477.662742849672,31413.26006275683,-325933.80712598667,-34285.07786124025,2522.7804231228074,-26367.699216509354,-110753.907647499,-21469.17919533956,29723.418926659273,29723.418926659273,29723.418926659273,29723.418926659273,97953.4478407558,79782.63477460877,86218.51006536186,97953.4478407558
2018-01-05,31413.26006275683,31055.422995197237,5477.662742849672,31413.26006275683,-325933.80712598667,-34285.07786124025,2522.7804231228074,-26367.699216509354,-110753.907647499,-21469.17919533956,27508.861590197776,27508.861590197776,27508.861590197776,27508.861590197776,98129.19607310463,79958.38300695759,86394.25829771068,98129.19607310463
2018-01-08,31413.26006275683,31055.422995197237,5477.662742849672,31413.26006275683,-325933.80712598667,-34285.07786124025,2522.7804231228074,-26367.699216509354,-110753.907647499,-21469.17919533956,26575.19579737913,26575.19579737913,26575.19579737913,26575.19579737913,98250.3945858914,80079.58151974436,86515.45681049745,98250.3945858914
2018-01-09,31413.26006275683,31055.422995197237,5477.662742849672,31413.26006275683,-325933.80712598667,-34285.07786124025,2522.7804231228074,-26367.699216509354,-110753.907647499,-21469.17919533956,26164.959745143773,26164.959745143773,26164.959745143773,26164.959745143773,98491.58555188775,80320.77248574072,86756.6477764938,98491.58555188775
2018-01-10,31413.26006275683,31055.422995197237,5477.662742849672,31413.26006275683,-325933.80712598667,-34285.07786124025,2522.7804231228074,-26367.699216509354,-110753.907647499,-21469.17919533956,26700.658699234133,26700.658699234133,26700.658699234133,26700.658699234133,98547.19256270467,80376.37949655764,86812.25478731073,98547.19256270467
2018-01-11,31413.26006275683,31055.422995197237,5477.662742849672,31413.26006275683,-325933.80712598667,-34285.07786124025,2522.7804231228074,-26367.699216509354,-110753.907647499,-21469.17919533956,26966.280311162584,26966.280311162584,26966.280311162584,26966.280311162584,98667.60140248784,80496.7883363408,86932.66362709389,98667.60140248784
2018-01-12,31413.26006275683,31055.422995197237,5477.662742849672,31413.26006275683,-325933.80712598667,-34285.07786124025,2522.7804231228074,-26367.699216509354,-110753.907647499,-21469.17919533956,27002.743498389027,27002.743498389027,27002.743498389027,27002.743498389027,98727.423140486,80556.61007433897,86992.48536509206,98727.423140486
2018-01-16,31413.26006275683,31055.422995197237,5477.662742849672,31413.26006275683,-325933.80712598667,-34285.07786124025,2522.7804231228074,-26367.699216509354,-110753.907647499,-21469.17919533956,27116.2870143475,27116.2870143475,27116.2870143475,27116.2870143475,99039.60067302664,80868.7876068796,87304.66289763269,99039.60067302664
2018-01-17,31413.26006275683,31055.422995197237,5477.662742849672,31413.26006275683,-325933.80712598667,-34285.07786124025,2522.7804231228074,-26367.699216509354,-110753.907647499,-21469.17919533956,29483.857176622492,29483.857176622492,29483.857176622492,29483.857176622492,98942.85704088351,80772.04397473647,87207.91926548956,98942.85704088351
2018-01-18,31413.26006275683,31055.422995197237,5477.662742849672,31413.26006275683,-325933.80712598667,-34285.07786124025,2522.7804231228074,-26367.699216509354,-110753.907647499,-21469.17919533956,29025.093050475465,29025.093050475465,29025.093050475465,29025.093050475465,99015.91692258976,80845.10385644273,87280.97914719582,99015.91692258976
2018-01-19,31413.26006275683,31055.422995197237,5477.662742849672,31413.26006275683,-325933.80712598667,-34285.07786124025,2522.7804231228074,-26367.699216509354,-110753.907647499,-21469.17919533956,29627.586888134247,29627.586888134247,29627.586888134247,29627.586888134247,99077.05905431206,80906.24598816503,87342.12127891812,99077.05905431206
2018-01-22,31413.26006275683,31055.422995197237,5477.662742849672,31413.26006275683,-325933.80712598667,-34285.07786124025,2522.7804231228074,-26367.699216509354,-110753.907647499,-21469.17919533956,27527.351727475994,27527.351727475994,27527.351727475994,27527.351727475994,99395.75739344768,81224.94432730065,87660.81961805373,99395.75739344768
2018-01-23,31413.26006275683,31055.422995197237,5477.662742849672,31413.26006275683,-325933.80712598667,-34285.07786124025,2522.7804231228074,-26367.699216509354,-110753.907647499,-21469.17919533956,26212.59005829203,26212.59005829203,26212.59005829203,26212.59005829203,99511.30355350254,81340.4904873555,87776.3657781086,99511.30355350254
2018-01-24,31413.26006275683,31055.422995197237,5477.662742849672,31413.26006275683,-325933.80712598667,-34285.07786124025,2522.7804231228074,-26367.699216509354,-110753.907647499,-21469.17919533956,26337.115116620436,26337.115116620436,26337.115116620436,26337.115116620436,99626.0546264234,81455.24156027636,87891.11685102945,99626.0546264234
2018-01-25,31413.26006275683,31055.422995197237,5477.662742849672,31413.26006275683,-325933.80712598667,-34285.07786124025,2522.7804231228074,-26367.699216509354,-110753.907647499,-21469.17919533956,26368.850337478914,26368.850337478914,26368.850337478914,26368.850337478914,99584.29330684966,81413.48024070263,87849.35553145572,99584.29330684966
2018-01-26,31413.26006275683,31055.422995197237,5477.662742849672,31413.26006275683,-325933.80712598667,-34285.07786124025,2522.7804231228074,-26367.699216509354,-110753.907647499,-21469.17919533956,25600.44010375219,25600.44010375219,25600.44010375219,25600.44010375219,98423.70949652651,80252.89643037948,86688.77172113257,98423.70949652651
2018-01-29,31413.26006275683,31055.422995197237,5477.662742849672,31413.26006275683,-325933.80712598667,-34285.07786124025,2522.7804231228074,-26367.699216509354,-110753.907647499,-21469.17919533956,23970.369882820058,23970.369882820058,23970.369882820058,23970.369882820058,98878.71341140731,80707.90034526028,87143.77563601336,98878.71341140731
2018-01-30,31413.26006275683,31055.422995197237,5477.662742849672,31413.26006275683,-325933.80712598667,-34285.07786124025,2522.7804231228074,-26367.699216509354,-110753.907647499,-21469.17919533956,23981.148692164803,23981.148692164803,23981.148692164803,23981.148692164803,98888.73086743825,80717.91780129122,87153.7930920443,98888.73086743825
2018-01-31,31413.26006275683,31055.422995197237,5477.662742849672,31413.26006275683,-325933.80712598667,-34285.07786124025,2522.7804231228074,-26367.699216509354,-110753.907647499,-21469.17919533956,25039.339987738174,25039.339987738174,25039.339987738174,25039.339987738174,98306.15104400413,80135.3379778571,86571.21326861018,98306.15104400413
2018-02-01,31413.26006275683,31055.422995197237,5477.662742849672,31413.26006275683,-325933.80712598667,-34285.07786124025,2522.7804231228074,-26367.699216509354,-110753.907647499,-21469.17919533956,25038.446807235945,25038.446807235945,25038.446807235945,25038.446807235945,97792.40854539396,79621.59547924693,86057.47077000001,97792.40854539396
2018-02-02,31413.26006275683,31055.422995197237,5477.662742849672,31413.26006275683,-325933.80712598667,-34285.07786124025,2522.7804231228074,-26367.699216509354,-110753.907647499,-21469.17919533956,20700.789295017836,20700.789295017836,20700.789295017836,20700.789295017836,95189.89978908561,77019.08672293858,83454.96201369166,95189.89978908561
2018-02-05,31413.26006275683,31055.422995197237,5477.662742849672,31413.26006275683,-325933.80712598667,-34285.07786124025,2522.7804231228074,-26367.699216509354,-110753.907647499,-21469.17919533956,23583.070513549028,23583.070513549028,23583.070513549028,23583.070513549028,93679.93453161442,74859.19317802996,81944.99675622047,93679.93453161442
2018-02-06,31413.26006275683,31055.422995197237,5477.662742849672,31413.26006275683,-325933.80712598667,-34285.07786124025,2522.7804231228074,-26367.699216509354,-110753.907647499,-21469.17919533956,20249.21876222035,20124.529846115853,20249.21876222035,20249.21876222035,94967.94166559819,74859.19317802996,83233.00389020424,94967.94166559819
2018-02-07,31413.26006275683,31055.422995197237,5477.662742849672,31413.26006275683,-325933.80712598667,-34285.07786124025,2522.7804231228074,-26367.699216509354,-110753.907647499,-21469.17919533956,21793.541415181127,20124.529846115853,21793.541415181127,21793.541415181127,93816.64079767233,74859.19317802996,82081.70302227838,93816.64079767233
2018-02-08,31413.26006275683,31055.422995197237,5477.662742849672,31413.26006275683,-325933.80712598667,-34285.07786124025,2522.7804231228074,-26367.699216509354,-110753.907647499,-21469.17919533956,26330.425231603207,20124.529846115853,26330.425231603207,26330.425231603207,90763.15308310604,74859.19317802996,79028.21530771209,90763.15308310604
2018-02-09,31413.26006275683,31055.422995197237,5477.662742849672,31413.26006275683,-325933.80712598667,-34285.07786124025,2522.7804231228074,-26367.699216509354,-110753.907647499,-21469.17919533956,24133.753589432454,20124.529846115853,24133.753589432454,24133.753589432454,92481.76637217333,74859.19317802996,80746.82859677938,92481.76637217333
2018-02-12,31413.26006275683,31055.422995197237,5477.662742849672,31413.26006275683,-325933.80712598667,-34285.07786124025,2522.7804231228074,-26367.699216509354,-110753.907647499,-21469.17919533956,24129.130728404387,20124.529846115853,24129.130728404387,24129.130728404387,92524.68663158012,74859.19317802996,80789.74885618617,92524.68663158012
2018-02-13,31413.26006275683,31055.422995197237,5477.662742849672,31413.26006275683,-325933.80712598667,-34285.07786124025,2522.7804231228074,-26367.699216509354,-110753.907647499,-21469.17919533956,24103.526631980552,20124.529846115853,24103.526631980552,24103.526631980552,92704.68149914267,74859.19317802996,80969.74372374872,92704.68149914267
2018-02-14,31413.26006275683,31055.422995197237,5477.662742849672,31413.26006275683,-325933.80712598667,-34285.07786124025,2522.7804231228074,-26367.699216509354,-110753.907647499,-21469.17919533956,24350.376254405943,20124.529846115853,24350.376254405943,24350.376254405943,91271.28622443858,74859.19317802996,79536.34844904463,91271.28622443858
2018-02-15,31413.26006275683,31055.422995197237,5477.662742849672,31413.26006275683,-325933.80712598667,-34285.07786124025,2522.7804231228074,-26367.699216509354,-110753.907647499,-21469.17919533956,26011.277915151324,20124.529846115853,26011.277915151324,26011.277915151324,89776.94044881081,74859.19317802996,77505.62336551351,89776.94044881081
2018-02-16,31413.26006275683,31055.422995197237,5477.662742849672,31413.26006275683,-325933.80712598667,-34285.07786124025,2522.7804231228074,-26367.699216509354,-110753.907647499,-21469.17919533956,26996.294132793904,20124.529846115853,26996.294132793904,26996.294132793904,90047.36150527839,74859.19317802996,77505.62336551351,90047.36150527839
2018-02-20,31656.383041116642,31298.545973557048,5720.785721209482,31656.383041116642,-325690.68414762686,-34041.95488288044,2765.9034014826175,-26124.576238149544,-110569.12776195549,-21273.836984694004,26996.294132793904,20124.529846115853,26996.294132793904,26996.294132793904,89822.16267300281,74633.99434575438,77280.42453323794,89822.16267300281
2018-02-21,33870.40308806859,33512.566020508995,7934.805768161546,33870.40308806859,-323476.6641006749,-31827.934835928492,4979.923448434565,-23910.556191197596,-109620.07369959704,-20848.081150753424,26996.294132793904,20124.529846115853,26996.294132793904,26996.294132793904,89589.82223938219,74401.65391213377,77048.08409961732,89589.82223938219
2018-02-22,34060.81711284921,33702.980045289616,8125.219792942051,34060.81711284921,-323286.2500758943,-31637.52081114787,5170.337473215186,-23720.142166416976,-109402.5227949887,-20466.168931069435,26996.294132793904,20124.529846115853,26996.294132793904,26996.294132793904,89771.14260087954,74582.97427363112,77229.40446111467,89771.14260087954
2018-02-23,34135.53667654132,33777.699608981726,8199.93935663416,34135.53667654132,-323211.5305122022,-31562.80124745576,5245.057036907296,-23645.422602724866,-110525.18966761604,-19694.239397128462,26996.294132793904,20124.529846115853,26996.294132793904,26996.294132793904,89883.15202247212,74694.9836952237,77341.41388270725,89883.15202247212
2018-02-26,31735.194318401278,31377.357250841684,5799.596998494118,31735.194318401278,-325611.8728703422,-33963.143605595804,2844.5673464124557,-26046.059625574504,-111209.65362033993,-19804.879463300458,26996.294132793904,20124.529846115853,26996.294132793904,26996.294132793904,90107.9372940259,74919.76896677748,77566.19915426103,90107.9372940259
2018-02-27,30694.64294195315,30336.805874393554,4759.045622046106,30694.64294195315,-326652.42424679035,-35003.69498204393,1822.412490636576,-27049.817960678134,-112231.18821505178,-20859.58416205691,26996.294132793904,20124.529846115853,26996.294132793904,26996.294132793904,90047.57415247522,74859.4058252268,77505.83601271035,90047.57415247522
2018-02-28,30767.386392780114,30409.54932522052,4831.789072872954,30767.386392780114,-326579.6807959634,-34930.95153121697,1909.8941828074167,-26947.5980271633,-111960.68324289843,-20981.288790197577,26996.294132793904,20124.529846115853,26996.294132793904,26996.294132793904,89691.69477445469,74503.52644720627,77149.95663468982,89691.69477445469
2018-03-01,28529.520306234364,28171.68323867477,2593.922986327205,28529.520306234364,-328817.54688250914,-37168.81761776272,-307.02995892369654,-29143.580224079662,-111730.50922469306,-21926.785060600727,26996.294132793904,20124.529846115853,26996.294132793904,26996.294132793904,89282.33236984047,74094.16404259205,76740.5942300756,89282.33236984047
2018-03-02,30271.9998917497,29914.162824190105,4336.40257184254,30271.9998917497,-327075.0672969938,-35426.33803224738,1428.1327908068197,-27415.73431013408,-111521.15456420986,-20885.688782065758,26996.294132793904,20124.529846115853,26996.294132793904,26996.294132793904,88964.85194684472,73776.6836195963,76423.11380707985,88964.85194684472
2018-03-05,31072.20888893935,30714.371821379755,5136.611569032189,31072.20888893935,-326274.85829980415,-34626.12903505773,2209.4025106397457,-26653.40386765788,-113415.43533832848,-21288.408253302332,26996.294132793904,20124.529846115853,26996.294132793904,26996.294132793904,89467.01651368756,74278.84818643914,76925.27837392269,89467.01651368756
2018-03-06,31487.808019755757,31129.970952196163,5552.210699848598,31487.808019755757,-325859.25916898774,-34210.529904241324,2559.1897836381104,-26369.42845247744,-113141.31454987905,-20880.8339547317,26996.294132793904,20124.529846115853,26996.294132793904,26996.294132793904,89349.65359677118,74161.48526952276,76807.91545700631,89349.65359677118
2018-03-07,31651.403462011833,31293.56639445224,5715.806142104673,31651.403462011833,-325695.66372673167,-34046.93446198525,2732.3234171294607,-26186.7566277507,-112894.6987458989,-20646.254684088985,26996.294132793904,20124.529846115853,26996.294132793904,26996.294132793904,89224.11713821441,74035.94881096599,76682.37899844954,89224.11713821441
2018-03-08,31494.864618816064,31137.02755125647,5559.267298908904,31494.864618816064,-325852.20256992744,-34203.47330518102,2449.9037135083927,-26595.057191797066,-112846.48252516007,-20447.997283518314,26996.294132793904,20124.529846115853,26996.294132793904,26996.294132793904,89270.03490218171,74081.86657493329,76728.29676241684,89270.03490218171
2018-03-09,30578.50994861708,30220.672881057486,4642.912628709921,30578.50994861708,-326768.5572401264,-35119.82797538,1078.6471130275168,-28421.215722559835,-112353.6037356389,-19926.12747696915,26996.294132793904,20124.529846115853,26996.294132793904,26996.294132793904,89251.64555894816,74063.47723169974,76709.90741918329,89251.64555894816
2018-03-12,30158.801492437255,29800.96442487766,4223.204172530095,30158.801492437255,-327188.26569630625,-35539.53643155983,685.9253098582849,-28786.95087271859,-113069.81722714182,-20570.98626335559,26996.294132793904,20124.529846115853,26996.294132793904,26996.294132793904,89577.58671905566,74389.41839180724,77035.84857929079,89577.58671905566
2018-03-13,29860.17123529222,29502.334167732624,3924.573915385059,29860.17123529222,-327486.8959534513,-35838.16668870486,146.19262828445062,-29567.785978721222,-113859.98530599824,-20877.452265841886,26996.294132793904,20124.529846115853,26996.294132793904,26996.294132793904,89257.43613611697,74069.26780886855,76715.6979963521,89257.43613611697
2018-03-14,29707.449816139182,29349.612748579588,3771.8524962320225,29707.449816139182,-327639.6173726043,-35990.8881078579,-196.7593039436033,-30100.968424024293,-114590.91245395353,-21301.812580395606,26996.294132793904,20124.529846115853,26996.294132793904,26996.294132793904,89159.75060048932,73971.5822732409,76618.01246072445,89159.75060048932
2018-03-15,29616.559996028547,29258.722928468953,3680.9626761213876,29616.559996028547,-327730.50719271495,-36081.777927968535,-327.8313054575119,-30272.222606941592,-114578.16730488325,-21254.923064808943,26996.294132793904,20124.529846115853,26996.294132793904,26996.294132793904,89192.56820508,74004.39987783157,76650.83006531512,89192.56820508
2018-03-16,29021.71263893356,28663.875571373967,3086.1153190264013,29021.71263893356,-328325.35454980994,-36676.62528506352,-882.7345493708272,-30787.18173767312,-115447.9235806875,-22133.917484838283,26996.294132793904,20124.529846115853,26996.294132793904,26996.294132793904,89679.15572086093,74490.98739361251,77137.41758109606,89679.15572086093
2018-03-19,29021.71263893356,28663.875571373967,3086.1153190264013,29021.71263893356,-328325.35454980994,-36676.62528506352,-882.7345493708272,-30787.18173767312,-115447.9235806875,-22133.917484838283,24785.12590646569,17913.36161978764,24785.12590646569,24785.12590646569,89735.0357046721,74546.86737742368,77193.29756490723,89735.0357046721
2018-03-20,29021.71263893356,28663.875571373967,3086.1153190264013,29021.71263893356,-328325.35454980994,-36676.62528506352,-882.7345493708272,-30787.18173767312,-115447.9235806875,-22133.917484838283,24457.75612475502,17585.991838076967,24457.75612475502,24457.75612475502,89359.13598567061,74170.96765842219,76817.39784590574,89359.13598567061
2018-03-21,29021.71263893356,28663.875571373967,3086.1153190264013,29021.71263893356,-328325.35454980994,-36676.62528506352,-882.7345493708272,-30787.18173767312,-115447.9235806875,-22133.917484838283,24539.642799105146,17667.878512427094,24539.642799105146,24539.642799105146,89399.57035724749,74211.40202999907,76857.83221748262,89399.57035724749
2018-03-22,29021.71263893356,28663.875571373967,3086.1153190264013,29021.71263893356,-328325.35454980994,-36676.62528506352,-882.7345493708272,-30787.18173767312,-115447.9235806875,-22133.917484838283,21866.73478204885,14994.970495370799,21866.73478204885,21866.73478204885,88950.46078037121,73762.29245312279,76408.72264060634,88950.46078037121
2018-03-23,29021.71263893356,28663.875571373967,3086.1153190264013,29021.71263893356,-328325.35454980994,-36676.62528506352,-882.7345493708272,-30787.18173767312,-115447.9235806875,-22133.917484838283,20612.941579207894,13741.177292529843,20612.941579207894,20612.941579207894,88537.55673427251,73349.38840702409,75995.81859450764,88537.55673427251
2018-03-26,29021.71263893356,28663.875571373967,3086.1153190264013,29021.71263893356,-328325.35454980994,-36676.62528506352,-882.7345493708272,-30787.18173767312,-115447.9235806875,-22133.917484838283,20734.0131208722,13862.24883419415,20734.0131208722,20734.0131208722,88673.85551508423,73485.6871878358,76132.11737531936,88673.85551508423
2018-03-27,29021.71263893356,28663.875571373967,3086.1153190264013,29021.71263893356,-328325.35454980994,-36676.62528506352,-882.7345493708272,-30787.18173767312,-115447.9235806875,-22133.917484838283,20399.082535622758,13527.318248944706,20399.082535622758,20399.082535622758,88647.05908523127,73458.89075798285,76105.3209454664,88647.05908523127
2018-03-28,29021.71263893356,28663.875571373967,3086.1153190264013,29021.71263893356,-328325.35454980994,-36676.62528506352,-882.7345493708272,-30787.18173767312,-115447.9235806875,-22133.917484838283,20425.738677327055,13553.974390649004,20425.738677327055,20425.738677327055,88594.41240254138,73406.24407529295,76052.6742627765,88594.41240254138
2018-03-29,29021.71263893356,28663.875571373967,3086.1153190264013,29021.71263893356,-328325.35454980994,-36676.62528506352,-882.7345493708272,-30787.18173767312,-115447.9235806875,-22133.917484838283,20517.558089034166,13645.793802356115,20517.558089034166,20517.558089034166,88801.80093750381,73613.63261025539,76260.06279773894,88801.80093750381
2018-04-02,29021.71263893356,28663.875571373967,3086.1153190264013,29021.71263893356,-328325.35454980994,-36676.62528506352,-882.7345493708272,-30787.18173767312,-115447.9235806875,-22133.917484838283,20132.32962467952,13260.56533800147,20132.32962467952,20132.32962467952,88887.77202611975,73699.60369887133,76346.03388635488,88887.77202611975
2018-04-03,29021.71263893356,28663.875571373967,3086.1153190264013,29021.71263893356,-328325.35454980994,-36676.62528506352,-882.7345493708272,-30787.18173767312,-115447.9235806875,-22133.917484838283,20401.383419452235,13529.619132774184,20401.383419452235,20401.383419452235,88728.44267633604,73540.27434908762,76186.70453657117,88728.44267633604
2018-04-04,29021.71263893356,28663.875571373967,3086.1153190264013,29021.71263893356,-328325.35454980994,-36676.62528506352,-882.7345493708272,-30787.18173767312,-115447.9235806875,-22133.917484838283,20491.614210316096,13619.849923638045,20491.614210316096,20491.614210316096,88651.4525646707,73463.28423742228,76109.71442490583,88651.4525646707
2018-04-05,29021.71263893356,28663.875571373967,3086.1153190264013,29021.71263893356,-328325.35454980994,-36676.62528506352,-882.7345493708272,-30787.18173767312,-115447.9235806875,-22133.917484838283,20917.26291133801,14045.498624659958,20917.26291133801,20917.26291133801,88587.05646610004,73398.88813885162,76045.31832633517,88587.05646610004
2018-04-06,29021.71263893356,28663.875571373967,3086.1153190264013,29021.71263893356,-328325.35454980994,-36676.62528506352,-882.7345493708272,-30787.18173767312,-115447.9235806875,-22133.917484838283,20084.397145772935,13212.632859094883,20084.397145772935,20084.397145772935,88802.35565813328,73614.18733088486,76260.61751836841,88802.35565813328
2018-04-09,29021.71263893356,28663.875571373967,3086.1153190264013,29021.71263893356,-328325.35454980994,-36676.62528506352,-882.7345493708272,-30787.18173767312,-115447.9235806875,-22133.917484838283,20073.218454743735,13201.454168065684,20073.218454743735,20073.218454743735,88900.81640850706,73712.64808125864,76359.07826874219,88900.81640850706
2018-04-10,29021.71263893356,28663.875571373967,3086.1153190264013,29021.71263893356,-328325.35454980994,-36676.62528506352,-882.7345493708272,-30787.18173767312,-115447.9235806875,-22133.917484838283,20479.51268868067,13607.748402002617,20479.51268868067,20479.51268868067,89083.80167463282,73895.6333473844,76542.06353486795,89083.80167463282
2018-04-11,29021.71263893356,28663.875571373967,3086.1153190264013,29021.71263893356,-328325.35454980994,-36676.62528506352,-882.7345493708272,-30787.18173767312,-115447.9235806875,-22133.917484838283,20008.184185058926,13136.419898380875,20008.184185058926,20008.184185058926,88991.17578939791,73803.00746214949,76449.43764963304,88991.17578939791
2018-04-12,29021.71263893356,28663.875571373967,3086.1153190264013,29021.71263893356,-328325.35454980994,-36676.62528506352,-882.7345493708272,-30787.18173767312,-115447.9235806875,-22133.917484838283,20631.428265802097,13759.663979124045,20631.428265802097,20631.428265802097,89057.65481649851,73869.48648925009,76515.91667673364,89057.65481649851
2018-04-13,29021.71263893356,28663.875571373967,3086.1153190264013,29021.71263893356,-328325.35454980994,-36676.62528506352,-882.7345493708272,-30787.18173767312,-115447.9235806875,-22133.917484838283,20487.86619363376,13616.101906955708,20487.86619363376,20487.86619363376,89088.7096462443,73900.54131899588,76546.97150647943,89088.7096462443
2018-04-16,29021.71263893356,28663.875571373967,3086.1153190264013,29021.71263893356,-328325.35454980994,-36676.62528506352,-882.7345493708272,-30787.18173767312,-115447.9235806875,-22133.917484838283,20915.385577230365,14043.621290552313,20915.385577230365,20915.385577230365,89134.48356620711,73946.31523895869,76592.74542644224,89134.48356620711
2018-04-17,29021.71263893356,28663.875571373967,3086.1153190264013,29021.71263893356,-328325.35454980994,-36676.62528506352,-882.7345493708272,-30787.18173767312,-115447.9235806875,-22133.917484838283,21386.5789030561,14514.814616378048,21386.5789030561,21386.5789030561,89174.0472919892,73985.87896474078,76632.30915222433,89174.0472919892
2018-04-18,29021.71263893356,28663.875571373967,3086.1153190264013,29021.71263893356,-328325.35454980994,-36676.62528506352,-882.7345493708272,-30787.18173767312,-115447.9235806875,-22133.917484838283,21212.687945722253,14340.923659044201,21212.687945722253,21212.687945722253,89352.19098607753,74164.02265882911,76810.45284631266,89352.19098607753
2018-04-19,29021.71263893356,28663.875571373967,3086.1153190264013,29021.71263893356,-328325.35454980994,-36676.62528506352,-882.7345493708272,-30787.18173767312,-115447.9235806875,-22133.917484838283,20946.09437038179,14074.330083703739,20946.09437038179,20946.09437038179,89615.91739194584,74427.74906469742,77074.17925218097,89615.91739194584
2018-04-20,29021.71263893356,28663.875571373967,3086.1153190264013,29021.71263893356,-328325.35454980994,-36676.62528506352,-882.7345493708272,-30787.18173767312,-115447.9235806875,-22133.917484838283,21215.995827276027,14344.231540597975,21215.995827276027,21215.995827276027,89611.06475314731,74422.89642589889,77069.32661338244,89611.06475314731
2018-04-23,29021.71263893356,28663.875571373967,3086.1153190264013,29021.71263893356,-328325.35454980994,-36676.62528506352,-882.7345493708272,-30787.18173767312,-115447.9235806875,-22133.917484838283,20352.024949564948,13480.260662886896,20352.024949564948,20352.024949564948,90261.71836466365,75073.55003741523,77719.98022489878,90261.71836466365
2018-04-24,29021.71263893356,28663.875571373967,3086.1153190264013,29021.71263893356,-328325.35454980994,-36676.62528506352,-882.7345493708272,-30787.18173767312,-115447.9235806875,-22133.917484838283,20565.672509630327,13693.908222952276,20565.672509630327,20565.672509630327,89736.04245389719,74547.87412664876,77194.30431413231,89736.04245389719
2018-04-25,29021.71263893356,28663.875571373967,3086.1153190264013,29021.71263893356,-328325.35454980994,-36676.62528506352,-882.7345493708272,-30787.18173767312,-115447.9235806875,-22133.917484838283,20895.697771208244,14023.933484530193,20895.697771208244,20895.697771208244,89910.13307886198,74721.96475161356,77368.39493909711,89910.13307886198
2018-04-26,29021.71263893356,28663.875571373967,3086.1153190264013,29021.71263893356,-328325.35454980994,-36676.62528506352,-882.7345493708272,-30787.18173767312,-115447.9235806875,-22133.917484838283,21048.689624330727,14176.925337652676,21048.689624330727,21048.689624330727,89459.14171994827,74270.97339269985,76917.4035801834,89459.14171994827
2018-04-27,29021.71263893356,28663.875571373967,3086.1153190264013,29021.71263893356,-328325.35454980994,-36676.62528506352,-882.7345493708272,-30787.18173767312,-115447.9235806875,-22133.917484838283,21292.20722851844,14420.442941840389,21292.20722851844,21292.20722851844,88560.36439934676,73372.19607209833,76018.62625958188,88560.36439934676
2018-04-30,29021.71263893356,28663.875571373967,3086.1153190264013,29021.71263893356,-328325.35454980994,-36676.62528506352,-882.7345493708272,-30787.18173767312,-115447.9235806875,-22133.917484838283,20729.172278762446,13857.407992084394,20729.172278762446,20729.172278762446,90169.23787163128,74981.06954438286,77627.49973186641,90169.23787163128
2018-05-01,29021.71263893356,28663.875571373967,3086.1153190264013,29021.71263893356,-328325.35454980994,-36676.62528506352,-882.7345493708272,-30787.18173767312,-115447.9235806875,-22133.917484838283,21091.283260067226,14219.518973389175,21091.283260067226,21091.283260067226,90590.20862074126,75402.04029349284,78048.4704809764,90590.20862074126
2018-05-02,29021.71263893356,28663.875571373967,3086.1153190264013,29021.71263893356,-328325.35454980994,-36676.62528506352,-882.7345493708272,-30787.18173767312,-115447.9235806875,-22133.917484838283,21934.81784624688,15063.053559568827,21934.81784624688,21934.81784624688,89002.27964685811,73814.11131960968,76460.54150709324,89002.27964685811
2018-05-03,29021.71263893356,28663.875571373967,3086.1153190264013,29021.71263893356,-328325.35454980994,-36676.62528506352,-882.7345493708272,-30787.18173767312,-115447.9235806875,-22133.917484838283,21683.95554025995,14812.1912535819,21683.95554025995,21683.95554025995,89544.93251606077,74356.76418881235,77003.1943762959,89544.93251606077
2018-05-04,29021.71263893356,28663.875571373967,3086.1153190264013,29021.71263893356,-328325.35454980994,-36676.62528506352,-882.7345493708272,-30787.18173767312,-115447.9235806875,-22133.917484838283,23325.46775911562,16453.70347243757,23325.46775911562,23325.46775911562,90800.33603392611,75612.16770667769,78258.59789416124,90800.33603392611
2018-05-07,29021.71263893356,28663.875571373967,3086.1153190264013,29021.71263893356,-328325.35454980994,-36676.62528506352,-882.7345493708272,-30787.18173767312,-115447.9235806875,-22133.917484838283,23003.75698960235,16131.992702924297,23003.75698960235,23003.75698960235,91785.52287927992,76597.3545520315,79243.78473951505,91785.52287927992
2018-05-08,29021.71263893356,28663.875571373967,3086.1153190264013,29021.71263893356,-328325.35454980994,-36676.62528506352,-882.7345493708272,-30787.18173767312,-115447.9235806875,-22133.917484838283,23162.495343266288,16290.731056588236,23162.495343266288,23162.495343266288,91735.76871204167,76547.60038479324,79194.0305722768,91735.76871204167
2018-05-09,29021.71263893356,28663.875571373967,3086.1153190264013,29021.71263893356,-328325.35454980994,-36676.62528506352,-882.7345493708272,-30787.18173767312,-115447.9235806875,-22133.917484838283,24461.712671110407,17589.948384432355,24461.712671110407,24461.712671110407,91312.34141061828,76124.17308336985,78770.6032708534,91312.34141061828
2018-05-10,29021.71263893356,28663.875571373967,3086.1153190264013,29021.71263893356,-328325.35454980994,-36676.62528506352,-882.7345493708272,-30787.18173767312,-115447.9235806875,-22133.917484838283,23626.82320864743,16755.05892196938,23626.82320864743,23626.82320864743,91071.36388393398,75883.19555668556,78529.62574416911,91071.36388393398
2018-05-11,29021.71263893356,28663.875571373967,3086.1153190264013,29021.71263893356,-328325.35454980994,-36676.62528506352,-882.7345493708272,-30787.18173767312,-115447.9235806875,-22133.917484838283,23153.38344930124,16281.619162623188,23153.38344930124,23153.38344930124,91452.93614081433,76264.76781356568,78911.19800104946,91452.93614081433
2018-05-14,29021.71263893356,28663.875571373967,3086.1153190264013,29021.71263893356,-328325.35454980994,-36676.62528506352,-882.7345493708272,-30787.18173767312,-115447.9235806875,-22133.917484838283,21835.918544401182,14964.15425772313,21835.918544401182,21835.918544401182,92320.78133782395,77132.61301057553,79779.04319805908,92320.78133782395
2018-05-15,29021.71263893356,28663.875571373967,3086.1153190264013,29021.71263893356,-328325.35454980994,-36676.62528506352,-882.7345493708272,-30787.18173767312,-115447.9235806875,-22133.917484838283,20769.432756173424,13897.668469495373,20769.432756173424,20769.432756173424,93078.43567783851,77890.26735059009,80536.69753807364,93078.43567783851
2018-05-16,29021.71263893356,28663.875571373967,3086.1153190264013,29021.71263893356,-328325.35454980994,-36676.62528506352,-882.7345493708272,-30787.18173767312,-115447.9235806875,-22133.917484838283,22479.611473646015,15607.847186967963,22479.611473646015,22479.611473646015,92990.88703881996,77802.71871157154,80449.14889905509,92990.88703881996
2018-05-17,29021.71263893356,28663.875571373967,3086.1153190264013,29021.71263893356,-328325.35454980994,-36676.62528506352,-882.7345493708272,-30787.18173767312,-115447.9235806875,-22133.917484838283,22970.845121145016,16099.080834466964,22970.845121145016,22970.845121145016,93119.6224523941,77931.45412514568,80577.88431262923,93119.6224523941
2018-05-18,29021.71263893356,28663.875571373967,3086.1153190264013,29021.71263893356,-328325.35454980994,-36676.62528506352,-882.7345493708272,-30787.18173767312,-115447.9235806875,-22133.917484838283,22815.770021186676,15944.005734508624,22815.770021186676,22815.770021186676,93400.81529619312,78212.6469689447,80859.07715642825,93400.81529619312
2018-05-21,29021.71263893356,28663.875571373967,3086.1153190264013,29021.71263893356,-328325.35454980994,-36676.62528506352,-882.7345493708272,-30787.18173767312,-115447.9235806875,-22133.917484838283,22641.12074997404,15769.35646329599,22641.12074997404,22641.12074997404,93490.96386207966,78302.79553483124,80949.22572231479,93490.96386207966
2018-05-22,29021.71263893356,28663.875571373967,3086.1153190264013,29021.71263893356,-328325.35454980994,-36676.62528506352,-882.7345493708272,-30787.18173767312,-115447.9235806875,-22133.917484838283,23973.405550837284,17101.641264159232,23973.405550837284,23973.405550837284,93571.17540134513,78383.0070740967,81029.43726158026,93571.17540134513
2018-05-23,29021.71263893356,28663.875571373967,3086.1153190264013,29021.71263893356,-328325.35454980994,-36676.62528506352,-882.7345493708272,-30787.18173767312,-115447.9235806875,-22133.917484838283,23735.754088019952,16863.9898013419,23735.754088019952,23735.754088019952,93162.32627334236,77974.15794609394,80620.58813357749,93162.32627334236
2018-05-24,29021.71263893356,28663.875571373967,3086.1153190264013,29021.71263893356,-328325.35454980994,-36676.62528506352,-882.7345493708272,-30787.18173767312,-115447.9235806875,-22133.917484838283,23613.40687698603,16741.64259030798,23613.40687698603,23613.40687698603,92975.4710866285,77787.30275938008,80433.73294686363,92975.4710866285
2018-05-25,29021.71263893356,28663.875571373967,3086.1153190264013,29021.71263893356,-328325.35454980994,-36676.62528506352,-882.7345493708272,-30787.18173767312,-115447.9235806875,-22133.917484838283,23831.52286511869,16959.75857844064,23831.52286511869,23831.52286511869,93059.207875469,77871.03954822058,80517.46973570413,93059.207875469
2018-05-29,29021.71263893356,28663.875571373967,3086.1153190264013,29021.71263893356,-328325.35454980994,-36676.62528506352,-882.7345493708272,-30787.18173767312,-115447.9235806875,-22133.917484838283,22445.86812982557,15574.103843147517,22445.86812982557,22445.86812982557,93193.57810344617,78005.40977619775,80651.8399636813,93193.57810344617
2018-05-30,29021.71263893356,28663.875571373967,3086.1153190264013,29021.71263893356,-328325.35454980994,-36676.62528506352,-882.7345493708272,-30787.18173767312,-115447.9235806875,-22133.917484838283,23043.446955782943,16171.682669104892,23043.446955782943,23043.446955782943,93149.95852783415,77961.79020058573,80608.22038806928,93149.95852783415
2018-05-31,29021.71263893356,28663.875571373967,3086.1153190264013,29021.71263893356,-328325.35454980994,-36676.62528506352,-882.7345493708272,-30787.18173767312,-115447.9235806875,-22133.917484838283,23640.98482154368,16769.220534865628,23640.98482154368,23640.98482154368,93325.1301791158,78136.96185186738,80783.39203935093,93325.1301791158
2018-06-01,29021.71263893356,28663.875571373967,3086.1153190264013,29021.71263893356,-328325.35454980994,-36676.62528506352,-882.7345493708272,-30787.18173767312,-115447.9235806875,-22133.917484838283,23389.207634935854,16517.443348257802,23389.207634935854,23389.207634935854,93221.95408412605,78033.78575687762,80680.21594436117,93221.95408412605
2018-06-04,29021.71263893356,28663.875571373967,3086.1153190264013,29021.71263893356,-328325.35454980994,-36676.62528506352,-882.7345493708272,-30787.18173767312,-115447.9235806875,-22133.917484838283,22765.025232992368,15893.260946314316,22765.025232992368,22765.025232992368,92927.14402626688,77738.97569901845,80385.405886502,92927.14402626688
2018-06-05,29021.71263893356,28663.875571373967,3086.1153190264013,29021.71263893356,-328325.35454980994,-36676.62528506352,-882.7345493708272,-30787.18173767312,-115447.9235806875,-22133.917484838283,22764.65434371971,15892.890057041659,22764.65434371971,22764.65434371971,93070.77164019388,77882.60331294546,80529.03350042901,93070.77164019388
2018-06-06,29021.71263893356,28663.875571373967,3086.1153190264013,29021.71263893356,-328325.35454980994,-36676.62528506352,-882.7345493708272,-30787.18173767312,-115447.9235806875,-22133.917484838283,21762.27612199413,14890.51183531608,21762.27612199413,21762.27612199413,93099.23437947803,77911.06605222961,80557.49623971316,93099.23437947803
2018-06-07,29021.71263893356,28663.875571373967,3086.1153190264013,29021.71263893356,-328325.35454980994,-36676.62528506352,-882.7345493708272,-30787.18173767312,-115447.9235806875,-22133.917484838283,22106.128584362916,15234.364297684864,22106.128584362916,22106.128584362916,93347.83807452978,78159.66974728135,80806.0999347649,93347.83807452978
2018-06-08,29021.71263893356,28663.875571373967,3086.1153190264013,29021.71263893356,-328325.35454980994,-36676.62528506352,-882.7345493708272,-30787.18173767312,-115447.9235806875,-22133.917484838283,22039.028663860518,15167.264377182466,22039.028663860518,22039.028663860518,93148.7673519561,77960.59902470768,80607.02921219124,93148.7673519561
2018-06-11,29021.71263893356,28663.875571373967,3086.1153190264013,29021.71263893356,-328325.35454980994,-36676.62528506352,-882.7345493708272,-30787.18173767312,-115447.9235806875,-22133.917484838283,20572.114595708903,13700.350309030851,20572.114595708903,20572.114595708903,93261.88168260339,78073.71335535496,80720.14354283852,93261.88168260339
2018-06-12,29021.71263893356,28663.875571373967,3086.1153190264013,29021.71263893356,-328325.35454980994,-36676.62528506352,-882.7345493708272,-30787.18173767312,-115447.9235806875,-22133.917484838283,20842.750044343877,13970.985757665825,20842.750044343877,20842.750044343877,93054.6102011532,77866.44187390478,80512.87206138833,93054.6102011532
2018-06-13,29021.71263893356,28663.875571373967,3086.1153190264013,29021.71263893356,-328325.35454980994,-36676.62528506352,-882.7345493708272,-30787.18173767312,-115447.9235806875,-22133.917484838283,23072.756509255385,16200.992222577333,23072.756509255385,23072.756509255385,93078.93750531971,77890.76917807129,80537.19936555484,93078.93750531971
2018-06-14,29021.71263893356,28663.875571373967,3086.1153190264013,29021.71263893356,-328325.35454980994,-36676.62528506352,-882.7345493708272,-30787.18173767312,-115447.9235806875,-22133.917484838283,23242.491881688708,16370.727595010656,23242.491881688708,23242.491881688708,93100.80086732912,77912.6325400807,80559.06272756425,93100.80086732912
2018-06-15,29021.71263893356,28663.875571373967,3086.1153190264013,29021.71263893356,-328325.35454980994,-36676.62528506352,-882.7345493708272,-30787.18173767312,-115447.9235806875,-22133.917484838283,22437.836462315987,15566.072175637935,22437.836462315987,22437.836462315987,92713.64955716021,77525.48122991179,80171.91141739534,92713.64955716021
2018-06-18,29021.71263893356,28663.875571373967,3086.1153190264013,29021.71263893356,-328325.35454980994,-36676.62528506352,-882.7345493708272,-30787.18173767312,-115447.9235806875,-22133.917484838283,21261.72501175711,14389.960725079058,21261.72501175711,21261.72501175711,92779.52068588114,77591.35235863272,80237.78254611627,92779.52068588114
2018-06-19,29021.71263893356,28663.875571373967,3086.1153190264013,29021.71263893356,-328325.35454980994,-36676.62528506352,-882.7345493708272,-30787.18173767312,-115447.9235806875,-22133.917484838283,21526.17912502354,14654.414838345489,21526.17912502354,21526.17912502354,92814.10312926094,77625.93480201252,80272.36498949607,92814.10312926094
2018-06-20,29021.71263893356,28663.875571373967,3086.1153190264013,29021.71263893356,-328325.35454980994,-36676.62528506352,-882.7345493708272,-30787.18173767312,-115447.9235806875,-22133.917484838283,20971.16378073243,14099.399494054378,20971.16378073243,20971.16378073243,92636.43623214052,77448.2679048921,80094.69809237565,92636.43623214052
2018-06-21,29021.71263893356,28663.875571373967,3086.1153190264013,29021.71263893356,-328325.35454980994,-36676.62528506352,-882.7345493708272,-30787.18173767312,-115447.9235806875,-22133.917484838283,21124.737085995148,14252.972799317096,21124.737085995148,21124.737085995148,92667.92235355219,77479.75402630377,80126.18421378732,92667.92235355219
2018-06-22,29021.71263893356,28663.875571373967,3086.1153190264013,29021.71263893356,-328325.35454980994,-36676.62528506352,-882.7345493708272,-30787.18173767312,-115447.9235806875,-22133.917484838283,21651.033324861317,14779.269038183265,21651.033324861317,21651.033324861317,92835.37866352033,77647.2103362719,80293.64052375546,92835.37866352033
2018-06-25,29021.71263893356,28663.875571373967,3086.1153190264013,29021.71263893356,-328325.35454980994,-36676.62528506352,-882.7345493708272,-30787.18173767312,-115447.9235806875,-22133.917484838283,21024.463695419952,14152.6994087419,21024.463695419952,21024.463695419952,92836.26550861914,77648.09718137071,80294.52736885427,92836.26550861914
2018-06-26,29021.71263893356,28663.875571373967,3086.1153190264013,29021.71263893356,-328325.35454980994,-36676.62528506352,-882.7345493708272,-30787.18173767312,-115447.9235806875,-22133.917484838283,21098.16104650777,14226.396759829717,21098.16104650777,21098.16104650777,92994.77521313098,77806.60688588256,80453.03707336611,92994.77521313098
2018-06-27,29021.71263893356,28663.875571373967,3086.1153190264013,29021.71263893356,-328325.35454980994,-36676.62528506352,-882.7345493708272,-30787.18173767312,-115447.9235806875,-22133.917484838283,20760.463689330965,13888.699402652914,20760.463689330965,20760.463689330965,92731.97177076084,77543.80344351241,80190.23363099596,92731.97177076084
2018-06-28,29021.71263893356,28663.875571373967,3086.1153190264013,29021.71263893356,-328325.35454980994,-36676.62528506352,-882.7345493708272,-30787.18173767312,-115447.9235806875,-22133.917484838283,20706.129872692632,13834.365586014581,20706.129872692632,20706.129872692632,93017.9176254156,77829.74929816718,80476.17948565073,93017.9176254156
2018-06-29,29021.71263893356,28663.875571373967,3086.1153190264013,29021.71263893356,-328325.35454980994,-36676.62528506352,-882.7345493708272,-30787.18173767312,-115447.9235806875,-22133.917484838283,20585.969054028625,13714.204767350573,20585.969054028625,20585.969054028625,93026.02870857343,77837.86038132501,80484.29056880856,93026.02870857343
2018-07-02,29021.71263893356,28663.875571373967,3086.1153190264013,29021.71263893356,-328325.35454980994,-36676.62528506352,-882.7345493708272,-30787.18173767312,-115447.9235806875,-22133.917484838283,20610.71935594955,13738.955069271498,20610.71935594955,20610.71935594955,93503.83124140254,78315.66291415412,80962.09310163767,93503.83124140254
2018-07-03,29021.71263893356,28663.875571373967,3086.1153190264013,29021.71263893356,-328325.35454980994,-36676.62528506352,-882.7345493708272,-30787.18173767312,-115447.9235806875,-22133.917484838283,20490.15704084444,13618.392754166387,20490.15704084444,20490.15704084444,93368.21288210782,78180.0445548594,80826.47474234295,93368.21288210782
2018-07-05,29021.71263893356,28663.875571373967,3086.1153190264013,29021.71263893356,-328325.35454980994,-36676.62528506352,-882.7345493708272,-30787.18173767312,-115447.9235806875,-22133.917484838283,20314.015451956424,13442.251165278372,20314.015451956424,20314.015451956424,93610.30302878004,78422.13470153161,81068.56488901516,93610.30302878004
2018-07-06,29021.71263893356,28663.875571373967,3086.1153190264013,29021.71263893356,-328325.35454980994,-36676.62528506352,-882.7345493708272,-30787.18173767312,-115447.9235806875,-22133.917484838283,20618.805439829244,13747.041153151193,20618.805439829244,20618.805439829244,93717.16657486116,78528.99824761273,81175.42843509628,93717.16657486116
2018-07-09,29021.71263893356,28663.875571373967,3086.1153190264013,29021.71263893356,-328325.35454980994,-36676.62528506352,-882.7345493708272,-30787.18173767312,-115447.9235806875,-22133.917484838283,19645.755166255054,12773.990879577002,19645.755166255054,19645.755166255054,93958.61161043728,78770.44328318886,81416.8734706724,93958.61161043728
2018-07-10,29021.71263893356,28663.875571373967,3086.1153190264013,29021.71263893356,-328325.35454980994,-36676.62528506352,-882.7345493708272,-30787.18173767312,-115447.9235806875,-22133.917484838283,19955.69149055821,13083.927203880157,19955.69149055821,19955.69149055821,94100.50729931868,78912.33897207025,81558.7691595538,94100.50729931868
2018-07-11,29021.71263893356,28663.875571373967,3086.1153190264013,29021.71263893356,-328325.35454980994,-36676.62528506352,-882.7345493708272,-30787.18173767312,-115447.9235806875,-22133.917484838283,19689.712902020314,12817.948615342262,19689.712902020314,19689.712902020314,93998.58711946383,78810.41879221541,81456.84897969896,93998.58711946383
2018-07-12,29021.71263893356,28663.875571373967,3086.1153190264013,29021.71263893356,-328325.35454980994,-36676.62528506352,-882.7345493708272,-30787.18173767312,-115447.9235806875,-22133.917484838283,19988.70829978725,13116.944013109198,19988.70829978725,19988.70829978725,94110.78910211613,78922.62077486771,81569.05096235126,94110.78910211613
2018-07-13,29021.71263893356,28663.875571373967,3086.1153190264013,29021.71263893356,-328325.35454980994,-36676.62528506352,-882.7345493708272,-30787.18173767312,-115447.9235806875,-22133.917484838283,20536.096222310094,13664.331935632043,20536.096222310094,20536.096222310094,94152.71621998702,78964.5478927386,81610.97808022215,94152.71621998702
2018-07-16,29021.71263893356,28663.875571373967,3086.1153190264013,29021.71263893356,-328325.35454980994,-36676.62528506352,-882.7345493708272,-30787.18173767312,-115447.9235806875,-22133.917484838283,19556.717525571934,12684.953238893882,19556.717525571934,19556.717525571934,94388.57606712892,79200.4077398805,81846.83792736405,94388.57606712892
2018-07-17,29021.71263893356,28663.875571373967,3086.1153190264013,29021.71263893356,-328325.35454980994,-36676.62528506352,-882.7345493708272,-30787.18173767312,-115447.9235806875,-22133.917484838283,19830.90240741009,12959.138120732037,19830.90240741009,19830.90240741009,94517.71219356009,79329.54386631167,81975.97405379522,94517.71219356009
2018-07-18,29021.71263893356,28663.875571373967,3086.1153190264013,29021.71263893356,-328325.35454980994,-36676.62528506352,-882.7345493708272,-30787.18173767312,-115447.9235806875,-22133.917484838283,19824.492369148065,12952.728082470014,19824.492369148065,19824.492369148065,94943.00052235601,79754.83219510759,82401.26238259114,94943.00052235601
2018-07-19,29021.71263893356,28663.875571373967,3086.1153190264013,29021.71263893356,-328325.35454980994,-36676.62528506352,-882.7345493708272,-30787.18173767312,-115447.9235806875,-22133.917484838283,20109.614119924372,13237.84983324632,20109.614119924372,20109.614119924372,94789.7882899323,79601.61996268388,82248.05015016743,94789.7882899323
2018-07-20,29021.71263893356,28663.875571373967,3086.1153190264013,29021.71263893356,-328325.35454980994,-36676.62528506352,-882.7345493708272,-30787.18173767312,-115447.9235806875,-22133.917484838283,21159.667083342792,14287.90279666474,21159.667083342792,21159.667083342792,94598.53375336016,79410.36542611173,82056.79561359528,94598.53375336016
2018-07-23,29021.71263893356,28663.875571373967,3086.1153190264013,29021.71263893356,-328325.35454980994,-36676.62528506352,-882.7345493708272,-30787.18173767312,-115447.9235806875,-22133.917484838283,20506.358702624333,13634.594415946282,20506.358702624333,20506.358702624333,95043.99185622483,79855.82352897641,82502.25371645996,95043.99185622483
2018-07-24,29021.71263893356,28663.875571373967,3086.1153190264013,29021.71263893356,-328325.35454980994,-36676.62528506352,-882.7345493708272,-30787.18173767312,-115447.9235806875,-22133.917484838283,20538.502876963466,13666.738590285415,20538.502876963466,20538.502876963466,94838.24450375303,79650.0761765046,82296.50636398816,94838.24450375303
2018-07-25,29021.71263893356,28663.875571373967,3086.1153190264013,29021.71263893356,-328325.35454980994,-36676.62528506352,-882.7345493708272,-30787.18173767312,-115447.9235806875,-22133.917484838283,17387.65592627984,10515.891639601788,17387.65592627984,17387.65592627984,94076.99222553498,78888.82389828656,81535.25408577011,94076.99222553498
2018-07-26,29021.71263893356,28663.875571373967,3086.1153190264013,29021.71263893356,-328325.35454980994,-36676.62528506352,-882.7345493708272,-30787.18173767312,-115447.9235806875,-22133.917484838283,19482.675946818083,12610.911660140031,19482.675946818083,19482.675946818083,94346.35794526641,79158.18961801799,81804.61980550154,94346.35794526641
2018-07-27,29021.71263893356,28663.875571373967,3086.1153190264013,29021.71263893356,-328325.35454980994,-36676.62528506352,-882.7345493708272,-30787.18173767312,-115447.9235806875,-22133.917484838283,21595.990390279796,14724.226103601744,21595.990390279796,21595.990390279796,94320.56887750188,79132.40055025346,81778.83073773701,94320.56887750188
2018-07-30,29021.71263893356,28663.875571373967,3086.1153190264013,29021.71263893356,-328325.35454980994,-36676.62528506352,-882.7345493708272,-30787.18173767312,-115447.9235806875,-22133.917484838283,21312.192931553116,14440.428644875064,21312.192931553116,21312.192931553116,94457.10964905703,79268.94132180861,81915.37150929216,94457.10964905703
2018-07-31,29021.71263893356,28663.875571373967,3086.1153190264013,29021.71263893356,-328325.35454980994,-36676.62528506352,-882.7345493708272,-30787.18173767312,-115447.9235806875,-22133.917484838283,22254.33480441477,15382.57051773672,22254.33480441477,22254.33480441477,93778.50988495885,78590.34155771043,81236.77174519398,93778.50988495885
2018-08-01,29021.71263893356,28663.875571373967,3086.1153190264013,29021.71263893356,-328325.35454980994,-36676.62528506352,-882.7345493708272,-30787.18173767312,-115447.9235806875,-22133.917484838283,22269.73764303082,15397.97335635277,22269.73764303082,22269.73764303082,94434.02335994877,79245.85503270035,81892.2852201839,94434.02335994877
2018-08-02,29021.71263893356,28663.875571373967,3086.1153190264013,29021.71263893356,-328325.35454980994,-36676.62528506352,-882.7345493708272,-30787.18173767312,-115447.9235806875,-22133.917484838283,22860.816235106206,15989.051948428154,22860.816235106206,22860.816235106206,94807.42247588141,79619.25414863299,82265.68433611654,94807.42247588141
2018-08-03,29021.71263893356,28663.875571373967,3086.1153190264013,29021.71263893356,-328325.35454980994,-36676.62528506352,-882.7345493708272,-30787.18173767312,-115447.9235806875,-22133.917484838283,22920.67234512861,16048.908058450557,22920.67234512861,22920.67234512861,94162.78333648317,78974.61500923475,81621.0451967183,94162.78333648317
2018-08-06,29021.71263893356,28663.875571373967,3086.1153190264013,29021.71263893356,-328325.35454980994,-36676.62528506352,-882.7345493708272,-30787.18173767312,-115447.9235806875,-22133.917484838283,22131.602935994044,15259.838649315992,22131.602935994044,22131.602935994044,95255.64417867875,80067.47585143032,82713.90603891388,95255.64417867875
2018-08-07,29021.71263893356,28663.875571373967,3086.1153190264013,29021.71263893356,-328325.35454980994,-36676.62528506352,-882.7345493708272,-30787.18173767312,-115447.9235806875,-22133.917484838283,21839.841927487403,14968.077640809352,21839.841927487403,21839.841927487403,95619.8823962349,80431.71406898648,83078.14425647003,95619.8823962349
2018-08-08,29021.71263893356,28663.875571373967,3086.1153190264013,29021.71263893356,-328325.35454980994,-36676.62528506352,-882.7345493708272,-30787.18173767312,-115447.9235806875,-22133.917484838283,22135.165727970423,15263.401441292372,22135.165727970423,22135.165727970423,96056.6403363503,80868.47200910188,83514.90219658543,96056.6403363503
2018-08-09,29021.71263893356,28663.875571373967,3086.1153190264013,29021.71263893356,-328325.35454980994,-36676.62528506352,-882.7345493708272,-30787.18173767312,-115447.9235806875,-22133.917484838283,22223.399462401285,15351.635175723233,22223.399462401285,22223.399462401285,96125.06110144453,80936.89277419611,83583.32296167966,96125.06110144453
2018-08-10,29021.71263893356,28663.875571373967,3086.1153190264013,29021.71263893356,-328325.35454980994,-36676.62528506352,-882.7345493708272,-30787.18173767312,-115447.9235806875,-22133.917484838283,22109.8590443423,15238.09475766425,22109.8590443423,22109.8590443423,95801.92177106859,80613.75344382017,83260.18363130372,95801.92177106859
2018-08-13,29021.71263893356,28663.875571373967,3086.1153190264013,29021.71263893356,-328325.35454980994,-36676.62528506352,-882.7345493708272,-30787.18173767312,-115447.9235806875,-22133.917484838283,21560.22062387492,14688.456337196869,21560.22062387492,21560.22062387492,96567.65953099099,81379.49120374257,84025.92139122612,96567.65953099099
2018-08-14,29021.71263893356,28663.875571373967,3086.1153190264013,29021.71263893356,-328325.35454980994,-36676.62528506352,-882.7345493708272,-30787.18173767312,-115447.9235806875,-22133.917484838283,22148.576308894902,15276.81202221685,22148.576308894902,22148.576308894902,96446.71257226309,81258.54424501467,83904.97443249822,96446.71257226309
2018-08-15,29021.71263893356,28663.875571373967,3086.1153190264013,29021.71263893356,-328325.35454980994,-36676.62528506352,-882.7345493708272,-30787.18173767312,-115447.9235806875,-22133.917484838283,22743.816072137794,15872.051785459742,22743.816072137794,22743.816072137794,95410.02540180809,80221.85707455967,82868.28726204322,95410.02540180809
2018-08-16,29021.71263893356,28663.875571373967,3086.1153190264013,29021.71263893356,-328325.35454980994,-36676.62528506352,-882.7345493708272,-30787.18173767312,-115447.9235806875,-22133.917484838283,25545.982672273065,18674.218385595013,25545.982672273065,25545.982672273065,94930.79529882479,79742.62697157636,82389.05715905991,94930.79529882479
2018-08-17,29021.71263893356,28663.875571373967,3086.1153190264013,29021.71263893356,-328325.35454980994,-36676.62528506352,-882.7345493708272,-30787.18173767312,-115447.9235806875,-22133.917484838283,28247.804612406995,21376.040325728944,28247.804612406995,28247.804612406995,94151.13244407414,78962.96411682572,81609.39430430927,94151.13244407414
2018-08-20,29021.71263893356,28663.875571373967,3086.1153190264013,29021.71263893356,-328325.35454980994,-36676.62528506352,-882.7345493708272,-30787.18173767312,-115447.9235806875,-22133.917484838283,27515.793707040022,20644.02942036197,27515.793707040022,27515.793707040022,94150.48963320139,78962.32130595297,81608.75149343652,94150.48963320139
2018-08-21,29021.71263893356,28663.875571373967,3086.1153190264013,29021.71263893356,-328325.35454980994,-36676.62528506352,-882.7345493708272,-30787.18173767312,-115447.9235806875,-22133.917484838283,27857.044686211506,20985.280399533454,27857.044686211506,27857.044686211506,94212.12782331719,79023.95949606877,81670.38968355232,94212.12782331719
2018-08-22,29021.71263893356,28663.875571373967,3086.1153190264013,29021.71263893356,-328325.35454980994,-36676.62528506352,-882.7345493708272,-30787.18173767312,-115447.9235806875,-22133.917484838283,27736.705977875157,20864.941691197106,27736.705977875157,27736.705977875157,93978.85725962417,78790.68893237575,81437.1191198593,93978.85725962417
2018-08-23,29021.71263893356,28663.875571373967,3086.1153190264013,29021.71263893356,-328325.35454980994,-36676.62528506352,-882.7345493708272,-30787.18173767312,-115447.9235806875,-22133.917484838283,27730.852390886634,20859.088104208582,27730.852390886634,27730.852390886634,93915.2396735521,78727.07134630368,81373.50153378723,93915.2396735521
2018-08-24,29021.71263893356,28663.875571373967,3086.1153190264013,29021.71263893356,-328325.35454980994,-36676.62528506352,-882.7345493708272,-30787.18173767312,-115447.9235806875,-22133.917484838283,27284.27138263744,20412.507095959387,27284.27138263744,27284.27138263744,93926.39238386182,78738.2240566134,81384.65424409695,93926.39238386182
2018-08-27,29021.71263893356,28663.875571373967,3086.1153190264013,29021.71263893356,-328325.35454980994,-36676.62528506352,-882.7345493708272,-30787.18173767312,-115447.9235806875,-22133.917484838283,25904.030499539454,19032.266212861403,25904.030499539454,25904.030499539454,94001.7302516792,78813.56192443077,81459.99211191433,94001.7302516792
2018-08-28,29021.71263893356,28663.875571373967,3086.1153190264013,29021.71263893356,-328325.35454980994,-36676.62528506352,-882.7345493708272,-30787.18173767312,-115447.9235806875,-22133.917484838283,25767.883468575426,18896.119181897375,25767.883468575426,25767.883468575426,93839.3532678166,78651.18494056817,81297.61512805172,93839.3532678166
2018-08-29,29021.71263893356,28663.875571373967,3086.1153190264013,29021.71263893356,-328325.35454980994,-36676.62528506352,-882.7345493708272,-30787.18173767312,-115447.9235806875,-22133.917484838283,24133.62128016178,17261.85699348373,24133.62128016178,24133.62128016178,93801.72348963073,78613.55516238231,81259.98534986586,93801.72348963073
2018-08-30,29021.71263893356,28663.875571373967,3086.1153190264013,29021.71263893356,-328325.35454980994,-36676.62528506352,-882.7345493708272,-30787.18173767312,-115447.9235806875,-22133.917484838283,24688.755459692096,17816.991173014045,24688.755459692096,24688.755459692096,93836.74308855343,78648.574761305,81295.00494878856,93836.74308855343
2018-08-31,29021.71263893356,28663.875571373967,3086.1153190264013,29021.71263893356,-328325.35454980994,-36676.62528506352,-882.7345493708272,-30787.18173767312,-115447.9235806875,-22133.917484838283,25433.78470567451,18562.020418996457,25433.78470567451,25433.78470567451,93756.28277896927,78568.11445172084,81214.5446392044,93756.28277896927
2018-09-04,29021.71263893356,28663.875571373967,3086.1153190264013,29021.71263893356,-328325.35454980994,-36676.62528506352,-882.7345493708272,-30787.18173767312,-115447.9235806875,-22133.917484838283,24874.50531455071,18002.74102787266,24874.50531455071,24874.50531455071,93978.81217252836,78790.64384527993,81437.07403276348,93978.81217252836
2018-09-05,29021.71263893356,28663.875571373967,3086.1153190264013,29021.71263893356,-328325.35454980994,-36676.62528506352,-882.7345493708272,-30787.18173767312,-115447.9235806875,-22133.917484838283,25656.50021301047,18784.735926332418,25656.50021301047,25656.50021301047,94277.72360532172,79089.5552780733,81735.98546555685,94277.72360532172
2018-09-06,29021.71263893356,28663.875571373967,3086.1153190264013,29021.71263893356,-328325.35454980994,-36676.62528506352,-882.7345493708272,-30787.18173767312,-115447.9235806875,-22133.917484838283,27213.62699645385,20341.8627097758,27213.62699645385,27213.62699645385,94289.11464898707,79100.94632173865,81747.3765092222,94289.11464898707
2018-09-07,29021.71263893356,28663.875571373967,3086.1153190264013,29021.71263893356,-328325.35454980994,-36676.62528506352,-882.7345493708272,-30787.18173767312,-115447.9235806875,-22133.917484838283,28077.109215323813,21205.34492864576,28077.109215323813,28077.109215323813,94297.20511974813,79109.03679249971,81755.46697998326,94297.20511974813
2018-09-10,29021.71263893356,28663.875571373967,3086.1153190264013,29021.71263893356,-328325.35454980994,-36676.62528506352,-882.7345493708272,-30787.18173767312,-115447.9235806875,-22133.917484838283,28620.991802476812,21749.22751579876,28620.991802476812,28620.991802476812,94229.45751518034,79041.28918793192,81687.71937541547,94229.45751518034
2018-09-11,29021.71263893356,28663.875571373967,3086.1153190264013,29021.71263893356,-328325.35454980994,-36676.62528506352,-882.7345493708272,-30787.18173767312,-115447.9235806875,-22133.917484838283,28761.46209966147,21889.697812983417,28761.46209966147,28761.46209966147,94105.47640000563,78917.30807275721,81563.73826024076,94105.47640000563
2018-09-12,29021.71263893356,28663.875571373967,3086.1153190264013,29021.71263893356,-328325.35454980994,-36676.62528506352,-882.7345493708272,-30787.18173767312,-115447.9235806875,-22133.917484838283,29464.330968071823,22592.56668139377,29464.330968071823,29464.330968071823,93963.65104181156,78775.48271456314,81421.9129020467,93963.65104181156
2018-09-13,29021.71263893356,28663.875571373967,3086.1153190264013,29021.71263893356,-328325.35454980994,-36676.62528506352,-882.7345493708272,-30787.18173767312,-115447.9235806875,-22133.917484838283,28948.342124772724,22076.577838094672,28948.342124772724,28948.342124772724,94280.52384678414,79092.35551953572,81738.78570701927,94280.52384678414
2018-09-14,29021.71263893356,28663.875571373967,3086.1153190264013,29021.71263893356,-328325.35454980994,-36676.62528506352,-882.7345493708272,-30787.18173767312,-115447.9235806875,-22133.917484838283,28588.27310707548,21716.50882039743,28588.27310707548,28588.27310707548,94180.0375092437,78991.86918199528,81638.29936947883,94180.0375092437
2018-09-17,29021.71263893356,28663.875571373967,3086.1153190264013,29021.71263893356,-328325.35454980994,-36676.62528506352,-882.7345493708272,-30787.18173767312,-115447.9235806875,-22133.917484838283,28754.30424953543,21882.53996285738,28754.30424953543,28754.30424953543,94311.30474149971,79123.13641425129,81769.56660173484,94311.30474149971
2018-09-18,29021.71263893356,28663.875571373967,3086.1153190264013,29021.71263893356,-328325.35454980994,-36676.62528506352,-882.7345493708272,-30787.18173767312,-115447.9235806875,-22133.917484838283,28483.6130135064,21611.84872682835,28483.6130135064,28483.6130135064,94343.12531752349,79154.95699027507,81801.38717775862,94343.12531752349
2018-09-19,29021.71263893356,28663.875571373967,3086.1153190264013,29021.71263893356,-328325.35454980994,-36676.62528506352,-882.7345493708272,-30787.18173767312,-115447.9235806875,-22133.917484838283,28650.418631798937,21778.654345120885,28650.418631798937,28650.418631798937,94422.50248802453,79234.33416077611,81880.76434825966,94422.50248802453
2018-09-20,29021.71263893356,28663.875571373967,3086.1153190264013,29021.71263893356,-328325.35454980994,-36676.62528506352,-882.7345493708272,-30787.18173767312,-115447.9235806875,-22133.917484838283,27511.60209682875,20639.837810150697,27511.60209682875,27511.60209682875,94250.50774815585,79062.33942090743,81708.76960839098,94250.50774815585
2018-09-21,29021.71263893356,28663.875571373967,3086.1153190264013,29021.71263893356,-328325.35454980994,-36676.62528506352,-882.7345493708272,-30787.18173767312,-115447.9235806875,-22133.917484838283,25821.155803050613,18949.39151637256,25821.155803050613,25821.155803050613,94029.12427669135,78840.95594944293,81487.38613692648,94029.12427669135
2018-09-24,29021.71263893356,28663.875571373967,3086.1153190264013,29021.71263893356,-328325.35454980994,-36676.62528506352,-882.7345493708272,-30787.18173767312,-115447.9235806875,-22133.917484838283,24529.45215888042,17657.68787220237,24529.45215888042,24529.45215888042,94037.03801790462,78848.8696906562,81495.29987813975,94037.03801790462
2018-09-25,29021.71263893356,28663.875571373967,3086.1153190264013,29021.71263893356,-328325.35454980994,-36676.62528506352,-882.7345493708272,-30787.18173767312,-115447.9235806875,-22133.917484838283,24032.696195484255,17160.931908806204,24032.696195484255,24032.696195484255,94003.88673115405,78815.71840390563,81462.14859138918,94003.88673115405
2018-09-26,29021.71263893356,28663.875571373967,3086.1153190264013,29021.71263893356,-328325.35454980994,-36676.62528506352,-882.7345493708272,-30787.18173767312,-115447.9235806875,-22133.917484838283,23517.923661540728,16646.159374862676,23517.923661540728,23517.923661540728,93978.76977346279,78790.60144621436,81437.03163369792,93978.76977346279
2018-09-27,29021.71263893356,28663.875571373967,3086.1153190264013,29021.71263893356,-328325.35454980994,-36676.62528506352,-882.7345493708272,-30787.18173767312,-115447.9235806875,-22133.917484838283,24014.339905826142,17142.57561914809,24014.339905826142,24014.339905826142,93950.65472040162,78762.4863931532,81408.91658063675,93950.65472040162
2018-09-28,29021.71263893356,28663.875571373967,3086.1153190264013,29021.71263893356,-328325.35454980994,-36676.62528506352,-882.7345493708272,-30787.18173767312,-115447.9235806875,-22133.917484838283,24361.996587525704,17490.232300847652,24361.996587525704,24361.996587525704,93955.34868079028,78767.18035354186,81413.61054102541,93955.34868079028
2018-10-01,29021.71263893356,28663.875571373967,3086.1153190264013,29021.71263893356,-328325.35454980994,-36676.62528506352,-882.7345493708272,-30787.18173767312,-115447.9235806875,-22133.917484838283,24281.51706420479,17409.752777526737,24281.51706420479,24281.51706420479,94072.65052638785,78884.48219913943,81530.91238662298,94072.65052638785
2018-10-02,29021.71263893356,28663.875571373967,3086.1153190264013,29021.71263893356,-328325.35454980994,-36676.62528506352,-882.7345493708272,-30787.18173767312,-115447.9235806875,-22133.917484838283,24534.252373962547,17662.488087284495,24534.252373962547,24534.252373962547,94124.1433380621,78935.97501081368,81582.40519829723,94124.1433380621
2018-10-03,29021.71263893356,28663.875571373967,3086.1153190264013,29021.71263893356,-328325.35454980994,-36676.62528506352,-882.7345493708272,-30787.18173767312,-115447.9235806875,-22133.917484838283,24990.429426495917,18118.665139817866,24990.429426495917,24990.429426495917,94162.65367300995,78974.48534576152,81620.91553324508,94162.65367300995
2018-10-04,29021.71263893356,28663.875571373967,3086.1153190264013,29021.71263893356,-328325.35454980994,-36676.62528506352,-882.7345493708272,-30787.18173767312,-115447.9235806875,-22133.917484838283,24311.05555661954,17439.29126994149,24311.05555661954,24311.05555661954,94121.11054826714,78932.94222101872,81579.37240850227,94121.11054826714
2018-10-05,29021.71263893356,28663.875571373967,3086.1153190264013,29021.71263893356,-328325.35454980994,-36676.62528506352,-882.7345493708272,-30787.18173767312,-115447.9235806875,-22133.917484838283,24455.518133904785,17583.753847226733,24455.518133904785,24455.518133904785,94237.23484678054,79049.06651953212,81695.49670701567,94237.23484678054
2018-10-08,29021.71263893356,28663.875571373967,3086.1153190264013,29021.71263893356,-328325.35454980994,-36676.62528506352,-882.7345493708272,-30787.18173767312,-115447.9235806875,-22133.917484838283,24035.664705103613,17163.90041842556,24035.664705103613,24035.664705103613,94405.67263561138,79217.50430836296,81863.93449584651,94405.67263561138
2018-10-09,29021.71263893356,28663.875571373967,3086.1153190264013,29021.71263893356,-328325.35454980994,-36676.62528506352,-882.7345493708272,-30787.18173767312,-115447.9235806875,-22133.917484838283,24268.39335523534,17396.62906855729,24268.39335523534,24268.39335523534,94360.39102087356,79172.22269362514,81818.65288110869,94360.39102087356
2018-10-10,29021.71263893356,28663.875571373967,3086.1153190264013,29021.71263893356,-328325.35454980994,-36676.62528506352,-882.7345493708272,-30787.18173767312,-115447.9235806875,-22133.917484838283,24563.14593159256,17691.38164491451,24563.14593159256,24563.14593159256,93999.04855188425,78810.88022463582,81457.31041211938,93999.04855188425
2018-10-11,29021.71263893356,28663.875571373967,3086.1153190264013,29021.71263893356,-328325.35454980994,-36676.62528506352,-882.7345493708272,-30787.18173767312,-115447.9235806875,-22133.917484838283,27045.47484975285,20173.710563074797,27045.47484975285,27045.47484975285,93559.00285229995,78370.83452505153,81017.26471253508,93559.00285229995
2018-10-12,29021.71263893356,28663.875571373967,3086.1153190264013,29021.71263893356,-328325.35454980994,-36676.62528506352,-882.7345493708272,-30787.18173767312,-115447.9235806875,-22133.917484838283,26096.098364563426,19224.334077885374,26096.098364563426,26096.098364563426,93209.33101809677,78021.16269084834,80667.5928783319,93209.33101809677
2018-10-15,29021.71263893356,28663.875571373967,3086.1153190264013,29021.71263893356,-328325.35454980994,-36676.62528506352,-882.7345493708272,-30787.18173767312,-115447.9235806875,-22133.917484838283,26012.350171964266,19140.585885286215,26012.350171964266,26012.350171964266,93467.29394407151,78279.12561682309,80925.55580430664,93467.29394407151
2018-10-16,29021.71263893356,28663.875571373967,3086.1153190264013,29021.71263893356,-328325.35454980994,-36676.62528506352,-882.7345493708272,-30787.18173767312,-115447.9235806875,-22133.917484838283,26130.370095926803,19258.60580924875,26130.370095926803,26130.370095926803,93334.09199580387,78145.92366855545,80792.353856039,93334.09199580387
2018-10-17,29021.71263893356,28663.875571373967,3086.1153190264013,29021.71263893356,-328325.35454980994,-36676.62528506352,-882.7345493708272,-30787.18173767312,-115447.9235806875,-22133.917484838283,26067.847281862283,19196.08299518423,26067.847281862283,26067.847281862283,93444.25153395184,78256.08320670342,80902.51339418697,93444.25153395184
2018-10-18,29021.71263893356,28663.875571373967,3086.1153190264013,29021.71263893356,-328325.35454980994,-36676.62528506352,-882.7345493708272,-30787.18173767312,-115447.9235806875,-22133.917484838283,25950.734485257417,19078.970198579365,25950.734485257417,25950.734485257417,93337.40043197502,78149.2321047266,80795.66229221015,93337.40043197502
2018-10-19,29021.71263893356,28663.875571373967,3086.1153190264013,29021.71263893356,-328325.35454980994,-36676.62528506352,-882.7345493708272,-30787.18173767312,-115447.9235806875,-22133.917484838283,26906.853743660147,20035.089456982096,26906.853743660147,26906.853743660147,93567.90150167653,78379.73317442811,81026.16336191166,93567.90150167653
2018-10-22,29404.182333993725,29046.34526643413,3468.585014086566,29404.182333993725,-327942.8848547498,-36294.155590003356,-500.2648543106625,-30404.712042612955,-115120.54535754723,-21796.642445085803,26906.853743660147,20035.089456982096,26906.853743660147,26906.853743660147,94167.2520648702,78979.08373762178,81625.51392510533,94167.2520648702
2018-10-23,29905.04015894921,29547.203091389616,3969.4428390420508,29905.04015894921,-327442.0270297943,-35793.29776504787,0.5929706448223442,-29903.85421765747,-114814.97610551363,-21993.013567084912,26906.853743660147,20035.089456982096,26906.853743660147,26906.853743660147,93819.06786806742,78630.899540819,81277.32972830255,93819.06786806742
2018-10-24,26452.07229752536,26094.235229965765,516.4749776181998,26452.07229752536,-330984.99489121814,-39246.26562647172,-3452.3748907790286,-33356.82207908132,-116391.58825782186,-27119.044896741514,26906.853743660147,20035.089456982096,26906.853743660147,26906.853743660147,90358.07570607145,75169.90737882303,77816.33756630658,90358.07570607145
2018-10-25,28827.85174866335,28470.014681103756,2892.2544287561905,28827.85174866335,-344755.28912918526,-36870.48617533373,-1076.595439641038,-30981.04262794333,-119351.70133283094,-25560.0703216322,26906.853743660147,20035.089456982096,26906.853743660147,26906.853743660147,92368.96225451399,77180.79392726556,79827.22411474911,92368.96225451399
2018-10-26,24735.82929364266,24377.992226083064,-1199.7680262643844,24735.82929364266,-332734.9010731266,-40962.50863035442,-5181.302835393464,-35098.43496442749,-118937.88871467579,-28175.004238463007,26906.853743660147,20035.089456982096,26906.853743660147,26906.853743660147,90664.49407499423,75476.32574774581,78122.75593522936,90664.49407499423
2018-10-29,25388.71429789986,25030.877230340266,-546.8830220072996,25388.71429789986,-327095.66511652817,-40354.62362609722,-3825.648936087382,-33040.01217007253,-116896.04960123322,-27535.669680441148,26906.853743660147,20035.089456982096,26906.853743660147,26906.853743660147,91520.7043933915,76332.53606614308,78978.96625362663,91520.7043933915
2018-10-30,27890.577164332266,27532.74009677267,1954.9798444251064,27890.577164332266,-337856.9193670341,-44521.01462859253,-3193.070091229398,-34276.717346788966,-119912.30904219579,-26356.63336939097,26906.853743660147,20035.089456982096,26906.853743660147,26906.853743660147,90574.5171487946,75386.34882154618,78032.77900902973,90574.5171487946
2018-10-31,28977.193454669323,28619.35638710973,3041.5961347621633,28977.193454669323,-346471.8326218241,-48312.00451133156,-3473.772961512441,-35924.73937769211,-120522.5646988476,-24672.234366164077,26906.853743660147,20035.089456982096,26906.853743660147,26906.853743660147,90597.73865673994,75409.57032949151,78056.00051697507,90597.73865673994
2018-11-01,29950.446932810824,29592.60986525123,4014.849612903665,29950.446932810824,-355268.1351456172,-52250.55864472105,-3877.4261917471886,-37705.29931630322,-120361.92640931322,-22826.79824948695,26906.853743660147,20035.089456982096,26906.853743660147,26906.853743660147,90038.65450973995,74850.48618249153,77496.91636997508,90038.65450973995
2018-11-02,31693.340266894316,31335.503199334722,5757.742946987157,31693.340266894316,-348030.0342929184,-47744.85785945633,-1366.5883379260777,-34426.516942744376,-120068.17806249217,-23121.20247021306,26906.853743660147,20035.089456982096,26906.853743660147,26906.853743660147,89892.44087119168,74704.27254394325,77350.7027314268,89892.44087119168
2018-11-05,33011.91609290242,32654.079025342828,7076.318772995262,33011.91609290242,-351799.0323202474,-48984.14484441932,-404.181200767518,-33820.278494435246,-119480.53764028009,-21817.177983909845,26906.853743660147,20035.089456982096,26906.853743660147,26906.853743660147,91815.64720418234,76627.47887693392,79273.90906441747,91815.64720418234
2018-11-06,32758.465483553708,32400.628415994113,6822.868163646432,32758.465483553708,-357921.25254335627,-52188.21749365213,-1068.4901167964563,-34895.445717144525,-119961.0321330952,-21728.10608763818,26906.853743660147,20035.089456982096,26906.853743660147,26906.853743660147,92009.95173599478,76821.78340874636,79468.2135962299,92009.95173599478
2018-11-07,33183.68249577959,32825.84542822,7248.085175872315,33183.68249577959,-377571.0665135059,-61856.05793065205,-2042.0039874920622,-37267.690470761736,-118742.51429004222,-19418.665270009078,26906.853743660147,20035.089456982096,26906.853743660147,26906.853743660147,89449.23707760684,74261.06875035842,76907.49893784197,89449.23707760684
2018-11-08,33487.96602948615,33130.12896192656,7552.368709578877,33487.96602948615,-377266.7829797993,-61551.77439694549,-1616.6109281755053,-36721.187885835185,-118851.71203890967,-19464.46232320054,26906.853743660147,20035.089456982096,26906.853743660147,26906.853743660147,88864.31927695242,72887.29477922362,76322.58113718755,88864.31927695242
2018-11-09,35224.3035697001,34866.46650214051,9288.706249792827,35224.3035697001,-375530.44543958537,-59815.43685673154,763.3088742101099,-33697.685821277904,-119468.52036884706,-19723.922431586194,26906.853743660147,20035.089456982096,26906.853743660147,26906.853743660147,90175.62912465446,72887.29477922362,77633.89098488959,90175.62912465446
2018-11-12,32384.45445123245,32026.617383672856,6448.857131325174,32384.45445123245,-378370.294558053,-62655.28597519919,-2170.2424775222316,-36724.939406274934,-122525.73766703671,-22586.139194405987,26906.853743660147,20035.089456982096,26906.853743660147,26906.853743660147,89432.86247222405,72887.29477922362,76891.12433245918,89432.86247222405
2018-11-13,33117.45012000378,32759.613052444183,7181.852800096502,33117.45012000378,-377637.2988892817,-61922.290306427865,-1446.4539790562121,-36010.35807811434,-121456.88617505808,-21640.87118767877,26906.853743660147,20035.089456982096,26906.853743660147,26906.853743660147,89654.34559033765,72887.29477922362,77112.60745057277,89654.34559033765
2018-11-14,32270.57018586551,31912.733118305914,6334.972865958232,32270.57018586551,-378574.17882341996,-62769.170240566134,-2326.913954716525,-36924.39809529658,-121702.48540467175,-22325.213000051444,26906.853743660147,20035.089456982096,26906.853743660147,26906.853743660147,88956.32730540447,72887.29477922362,76414.5891656396,88956.32730540447
2018-11-15,36172.76598267141,35814.928915111814,10237.168662764132,36172.76598267141,-384064.75723594846,-58866.974443760235,1626.1934478282928,-32920.37908701284,-119824.6348031006,-19344.40429022431,26906.853743660147,20035.089456982096,26906.853743660147,26906.853743660147,91599.66671212343,72887.29477922362,79057.92857235856,91599.66671212343
2018-11-16,37774.435372863314,37416.59830530372,11838.838052956038,37774.435372863314,-384919.17095019773,-57265.30505356833,3240.6813330921577,-31293.072706677136,-118184.01964589267,-17688.887457845383,26906.853743660147,20035.089456982096,26906.853743660147,26906.853743660147,91952.47171023465,72887.29477922362,79410.73357046978,91952.47171023465
2018-11-19,36706.60350600432,36348.76643844473,10771.006186097045,36706.60350600432,-385987.0028170567,-58333.13692042732,2172.849466233165,-32360.90457353613,-119321.23242992081,-18811.882216233178,26906.853743660147,20035.089456982096,26906.853743660147,26906.853743660147,91747.76106594945,72682.58413493843,79206.02292618458,91747.76106594945
2018-11-20,38295.71422544203,37937.87715788244,12360.116905534756,38295.71422544203,-384487.892097619,-56744.02620098961,3761.960185670876,-30771.793854098418,-116216.82099314709,-18331.461107575917,26906.853743660147,20035.089456982096,26906.853743660147,26906.853743660147,91139.34165962366,72074.16472861264,78597.60351985879,91139.34165962366
2018-11-21,39267.80769994226,38909.97063238267,13332.210380034987,39267.80769994226,-386582.6338168924,-55771.93272648938,4734.0536601711065,-29799.700379598187,-115744.86985252146,-17137.14686110895,26906.853743660147,20035.089456982096,26906.853743660147,26906.853743660147,91587.62608092767,72522.44914991665,79045.8879411628,91587.62608092767
2018-11-23,40164.050061365124,39806.21299380553,14228.452741457848,40164.050061365124,-379654.931325675,-54875.69036506652,5630.296021593967,-28903.458018175326,-114325.44465956371,-17043.407885901397,26906.853743660147,20035.089456982096,26906.853743660147,26906.853743660147,91592.44402115233,72527.26709014131,79050.70588138746,91592.44402115233
2018-11-26,40936.42221478105,40578.585147221456,15000.824894873775,40936.42221478105,-393364.76810159103,-54103.31821165059,6394.678426823346,-28147.065361132496,-118281.3545029076,-17357.311898094835,26906.853743660147,20035.089456982096,26906.853743660147,26906.853743660147,92475.4167857063,73410.23985469528,79933.67864594143,92475.4167857063
2018-11-27,40314.608973733964,39956.77190617437,14379.011653826688,40314.608973733964,-397053.12350241595,-54725.13145269768,5504.072788457153,-29306.46339681768,-119450.34603233146,-17987.151213304955,26906.853743660147,20035.089456982096,26906.853743660147,26906.853743660147,92548.97885794914,73483.80192693812,80007.24071818427,92548.97885794914
2018-11-28,38360.527325511095,38002.6902579515,12424.93000560382,38360.527325511095,-420159.2472752526,-56679.21310092055,1704.147041543969,-34952.23324242118,-124747.35819274874,-19943.939038115437,26906.853743660147,20035.089456982096,26906.853743660147,26906.853743660147,92341.82609799807,73276.64916698704,79800.0879582332,92341.82609799807
2018-11-29,38011.717919503804,37653.88085194421,12076.120599596528,38011.717919503804,-420508.0566812599,-57028.02250692784,1534.5240052882582,-34942.66990892531,-125121.43764916854,-20434.65700210072,26906.853743660147,20035.089456982096,26906.853743660147,26906.853743660147,92588.92304415978,73523.74611314875,80047.1849043949,92588.92304415978
2018-11-30,37563.97855525836,37206.14148769877,11628.381235351088,37563.97855525836,-420955.7960455053,-57475.76187117328,588.0053232290084,-36387.967908798484,-125608.27737937158,-20562.545999115333,26906.853743660147,20035.089456982096,26906.853743660147,26906.853743660147,92158.18572797743,73093.0087969664,79616.44758821256,92158.18572797743
2018-12-03,24804.891230002395,24359.75323261565,-1130.706089904881,24804.891230002395,-433714.8833707612,-70234.84919642925,-13270.072921046289,-51345.03707209299,-137325.57381487172,-31809.831671495223,26906.853743660147,20035.089456982096,26906.853743660147,26906.853743660147,91943.27430893993,72878.0973779289,79401.53616917506,91943.27430893993
2018-12-04,33761.14781304519,24359.75323261565,7825.550493137911,33761.14781304519,-424758.6267877184,-61278.592613386456,-4467.318324333639,-42695.784461710486,-128722.32788898714,-22888.41687265958,26906.853743660147,20035.089456982096,26906.853743660147,26906.853743660147,91393.4560688301,72328.27913781907,78851.71792906523,91393.4560688301
2018-12-06,35233.78218082443,24359.75323261565,9298.184860917157,35233.78218082443,-423285.99241993914,-59805.95824560721,-3001.6384322742233,-41237.059045370785,-127523.94942041836,-21845.238394482643,26906.853743660147,20035.089456982096,26906.853743660147,26906.853743660147,91040.32280832296,71975.14587731194,78498.58466855809,91040.32280832296
2018-12-07,31791.21402974229,24359.75323261565,5855.616709835012,31791.21402974229,-426818.5605710213,-63248.526396689354,-6550.556471651304,-44892.3269730428,-126499.53388632939,-23250.70886351727,26906.853743660147,20035.089456982096,26906.853743660147,26906.853743660147,90409.73388609942,71344.5569550884,77867.99574633455,90409.73388609942
2018-12-10,35568.25093349593,24359.75323261565,9632.653613588656,35568.25093349593,-424748.89623864787,-59471.48949293571,-2765.0384857162135,-41098.32790492615,-124836.56332231266,-21150.779078652617,26906.853743660147,20035.089456982096,26906.853743660147,26906.853743660147,90583.67222994124,71518.49529893021,78041.93409017636,90583.67222994124
2018-12-11,37909.42632407998,24359.75323261565,11973.829004172701,37909.42632407998,-422612.7441573198,-57130.314102351665,-434.3499810254434,-38778.12628612865,-124397.51370052528,-20661.21510689915,26906.853743660147,20035.089456982096,26906.853743660147,26906.853743660147,90675.15632871236,71609.97939770133,78133.41818894749,90675.15632871236
2018-12-12,38263.96178839763,24359.75323261565,12328.364468490356,38263.96178839763,-426799.495548208,-56775.77863803401,-636.5686644063098,-39537.09911720804,-125171.53562589898,-20318.353875773377,26906.853743660147,20035.089456982096,26906.853743660147,26906.853743660147,90985.29490251886,71920.11797150783,78443.55676275399,90985.29490251886
2018-12-13,39939.64156861999,24359.75323261565,14004.044248712715,39939.64156861999,-424816.6625432911,-55100.09885781165,1076.7675857286667,-37786.106397160445,-123448.09142333921,-18658.65953948791,26906.853743660147,20035.089456982096,26906.853743660147,26906.853743660147,91346.35219559609,72281.17526458506,78804.61405583122,91346.35219559609
2018-12-14,41335.6431036304,24359.75323261565,15400.045783723122,41335.6431036304,-406688.67996264284,-53749.097322801244,4524.081918936921,-32287.47926575446,-119179.29814906674,-17879.93694709416,26906.853743660147,20035.089456982096,26906.853743660147,26906.853743660147,90650.93683799962,71585.75990698859,78109.19869823474,90650.93683799962
2018-12-17,37252.971217059065,24359.75323261565,11317.373897151789,37252.971217059065,-393322.34714768827,-49003.43136709905,2580.6287275352515,-32091.71376198635,-114414.28762258368,-19329.38612447423,26906.853743660147,20035.089456982096,26906.853743660147,26906.853743660147,90891.47810798581,71826.30117697478,78349.73996822094,90891.47810798581
2018-12-18,37667.850237199105,24359.75323261565,11732.25291729183,37667.850237199105,-391951.4757391013,-48104.86723573238,3102.6059933354845,-31462.638250525924,-113487.45519077044,-18851.64995003189,26906.853743660147,20035.089456982096,26906.853743660147,26906.853743660147,90938.96855613543,71873.7916251244,78397.23041637056,90938.96855613543
2018-12-19,38640.61511583289,24359.75323261565,12705.01779592561,38640.61511583289,-377934.9176754061,-40532.58479422028,7187.763682943885,-24265.087749942788,-106298.74578329874,-17887.3689228741,26906.853743660147,20035.089456982096,26906.853743660147,26906.853743660147,91810.51535676583,72745.3384257548,79268.77721700096,91810.51535676583
2018-12-20,39232.03722275293,24359.75323261565,13296.439902845654,39232.03722275293,-363377.4792309622,-32875.04558506864,11111.631208934705,-17008.77480488119,-99445.12167750485,-17756.78496580862,26906.853743660147,20035.089456982096,26906.853743660147,26906.853743660147,91332.3170377037,72267.14010669268,78790.57889793883,91332.3170377037
2018-12-21,49423.00462812674,24359.75323261565,23487.407308219,49423.00462812674,-335975.92736200837,-13976.36924692255,25428.959874878637,1434.915121633443,-83580.05302486371,-10216.99601073435,26906.853743660147,20035.089456982096,26906.853743660147,26906.853743660147,89981.02117372188,70915.84424271085,77439.283033957,89981.02117372188
2018-12-24,41573.77940488758,16510.52800937649,15638.182084979839,41573.77940488758,-343915.15258524753,-21825.59447016171,17579.734651639475,-6414.310101605719,-91504.88484411221,-18126.96122330462,26906.853743660147,20035.089456982096,26906.853743660147,26906.853743660147,90070.8327756084,71005.65584459738,77529.09463584353,90070.8327756084
2018-12-26,47789.77490283281,22726.52350732172,21854.17758292507,47789.77490283281,-383266.06985902914,-15609.598972216481,23795.730149584706,-198.3146036604885,-92370.65970685612,-11468.98352427152,26906.853743660147,20035.089456982096,26906.853743660147,26906.853743660147,90193.55406010267,71128.37712909165,77651.8159203378,90193.55406010267
2018-12-27,46898.99485944654,21835.743463935447,20963.397539538797,46898.99485944654,-384156.8499024154,-16500.379015602753,22904.950106198434,-1089.0946470467607,-92471.91621576983,-11323.315706509165,26906.853743660147,20035.089456982096,26906.853743660147,26906.853743660147,90052.50432754098,70987.32739652996,77510.76618777611,90052.50432754098
2018-12-28,48066.84176802193,23003.590372510836,22131.244448114187,48066.84176802193,-382989.00299384,-15332.532107027364,24072.797014773823,78.75226152862888,-91131.57326081465,-10004.332396005047,26906.853743660147,20035.089456982096,26906.853743660147,26906.853743660147,90159.61871994706,71094.44178893603,77617.88058018219,90159.61871994706
2018-12-31,49949.35314323194,24886.101747720968,24013.755823324318,49949.35314323194,-381106.4916186299,-13450.020731817232,25954.979812558275,1960.6064818874002,-88369.00813292724,-7104.356472399901,26906.853743660147,20035.089456982096,26906.853743660147,26906.853743660147,90160.23526891274,71095.05833790172,77618.49712914787,90160.23526891274
2019-01-02,52133.41639052448,27070.164995013503,26197.819070616853,52133.41639052448,-378922.42837133736,-11265.957484524697,28142.461065094452,4151.50573966722,-86183.59871109866,-4924.931860633893,26906.853743660147,20035.089456982096,26906.853743660147,26906.853743660147,90558.15027663251,71492.97334562149,78016.41213686764,90558.15027663251
2019-01-03,48373.520404923824,23310.269009412732,22437.923085016082,48373.520404923824,-382682.32435693813,-15025.853470125468,24304.07685227017,234.63329961930867,-90396.78728274687,-8774.615560966544,26906.853743660147,20035.089456982096,26906.853743660147,26906.853743660147,90394.47656706604,71329.29963605502,77852.73842730117,90394.47656706604
2019-01-04,54244.3370320797,29181.085636568605,28308.739712171955,54244.3370320797,-376811.50772978226,-9155.036842969595,30282.437898554606,6320.53876503231,-85832.53384653805,-3556.2186440133955,26906.853743660147,20035.089456982096,26906.853743660147,26906.853743660147,90459.68145792861,71394.50452691759,77917.94331816374,90459.68145792861
2019-01-07,54538.253968027886,29475.002572516794,28602.656648120144,54538.253968027886,-376517.59079383407,-8861.119907021406,30602.51772678364,6666.781485542306,-85389.60101174912,-3348.0947851260426,26906.853743660147,20035.089456982096,26906.853743660147,26906.853743660147,91125.65749394591,72060.48056293488,78583.91935418104,91125.65749394591
2019-01-08,54692.67156950082,29629.420173989725,28757.074249593075,54692.67156950082,-376363.17319236114,-8706.702305548475,30786.49790522817,6880.3242409584345,-84394.34668043675,-2758.0002800067887,26906.853743660147,20035.089456982096,26906.853743660147,26906.853743660147,91376.66683121887,72311.48990020785,78834.928691454,91376.66683121887
2019-01-09,54910.00642109662,29846.755025585648,28974.409101188998,54910.00642109662,-376145.8383407652,-8489.367453952553,31106.516609679675,7303.0267982655205,-83972.89115037303,-2541.828710143687,26906.853743660147,20035.089456982096,26906.853743660147,26906.853743660147,91472.07205399754,72406.89512298652,78930.33391423267,91472.07205399754
2019-01-10,54930.95511558093,29867.703720069956,28995.357795673306,54930.95511558093,-376124.8896462809,-8468.418759468244,31205.33010063693,7479.705085695605,-83812.48417957744,-2534.0319257534575,26906.853743660147,20035.089456982096,26906.853743660147,26906.853743660147,91770.7222036717,72705.54527266067,79228.98406390683,91770.7222036717
2019-01-11,54867.27376434812,29804.02236883703,28931.67644444038,54867.27376434812,-376188.57099751383,-8532.100110701169,31150.202201246982,7433.130638148636,-83844.71852844371,-2582.361167535535,26906.853743660147,20035.089456982096,26906.853743660147,26906.853743660147,91653.98608874762,72588.8091577366,79112.24794898275,91653.98608874762
2019-01-14,54488.25058669597,29424.999191184994,28552.653266788344,54488.25058669597,-376567.59417516587,-8911.123288353207,30635.984445465496,6783.718304237584,-84422.70100667898,-2900.98586658726,26906.853743660147,20035.089456982096,26906.853743660147,26906.853743660147,91002.00029917131,71936.82336816029,78460.26215940644,91002.00029917131
2019-01-15,54599.364095418714,29536.112699907506,28663.766775510856,54599.364095418714,-376456.48066644336,-8800.009779630695,30998.611214582925,7397.858333750046,-83650.29027366685,-2742.8139445330016,26906.853743660147,20035.089456982096,26906.853743660147,26906.853743660147,91250.56097517628,72185.38404416526,78708.82283541141,91250.56097517628
2019-01-16,54344.2336327245,29280.982237213408,28408.636312816758,54344.2336327245,-376711.61112913745,-9055.140242324793,30775.36355515977,7206.493477597833,-83845.7889808307,-3000.7257672562264,26906.853743660147,20035.089456982096,26906.853743660147,26906.853743660147,89777.89135056175,70712.71441955073,77236.15321079688,89777.89135056175
2019-01-17,54711.88167892094,29648.630283409962,28776.284359013312,54711.88167892094,-376343.9630829409,-8687.492196128238,31243.215315471636,7774.5489520251285,-83590.90039992705,-2842.367774609127,26906.853743660147,20035.089456982096,26906.853743660147,26906.853743660147,89271.80146079557,70206.62452978455,76730.0633210307,89271.80146079557
2019-01-18,55536.92439116072,30473.672995649744,29601.327071253094,55536.92439116072,-375518.9203707011,-7862.449483888457,32245.38788557099,8953.851379983942,-83475.4155883001,-2731.076688612113,26906.853743660147,20035.089456982096,26906.853743660147,26906.853743660147,88768.83023700956,69703.65330599854,76227.09209724469,88768.83023700956
2019-01-22,55536.92439116072,30473.672995649744,29601.327071253094,55536.92439116072,-375518.9203707011,-7862.449483888457,32245.38788557099,8953.851379983942,-83475.4155883001,-2731.076688612113,26906.853743660147,20035.089456982096,26906.853743660147,26906.853743660147,89255.284480087,70190.10754907597,76713.54634032212,89255.284480087
2019-01-23,55536.92439116072,30473.672995649744,29601.327071253094,55536.92439116072,-375518.9203707011,-7862.449483888457,32245.38788557099,8953.851379983942,-83475.4155883001,-2731.076688612113,26906.853743660147,20035.089456982096,26906.853743660147,26906.853743660147,89082.07525304146,70016.89832203044,76540.33711327659,89082.07525304146
2019-01-24,55536.92439116072,30473.672995649744,29601.327071253094,55536.92439116072,-375518.9203707011,-7862.449483888457,32245.38788557099,8953.851379983942,-83475.4155883001,-2731.076688612113,26906.853743660147,20035.089456982096,26906.853743660147,26906.853743660147,89416.0689549367,70350.89202392567,76874.33081517182,89416.0689549367
2019-01-25,55536.92439116072,30473.672995649744,29601.327071253094,55536.92439116072,-375518.9203707011,-7862.449483888457,32245.38788557099,8953.851379983942,-83475.4155883001,-2731.076688612113,26906.853743660147,20035.089456982096,26906.853743660147,26906.853743660147,89466.70592808444,70401.52899707342,76924.96778831957,89466.70592808444
2019-01-28,55536.92439116072,30473.672995649744,29601.327071253094,55536.92439116072,-375518.9203707011,-7862.449483888457,32245.38788557099,8953.851379983942,-83475.4155883001,-2731.076688612113,26906.853743660147,20035.089456982096,26906.853743660147,26906.853743660147,89456.62221849058,70391.44528747955,76914.8840787257,89456.62221849058
2019-01-29,55536.92439116072,30473.672995649744,29601.327071253094,55536.92439116072,-375518.9203707011,-7862.449483888457,32245.38788557099,8953.851379983942,-83475.4155883001,-2731.076688612113,26906.853743660147,20035.089456982096,26906.853743660147,26906.853743660147,90206.97521805158,71141.79828704055,77665.23707828671,90206.97521805158
2019-01-30,55536.92439116072,30473.672995649744,29601.327071253094,55536.92439116072,-375518.9203707011,-7862.449483888457,32245.38788557099,8953.851379983942,-83475.4155883001,-2731.076688612113,26906.853743660147,20035.089456982096,26906.853743660147,26906.853743660147,89687.80682641128,70622.62989540026,77146.06868664641,89687.80682641128
2019-01-31,55536.92439116072,30473.672995649744,29601.327071253094,55536.92439116072,-375518.9203707011,-7862.449483888457,32245.38788557099,8953.851379983942,-83475.4155883001,-2731.076688612113,26906.853743660147,20035.089456982096,26906.853743660147,26906.853743660147,88340.04685267853,69274.8699216675,75798.30871291365,88340.04685267853
2019-02-01,55536.92439116072,30473.672995649744,29601.327071253094,55536.92439116072,-375518.9203707011,-7862.449483888457,32245.38788557099,8953.851379983942,-83475.4155883001,-2731.076688612113,26906.853743660147,20035.089456982096,26906.853743660147,26906.853743660147,88036.43962031393,68971.26268930291,75494.70148054906,88036.43962031393
2019-02-04,55536.92439116072,30473.672995649744,29601.327071253094,55536.92439116072,-375518.9203707011,-7862.449483888457,32245.38788557099,8953.851379983942,-83475.4155883001,-2731.076688612113,26906.853743660147,20035.089456982096,26906.853743660147,26906.853743660147,88459.83590948489,69394.65897847386,75918.09776972001,88459.83590948489
2019-02-05,55536.92439116072,30473.672995649744,29601.327071253094,55536.92439116072,-375518.9203707011,-7862.449483888457,32245.38788557099,8953.851379983942,-83475.4155883001,-2731.076688612113,26906.853743660147,20035.089456982096,26906.853743660147,26906.853743660147,87590.80078495247,68525.62385394145,75049.0626451876,87590.80078495247
2019-02-06,55536.92439116072,30473.672995649744,29601.327071253094,55536.92439116072,-375518.9203707011,-7862.449483888457,32245.38788557099,8953.851379983942,-83475.4155883001,-2731.076688612113,26906.853743660147,20035.089456982096,26906.853743660147,26906.853743660147,87288.52956300182,68223.3526319908,74746.79142323695,87288.52956300182
2019-02-07,55536.92439116072,30473.672995649744,29601.327071253094,55536.92439116072,-375518.9203707011,-7862.449483888457,32245.38788557099,8953.851379983942,-83475.4155883001,-2731.076688612113,26906.853743660147,20035.089456982096,26906.853743660147,26906.853743660147,86559.80281250947,67494.62588149845,74018.0646727446,86559.80281250947
2019-02-08,55536.92439116072,30473.672995649744,29601.327071253094,55536.92439116072,-375518.9203707011,-7862.449483888457,32245.38788557099,8953.851379983942,-83475.4155883001,-2731.076688612113,26906.853743660147,20035.089456982096,26906.853743660147,26906.853743660147,86329.6284097596,67264.45147874858,73787.89026999474,86329.6284097596
2019-02-11,55536.92439116072,30473.672995649744,29601.327071253094,55536.92439116072,-375518.9203707011,-7862.449483888457,32245.38788557099,8953.851379983942,-83475.4155883001,-2731.076688612113,26906.853743660147,20035.089456982096,26906.853743660147,26906.853743660147,87047.07579988963,67981.8988688786,74505.33766012476,87047.07579988963
2019-02-12,55536.92439116072,30473.672995649744,29601.327071253094,55536.92439116072,-375518.9203707011,-7862.449483888457,32245.38788557099,8953.851379983942,-83475.4155883001,-2731.076688612113,26906.853743660147,20035.089456982096,26906.853743660147,26906.853743660147,87587.64892741619,68522.47199640516,75045.91078765132,87587.64892741619
2019-02-13,55536.92439116072,30473.672995649744,29601.327071253094,55536.92439116072,-375518.9203707011,-7862.449483888457,32245.38788557099,8953.851379983942,-83475.4155883001,-2731.076688612113,26906.853743660147,20035.089456982096,26906.853743660147,26906.853743660147,87697.4692187407,68632.29228772968,75155.73107897583,87697.4692187407
2019-02-14,55536.92439116072,30473.672995649744,29601.327071253094,55536.92439116072,-375518.9203707011,-7862.449483888457,32245.38788557099,8953.851379983942,-83475.4155883001,-2731.076688612113,26906.853743660147,20035.089456982096,26906.853743660147,26906.853743660147,87484.81050377875,68419.63357276772,74943.07236401387,87484.81050377875
2019-02-15,55536.92439116072,30473.672995649744,29601.327071253094,55536.92439116072,-375518.9203707011,-7862.449483888457,32245.38788557099,8953.851379983942,-83475.4155883001,-2731.076688612113,26906.853743660147,20035.089456982096,26906.853743660147,26906.853743660147,86559.01815198059,67493.84122096957,74017.28001221572,86559.01815198059
2019-02-19,54165.1730253757,29101.92162986484,28229.57570546819,54165.1730253757,-376890.671736486,-9234.200849673362,30873.636519786087,7582.100014199037,-84889.58946340007,-4138.063873363193,26906.853743660147,20035.089456982096,26906.853743660147,26906.853743660147,86862.1692017524,67796.99227074138,74320.43106198753,86862.1692017524
2019-02-20,53791.27791806776,28728.026522556785,27855.680598160136,53791.27791806776,-377264.5668437941,-9608.095956981415,30499.741412478033,7208.204906890984,-85165.48635432555,-4267.972993861185,26906.853743660147,20035.089456982096,26906.853743660147,26906.853743660147,86761.36218967731,67696.18525866629,74219.62404991244,86761.36218967731
2019-02-21,54570.28640153888,29507.035006028018,28634.689081631368,54570.28640153888,-376485.55836032284,-8829.087473510182,31278.749895949266,7987.213390362216,-84015.23726384377,-3332.04106666171,26906.853743660147,20035.089456982096,26906.853743660147,26906.853743660147,86619.37834874098,67554.20141772996,74077.64020897611,86619.37834874098
2019-02-22,53639.307362027466,28576.05596651649,27703.71004211984,53639.307362027466,-377416.5373998344,-9760.06651302171,30347.77085643774,7056.234350850689,-85129.19347945391,-3987.5697067487054,26906.853743660147,20035.089456982096,26906.853743660147,26906.853743660147,84580.79238905339,65515.61545804236,72039.05424928851,84580.79238905339
2019-02-25,52400.3418646676,27337.090469156625,26464.744544759975,52400.3418646676,-378655.50289719424,-10999.032010381576,29107.395661309478,5814.449457954033,-85659.73965868203,-4456.6817590253195,26906.853743660147,20035.089456982096,26906.853743660147,26906.853743660147,84715.97282711393,65650.7958961029,72174.23468734906,84715.97282711393
2019-02-26,52033.26612445968,26970.014728948823,26097.668804552173,52033.26612445968,-379022.57863740204,-11366.107750589377,28750.409593820455,5467.55306318379,-86008.97828096559,-4826.000480065704,26906.853743660147,20035.089456982096,26906.853743660147,26906.853743660147,84510.32260125829,65445.145670247264,71968.58446149342,84510.32260125829
2019-02-27,52540.71851051436,27477.4671150035,26605.12119060685,52540.71851051436,-378515.12625134736,-10858.655364534701,29263.911471680505,5987.104432849097,-85622.81817735545,-4451.286976586212,26906.853743660147,20035.089456982096,26906.853743660147,26906.853743660147,83963.88874141686,64898.71181040583,71422.15060165199,83963.88874141686
2019-02-28,52974.5108970725,27911.259501561522,27038.913577164873,52974.5108970725,-378081.33386478934,-10424.862977976678,29723.928383655497,6473.345870240941,-85420.60256798158,-4295.075553238508,26906.853743660147,20035.089456982096,26906.853743660147,26906.853743660147,84427.84833717882,65362.67140616779,71886.11019741395,84427.84833717882
2019-03-01,52844.947286920156,27781.69589140918,26909.34996701253,52844.947286920156,-378210.8974749417,-10554.42658812902,29506.61480363144,6168.28232034517,-85590.88870196824,-4283.19119073113,26906.853743660147,20035.089456982096,26906.853743660147,26906.853743660147,84269.86530200066,65204.688370989636,71728.12716223579,84269.86530200066
2019-03-04,53533.24994045589,28469.9985449448,27597.65262054815,53533.24994045589,-377522.59482140606,-9866.123934593401,30244.870655860286,6956.491371267242,-85406.75158447085,-4097.872497928445,26906.853743660147,20035.089456982096,26906.853743660147,26906.853743660147,84611.07199981087,65545.89506879984,72069.333860046,84611.07199981087
2019-03-05,53251.020166530274,28187.768771019182,27315.422846622532,53251.020166530274,-377804.8245953317,-10148.353708519018,29961.606186357676,6672.192206187756,-85692.60743078939,-4381.618296900182,26906.853743660147,20035.089456982096,26906.853743660147,26906.853743660147,84498.22803554544,65433.05110453442,71956.48989578057,84498.22803554544
2019-03-06,53436.87681723735,28373.625421726378,27501.279497329728,53436.87681723735,-377618.9679446245,-9962.497057811823,30142.861639964976,6848.846462695161,-85707.79058832675,-4387.537312237895,26906.853743660147,20035.089456982096,26906.853743660147,26906.853743660147,84410.3104644746,65345.13353346358,71868.57232470973,84410.3104644746
2019-03-07,52682.4050102944,27619.153614783427,26746.807690386777,52682.4050102944,-378373.43975156744,-10716.968864754774,29382.073935022927,6081.7428597538965,-85644.84970719833,-4521.54628112691,26906.853743660147,20035.089456982096,26906.853743660147,26906.853743660147,84226.93807516829,65161.761144157266,71685.19993540342,84226.93807516829
2019-03-08,53401.34596284572,28338.09456733486,27465.74864293821,53401.34596284572,-377654.498799016,-9998.027912203339,30099.517451331718,6797.688939820044,-84556.5770553617,-3579.323387212353,26906.853743660147,20035.089456982096,26906.853743660147,26906.853743660147,84240.22604640434,65175.04911539331,71698.48790663946,84240.22604640434
2019-03-11,53907.21567999781,28843.964284486836,27971.618360090186,53907.21567999781,-377148.629081864,-9492.158195051365,30615.217771389172,7323.219862782862,-87190.7910046383,-4997.7780574416975,26906.853743660147,20035.089456982096,26906.853743660147,26906.853743660147,84328.91015366605,65263.73322265502,71787.17201390117,84328.91015366605
2019-03-12,57343.652980729006,32280.40158521803,31408.05566082138,57343.652980729006,-373712.19178113283,-6055.7208943201695,34092.412813557545,10841.172646388412,-83681.50482542359,-1568.2476961619686,26906.853743660147,20035.089456982096,26906.853743660147,26906.853743660147,84476.24488332542,65411.06795231439,71934.50674356055,84476.24488332542
2019-03-13,53768.26585281291,28705.014457301935,27832.668532905285,53768.26585281291,-377287.5789090489,-9631.108022236265,30588.8369127583,7409.407972706016,-86791.63090701483,-4934.453266356373,26906.853743660147,20035.089456982096,26906.853743660147,26906.853743660147,84484.69358016644,65419.51664915541,71942.95544040157,84484.69358016644
2019-03-14,54308.121548805386,29244.87015329441,28372.52422889776,54308.121548805386,-376747.72321305645,-9091.25232624379,31121.702969370293,7935.284389937529,-86497.80365029769,-4588.8387586190365,26906.853743660147,20035.089456982096,26906.853743660147,26906.853743660147,84324.3951302243,65259.21819921327,71782.65699045942,84324.3951302243
2019-03-15,54961.83488310198,29898.58348759124,29026.23756319459,54961.83488310198,-376094.0098787596,-8437.53899194696,31829.33296546864,8696.83104783739,-84918.59799507249,-3367.6623972004745,26906.853743660147,20035.089456982096,26906.853743660147,26906.853743660147,84426.7264507988,65361.549519787775,71884.98831103393,84426.7264507988
2019-03-18,54961.83488310198,29898.58348759124,29026.23756319459,54961.83488310198,-376094.0098787596,-8437.53899194696,31829.33296546864,8696.83104783739,-84918.59799507249,-3367.6623972004745,25786.137787511107,18914.373500833055,25786.137787511107,25786.137787511107,84348.76881632674,65283.59188531572,71807.03067656187,84348.76881632674
2019-03-19,54961.83488310198,29898.58348759124,29026.23756319459,54961.83488310198,-376094.0098787596,-8437.53899194696,31829.33296546864,8696.83104783739,-84918.59799507249,-3367.6623972004745,25107.698257082026,18235.933970403974,25107.698257082026,25107.698257082026,84397.64201636915,65332.465085358126,71855.90387660428,84397.64201636915
2019-03-20,54961.83488310198,29898.58348759124,29026.23756319459,54961.83488310198,-376094.0098787596,-8437.53899194696,31829.33296546864,8696.83104783739,-84918.59799507249,-3367.6623972004745,24202.542297571315,17330.778010893264,24202.542297571315,24202.542297571315,84398.84721005429,65333.67027904326,71857.10907028941,84398.84721005429
2019-03-21,54961.83488310198,29898.58348759124,29026.23756319459,54961.83488310198,-376094.0098787596,-8437.53899194696,31829.33296546864,8696.83104783739,-84918.59799507249,-3367.6623972004745,22585.98823410424,15714.223947426188,22585.98823410424,22585.98823410424,84433.78870381019,65368.611772799166,71892.05056404532,84433.78870381019
2019-03-22,54961.83488310198,29898.58348759124,29026.23756319459,54961.83488310198,-376094.0098787596,-8437.53899194696,31829.33296546864,8696.83104783739,-84918.59799507249,-3367.6623972004745,23278.314728286816,16406.550441608764,23278.314728286816,23278.314728286816,84254.41041765688,65189.233486645855,71712.67227789201,84254.41041765688
2019-03-25,54961.83488310198,29898.58348759124,29026.23756319459,54961.83488310198,-376094.0098787596,-8437.53899194696,31829.33296546864,8696.83104783739,-84918.59799507249,-3367.6623972004745,23882.566130438936,17010.801843760884,23882.566130438936,23882.566130438936,84389.68749662652,65324.51056561549,71847.94935686165,84389.68749662652
2019-03-26,54961.83488310198,29898.58348759124,29026.23756319459,54961.83488310198,-376094.0098787596,-8437.53899194696,31829.33296546864,8696.83104783739,-84918.59799507249,-3367.6623972004745,24327.18414936529,17455.41986268724,24327.18414936529,24327.18414936529,84417.90228869743,65352.7253576864,71876.16414893256,84417.90228869743
2019-03-27,54961.83488310198,29898.58348759124,29026.23756319459,54961.83488310198,-376094.0098787596,-8437.53899194696,31829.33296546864,8696.83104783739,-84918.59799507249,-3367.6623972004745,24817.178833496175,17945.414546818123,24817.178833496175,24817.178833496175,84438.2001961025,65373.02326509147,71896.46205633762,84438.2001961025
2019-03-28,54961.83488310198,29898.58348759124,29026.23756319459,54961.83488310198,-376094.0098787596,-8437.53899194696,31829.33296546864,8696.83104783739,-84918.59799507249,-3367.6623972004745,25019.467392683728,18147.703106005676,25019.467392683728,25019.467392683728,84356.54389495822,65291.36696394719,71814.80575519335,84356.54389495822
2019-03-29,54961.83488310198,29898.58348759124,29026.23756319459,54961.83488310198,-376094.0098787596,-8437.53899194696,31829.33296546864,8696.83104783739,-84918.59799507249,-3367.6623972004745,24621.68276857247,17749.91848189442,24621.68276857247,24621.68276857247,84344.87132241204,65279.69439140102,71803.13318264717,84344.87132241204
2019-04-01,54961.83488310198,29898.58348759124,29026.23756319459,54961.83488310198,-376094.0098787596,-8437.53899194696,31829.33296546864,8696.83104783739,-84918.59799507249,-3367.6623972004745,23235.426690797438,16363.662404119386,23235.426690797438,23235.426690797438,84470.04250549013,65404.8655744791,71928.30436572526,84470.04250549013
2019-04-02,54961.83488310198,29898.58348759124,29026.23756319459,54961.83488310198,-376094.0098787596,-8437.53899194696,31829.33296546864,8696.83104783739,-84918.59799507249,-3367.6623972004745,23611.504366899957,16739.740080221905,23611.504366899957,23611.504366899957,84496.18895481294,65431.012023801915,71954.45081504807,84496.18895481294
2019-04-03,54961.83488310198,29898.58348759124,29026.23756319459,54961.83488310198,-376094.0098787596,-8437.53899194696,31829.33296546864,8696.83104783739,-84918.59799507249,-3367.6623972004745,23059.01233318087,16187.24804650282,23059.01233318087,23059.01233318087,84428.1699967573,65362.99306574627,71886.43185699242,84428.1699967573
2019-04-04,54961.83488310198,29898.58348759124,29026.23756319459,54961.83488310198,-376094.0098787596,-8437.53899194696,31829.33296546864,8696.83104783739,-84918.59799507249,-3367.6623972004745,23047.356118234806,16175.591831556754,23047.356118234806,23047.356118234806,84458.01115874597,65392.834227734944,71916.2730189811,84458.01115874597
2019-04-05,54961.83488310198,29898.58348759124,29026.23756319459,54961.83488310198,-376094.0098787596,-8437.53899194696,31829.33296546864,8696.83104783739,-84918.59799507249,-3367.6623972004745,21819.872708362178,14948.108421684126,21819.872708362178,21819.872708362178,84439.85812320444,65374.68119219341,71898.11998343957,84439.85812320444
2019-04-08,54961.83488310198,29898.58348759124,29026.23756319459,54961.83488310198,-376094.0098787596,-8437.53899194696,31829.33296546864,8696.83104783739,-84918.59799507249,-3367.6623972004745,21630.82366595487,14759.05937927682,21630.82366595487,21630.82366595487,84461.91658007936,65396.73964906833,71920.17844031448,84461.91658007936
2019-04-09,54961.83488310198,29898.58348759124,29026.23756319459,54961.83488310198,-376094.0098787596,-8437.53899194696,31829.33296546864,8696.83104783739,-84918.59799507249,-3367.6623972004745,21805.655471217702,14933.89118453965,21805.655471217702,21805.655471217702,84533.16270249989,65467.985771488864,71991.42456273502,84533.16270249989
2019-04-10,54961.83488310198,29898.58348759124,29026.23756319459,54961.83488310198,-376094.0098787596,-8437.53899194696,31829.33296546864,8696.83104783739,-84918.59799507249,-3367.6623972004745,22461.844683542964,15590.080396864912,22461.844683542964,22461.844683542964,84578.85522662033,65513.67829560931,72037.11708685546,84578.85522662033
2019-04-11,54961.83488310198,29898.58348759124,29026.23756319459,54961.83488310198,-376094.0098787596,-8437.53899194696,31829.33296546864,8696.83104783739,-84918.59799507249,-3367.6623972004745,22749.372307631536,15877.608020953485,22749.372307631536,22749.372307631536,84459.05448641302,65393.877555401996,71917.31634664815,84459.05448641302
2019-04-12,54961.83488310198,29898.58348759124,29026.23756319459,54961.83488310198,-376094.0098787596,-8437.53899194696,31829.33296546864,8696.83104783739,-84918.59799507249,-3367.6623972004745,25421.294893692713,18549.53060701466,25421.294893692713,25421.294893692713,84472.64400910446,65407.46707809344,71930.9058693396,84472.64400910446
2019-04-15,54961.83488310198,29898.58348759124,29026.23756319459,54961.83488310198,-376094.0098787596,-8437.53899194696,31829.33296546864,8696.83104783739,-84918.59799507249,-3367.6623972004745,25162.35025836923,18290.58597169118,25162.35025836923,25162.35025836923,84541.21522345045,65476.03829243942,71999.47708368558,84541.21522345045
2019-04-16,54961.83488310198,29898.58348759124,29026.23756319459,54961.83488310198,-376094.0098787596,-8437.53899194696,31829.33296546864,8696.83104783739,-84918.59799507249,-3367.6623972004745,30203.744315511198,23331.980028833146,30203.744315511198,30203.744315511198,84187.2442612946,65122.06733028358,71645.50612152973,84187.2442612946
2019-04-17,54961.83488310198,29898.58348759124,29026.23756319459,54961.83488310198,-376094.0098787596,-8437.53899194696,31829.33296546864,8696.83104783739,-84918.59799507249,-3367.6623972004745,35096.178616497666,28224.414329819614,35096.178616497666,35096.178616497666,83859.24279810255,64794.06586709153,71317.50465833768,83859.24279810255
2019-04-18,54961.83488310198,29898.58348759124,29026.23756319459,54961.83488310198,-376094.0098787596,-8437.53899194696,31829.33296546864,8696.83104783739,-84918.59799507249,-3367.6623972004745,34740.57948534819,27868.81519867014,34740.57948534819,34740.57948534819,83881.29848282784,64816.12155181682,71339.56034306297,83881.29848282784
2019-04-22,54961.83488310198,29898.58348759124,29026.23756319459,54961.83488310198,-376094.0098787596,-8437.53899194696,31829.33296546864,8696.83104783739,-84918.59799507249,-3367.6623972004745,34051.01448899531,27179.250202317256,34051.01448899531,34051.01448899531,84774.77790507744,65709.60097406642,72233.03976531257,84774.77790507744
2019-04-23,54961.83488310198,29898.58348759124,29026.23756319459,54961.83488310198,-376094.0098787596,-8437.53899194696,31829.33296546864,8696.83104783739,-84918.59799507249,-3367.6623972004745,32445.805987904198,25574.041701226146,32445.805987904198,32445.805987904198,84544.47838320979,65479.301452198764,72002.74024344492,84544.47838320979
2019-04-24,54961.83488310198,29898.58348759124,29026.23756319459,54961.83488310198,-376094.0098787596,-8437.53899194696,31829.33296546864,8696.83104783739,-84918.59799507249,-3367.6623972004745,31921.34704973991,25049.58276306186,31921.34704973991,31921.34704973991,84774.48858575383,65709.3116547428,72232.75044598896,84774.48858575383
2019-04-25,54961.83488310198,29898.58348759124,29026.23756319459,54961.83488310198,-376094.0098787596,-8437.53899194696,31829.33296546864,8696.83104783739,-84918.59799507249,-3367.6623972004745,32847.177598076756,25975.413311398705,32847.177598076756,32847.177598076756,84088.80015591369,65023.623224902665,71547.06201614882,84088.80015591369
2019-04-26,54961.83488310198,29898.58348759124,29026.23756319459,54961.83488310198,-376094.0098787596,-8437.53899194696,31829.33296546864,8696.83104783739,-84918.59799507249,-3367.6623972004745,33211.251556459465,26339.487269781413,33211.251556459465,33211.251556459465,83448.65651043737,64383.47957942635,70906.9183706725,83448.65651043737
2019-04-29,54961.83488310198,29898.58348759124,29026.23756319459,54961.83488310198,-376094.0098787596,-8437.53899194696,31829.33296546864,8696.83104783739,-84918.59799507249,-3367.6623972004745,32595.505348787527,25723.741062109475,32595.505348787527,32595.505348787527,84665.6825716605,65600.50564064947,72123.94443189562,84665.6825716605
2019-04-30,54961.83488310198,29898.58348759124,29026.23756319459,54961.83488310198,-376094.0098787596,-8437.53899194696,31829.33296546864,8696.83104783739,-84918.59799507249,-3367.6623972004745,32606.82901419152,25735.06472751347,32606.82901419152,32606.82901419152,84547.50894787512,65482.33201686409,72005.77080811025,84547.50894787512
2019-05-01,54961.83488310198,29898.58348759124,29026.23756319459,54961.83488310198,-376094.0098787596,-8437.53899194696,31829.33296546864,8696.83104783739,-84918.59799507249,-3367.6623972004745,32291.317878713366,25419.553592035314,32291.317878713366,32291.317878713366,84407.30996820377,65342.13303719275,71865.5718284389,84407.30996820377
2019-05-02,54961.83488310198,29898.58348759124,29026.23756319459,54961.83488310198,-376094.0098787596,-8437.53899194696,31829.33296546864,8696.83104783739,-84918.59799507249,-3367.6623972004745,32844.08288602973,25972.31859935168,32844.08288602973,32844.08288602973,84088.63452033536,65023.45758932433,71546.89638057048,84088.63452033536
2019-05-03,54961.83488310198,29898.58348759124,29026.23756319459,54961.83488310198,-376094.0098787596,-8437.53899194696,31829.33296546864,8696.83104783739,-84918.59799507249,-3367.6623972004745,33473.88711685315,26602.122830175096,33473.88711685315,33473.88711685315,84381.99974383577,65316.82281282474,71840.2616040709,84381.99974383577
2019-05-06,54961.83488310198,29898.58348759124,29026.23756319459,54961.83488310198,-376094.0098787596,-8437.53899194696,31829.33296546864,8696.83104783739,-84918.59799507249,-3367.6623972004745,32022.664878525888,25150.900591847836,32022.664878525888,32022.664878525888,85261.07156644599,66195.89463543496,72719.33342668111,85261.07156644599
2019-05-07,54961.83488310198,29898.58348759124,29026.23756319459,54961.83488310198,-376094.0098787596,-8437.53899194696,31829.33296546864,8696.83104783739,-84918.59799507249,-3367.6623972004745,29998.81422484375,23127.0499381657,29998.81422484375,29998.81422484375,84937.60538912751,65872.42845811648,72395.86724936264,84937.60538912751
2019-05-08,54961.83488310198,29898.58348759124,29026.23756319459,54961.83488310198,-376094.0098787596,-8437.53899194696,31829.33296546864,8696.83104783739,-84918.59799507249,-3367.6623972004745,30109.698033546796,23237.933746868744,30109.698033546796,30109.698033546796,84731.7889295076,65666.61199849658,72190.05078974273,84731.7889295076
2019-05-09,54961.83488310198,29898.58348759124,29026.23756319459,54961.83488310198,-376094.0098787596,-8437.53899194696,31829.33296546864,8696.83104783739,-84918.59799507249,-3367.6623972004745,30211.086188435904,23339.321901757852,30211.086188435904,30211.086188435904,84426.53135037795,65361.35441936692,71884.79321061308,84426.53135037795
2019-05-10,54961.83488310198,29898.58348759124,29026.23756319459,54961.83488310198,-376094.0098787596,-8437.53899194696,31829.33296546864,8696.83104783739,-84918.59799507249,-3367.6623972004745,31363.672995762434,24491.908709084382,31363.672995762434,31363.672995762434,85153.80893430742,66088.6320032964,72612.07079454255,85153.80893430742
2019-05-13,54961.83488310198,29898.58348759124,29026.23756319459,54961.83488310198,-376094.0098787596,-8437.53899194696,31829.33296546864,8696.83104783739,-84918.59799507249,-3367.6623972004745,32349.889488181914,25478.125201503863,32349.889488181914,32349.889488181914,84284.71488989075,65219.53795887972,71742.97675012588,84284.71488989075
2019-05-14,54961.83488310198,29898.58348759124,29026.23756319459,54961.83488310198,-376094.0098787596,-8437.53899194696,31829.33296546864,8696.83104783739,-84918.59799507249,-3367.6623972004745,31265.65721995069,24393.89293327264,31265.65721995069,31265.65721995069,85269.5386650574,66204.36173404637,72727.80052529252,85269.5386650574
2019-05-15,54961.83488310198,29898.58348759124,29026.23756319459,54961.83488310198,-376094.0098787596,-8437.53899194696,31829.33296546864,8696.83104783739,-84918.59799507249,-3367.6623972004745,31050.106842390727,24178.342555712676,31050.106842390727,31050.106842390727,86017.4737379516,66952.29680694058,73475.73559818673,86017.4737379516
2019-05-16,54961.83488310198,29898.58348759124,29026.23756319459,54961.83488310198,-376094.0098787596,-8437.53899194696,31829.33296546864,8696.83104783739,-84918.59799507249,-3367.6623972004745,31054.31861504377,24182.554328365717,31054.31861504377,31054.31861504377,86452.70508422446,67387.52815321344,73910.9669444596,86452.70508422446
2019-05-17,54961.83488310198,29898.58348759124,29026.23756319459,54961.83488310198,-376094.0098787596,-8437.53899194696,31829.33296546864,8696.83104783739,-84918.59799507249,-3367.6623972004745,31551.89698977396,24680.132703095907,31551.89698977396,31551.89698977396,86727.14891124587,67661.97198023484,74185.410771481,86727.14891124587
2019-05-20,54227.09370636544,29163.842310854816,28291.496386458166,54227.09370636544,-376828.75105549605,-9172.280168683385,31094.591788732214,7962.089871100965,-85710.47289675171,-4148.656435046694,31551.89698977396,24680.132703095907,31551.89698977396,31551.89698977396,86831.10663359542,67765.9297025844,74289.36849383055,86831.10663359542
2019-05-21,55419.83054071595,30356.57914520509,29484.23322080844,55419.83054071595,-375636.0142211458,-7979.54333433311,32287.32862308249,9154.82670545124,-85546.56221711542,-3000.0662103468785,31551.89698977396,24680.132703095907,31551.89698977396,31551.89698977396,86868.69791361969,67803.52098260866,74326.95977385482,86868.69791361969
2019-05-22,57726.79505500221,32663.54365949158,31791.19773509493,57726.79505500221,-373329.0497068593,-5672.5788200466195,34594.29313736898,11461.79121973773,-84397.94697647647,-2074.091612512828,31551.89698977396,24680.132703095907,31551.89698977396,31551.89698977396,86532.61200411548,67467.43507310445,73990.87386435061,86532.61200411548
2019-05-23,56832.518718097126,31769.2673225865,30896.92139818985,56832.518718097126,-374223.32604376436,-6566.8551569517,33700.0168004639,10567.51488283265,-85131.27421754354,-3807.0145852568094,31551.89698977396,24680.132703095907,31551.89698977396,31551.89698977396,86412.9065744644,67347.72964345338,73871.16843469953,86412.9065744644
2019-05-24,57745.860654173186,32682.609258662444,31810.263334265794,57745.860654173186,-373309.9841076884,-5653.513220875757,34607.34059505118,11468.820535931387,-84893.78962297738,-3269.5025460205507,31551.89698977396,24680.132703095907,31551.89698977396,31551.89698977396,86404.9797469473,67339.80281593627,73863.24160718243,86404.9797469473
2019-05-28,56304.74478057213,31241.49338506139,30369.14746066474,56304.74478057213,-374751.0999812895,-7094.629094476812,33725.92853249062,11147.112284411327,-85232.31689473521,-4723.343031952274,31551.89698977396,24680.132703095907,31551.89698977396,31551.89698977396,86271.87021534564,67206.69328433461,73730.13207558077,86271.87021534564
2019-05-29,55581.43060424784,30518.1792087371,29645.83328434045,55581.43060424784,-375564.41415761376,-7817.943270801101,33402.71593405097,11224.001263856422,-84432.46689483034,-4994.956075189519,31551.89698977396,24680.132703095907,31551.89698977396,31551.89698977396,86386.08501752582,67320.9080865148,73844.34687776095,86386.08501752582
2019-05-30,56824.569375300314,31761.317979789455,30888.972055392805,56824.569375300314,-376779.64684211276,-6574.804499748745,34484.08946694888,12143.609558599885,-84059.96423541685,-4090.664467834984,31551.89698977396,24680.132703095907,31551.89698977396,31551.89698977396,86615.38272714429,67550.20579613326,74073.64458737941,86615.38272714429
2019-05-31,56299.86561588175,31236.614220371004,30364.268295974354,56299.86561588175,-365143.043375761,-7099.508259167196,34759.62147141539,13219.377326951246,-81823.60256781534,-4267.62230428122,31551.89698977396,24680.132703095907,31551.89698977396,31551.89698977396,86502.71126856492,67437.5343375539,73960.97312880005,86502.71126856492
2019-06-03,54163.86027410906,29100.608878598432,28228.262954201782,54163.86027410906,-365015.31852464506,-9235.513600939768,32765.044888910255,11366.229503713548,-81760.692655246,-4839.751726078335,31551.89698977396,24680.132703095907,31551.89698977396,31551.89698977396,86633.58034496987,67568.40341395885,74091.842205205,86633.58034496987
2019-06-04,55231.81500231358,30168.56360680284,29296.21768240619,55231.81500231358,-383223.6763860872,-8167.558872735361,30930.340357728302,6628.865713145235,-86550.41786361136,-3811.369437811896,31551.89698977396,24680.132703095907,31551.89698977396,31551.89698977396,86685.4544655052,67620.27753449418,74143.71632574033,86685.4544655052
2019-06-05,55398.38089817343,30335.129502662807,29462.783578266273,55398.38089817343,-390916.4879134925,-8000.992976875394,29913.428109386354,4428.475320601254,-86571.2370614988,-2567.763517418527,31551.89698977396,24680.132703095907,31551.89698977396,31551.89698977396,86343.41937682917,67278.24244581815,73801.6812370643,86343.41937682917
2019-06-06,55022.90355659742,29959.652161086793,29087.30623669026,55022.90355659742,-397242.7020195086,-8376.470318451407,28641.878913344233,2260.8542700930266,-86811.1123151785,-2194.2396414005198,31551.89698977396,24680.132703095907,31551.89698977396,31551.89698977396,86022.25323686562,66957.0763058546,73480.51509710075,86022.25323686562
2019-06-07,54032.97291484894,28969.721519338083,28097.37559494155,54032.97291484894,-407543.3480179114,-9366.400960200117,26263.93441998819,-1505.1040748702362,-86324.88054762827,-1140.582427395624,31551.89698977396,24680.132703095907,31551.89698977396,31551.89698977396,85797.85094088432,66732.6740098733,73256.11280111945,85797.85094088432
2019-06-10,52777.210670895875,27713.959275385016,26841.613350988482,52777.210670895875,-408799.1102618645,-10622.163204153185,24350.11817061063,-4076.974329672521,-86474.29945803154,-1250.836642346927,31551.89698977396,24680.132703095907,31551.89698977396,31551.89698977396,85846.35727880383,66781.1803477928,73304.61913903896,85846.35727880383
2019-06-11,52933.871499280445,27870.620103769586,26998.274179373053,52933.871499280445,-408642.4494334799,-10465.502375768614,24504.197639769758,-3925.4762197388336,-86326.53427896881,-1097.5249036459718,31551.89698977396,24680.132703095907,31551.89698977396,31551.89698977396,86015.41637803824,66950.23944702721,73473.67823827337,86015.41637803824
2019-06-12,53108.80844629649,28045.55705078575,27173.211126389215,53108.80844629649,-408467.51248646376,-10290.565428752452,24660.35798789386,-3788.0924705067882,-86171.89219345048,-898.4293991475133,31551.89698977396,24680.132703095907,31551.89698977396,31551.89698977396,85979.78096906701,66914.60403805599,73438.04282930214,85979.78096906701
2019-06-13,53568.95340214786,28505.70200663712,27633.356082240585,53568.95340214786,-408007.3675306124,-9830.420472901082,25164.31960471056,-3240.3141927247634,-85521.0474833583,-344.1225913288072,31551.89698977396,24680.132703095907,31551.89698977396,31551.89698977396,86111.93337645778,67046.75644544675,73570.1952366929,86111.93337645778
2019-06-14,54041.451938970946,28978.200543460203,28105.85461906367,54041.451938970946,-407534.8689937893,-9357.921936077997,25625.032149266568,-2791.3876404358307,-85295.33434614132,-72.49360744876321,31551.89698977396,24680.132703095907,31551.89698977396,31551.89698977396,86127.91145958938,67062.73452857835,73586.1733198245,86127.91145958938
2019-06-17,53582.507669384824,28519.256273873965,27646.91034947743,53582.507669384824,-407993.81326337554,-9816.866205664235,25168.532969367574,-3245.441730647697,-85435.74688371539,-228.0332881237846,31551.89698977396,24680.132703095907,31551.89698977396,31551.89698977396,86323.37379436288,67258.19686335186,73781.63565459801,86323.37379436288
2019-06-18,54236.47371765203,29173.222322141402,28300.87639774487,54236.47371765203,-407339.8472151081,-9162.900157396798,26102.83741514734,-2030.7988873556023,-84237.4330575933,414.198202427011,31551.89698977396,24680.132703095907,31551.89698977396,31551.89698977396,86390.61624300038,67325.43931198935,73848.8781032355,86390.61624300038
2019-06-19,54457.49774333695,29394.246347826207,28521.900423429674,54457.49774333695,-407118.8231894233,-8941.876131711993,26384.923597066547,-1687.6505492021097,-83607.2028319072,821.133562614792,31551.89698977396,24680.132703095907,31551.89698977396,31551.89698977396,86204.84472204605,67139.66779103503,73663.10658228118,86204.84472204605
2019-06-20,54869.72576283943,29806.474367328803,28934.12844293227,54869.72576283943,-406706.5951699207,-8529.648112209397,27056.20662515727,-757.3125125233782,-80898.72660663072,2334.799356668489,31551.89698977396,24680.132703095907,31551.89698977396,31551.89698977396,86218.17648510542,67152.9995540944,73676.43834534055,86218.17648510542
2019-06-21,53381.2814452576,28318.030049746158,27445.684125349624,53381.2814452576,-408195.03948750335,-10018.092429792043,25527.98038997024,-2325.32066531491,-82394.46296700207,952.4667532228632,31551.89698977396,24680.132703095907,31551.89698977396,31551.89698977396,86560.14404311543,67494.96711210441,74018.40590335056,86560.14404311543
2019-06-24,53381.2814452576,28318.030049746158,27445.684125349624,53381.2814452576,-408195.03948750335,-10018.092429792043,25527.98038997024,-2325.32066531491,-82394.46296700207,952.4667532228632,31551.89698977396,24680.132703095907,31551.89698977396,31551.89698977396,86773.86551056686,67708.68857955583,74232.12737080199,86773.86551056686
2019-06-25,53381.2814452576,28318.030049746158,27445.684125349624,53381.2814452576,-408195.03948750335,-10018.092429792043,25527.98038997024,-2325.32066531491,-82394.46296700207,952.4667532228632,31551.89698977396,24680.132703095907,31551.89698977396,31551.89698977396,86800.03802257427,67734.86109156325,74258.2998828094,86800.03802257427
2019-06-26,53381.2814452576,28318.030049746158,27445.684125349624,53381.2814452576,-408195.03948750335,-10018.092429792043,25527.98038997024,-2325.32066531491,-82394.46296700207,952.4667532228632,31551.89698977396,24680.132703095907,31551.89698977396,31551.89698977396,86890.75778124877,67825.58085023775,74349.0196414839,86890.75778124877
2019-06-27,53381.2814452576,28318.030049746158,27445.684125349624,53381.2814452576,-408195.03948750335,-10018.092429792043,25527.98038997024,-2325.32066531491,-82394.46296700207,952.4667532228632,31551.89698977396,24680.132703095907,31551.89698977396,31551.89698977396,87080.40253619337,68015.22560518235,74538.6643964285,87080.40253619337
2019-06-28,53381.2814452576,28318.030049746158,27445.684125349624,53381.2814452576,-408195.03948750335,-10018.092429792043,25527.98038997024,-2325.32066531491,-82394.46296700207,952.4667532228632,31551.89698977396,24680.132703095907,31551.89698977396,31551.89698977396,87216.59345412254,68151.41652311152,74674.85531435767,87216.59345412254
2019-07-01,53381.2814452576,28318.030049746158,27445.684125349624,53381.2814452576,-408195.03948750335,-10018.092429792043,25527.98038997024,-2325.32066531491,-82394.46296700207,952.4667532228632,31551.89698977396,24680.132703095907,31551.89698977396,31551.89698977396,87691.93513580016,68626.75820478913,75150.19699603529,87691.93513580016
2019-07-02,53381.2814452576,28318.030049746158,27445.684125349624,53381.2814452576,-408195.03948750335,-10018.092429792043,25527.98038997024,-2325.32066531491,-82394.46296700207,952.4667532228632,31551.89698977396,24680.132703095907,31551.89698977396,31551.89698977396,87808.95440845587,68743.77747744485,75267.216268691,87808.95440845587
2019-07-03,53381.2814452576,28318.030049746158,27445.684125349624,53381.2814452576,-408195.03948750335,-10018.092429792043,25527.98038997024,-2325.32066531491,-82394.46296700207,952.4667532228632,31551.89698977396,24680.132703095907,31551.89698977396,31551.89698977396,87828.85881378455,68763.68188277353,75287.12067401968,87828.85881378455
2019-07-05,53381.2814452576,28318.030049746158,27445.684125349624,53381.2814452576,-408195.03948750335,-10018.092429792043,25527.98038997024,-2325.32066531491,-82394.46296700207,952.4667532228632,31551.89698977396,24680.132703095907,31551.89698977396,31551.89698977396,88207.02738809143,69141.8504570804,75665.28924832656,88207.02738809143
2019-07-08,53381.2814452576,28318.030049746158,27445.684125349624,53381.2814452576,-408195.03948750335,-10018.092429792043,25527.98038997024,-2325.32066531491,-82394.46296700207,952.4667532228632,31551.89698977396,24680.132703095907,31551.89698977396,31551.89698977396,88747.42224174482,69682.2453107338,76205.68410197995,88747.42224174482
2019-07-09,53381.2814452576,28318.030049746158,27445.684125349624,53381.2814452576,-408195.03948750335,-10018.092429792043,25527.98038997024,-2325.32066531491,-82394.46296700207,952.4667532228632,31551.89698977396,24680.132703095907,31551.89698977396,31551.89698977396,88988.46103162412,69923.28410061309,76446.72289185924,88988.46103162412
2019-07-10,53381.2814452576,28318.030049746158,27445.684125349624,53381.2814452576,-408195.03948750335,-10018.092429792043,25527.98038997024,-2325.32066531491,-82394.46296700207,952.4667532228632,31551.89698977396,24680.132703095907,31551.89698977396,31551.89698977396,89197.54539136216,70132.36846035114,76655.80725159729,89197.54539136216
2019-07-11,53381.2814452576,28318.030049746158,27445.684125349624,53381.2814452576,-408195.03948750335,-10018.092429792043,25527.98038997024,-2325.32066531491,-82394.46296700207,952.4667532228632,31551.89698977396,24680.132703095907,31551.89698977396,31551.89698977396,89160.59864812298,70095.42171711195,76618.8605083581,89160.59864812298
2019-07-12,53381.2814452576,28318.030049746158,27445.684125349624,53381.2814452576,-408195.03948750335,-10018.092429792043,25527.98038997024,-2325.32066531491,-82394.46296700207,952.4667532228632,31551.89698977396,24680.132703095907,31551.89698977396,31551.89698977396,89229.57580658537,70164.39887557435,76687.8376668205,89229.57580658537
2019-07-15,53381.2814452576,28318.030049746158,27445.684125349624,53381.2814452576,-408195.03948750335,-10018.092429792043,25527.98038997024,-2325.32066531491,-82394.46296700207,952.4667532228632,31551.89698977396,24680.132703095907,31551.89698977396,31551.89698977396,90016.72872481542,70951.55179380439,77474.99058505055,90016.72872481542
2019-07-16,53381.2814452576,28318.030049746158,27445.684125349624,53381.2814452576,-408195.03948750335,-10018.092429792043,25527.98038997024,-2325.32066531491,-82394.46296700207,952.4667532228632,31551.89698977396,24680.132703095907,31551.89698977396,31551.89698977396,90375.33400610811,71310.15707509709,77833.59586634324,90375.33400610811
2019-07-17,53381.2814452576,28318.030049746158,27445.684125349624,53381.2814452576,-408195.03948750335,-10018.092429792043,25527.98038997024,-2325.32066531491,-82394.46296700207,952.4667532228632,31551.89698977396,24680.132703095907,31551.89698977396,31551.89698977396,90565.2315147114,71500.05458370037,78023.49337494653,90565.2315147114
2019-07-18,53381.2814452576,28318.030049746158,27445.684125349624,53381.2814452576,-408195.03948750335,-10018.092429792043,25527.98038997024,-2325.32066531491,-82394.46296700207,952.4667532228632,31551.89698977396,24680.132703095907,31551.89698977396,31551.89698977396,90420.40791254747,71355.23098153644,77878.6697727826,90420.40791254747
2019-07-19,53381.2814452576,28318.030049746158,27445.684125349624,53381.2814452576,-408195.03948750335,-10018.092429792043,25527.98038997024,-2325.32066531491,-82394.46296700207,952.4667532228632,31551.89698977396,24680.132703095907,31551.89698977396,31551.89698977396,91158.29009273718,72093.11316172616,78616.55195297231,91158.29009273718
2019-07-22,53381.2814452576,28318.030049746158,27445.684125349624,53381.2814452576,-408195.03948750335,-10018.092429792043,25527.98038997024,-2325.32066531491,-82394.46296700207,952.4667532228632,31065.84727046208,24194.08298378403,31065.84727046208,31065.84727046208,91464.91563856811,72399.73870755709,78923.17749880324,91464.91563856811
2019-07-23,53381.2814452576,28318.030049746158,27445.684125349624,53381.2814452576,-408195.03948750335,-10018.092429792043,25527.98038997024,-2325.32066531491,-82394.46296700207,952.4667532228632,30905.6549479753,24033.89066129725,30905.6549479753,30905.6549479753,91305.28094517812,72240.1040141671,78763.54280541325,91305.28094517812
2019-07-24,53381.2814452576,28318.030049746158,27445.684125349624,53381.2814452576,-408195.03948750335,-10018.092429792043,25527.98038997024,-2325.32066531491,-82394.46296700207,952.4667532228632,31718.462281021522,24846.69799434347,31718.462281021522,31718.462281021522,90274.64120480837,71209.46427379735,77732.9030650435,90274.64120480837
2019-07-25,53381.2814452576,28318.030049746158,27445.684125349624,53381.2814452576,-408195.03948750335,-10018.092429792043,25527.98038997024,-2325.32066531491,-82394.46296700207,952.4667532228632,31323.019263406866,24451.254976728815,31323.019263406866,31323.019263406866,90559.22053823713,71494.0436072261,78017.48239847226,90559.22053823713
2019-07-26,53381.2814452576,28318.030049746158,27445.684125349624,53381.2814452576,-408195.03948750335,-10018.092429792043,25527.98038997024,-2325.32066531491,-82394.46296700207,952.4667532228632,31236.1392275322,24364.374940854148,31236.1392275322,31236.1392275322,89763.27273138124,70698.09580037021,77221.53459161636,89763.27273138124
2019-07-29,53381.2814452576,28318.030049746158,27445.684125349624,53381.2814452576,-408195.03948750335,-10018.092429792043,25527.98038997024,-2325.32066531491,-82394.46296700207,952.4667532228632,30800.315788291977,23928.551501613925,30800.315788291977,30800.315788291977,90240.51900324365,71175.34207223263,77698.78086347878,90240.51900324365
2019-07-30,53381.2814452576,28318.030049746158,27445.684125349624,53381.2814452576,-408195.03948750335,-10018.092429792043,25527.98038997024,-2325.32066531491,-82394.46296700207,952.4667532228632,30495.575756552513,23623.81146987446,30495.575756552513,30495.575756552513,89872.24243093934,70807.06549992831,77330.50429117447,89872.24243093934
2019-07-31,53381.2814452576,28318.030049746158,27445.684125349624,53381.2814452576,-408195.03948750335,-10018.092429792043,25527.98038997024,-2325.32066531491,-82394.46296700207,952.4667532228632,29061.86152351403,22190.09723683598,29061.86152351403,29061.86152351403,89619.39872921491,70554.22179820389,77077.66058945004,89619.39872921491
2019-08-01,53381.2814452576,28318.030049746158,27445.684125349624,53381.2814452576,-408195.03948750335,-10018.092429792043,25527.98038997024,-2325.32066531491,-82394.46296700207,952.4667532228632,27775.06725097925,20903.302964301198,27775.06725097925,27775.06725097925,89543.59116658452,70478.4142355735,77001.85302681965,89543.59116658452
2019-08-02,53381.2814452576,28318.030049746158,27445.684125349624,53381.2814452576,-408195.03948750335,-10018.092429792043,25527.98038997024,-2325.32066531491,-82394.46296700207,952.4667532228632,26217.204665535828,19345.440378857777,26217.204665535828,26217.204665535828,88477.46695906483,69412.2900280538,75935.72881929995,88477.46695906483
2019-08-05,53381.2814452576,28318.030049746158,27445.684125349624,53381.2814452576,-408195.03948750335,-10018.092429792043,25527.98038997024,-2325.32066531491,-82394.46296700207,952.4667532228632,26008.585120471776,19136.820833793725,26008.585120471776,26008.585120471776,87578.43889657641,68513.26196556538,75036.70075681154,87578.43889657641
2019-08-06,53381.2814452576,28318.030049746158,27445.684125349624,53381.2814452576,-408195.03948750335,-10018.092429792043,25527.98038997024,-2325.32066531491,-82394.46296700207,952.4667532228632,25550.10732910526,18678.34304242721,25550.10732910526,25550.10732910526,88277.3171526324,69212.14022162138,75735.57901286753,88277.3171526324
2019-08-07,53381.2814452576,28318.030049746158,27445.684125349624,53381.2814452576,-408195.03948750335,-10018.092429792043,25527.98038997024,-2325.32066531491,-82394.46296700207,952.4667532228632,26105.07730095298,19233.31301427493,26105.07730095298,26105.07730095298,87887.2275725319,68822.05064152088,75345.48943276703,87887.2275725319
2019-08-08,53381.2814452576,28318.030049746158,27445.684125349624,53381.2814452576,-408195.03948750335,-10018.092429792043,25527.98038997024,-2325.32066531491,-82394.46296700207,952.4667532228632,25864.222212112276,18992.457925434224,25864.222212112276,25864.222212112276,88236.48723949003,69171.310308479,75694.74909972516,88236.48723949003
2019-08-09,53381.2814452576,28318.030049746158,27445.684125349624,53381.2814452576,-408195.03948750335,-10018.092429792043,25527.98038997024,-2325.32066531491,-82394.46296700207,952.4667532228632,25740.68548823567,18868.92120155762,25740.68548823567,25740.68548823567,86706.62136458326,67641.44443357224,74164.88322481839,86706.62136458326
2019-08-12,53381.2814452576,28318.030049746158,27445.684125349624,53381.2814452576,-408195.03948750335,-10018.092429792043,25527.98038997024,-2325.32066531491,-82394.46296700207,952.4667532228632,25488.218751816894,18616.454465138842,25488.218751816894,25488.218751816894,85401.36490008817,65796.06355931237,72859.6267603233,85401.36490008817
2019-08-13,53381.2814452576,28318.030049746158,27445.684125349624,53381.2814452576,-408195.03948750335,-10018.092429792043,25527.98038997024,-2325.32066531491,-82394.46296700207,952.4667532228632,25270.96139530395,18399.1971086259,25270.96139530395,25270.96139530395,86184.11044743843,65796.06355931237,73642.37230767356,86184.11044743843
2019-08-14,53381.2814452576,28318.030049746158,27445.684125349624,53381.2814452576,-408195.03948750335,-10018.092429792043,25527.98038997024,-2325.32066531491,-82394.46296700207,952.4667532228632,25906.595285874093,19034.83099919604,25906.595285874093,25906.595285874093,84920.3814938236,65796.06355931237,72378.64335405873,84920.3814938236
2019-08-15,53381.2814452576,28318.030049746158,27445.684125349624,53381.2814452576,-408195.03948750335,-10018.092429792043,25527.98038997024,-2325.32066531491,-82394.46296700207,952.4667532228632,25746.580694645294,18874.816407967242,25746.580694645294,25746.580694645294,83538.1703274236,65796.06355931237,70996.43218765873,83538.1703274236
2019-08-16,53381.2814452576,28318.030049746158,27445.684125349624,53381.2814452576,-408195.03948750335,-10018.092429792043,25527.98038997024,-2325.32066531491,-82394.46296700207,952.4667532228632,25020.818147001904,18149.053860323853,25020.818147001904,25020.818147001904,84342.07721898681,65796.06355931237,71800.33907922194,84342.07721898681
2019-08-19,52914.773456671275,27851.522061159834,26979.1761367633,52914.773456671275,-408661.5474760897,-10484.600418378366,25061.472401383915,-2791.8286539012333,-82894.32622226409,457.5007212855853,25020.818147001904,18149.053860323853,25020.818147001904,25020.818147001904,83877.69191951258,65331.67825983814,71335.95377974771,83877.69191951258
2019-08-20,53369.216076869285,28305.964681357844,27433.61875696131,53369.216076869285,-408207.10485589167,-10030.157798180357,25515.915021581925,-2337.386033703224,-82754.41965692455,224.1396930088522,25020.818147001904,18149.053860323853,25020.818147001904,25020.818147001904,83643.49017557921,65097.47651590477,71101.75203581434,83643.49017557921
2019-08-21,53694.12244979432,28630.871054282994,27758.52512988646,53694.12244979432,-407882.1984829665,-9705.251425255206,25840.821394507075,-2012.4796607780736,-82516.4114587683,1020.5342488472816,25020.818147001904,18149.053860323853,25020.818147001904,25020.818147001904,82829.1768027537,64283.16314307926,70287.43866298883,82829.1768027537
2019-08-22,52389.74317181576,27326.491776304436,26454.145851907902,52389.74317181576,-409186.5777609451,-11009.630703233765,24536.442116528517,-3316.8589387566317,-83681.12132326537,-157.42143022781238,25020.818147001904,18149.053860323853,25020.818147001904,25020.818147001904,82751.531050544,64205.51739086956,70209.79291077913,82751.531050544
2019-08-23,52512.96256831451,27449.71117280319,26577.365248406655,52512.96256831451,-409063.3583644463,-10886.411306735012,24653.374736551545,-3206.2130952093285,-84508.55735824374,-2055.3134341712575,25020.818147001904,18149.053860323853,25020.818147001904,25020.818147001904,83456.0994761812,64910.08581650676,70914.36133641633,83456.0994761812
2019-08-26,52423.34887223062,27360.097476719297,26487.751552322763,52423.34887223062,-409152.9720605302,-10976.025002818904,23868.546540205367,-4686.255791817792,-86008.9041508917,-2160.463553591515,25020.818147001904,18149.053860323853,25020.818147001904,25020.818147001904,83674.67996596568,65128.66630629124,71132.94182620081,83674.67996596568
2019-08-27,52136.57808462717,27073.326689115725,26200.980764719192,52136.57808462717,-409439.7428481338,-11262.795790422475,23831.162753534853,-4474.252577555249,-86244.34350633773,-2706.3372770816786,25020.818147001904,18149.053860323853,25020.818147001904,25020.818147001904,83698.22850607056,65152.21484639612,71156.49036630569,83698.22850607056
2019-08-28,52047.610935376026,26984.359539864585,26112.01361546805,52047.610935376026,-409528.7099973849,-11351.762939673616,23296.345669995877,-5454.91959538206,-86563.20999895397,-2374.772947345278,25020.818147001904,18149.053860323853,25020.818147001904,25020.818147001904,83529.55611007311,64983.54245039867,70987.81797030824,83529.55611007311
2019-08-29,52001.429436640814,26938.178041129373,26065.83211673284,52001.429436640814,-409574.89149612014,-11397.944438408827,22435.78264869214,-7129.864139254205,-86572.97774983442,-1566.4888137595262,25020.818147001904,18149.053860323853,25020.818147001904,25020.818147001904,82890.08164336043,64344.06798368599,70348.34350359556,82890.08164336043
2019-08-30,51742.1710084388,26678.919612927362,25806.57368853083,51742.1710084388,-409834.14992432215,-11657.202866610838,22199.727592675947,-7342.715823084582,-87106.82474250346,-2109.56282336358,25020.818147001904,18149.053860323853,25020.818147001904,25020.818147001904,83103.93380953069,64557.92014985625,70562.19566976582,83103.93380953069
2019-09-03,51425.42826190661,26362.176866395166,25489.830941998633,51425.42826190661,-410150.89267085434,-11973.945613143034,21939.328010743833,-7546.772240416496,-87314.65296247951,-2429.6663606516086,25020.818147001904,18149.053860323853,25020.818147001904,25020.818147001904,83641.40316986176,65095.38951018732,71099.66503009689,83641.40316986176
2019-09-04,53057.4326849042,27994.181289392756,27121.835364996223,53057.4326849042,-408518.88824785675,-10341.941190145444,23462.601558138966,-6132.229568623821,-86036.41879538272,-883.7837199558271,25020.818147001904,18149.053860323853,25020.818147001904,25020.818147001904,83802.63392669312,65256.620267018676,71260.89578692825,83802.63392669312
2019-09-05,53456.22736629471,28392.975970783154,27520.63004638662,53456.22736629471,-408120.09356646636,-9943.146508755046,23736.85024801735,-5982.52687025757,-85157.6438529304,-154.58594035892747,25020.818147001904,18149.053860323853,25020.818147001904,25020.818147001904,83536.46355824638,64990.44989857194,70994.72541848151,83536.46355824638
2019-09-06,53817.52808659547,28754.276691084146,27881.930766687612,53817.52808659547,-407758.79284616536,-9581.845788454055,24090.57833446155,-5636.3714176701615,-84619.92614144285,356.4638917761622,25020.818147001904,18149.053860323853,25020.818147001904,25020.818147001904,83393.85218631849,64847.838526644045,70852.11404655362,83393.85218631849
2019-09-09,53868.615555223776,28805.36415971245,27933.018235315918,53868.615555223776,-407707.70537753706,-9530.758319825749,24133.230347244185,-5602.154860733193,-84841.54925434885,116.2605526051484,25020.818147001904,18149.053860323853,25020.818147001904,25020.818147001904,83613.51377015724,65067.5001104828,71071.77563039237,83613.51377015724
2019-09-10,53841.126135274535,28777.87473976321,27905.528815366677,53841.126135274535,-407735.1947974863,-9558.24773977499,24099.854864605237,-5641.416406061966,-84885.69669932337,84.2694287126651,25020.818147001904,18149.053860323853,25020.818147001904,25020.818147001904,83847.64958552038,65301.63592584594,71305.91144575551,83847.64958552038
2019-09-11,54495.565656663384,29432.314261151943,28559.96833675541,54495.565656663384,-407080.75527609757,-8903.808218386257,24932.4680949616,-4630.629466738086,-83851.75262045511,734.7491630202858,25020.818147001904,18149.053860323853,25020.818147001904,25020.818147001904,84231.71646975889,65685.70281008445,71689.97832999402,84231.71646975889
2019-09-12,54293.45175686036,29230.200361349038,28357.854436952504,54293.45175686036,-407282.8691759005,-9105.922118189163,24817.74813030567,-4657.9554962469265,-83321.22718112438,1070.0541229085065,25020.818147001904,18149.053860323853,25020.818147001904,25020.818147001904,84357.18466077372,65811.17100109928,71815.44652100885,84357.18466077372
2019-09-13,54063.73628902482,29000.48489351326,28128.138969116728,54063.73628902482,-407512.58464373625,-9335.637586024939,24571.22306979564,-4921.29014943121,-83579.35627401399,849.6060993418796,25020.818147001904,18149.053860323853,25020.818147001904,25020.818147001904,84480.9569129718,65934.94325329736,71939.21877320693,84480.9569129718
2019-09-16,53524.35899005155,28461.107594540226,27588.761670143693,53524.35899005155,-408051.9619427093,-9875.014884997974,23952.213158932864,-5619.932672183728,-84313.05179580231,303.3246785122901,25020.818147001904,18149.053860323853,25020.818147001904,25020.818147001904,84883.91771411989,66337.90405444545,72342.17957435502,84883.91771411989
2019-09-17,53634.592750931624,28571.341355420067,27698.995431023533,53634.592750931624,-407941.72818182944,-9764.781124118133,24163.77904314862,-5307.0346646321705,-84002.25273370126,411.67546357028186,25020.818147001904,18149.053860323853,25020.818147001904,25020.818147001904,84950.94360162318,66404.92994194874,72409.2054618583,84950.94360162318
2019-09-18,53421.54572331812,28358.294327806565,27485.94840341003,53421.54572331812,-408154.77520944295,-9977.828151731635,23974.71544216748,-5472.11483898107,-84190.05872713425,177.19712984317448,25020.818147001904,18149.053860323853,25020.818147001904,25020.818147001904,84776.31146028382,66230.29780060938,72234.57332051895,84776.31146028382
2019-09-19,52917.17647716822,27853.92508165678,26981.579157260247,52917.17647716822,-408659.14445559273,-10482.19739788142,23467.67635138787,-5981.823774390505,-84708.94096795749,-335.60232682933565,25020.818147001904,18149.053860323853,25020.818147001904,25020.818147001904,84765.55712694325,66219.54346726881,72223.81898717838,84765.55712694325
2019-09-20,48919.497521445155,23856.246125933714,22983.90020153718,48919.497521445155,-412656.8234113158,-14479.876353604486,19280.352594378986,-10358.792332685087,-88980.6017093889,-4279.808032955276,25020.818147001904,18149.053860323853,25020.818147001904,25020.818147001904,85472.08281509811,66926.06915542367,72930.34467533324,85472.08281509811
2019-09-23,48919.497521445155,23856.246125933714,22983.90020153718,48919.497521445155,-412656.8234113158,-14479.876353604486,19280.352594378986,-10358.792332685087,-88980.6017093889,-4279.808032955276,24802.644951889873,17930.880665211822,24802.644951889873,24802.644951889873,85512.03034119844,66966.016681524,72970.29220143356,85512.03034119844
2019-09-24,48919.497521445155,23856.246125933714,22983.90020153718,48919.497521445155,-412656.8234113158,-14479.876353604486,19280.352594378986,-10358.792332685087,-88980.6017093889,-4279.808032955276,23067.3039833426,16195.53969666455,23067.3039833426,23067.3039833426,85518.1228521443,66972.10919246986,72976.38471237943,85518.1228521443
2019-09-25,48919.497521445155,23856.246125933714,22983.90020153718,48919.497521445155,-412656.8234113158,-14479.876353604486,19280.352594378986,-10358.792332685087,-88980.6017093889,-4279.808032955276,24303.45562934049,17431.691342662438,24303.45562934049,24303.45562934049,85548.94643533602,67002.93277566158,73007.20829557115,85548.94643533602
2019-09-26,48919.497521445155,23856.246125933714,22983.90020153718,48919.497521445155,-412656.8234113158,-14479.876353604486,19280.352594378986,-10358.792332685087,-88980.6017093889,-4279.808032955276,24005.985599286738,17134.221312608686,24005.985599286738,24005.985599286738,85562.11045117653,67016.09679150209,73020.37231141166,85562.11045117653
2019-09-27,48919.497521445155,23856.246125933714,22983.90020153718,48919.497521445155,-412656.8234113158,-14479.876353604486,19280.352594378986,-10358.792332685087,-88980.6017093889,-4279.808032955276,23516.876468300587,16645.112181622535,23516.876468300587,23516.876468300587,85533.07412564941,66987.06046597497,72991.33598588454,85533.07412564941
2019-09-30,48919.497521445155,23856.246125933714,22983.90020153718,48919.497521445155,-412656.8234113158,-14479.876353604486,19280.352594378986,-10358.792332685087,-88980.6017093889,-4279.808032955276,23512.84498363093,16641.08069695288,23512.84498363093,23512.84498363093,85627.11788430018,67081.10422462574,73085.37974453531,85627.11788430018
2019-10-01,48919.497521445155,23856.246125933714,22983.90020153718,48919.497521445155,-412656.8234113158,-14479.876353604486,19280.352594378986,-10358.792332685087,-88980.6017093889,-4279.808032955276,22930.004473926965,16058.240187248914,22930.004473926965,22930.004473926965,85666.0015464786,67119.98788680416,73124.26340671373,85666.0015464786
2019-10-02,48919.497521445155,23856.246125933714,22983.90020153718,48919.497521445155,-412656.8234113158,-14479.876353604486,19280.352594378986,-10358.792332685087,-88980.6017093889,-4279.808032955276,22190.630893810303,15318.866607132251,22190.630893810303,22190.630893810303,85578.50212876988,67032.48846909543,73036.763989005,85578.50212876988
2019-10-03,48919.497521445155,23856.246125933714,22983.90020153718,48919.497521445155,-412656.8234113158,-14479.876353604486,19280.352594378986,-10358.792332685087,-88980.6017093889,-4279.808032955276,22119.255475752405,15247.491189074353,22119.255475752405,22119.255475752405,85627.59822868346,67081.58456900902,73085.86008891859,85627.59822868346
2019-10-04,48919.497521445155,23856.246125933714,22983.90020153718,48919.497521445155,-412656.8234113158,-14479.876353604486,19280.352594378986,-10358.792332685087,-88980.6017093889,-4279.808032955276,22849.20699426916,15977.442707591108,22849.20699426916,22849.20699426916,85712.89494437934,67166.8812847049,73171.15680461447,85712.89494437934
2019-10-07,48919.497521445155,23856.246125933714,22983.90020153718,48919.497521445155,-412656.8234113158,-14479.876353604486,19280.352594378986,-10358.792332685087,-88980.6017093889,-4279.808032955276,21915.38917215902,15043.624885480967,21915.38917215902,21915.38917215902,85787.96234950842,67241.94868983398,73246.22420974355,85787.96234950842
2019-10-08,48919.497521445155,23856.246125933714,22983.90020153718,48919.497521445155,-412656.8234113158,-14479.876353604486,19280.352594378986,-10358.792332685087,-88980.6017093889,-4279.808032955276,21753.4791389826,14881.714852304547,21753.4791389826,21753.4791389826,85713.05704880506,67167.04338913062,73171.31890904019,85713.05704880506
2019-10-09,48919.497521445155,23856.246125933714,22983.90020153718,48919.497521445155,-412656.8234113158,-14479.876353604486,19280.352594378986,-10358.792332685087,-88980.6017093889,-4279.808032955276,21512.744279240025,14640.979992561974,21512.744279240025,21512.744279240025,85766.37959509785,67220.36593542341,73224.64145533298,85766.37959509785
2019-10-10,48919.497521445155,23856.246125933714,22983.90020153718,48919.497521445155,-412656.8234113158,-14479.876353604486,19280.352594378986,-10358.792332685087,-88980.6017093889,-4279.808032955276,21607.7444986559,14735.980211977847,21607.7444986559,21607.7444986559,85762.88674305798,67216.87308338354,73221.14860329311,85762.88674305798
2019-10-11,48919.497521445155,23856.246125933714,22983.90020153718,48919.497521445155,-412656.8234113158,-14479.876353604486,19280.352594378986,-10358.792332685087,-88980.6017093889,-4279.808032955276,22101.86459708691,15230.10031040886,22101.86459708691,22101.86459708691,85820.48688359954,67274.4732239251,73278.74874383467,85820.48688359954
2019-10-14,48919.497521445155,23856.246125933714,22983.90020153718,48919.497521445155,-412656.8234113158,-14479.876353604486,19280.352594378986,-10358.792332685087,-88980.6017093889,-4279.808032955276,21354.779198348406,14483.014911670354,21354.779198348406,21354.779198348406,85897.59973426443,67351.58607458998,73355.86159449955,85897.59973426443
2019-10-15,48919.497521445155,23856.246125933714,22983.90020153718,48919.497521445155,-412656.8234113158,-14479.876353604486,19280.352594378986,-10358.792332685087,-88980.6017093889,-4279.808032955276,21629.811406371067,14758.047119693016,21629.811406371067,21629.811406371067,85961.41181103373,67415.39815135929,73419.67367126886,85961.41181103373
2019-10-16,48919.497521445155,23856.246125933714,22983.90020153718,48919.497521445155,-412656.8234113158,-14479.876353604486,19280.352594378986,-10358.792332685087,-88980.6017093889,-4279.808032955276,21322.132773638237,14450.368486960186,21322.132773638237,21322.132773638237,86042.71051518363,67496.69685550919,73500.97237541876,86042.71051518363
2019-10-17,48919.497521445155,23856.246125933714,22983.90020153718,48919.497521445155,-412656.8234113158,-14479.876353604486,19280.352594378986,-10358.792332685087,-88980.6017093889,-4279.808032955276,21685.685498332256,14813.921211654204,21685.685498332256,21685.685498332256,86048.33499147766,67502.32133180322,73506.59685171279,86048.33499147766
2019-10-18,48919.497521445155,23856.246125933714,22983.90020153718,48919.497521445155,-412656.8234113158,-14479.876353604486,19280.352594378986,-10358.792332685087,-88980.6017093889,-4279.808032955276,22296.218853247934,15424.454566569882,22296.218853247934,22296.218853247934,86139.01242470276,67592.99876502831,73597.27428493788,86139.01242470276
2019-10-21,48919.497521445155,23856.246125933714,22983.90020153718,48919.497521445155,-412656.8234113158,-14479.876353604486,19280.352594378986,-10358.792332685087,-88980.6017093889,-4279.808032955276,21170.097046118928,14298.332759440877,21170.097046118928,21170.097046118928,86463.10855953884,67917.0948998644,73921.37041977397,86463.10855953884
2019-10-22,48919.497521445155,23856.246125933714,22983.90020153718,48919.497521445155,-412656.8234113158,-14479.876353604486,19280.352594378986,-10358.792332685087,-88980.6017093889,-4279.808032955276,21814.320501947426,14942.556215269375,21814.320501947426,21814.320501947426,86401.33011933765,67855.31645966321,73859.59197957278,86401.33011933765
2019-10-23,48919.497521445155,23856.246125933714,22983.90020153718,48919.497521445155,-412656.8234113158,-14479.876353604486,19280.352594378986,-10358.792332685087,-88980.6017093889,-4279.808032955276,21807.57512782584,14935.810841147788,21807.57512782584,21807.57512782584,86184.55880353111,67638.54514385667,73642.82066376624,86184.55880353111
2019-10-24,48919.497521445155,23856.246125933714,22983.90020153718,48919.497521445155,-412656.8234113158,-14479.876353604486,19280.352594378986,-10358.792332685087,-88980.6017093889,-4279.808032955276,22583.882255221484,15712.117968543433,22583.882255221484,22583.882255221484,86535.00166723062,67988.98800755618,73993.26352746575,86535.00166723062
2019-10-25,48919.497521445155,23856.246125933714,22983.90020153718,48919.497521445155,-412656.8234113158,-14479.876353604486,19280.352594378986,-10358.792332685087,-88980.6017093889,-4279.808032955276,24820.164697187953,17948.4004105099,24820.164697187953,24820.164697187953,86003.70105359424,67457.6873939198,73461.96291382937,86003.70105359424
2019-10-28,48919.497521445155,23856.246125933714,22983.90020153718,48919.497521445155,-412656.8234113158,-14479.876353604486,19280.352594378986,-10358.792332685087,-88980.6017093889,-4279.808032955276,23457.073743348825,16585.309456670773,23457.073743348825,23457.073743348825,86548.87627751287,68002.86261783843,74007.138137748,86548.87627751287
2019-10-29,48919.497521445155,23856.246125933714,22983.90020153718,48919.497521445155,-412656.8234113158,-14479.876353604486,19280.352594378986,-10358.792332685087,-88980.6017093889,-4279.808032955276,23660.77626729838,16789.01198062033,23660.77626729838,23660.77626729838,87100.09663596004,68554.0829762856,74558.35849619517,87100.09663596004
2019-10-30,48919.497521445155,23856.246125933714,22983.90020153718,48919.497521445155,-412656.8234113158,-14479.876353604486,19280.352594378986,-10358.792332685087,-88980.6017093889,-4279.808032955276,25105.229980573524,18233.465693895472,25105.229980573524,25105.229980573524,86342.73677073582,67796.72311106138,73800.99863097095,86342.73677073582
2019-10-31,48919.497521445155,23856.246125933714,22983.90020153718,48919.497521445155,-412656.8234113158,-14479.876353604486,19280.352594378986,-10358.792332685087,-88980.6017093889,-4279.808032955276,24810.405751094455,17938.641464416403,24810.405751094455,24810.405751094455,87001.91489546583,68455.90123579139,74460.17675570096,87001.91489546583
2019-11-01,48919.497521445155,23856.246125933714,22983.90020153718,48919.497521445155,-412656.8234113158,-14479.876353604486,19280.352594378986,-10358.792332685087,-88980.6017093889,-4279.808032955276,23827.107340781484,16955.343054103432,23827.107340781484,23827.107340781484,85923.19757689117,67377.18391721672,73381.4594371263,85923.19757689117
2019-11-04,48919.497521445155,23856.246125933714,22983.90020153718,48919.497521445155,-412656.8234113158,-14479.876353604486,19280.352594378986,-10358.792332685087,-88980.6017093889,-4279.808032955276,23382.445002331282,16510.68071565323,23382.445002331282,23382.445002331282,85812.98832202493,67266.97466235049,73271.25018226006,85812.98832202493
2019-11-05,48919.497521445155,23856.246125933714,22983.90020153718,48919.497521445155,-412656.8234113158,-14479.876353604486,19280.352594378986,-10358.792332685087,-88980.6017093889,-4279.808032955276,24636.038243878982,17764.27395720093,24636.038243878982,24636.038243878982,85831.81797832437,67285.80431864993,73290.0798385595,85831.81797832437
2019-11-06,48919.497521445155,23856.246125933714,22983.90020153718,48919.497521445155,-412656.8234113158,-14479.876353604486,19280.352594378986,-10358.792332685087,-88980.6017093889,-4279.808032955276,24044.723324026563,17172.95903734851,24044.723324026563,24044.723324026563,86200.11175657855,67654.09809690411,73658.37361681368,86200.11175657855
2019-11-07,48919.497521445155,23856.246125933714,22983.90020153718,48919.497521445155,-412656.8234113158,-14479.876353604486,19280.352594378986,-10358.792332685087,-88980.6017093889,-4279.808032955276,25250.220182877616,18378.455896199564,25250.220182877616,25250.220182877616,84743.23409523861,66197.2204355644,72201.49595547374,84743.23409523861
2019-11-08,48919.497521445155,23856.246125933714,22983.90020153718,48919.497521445155,-412656.8234113158,-14479.876353604486,19280.352594378986,-10358.792332685087,-88980.6017093889,-4279.808032955276,25338.219730474404,18466.455443796352,25338.219730474404,25338.219730474404,84031.55274162558,65485.53908195114,71489.81460186071,84031.55274162558
2019-11-11,48919.497521445155,23856.246125933714,22983.90020153718,48919.497521445155,-412656.8234113158,-14479.876353604486,19280.352594378986,-10358.792332685087,-88980.6017093889,-4279.808032955276,24399.45540291001,17527.69111623196,24399.45540291001,24399.45540291001,84727.02078457503,66181.00712490059,72185.28264481016,84727.02078457503
2019-11-12,48919.497521445155,23856.246125933714,22983.90020153718,48919.497521445155,-412656.8234113158,-14479.876353604486,19280.352594378986,-10358.792332685087,-88980.6017093889,-4279.808032955276,24048.744172039907,17176.979885361856,24048.744172039907,24048.744172039907,85645.93013607664,67099.9164764022,73104.19199631177,85645.93013607664
2019-11-13,48919.497521445155,23856.246125933714,22983.90020153718,48919.497521445155,-412656.8234113158,-14479.876353604486,19280.352594378986,-10358.792332685087,-88980.6017093889,-4279.808032955276,24002.597706575994,17130.833419897943,24002.597706575994,24002.597706575994,86056.04028913379,67510.02662945935,73514.30214936892,86056.04028913379
2019-11-14,48919.497521445155,23856.246125933714,22983.90020153718,48919.497521445155,-412656.8234113158,-14479.876353604486,19280.352594378986,-10358.792332685087,-88980.6017093889,-4279.808032955276,24562.126348443097,17690.362061765045,24562.126348443097,24562.126348443097,86041.92751796753,67495.91385829309,73500.18937820266,86041.92751796753
2019-11-15,48919.497521445155,23856.246125933714,22983.90020153718,48919.497521445155,-412656.8234113158,-14479.876353604486,19280.352594378986,-10358.792332685087,-88980.6017093889,-4279.808032955276,25813.701017466723,18941.93673078867,25813.701017466723,25813.701017466723,85319.88335068896,66773.86969101452,72778.14521092409,85319.88335068896
2019-11-18,48919.497521445155,23856.246125933714,22983.90020153718,48919.497521445155,-412656.8234113158,-14479.876353604486,19280.352594378986,-10358.792332685087,-88980.6017093889,-4279.808032955276,24977.000790471677,18105.236503793625,24977.000790471677,24977.000790471677,85426.57412679284,66880.5604671184,72884.83598702797,85426.57412679284
2019-11-19,48919.497521445155,23856.246125933714,22983.90020153718,48919.497521445155,-412656.8234113158,-14479.876353604486,19280.352594378986,-10358.792332685087,-88980.6017093889,-4279.808032955276,25067.29556589143,18195.531279213377,25067.29556589143,25067.29556589143,85378.56523094513,66832.55157127068,72836.82709118025,85378.56523094513
2019-11-20,48919.497521445155,23856.246125933714,22983.90020153718,48919.497521445155,-412656.8234113158,-14479.876353604486,19280.352594378986,-10358.792332685087,-88980.6017093889,-4279.808032955276,25378.24341166427,18506.479124986217,25378.24341166427,25378.24341166427,84895.16495663952,66349.15129696508,72353.42681687465,84895.16495663952
2019-11-21,48919.497521445155,23856.246125933714,22983.90020153718,48919.497521445155,-412656.8234113158,-14479.876353604486,19280.352594378986,-10358.792332685087,-88980.6017093889,-4279.808032955276,25455.446052480722,18583.68176580267,25455.446052480722,25455.446052480722,84850.74726247555,66304.7336028011,72309.00912271068,84850.74726247555
2019-11-22,48919.497521445155,23856.246125933714,22983.90020153718,48919.497521445155,-412656.8234113158,-14479.876353604486,19280.352594378986,-10358.792332685087,-88980.6017093889,-4279.808032955276,26238.062484961352,19366.2981982833,26238.062484961352,26238.062484961352,84913.01959882537,66367.00593915093,72371.2814590605,84913.01959882537
2019-11-25,48919.497521445155,23856.246125933714,22983.90020153718,48919.497521445155,-412656.8234113158,-14479.876353604486,19280.352594378986,-10358.792332685087,-88980.6017093889,-4279.808032955276,25669.831747314427,18798.067460636375,25669.831747314427,25669.831747314427,85293.03935623192,66747.02569655748,72751.30121646705,85293.03935623192
2019-11-26,48919.497521445155,23856.246125933714,22983.90020153718,48919.497521445155,-412656.8234113158,-14479.876353604486,19280.352594378986,-10358.792332685087,-88980.6017093889,-4279.808032955276,25609.806964712217,18738.042678034166,25609.806964712217,25609.806964712217,85254.24957382958,66708.23591415514,72712.51143406471,85254.24957382958
2019-11-27,48919.497521445155,23856.246125933714,22983.90020153718,48919.497521445155,-412656.8234113158,-14479.876353604486,19280.352594378986,-10358.792332685087,-88980.6017093889,-4279.808032955276,24444.29376043263,17572.529473754577,24444.29376043263,24444.29376043263,85370.47311000503,66824.45945033059,72828.73497024016,85370.47311000503
2019-11-29,48919.497521445155,23856.246125933714,22983.90020153718,48919.497521445155,-412656.8234113158,-14479.876353604486,19280.352594378986,-10358.792332685087,-88980.6017093889,-4279.808032955276,24683.70425731712,17811.93997063907,24683.70425731712,24683.70425731712,85530.66095234058,66984.64729266614,72988.9228125757,85530.66095234058
2019-12-02,48919.497521445155,23856.246125933714,22983.90020153718,48919.497521445155,-412656.8234113158,-14479.876353604486,19280.352594378986,-10358.792332685087,-88980.6017093889,-4279.808032955276,24448.72252756369,17576.958240885637,24448.72252756369,24448.72252756369,85786.6326728852,67240.61901321076,73244.89453312033,85786.6326728852
2019-12-03,48919.497521445155,23856.246125933714,22983.90020153718,48919.497521445155,-412656.8234113158,-14479.876353604486,19280.352594378986,-10358.792332685087,-88980.6017093889,-4279.808032955276,24559.89147906436,17688.12719238631,24559.89147906436,24559.89147906436,85695.73740974511,67149.72375007067,73153.99926998024,85695.73740974511
2019-12-04,48919.497521445155,23856.246125933714,22983.90020153718,48919.497521445155,-412656.8234113158,-14479.876353604486,19280.352594378986,-10358.792332685087,-88980.6017093889,-4279.808032955276,24673.34028668853,17801.57600001048,24673.34028668853,24673.34028668853,85884.52502985159,67338.51137017715,73342.78689008672,85884.52502985159
2019-12-05,48919.497521445155,23856.246125933714,22983.90020153718,48919.497521445155,-412656.8234113158,-14479.876353604486,19280.352594378986,-10358.792332685087,-88980.6017093889,-4279.808032955276,24834.76065288263,17962.996366204577,24834.76065288263,24834.76065288263,85841.07849825802,67295.06483858358,73299.34035849315,85841.07849825802
2019-12-06,48919.497521445155,23856.246125933714,22983.90020153718,48919.497521445155,-412656.8234113158,-14479.876353604486,19280.352594378986,-10358.792332685087,-88980.6017093889,-4279.808032955276,24101.990502538974,17230.226215860923,24101.990502538974,24101.990502538974,85891.49663346494,67345.4829737905,73349.75849370006,85891.49663346494
2019-12-09,48919.497521445155,23856.246125933714,22983.90020153718,48919.497521445155,-412656.8234113158,-14479.876353604486,19280.352594378986,-10358.792332685087,-88980.6017093889,-4279.808032955276,23731.564492915524,16859.800206237473,23731.564492915524,23731.564492915524,86343.9422190215,67797.92855934706,73802.20407925663,86343.9422190215
2019-12-10,48919.497521445155,23856.246125933714,22983.90020153718,48919.497521445155,-412656.8234113158,-14479.876353604486,19280.352594378986,-10358.792332685087,-88980.6017093889,-4279.808032955276,23975.490763294394,17103.726476616343,23975.490763294394,23975.490763294394,86493.58885046002,67947.57519078557,73951.85071069514,86493.58885046002
2019-12-11,48919.497521445155,23856.246125933714,22983.90020153718,48919.497521445155,-412656.8234113158,-14479.876353604486,19280.352594378986,-10358.792332685087,-88980.6017093889,-4279.808032955276,24035.08100830228,17163.31672162423,24035.08100830228,24035.08100830228,86348.29377979855,67802.28012012411,73806.55564003368,86348.29377979855
2019-12-12,48919.497521445155,23856.246125933714,22983.90020153718,48919.497521445155,-412656.8234113158,-14479.876353604486,19280.352594378986,-10358.792332685087,-88980.6017093889,-4279.808032955276,23454.222443279927,16582.458156601875,23454.222443279927,23454.222443279927,86149.21710497048,67603.20344529604,73607.4789652056,86149.21710497048
2019-12-13,48919.497521445155,23856.246125933714,22983.90020153718,48919.497521445155,-412656.8234113158,-14479.876353604486,19280.352594378986,-10358.792332685087,-88980.6017093889,-4279.808032955276,24744.87546111981,17873.111174441758,24744.87546111981,24744.87546111981,86446.54846926569,67900.53480959125,73904.81032950082,86446.54846926569
2019-12-16,48919.497521445155,23856.246125933714,22983.90020153718,48919.497521445155,-412656.8234113158,-14479.876353604486,19280.352594378986,-10358.792332685087,-88980.6017093889,-4279.808032955276,23137.70451100811,16265.940224330057,23137.70451100811,23137.70451100811,86531.01586942794,67985.0022097535,73989.27772966307,86531.01586942794
2019-12-17,48919.497521445155,23856.246125933714,22983.90020153718,48919.497521445155,-412656.8234113158,-14479.876353604486,19280.352594378986,-10358.792332685087,-88980.6017093889,-4279.808032955276,23976.994783343747,17105.230496665696,23976.994783343747,23976.994783343747,86744.12745307712,68198.11379340268,74202.38931331225,86744.12745307712
2019-12-18,48919.497521445155,23856.246125933714,22983.90020153718,48919.497521445155,-412656.8234113158,-14479.876353604486,19280.352594378986,-10358.792332685087,-88980.6017093889,-4279.808032955276,24117.062133171246,17245.297846493195,24117.062133171246,24117.062133171246,86942.3729993666,68396.35933969216,74400.63485960173,86942.3729993666
2019-12-19,48919.497521445155,23856.246125933714,22983.90020153718,48919.497521445155,-412656.8234113158,-14479.876353604486,19280.352594378986,-10358.792332685087,-88980.6017093889,-4279.808032955276,24194.45060071326,17322.686314035207,24194.45060071326,24194.45060071326,87179.04946016357,68633.03580048913,74637.3113203987,87179.04946016357
2019-12-20,48919.497521445155,23856.246125933714,22983.90020153718,48919.497521445155,-412656.8234113158,-14479.876353604486,19280.352594378986,-10358.792332685087,-88980.6017093889,-4279.808032955276,20429.448342882446,13557.684056204394,20429.448342882446,20429.448342882446,87312.09932732303,68766.08566764859,74770.36118755816,87312.09932732303
2019-12-23,48919.497521445155,23856.246125933714,22983.90020153718,48919.497521445155,-412656.8234113158,-14479.876353604486,19280.352594378986,-10358.792332685087,-88980.6017093889,-4279.808032955276,20046.733309860225,13174.969023182173,20046.733309860225,20046.733309860225,87334.33204467804,68788.3183850036,74792.59390491317,87334.33204467804
2019-12-24,48919.497521445155,23856.246125933714,22983.90020153718,48919.497521445155,-412656.8234113158,-14479.876353604486,19280.352594378986,-10358.792332685087,-88980.6017093889,-4279.808032955276,19817.323042478063,12945.558755800012,19817.323042478063,19817.323042478063,87367.17774369312,68821.16408401867,74825.43960392824,87367.17774369312
2019-12-26,48919.497521445155,23856.246125933714,22983.90020153718,48919.497521445155,-412656.8234113158,-14479.876353604486,19280.352594378986,-10358.792332685087,-88980.6017093889,-4279.808032955276,19079.357502193423,12207.593215515371,19079.357502193423,19079.357502193423,87407.50092672626,68861.48726705182,74865.7627869614,87407.50092672626
2019-12-27,48919.497521445155,23856.246125933714,22983.90020153718,48919.497521445155,-412656.8234113158,-14479.876353604486,19280.352594378986,-10358.792332685087,-88980.6017093889,-4279.808032955276,18084.431267805747,11212.666981127695,18084.431267805747,18084.431267805747,87415.93438134133,68869.92072166689,74874.19624157646,87415.93438134133
2019-12-30,48919.497521445155,23856.246125933714,22983.90020153718,48919.497521445155,-412656.8234113158,-14479.876353604486,19280.352594378986,-10358.792332685087,-88980.6017093889,-4279.808032955276,17537.96985286032,10666.205566182267,17537.96985286032,17537.96985286032,87507.66112486483,68961.64746519038,74965.92298509995,87507.66112486483
2019-12-31,48919.497521445155,23856.246125933714,22983.90020153718,48919.497521445155,-412656.8234113158,-14479.876353604486,19280.352594378986,-10358.792332685087,-88980.6017093889,-4279.808032955276,17876.20778693189,11004.443500253838,17876.20778693189,17876.20778693189,87537.57599795586,68991.56233828142,74995.837858191,87537.57599795586
2020-01-02,48919.497521445155,23856.246125933714,22983.90020153718,48919.497521445155,-412656.8234113158,-14479.876353604486,19280.352594378986,-10358.792332685087,-88980.6017093889,-4279.808032955276,17872.97105771047,11001.206771032419,17872.97105771047,17872.97105771047,87607.62019372545,69061.60653405101,75065.88205396058,87607.62019372545
2020-01-03,48919.497521445155,23856.246125933714,22983.90020153718,48919.497521445155,-412656.8234113158,-14479.876353604486,19280.352594378986,-10358.792332685087,-88980.6017093889,-4279.808032955276,17618.60621883301,10746.841932154959,17618.60621883301,17618.60621883301,87601.63212859118,69055.61846891674,75059.89398882631,87601.63212859118
2020-01-06,48919.497521445155,23856.246125933714,22983.90020153718,48919.497521445155,-412656.8234113158,-14479.876353604486,19280.352594378986,-10358.792332685087,-88980.6017093889,-4279.808032955276,17787.941274667042,10916.17698798899,17787.941274667042,17787.941274667042,87682.55593772605,69136.54227805161,75140.81779796118,87682.55593772605
2020-01-07,48919.497521445155,23856.246125933714,22983.90020153718,48919.497521445155,-412656.8234113158,-14479.876353604486,19280.352594378986,-10358.792332685087,-88980.6017093889,-4279.808032955276,19171.700115017476,12299.935828339425,19171.700115017476,19171.700115017476,87671.83556677401,69125.82190709957,75130.09742700914,87671.83556677401
2020-01-08,48919.497521445155,23856.246125933714,22983.90020153718,48919.497521445155,-412656.8234113158,-14479.876353604486,19280.352594378986,-10358.792332685087,-88980.6017093889,-4279.808032955276,18830.778098531533,11959.013811853481,18830.778098531533,18830.778098531533,87693.14082169812,69147.12716202368,75151.40268193325,87693.14082169812
2020-01-09,48919.497521445155,23856.246125933714,22983.90020153718,48919.497521445155,-412656.8234113158,-14479.876353604486,19280.352594378986,-10358.792332685087,-88980.6017093889,-4279.808032955276,18453.739267396857,11581.974980718805,18453.739267396857,18453.739267396857,87700.70906438003,69154.69540470559,75158.97092461516,87700.70906438003
2020-01-10,48919.497521445155,23856.246125933714,22983.90020153718,48919.497521445155,-412656.8234113158,-14479.876353604486,19280.352594378986,-10358.792332685087,-88980.6017093889,-4279.808032955276,19421.78185511718,12550.017568439129,19421.78185511718,19421.78185511718,87746.70281895553,69200.68915928109,75204.96467919066,87746.70281895553
2020-01-13,48919.497521445155,23856.246125933714,22983.90020153718,48919.497521445155,-412656.8234113158,-14479.876353604486,19280.352594378986,-10358.792332685087,-88980.6017093889,-4279.808032955276,18007.210960215307,11135.446673537255,18007.210960215307,18007.210960215307,87870.45538067305,69324.44172099861,75328.71724090818,87870.45538067305
2020-01-14,48919.497521445155,23856.246125933714,22983.90020153718,48919.497521445155,-412656.8234113158,-14479.876353604486,19280.352594378986,-10358.792332685087,-88980.6017093889,-4279.808032955276,18367.399803215405,11495.635516537353,18367.399803215405,18367.399803215405,87965.87813372188,69419.86447404744,75424.13999395701,87965.87813372188
2020-01-15,48919.497521445155,23856.246125933714,22983.90020153718,48919.497521445155,-412656.8234113158,-14479.876353604486,19280.352594378986,-10358.792332685087,-88980.6017093889,-4279.808032955276,18887.09857383545,12015.334287157399,18887.09857383545,18887.09857383545,87994.60254714242,69448.58888746798,75452.86440737755,87994.60254714242
2020-01-16,48919.497521445155,23856.246125933714,22983.90020153718,48919.497521445155,-412656.8234113158,-14479.876353604486,19280.352594378986,-10358.792332685087,-88980.6017093889,-4279.808032955276,18560.46104123944,11688.696754561388,18560.46104123944,18560.46104123944,87940.35985136055,69394.34619168611,75398.62171159568,87940.35985136055
2020-01-17,48919.497521445155,23856.246125933714,22983.90020153718,48919.497521445155,-412656.8234113158,-14479.876353604486,19280.352594378986,-10358.792332685087,-88980.6017093889,-4279.808032955276,18886.762079227483,12014.997792549431,18886.762079227483,18886.762079227483,87859.66229603253,69313.64863635809,75317.92415626766,87859.66229603253
2020-01-21,48919.497521445155,23856.246125933714,22983.90020153718,48919.497521445155,-412656.8234113158,-14479.876353604486,19280.352594378986,-10358.792332685087,-88980.6017093889,-4279.808032955276,17471.68743613246,10599.923149454407,17471.68743613246,17471.68743613246,88365.5325758718,69819.51891619735,75823.79443610692,88365.5325758718
2020-01-22,48919.497521445155,23856.246125933714,22983.90020153718,48919.497521445155,-412656.8234113158,-14479.876353604486,19280.352594378986,-10358.792332685087,-88980.6017093889,-4279.808032955276,17612.607842429075,10740.843555751024,17612.607842429075,17612.607842429075,88164.28508597147,69618.27142629703,75622.5469462066,88164.28508597147
2020-01-23,48919.497521445155,23856.246125933714,22983.90020153718,48919.497521445155,-412656.8234113158,-14479.876353604486,19280.352594378986,-10358.792332685087,-88980.6017093889,-4279.808032955276,17300.44145144429,10428.677164766239,17300.44145144429,17300.44145144429,88236.09382681898,69690.08016714454,75694.3556870541,88236.09382681898
2020-01-24,48919.497521445155,23856.246125933714,22983.90020153718,48919.497521445155,-412656.8234113158,-14479.876353604486,19280.352594378986,-10358.792332685087,-88980.6017093889,-4279.808032955276,18863.57512817334,11991.810841495288,18863.57512817334,18863.57512817334,87313.29937416338,68767.28571448894,74771.56123439851,87313.29937416338
2020-01-27,48919.497521445155,23856.246125933714,22983.90020153718,48919.497521445155,-412656.8234113158,-14479.876353604486,19280.352594378986,-10358.792332685087,-88980.6017093889,-4279.808032955276,16635.581455818727,9763.817169140675,16635.581455818727,16635.581455818727,87080.43556708423,68534.4219074098,74538.69742731936,87080.43556708423
2020-01-28,48919.497521445155,23856.246125933714,22983.90020153718,48919.497521445155,-412656.8234113158,-14479.876353604486,19280.352594378986,-10358.792332685087,-88980.6017093889,-4279.808032955276,16358.619305746746,9486.855019068695,16358.619305746746,16358.619305746746,86323.83774314937,67777.82408347493,73782.0996033845,86323.83774314937
2020-01-29,48919.497521445155,23856.246125933714,22983.90020153718,48919.497521445155,-412656.8234113158,-14479.876353604486,19280.352594378986,-10358.792332685087,-88980.6017093889,-4279.808032955276,16687.839722939418,9816.075436261366,16687.839722939418,16687.839722939418,85354.45410237298,66808.44044269854,72812.71596260811,85354.45410237298
2020-01-30,48919.497521445155,23856.246125933714,22983.90020153718,48919.497521445155,-412656.8234113158,-14479.876353604486,19280.352594378986,-10358.792332685087,-88980.6017093889,-4279.808032955276,16968.283990923082,10096.51970424503,16968.283990923082,16968.283990923082,85049.4663949653,66503.45273529086,72507.72825520043,85049.4663949653
2020-01-31,48919.497521445155,23856.246125933714,22983.90020153718,48919.497521445155,-412656.8234113158,-14479.876353604486,19280.352594378986,-10358.792332685087,-88980.6017093889,-4279.808032955276,17091.019213306718,10219.254926628666,17091.019213306718,17091.019213306718,84802.70489058923,66256.69123091479,72260.96675082436,84802.70489058923
2020-02-03,48919.497521445155,23856.246125933714,22983.90020153718,48919.497521445155,-412656.8234113158,-14479.876353604486,19280.352594378986,-10358.792332685087,-88980.6017093889,-4279.808032955276,17091.23012441874,10219.465837740689,17091.23012441874,17091.23012441874,84576.2438594799,66030.23019980546,72034.50571971503,84576.2438594799
2020-02-04,48919.497521445155,23856.246125933714,22983.90020153718,48919.497521445155,-412656.8234113158,-14479.876353604486,19280.352594378986,-10358.792332685087,-88980.6017093889,-4279.808032955276,16605.90282463294,9734.138537954888,16605.90282463294,16605.90282463294,84646.86531948717,66100.85165981273,72105.1271797223,84646.86531948717
2020-02-05,48919.497521445155,23856.246125933714,22983.90020153718,48919.497521445155,-412656.8234113158,-14479.876353604486,19280.352594378986,-10358.792332685087,-88980.6017093889,-4279.808032955276,15484.751358151902,8612.98707147385,15484.751358151902,15484.751358151902,85021.92096756306,66475.90730788861,72480.18282779818,85021.92096756306
2020-02-06,48919.497521445155,23856.246125933714,22983.90020153718,48919.497521445155,-412656.8234113158,-14479.876353604486,19280.352594378986,-10358.792332685087,-88980.6017093889,-4279.808032955276,15717.079005135456,8845.314718457405,15717.079005135456,15717.079005135456,84677.38621493476,66131.37255526031,72135.64807516988,84677.38621493476
2020-02-07,48919.497521445155,23856.246125933714,22983.90020153718,48919.497521445155,-412656.8234113158,-14479.876353604486,19280.352594378986,-10358.792332685087,-88980.6017093889,-4279.808032955276,15937.208829372074,9065.444542694022,15937.208829372074,15937.208829372074,84974.49936017417,66428.48570049973,72432.7612204093,84974.49936017417
2020-02-10,48919.497521445155,23856.246125933714,22983.90020153718,48919.497521445155,-412656.8234113158,-14479.876353604486,19280.352594378986,-10358.792332685087,-88980.6017093889,-4279.808032955276,14905.85482150875,8034.090534830699,14905.85482150875,14905.85482150875,84572.62290188996,66026.60924221552,72030.88476212509,84572.62290188996
2020-02-11,48919.497521445155,23856.246125933714,22983.90020153718,48919.497521445155,-412656.8234113158,-14479.876353604486,19280.352594378986,-10358.792332685087,-88980.6017093889,-4279.808032955276,15014.70285904035,8142.938572362298,15014.70285904035,15014.70285904035,84352.22501888988,65806.21135921543,71810.486879125,84352.22501888988
2020-02-12,48919.497521445155,23856.246125933714,22983.90020153718,48919.497521445155,-412656.8234113158,-14479.876353604486,19280.352594378986,-10358.792332685087,-88980.6017093889,-4279.808032955276,14967.612097584992,8095.84781090694,14967.612097584992,14967.612097584992,84273.64818202029,65727.63452234585,71731.91004225542,84273.64818202029
2020-02-13,48919.497521445155,23856.246125933714,22983.90020153718,48919.497521445155,-412656.8234113158,-14479.876353604486,19280.352594378986,-10358.792332685087,-88980.6017093889,-4279.808032955276,14859.911236954737,7988.146950276685,14859.911236954737,14859.911236954737,84350.54817366903,65804.53451399459,71808.81003390416,84350.54817366903
2020-02-14,48919.497521445155,23856.246125933714,22983.90020153718,48919.497521445155,-412656.8234113158,-14479.876353604486,19280.352594378986,-10358.792332685087,-88980.6017093889,-4279.808032955276,15429.022099505528,8557.257812827476,15429.022099505528,15429.022099505528,84148.05967021827,65602.04601054383,71606.3215304534,84148.05967021827
2020-02-18,48919.497521445155,23856.246125933714,22983.90020153718,48919.497521445155,-412656.8234113158,-14479.876353604486,19280.352594378986,-10358.792332685087,-88980.6017093889,-4279.808032955276,16397.108124014572,9525.34383733652,16397.108124014572,16397.108124014572,83874.65202966519,65328.638369990746,71332.91388990032,83874.65202966519
2020-02-19,48919.497521445155,23856.246125933714,22983.90020153718,48919.497521445155,-412656.8234113158,-14479.876353604486,19280.352594378986,-10358.792332685087,-88980.6017093889,-4279.808032955276,16627.313882259536,9755.549595581484,16627.313882259536,16627.313882259536,83793.028333297,65247.01467362256,71251.29019353213,83793.028333297
2020-02-20,48919.497521445155,23856.246125933714,22983.90020153718,48919.497521445155,-412656.8234113158,-14479.876353604486,19280.352594378986,-10358.792332685087,-88980.6017093889,-4279.808032955276,17101.56091462518,10229.79662794713,17101.56091462518,17101.56091462518,84128.52187728835,65582.50821761391,71586.78373752348,84128.52187728835
2020-02-21,48919.497521445155,23856.246125933714,22983.90020153718,48919.497521445155,-412656.8234113158,-14479.876353604486,19280.352594378986,-10358.792332685087,-88980.6017093889,-4279.808032955276,16194.918912171852,9323.1546254938,16194.918912171852,16194.918912171852,85242.5520233654,66696.53836369095,72700.81388360052,85242.5520233654
2020-02-24,48919.497521445155,23856.246125933714,22983.90020153718,48919.497521445155,-412656.8234113158,-14479.876353604486,19280.352594378986,-10358.792332685087,-88980.6017093889,-4279.808032955276,11903.016620160546,5031.252333482495,11903.016620160546,11903.016620160546,84831.89759618393,66285.88393650949,72290.15945641906,84831.89759618393
2020-02-25,48919.497521445155,23856.246125933714,22983.90020153718,48919.497521445155,-412656.8234113158,-14479.876353604486,19280.352594378986,-10358.792332685087,-88980.6017093889,-4279.808032955276,10240.032767718309,3368.268481040257,10240.032767718309,10240.032767718309,83774.82792033744,65228.814260663,71233.08978057257,83774.82792033744
2020-02-26,48919.497521445155,23856.246125933714,22983.90020153718,48919.497521445155,-412656.8234113158,-14479.876353604486,19280.352594378986,-10358.792332685087,-88980.6017093889,-4279.808032955276,10068.299124119338,3196.534837441286,10068.299124119338,10068.299124119338,83479.2537439866,64933.24008431216,70937.51560422173,83479.2537439866
2020-02-27,48919.497521445155,23856.246125933714,22983.90020153718,48919.497521445155,-412656.8234113158,-14479.876353604486,19280.352594378986,-10358.792332685087,-88980.6017093889,-4279.808032955276,8948.042837188928,2076.278550510877,8948.042837188928,8948.042837188928,79931.41861312091,60977.89203292527,67389.68047335604,79931.41861312091
2020-02-28,48919.497521445155,23856.246125933714,22983.90020153718,48919.497521445155,-412656.8234113158,-14479.876353604486,19280.352594378986,-10358.792332685087,-88980.6017093889,-4279.808032955276,8905.49855070957,2033.7342640315183,8905.49855070957,8905.49855070957,78355.83281391859,60977.89203292527,65814.09467415372,78355.83281391859
2020-03-02,48919.497521445155,23856.246125933714,22983.90020153718,48919.497521445155,-412656.8234113158,-14479.876353604486,19280.352594378986,-10358.792332685087,-88980.6017093889,-4279.808032955276,9444.590414340724,2572.8261276626727,9444.590414340724,9444.590414340724,78857.42500811024,60977.89203292527,66315.68686834536,78857.42500811024
2020-03-03,48919.497521445155,23856.246125933714,22983.90020153718,48919.497521445155,-412656.8234113158,-14479.876353604486,19280.352594378986,-10358.792332685087,-88980.6017093889,-4279.808032955276,8949.753818261554,2077.989531583502,8949.753818261554,8949.753818261554,79805.59322285629,60977.89203292527,67263.85508309142,79805.59322285629
2020-03-04,48919.497521445155,23856.246125933714,22983.90020153718,48919.497521445155,-412656.8234113158,-14479.876353604486,19280.352594378986,-10358.792332685087,-88980.6017093889,-4279.808032955276,10082.835246158531,3211.0709594804794,10082.835246158531,10082.835246158531,78643.11016965634,60977.89203292527,66101.37202989147,78643.11016965634
2020-03-05,48919.497521445155,23856.246125933714,22983.90020153718,48919.497521445155,-412656.8234113158,-14479.876353604486,19280.352594378986,-10358.792332685087,-88980.6017093889,-4279.808032955276,9118.906388231786,2247.1421015537344,9118.906388231786,9118.906388231786,80170.96773283486,60977.89203292527,67629.22959306999,80170.96773283486
2020-03-06,48919.497521445155,23856.246125933714,22983.90020153718,48919.497521445155,-412656.8234113158,-14479.876353604486,19280.352594378986,-10358.792332685087,-88980.6017093889,-4279.808032955276,9116.603824979858,2244.839538301807,9116.603824979858,9116.603824979858,79791.8618183902,60977.89203292527,67250.12367862533,79791.8618183902
2020-03-09,48919.497521445155,23856.246125933714,22983.90020153718,48919.497521445155,-412656.8234113158,-14479.876353604486,19280.352594378986,-10358.792332685087,-88980.6017093889,-4279.808032955276,9315.284939748584,2443.5206530705327,9315.284939748584,9315.284939748584,80518.28207798465,60977.89203292527,67976.54393821978,80518.28207798465
2020-03-10,48919.497521445155,23856.246125933714,22983.90020153718,48919.497521445155,-412656.8234113158,-14479.876353604486,19280.352594378986,-10358.792332685087,-88980.6017093889,-4279.808032955276,9024.292846566415,2152.528559888364,9024.292846566415,9024.292846566415,82295.52480005217,60977.89203292527,69753.7866602873,82295.52480005217
2020-03-11,48919.497521445155,23856.246125933714,22983.90020153718,48919.497521445155,-412656.8234113158,-14479.876353604486,19280.352594378986,-10358.792332685087,-88980.6017093889,-4279.808032955276,9400.720232233522,2528.95594555547,9400.720232233522,9400.720232233522,80911.60080943699,60977.89203292527,68369.86266967212,80911.60080943699
2020-03-12,48919.497521445155,23856.246125933714,22983.90020153718,48919.497521445155,-412656.8234113158,-14479.876353604486,19280.352594378986,-10358.792332685087,-88980.6017093889,-4279.808032955276,10355.907669681124,3484.143383003073,10355.907669681124,10355.907669681124,77685.76661415328,60977.89203292527,65144.02847438841,77685.76661415328
2020-03-13,48919.497521445155,23856.246125933714,22983.90020153718,48919.497521445155,-412656.8234113158,-14479.876353604486,19280.352594378986,-10358.792332685087,-88980.6017093889,-4279.808032955276,9474.744800647255,2602.9805139692035,9474.744800647255,9474.744800647255,81552.00250181486,60977.89203292527,69010.26436204999,81552.00250181486
2020-03-16,48919.497521445155,23856.246125933714,22983.90020153718,48919.497521445155,-412656.8234113158,-14479.876353604486,19280.352594378986,-10358.792332685087,-88980.6017093889,-4279.808032955276,9247.803361745435,2376.0390750673832,9247.803361745435,9247.803361745435,78768.23597559519,60977.89203292527,66226.49783583032,78768.23597559519
2020-03-17,48919.497521445155,23856.246125933714,22983.90020153718,48919.497521445155,-412656.8234113158,-14479.876353604486,19280.352594378986,-10358.792332685087,-88980.6017093889,-4279.808032955276,9482.529824739904,2610.7655380618526,9482.529824739904,9482.529824739904,79774.73691165936,60977.89203292527,67232.99877189449,79774.73691165936
2020-03-18,48919.497521445155,23856.246125933714,22983.90020153718,48919.497521445155,-412656.8234113158,-14479.876353604486,19280.352594378986,-10358.792332685087,-88980.6017093889,-4279.808032955276,9271.810070541687,2400.0457838636357,9271.810070541687,9271.810070541687,79020.31426590239,60977.89203292527,66478.57612613752,79020.31426590239
2020-03-19,48919.497521445155,23856.246125933714,22983.90020153718,48919.497521445155,-412656.8234113158,-14479.876353604486,19280.352594378986,-10358.792332685087,-88980.6017093889,-4279.808032955276,9293.406755594304,2421.6424689162523,9293.406755594304,9293.406755594304,79988.89180774079,60977.89203292527,67447.15366797592,79988.89180774079
2020-03-20,48919.497521445155,23856.246125933714,22983.90020153718,48919.497521445155,-412656.8234113158,-14479.876353604486,19280.352594378986,-10358.792332685087,-88980.6017093889,-4279.808032955276,14363.842404915951,7492.0781182379,14363.842404915951,14363.842404915951,81205.53903950192,60977.89203292527,68663.80089973705,81205.53903950192
2020-03-23,47809.14386936289,22745.892473851447,21873.546549454913,47809.14386936289,-413857.17706339806,-15590.230005686753,18169.99894229672,-11469.145984767354,-90148.98238271382,-5437.299558934523,14363.842404915951,7492.0781182379,14363.842404915951,14363.842404915951,82425.14951719623,62197.50251061935,69883.41137743136,82425.14951719623
2020-03-24,53993.091017406434,28929.839621894876,28057.493697498343,53993.091017406434,-489314.3116187406,-9406.282857643324,24353.94609034015,-5285.198836723925,-88459.50371380255,6126.942944613402,14363.842404915951,7492.0781182379,14363.842404915951,14363.842404915951,77610.52102514915,57382.874018572504,65068.78288538428,77610.52102514915
2020-03-25,48970.01447612513,23906.763080613804,23034.41715621727,48970.01447612513,-494337.3881600218,-14429.359398924396,19330.869549059076,-10308.275378004997,-93136.6001921671,1905.3049763204763,14363.842404915951,7492.0781182379,14363.842404915951,14363.842404915951,72932.19102204964,50031.324518324574,60390.452882284764,72932.19102204964
2020-03-26,50700.50872813305,25637.25733262149,24764.911408224958,50700.50872813305,-492606.89390801406,-12698.865146916709,21061.363801066764,-8577.78112599731,-84137.742185171,11929.462623627624,14363.842404915951,7492.0781182379,14363.842404915951,14363.842404915951,56334.61155165685,50031.324518324574,40621.72653063177,53163.46467039664
2020-03-27,49528.1501541913,24464.89875867986,23592.552834283328,49528.1501541913,-493779.252481956,-13871.22372085834,19888.84014551295,-9750.469863163074,-89513.99586012308,6918.01519120601,14363.842404915951,7492.0781182379,14363.842404915951,14363.842404915951,66882.0651963104,50031.324518324574,40621.72653063177,53163.46467039664
2020-03-30,59325.67031075363,34262.41891524219,33390.072990845656,59325.67031075363,-483981.73232539307,-4073.703564296011,29739.971409867518,154.27250898361672,-79620.11046043376,16706.721915719216,14363.842404915951,7492.0781182379,14363.842404915951,14363.842404915951,71077.86606886378,50031.324518324574,40621.72653063177,53163.46467039664
2020-03-31,58486.85753656621,33423.60614105477,32551.260216658236,58486.85753656621,-484820.5450995804,-4912.51633848343,28875.754325280897,-735.3488860018551,-80650.74983599642,16031.536072399002,14363.842404915951,7492.0781182379,14363.842404915951,14363.842404915951,75013.0296296922,50031.324518324574,40621.72653063177,53163.46467039664
2020-04-01,53415.74061791808,28352.48922240676,27480.143298010225,53415.74061791808,-489891.6620182282,-9983.633257131441,23729.072741419426,-5957.595135077019,-87477.25565600989,10238.086456257151,14363.842404915951,7492.0781182379,14363.842404915951,14363.842404915951,75936.17506310297,50031.324518324574,40621.72653063177,53163.46467039664
2020-04-02,59904.09716719575,34840.84577168431,33968.49984728778,59904.09716719575,-483403.3054689506,-3495.276707853889,30254.429574348498,604.7619815035723,-80993.26237791334,16620.966328867013,14363.842404915951,7492.0781182379,14363.842404915951,14363.842404915951,77073.59192270786,50031.324518324574,40621.72653063177,53163.46467039664
2020-04-03,62096.59462582972,37033.34323031816,36160.99730592163,62096.59462582972,-481210.8080103166,-1302.7792492200388,32422.481109970715,2748.3675941141555,-79473.81001316174,18448.906421265332,14363.842404915951,7492.0781182379,14363.842404915951,14363.842404915951,78226.39466531738,50031.324518324574,40621.72653063177,53163.46467039664
2020-04-06,68303.97893074015,43240.72753522871,42368.38161083218,68303.97893074015,-475003.4237054058,4904.60505569051,39231.71294059197,10159.446950446116,-72078.11175270472,24643.635042441543,14363.842404915951,7492.0781182379,14363.842404915951,14363.842404915951,78836.80887849256,50031.324518324574,40621.72653063177,53163.46467039664
2020-04-07,67826.95838241,42763.70698689867,41891.36106250214,67826.95838241,-475480.4442537355,4427.584507360472,38764.44479524472,9701.93120808166,-72316.6486410906,24358.095223629614,14363.842404915951,7492.0781182379,14363.842404915951,14363.842404915951,83506.85531004355,50031.324518324574,40621.72653063177,53163.46467039664
2020-04-08,72205.01377120311,47141.76237569167,46269.41645129514,72205.01377120311,-471102.38886494224,8805.639896153472,43463.82412356057,14722.634475920233,-66889.1528924352,28128.140206430922,14363.842404915951,7492.0781182379,14363.842404915951,14363.842404915951,78305.88754124264,50031.324518324574,40621.72653063177,53163.46467039664
2020-04-09,75769.06926332996,50705.81786781852,49833.47194342199,75769.06926332996,-467538.3333728148,12369.695388280321,47178.431395586114,18587.793527844595,-64332.587622303865,30035.554181259475,14363.842404915951,7492.0781182379,14363.842404915951,14363.842404915951,72235.93820829829,50031.324518324574,40621.72653063177,53163.46467039664
2020-04-13,72585.05426301016,47521.802867498714,46649.45694310218,72585.05426301016,-470722.34837313415,9185.680387960514,43901.847483039135,15218.640703070443,-66842.14992338547,27861.43282019382,14363.842404915951,7492.0781182379,14363.842404915951,14363.842404915951,82279.40672296449,50031.324518324574,40621.72653063177,53163.46467039664
2020-04-14,75297.35243575531,50234.10104024387,49361.755115847336,75297.35243575531,-468010.050200389,11897.97856070567,47162.855478922604,19028.35852209211,-63040.73112856818,30568.174459011527,14363.842404915951,7492.0781182379,14363.842404915951,14363.842404915951,83937.26058247103,50031.324518324574,40621.72653063177,53163.46467039664
2020-04-15,71669.76056696451,46606.50917145307,45734.16324705654,71669.76056696451,-471637.6420691798,8270.386691914871,43128.28955264902,14586.81853833585,-65716.07020535704,28124.5030634742,14363.842404915951,7492.0781182379,14363.842404915951,14363.842404915951,85301.21608921327,50031.324518324574,40621.72653063177,53163.46467039664
2020-04-16,71792.83516208432,46729.58376657276,45857.237842176226,71792.83516208432,-471514.5674740602,8393.461287034559,43341.79507035378,14890.754978625686,-65744.34555614227,28024.780829023453,14363.842404915951,7492.0781182379,14363.842404915951,14363.842404915951,86972.37909905636,50031.324518324574,40621.72653063177,53163.46467039664
2020-04-17,78354.43066142546,53291.17926591402,52418.833341517486,78354.43066142546,-464952.97197471873,14955.056786376052,50412.28745627613,22470.14425112959,-61108.59565591498,32614.617362118675,14363.842404915951,7492.0781182379,14363.842404915951,14363.842404915951,81163.8168641061,50031.324518324574,40621.72653063177,53163.46467039664
2020-04-20,74779.33814154007,49716.08674602839,48843.74082163186,74779.33814154007,-468528.06449460424,11379.96426649054,46837.19493639062,18895.05173124408,-64744.513328773086,28990.23833490745,14363.842404915951,7492.0781182379,14363.842404915951,14363.842404915951,81988.21041571815,50855.718069936614,41446.12008224381,53987.85822200868
2020-04-21,77219.91480416339,52156.663408651715,51284.31748425518,77219.91480416339,-466177.48783198104,13775.540929113748,49277.771599013824,21335.628393867286,-60319.531566687976,29918.107274209033,14363.842404915951,7492.0781182379,14363.842404915951,14363.842404915951,81275.39409550978,50142.90174972825,40733.303762035444,53275.041901800316
2020-04-22,79403.69263415318,54340.44123864174,53468.095314245205,79403.69263415318,-483968.41969659796,5971.96391180018,51461.54942900385,23519.406223857193,-63114.36707176315,31031.746539043146,14363.842404915951,7492.0781182379,14363.842404915951,14363.842404915951,82168.85971988924,51036.36737410771,41626.769386414904,54168.507526179776
2020-04-23,79494.84969562548,54431.59830011404,53559.25237571751,79494.84969562548,-483811.7119232974,6095.896329186624,51552.70649047615,23610.563285329496,-62091.55528344028,32045.374901209027,14363.842404915951,7492.0781182379,14363.842404915951,14363.842404915951,82453.47946651815,51320.98712073662,41911.38913304394,54453.12727280869
2020-04-24,82855.86647038627,57792.615074875765,56920.26915047923,82855.86647038627,-493272.95330578997,3045.784025321598,54908.77084862185,26961.675226859166,-61010.37290955451,34931.94549247867,14363.842404915951,7492.0781182379,14363.842404915951,14363.842404915951,83091.813125622,51959.32077984046,42549.72279214754,55091.46093191253
2020-04-27,82282.24973249063,57218.998336979654,56346.65241258312,82282.24973249063,-507389.6424595645,-4299.368920513778,53621.09700972075,24959.944286953425,-63029.306951581035,34344.88803500589,14363.842404915951,7492.0781182379,14363.842404915951,14363.842404915951,84701.04085037461,53568.54850459308,44158.95051690028,56700.68865666515
2020-04-28,81888.76988951652,56825.51849400578,55953.17256960925,81888.76988951652,-507783.12230253866,-4692.848763487651,53458.63048791094,25028.491086307447,-63375.070029897266,33710.771493267384,14363.842404915951,7492.0781182379,14363.842404915951,14363.842404915951,85634.97847249336,54502.486126711825,45092.888139018905,57634.62627878389
2020-04-29,81564.10519269877,56500.85379718756,55628.50787279103,81564.10519269877,-508107.78699935647,-5017.513460305752,51824.85331962956,22085.601446563145,-65655.79367024219,33247.362416676944,14363.842404915951,7492.0781182379,14363.842404915951,14363.842404915951,84297.8793013515,53165.386955569964,43755.788967877044,56297.52710764203
2020-04-30,80374.67239837605,55311.421002864605,54439.07507846807,80374.67239837605,-509297.21979367925,-6206.94625462871,51113.20856084023,21851.744723307318,-66069.85653723974,32667.64862025506,14363.842404915951,7492.0781182379,14363.842404915951,14363.842404915951,85451.14904657053,54318.656700789,44909.05871309608,57450.796852861065
2020-05-01,81053.1294884393,55989.87809292716,55117.532168530626,81053.1294884393,-508618.76270361664,-5528.489164566272,53136.7747313506,25220.419974265853,-65471.13791824528,32483.755491295015,14363.842404915951,7492.0781182379,14363.842404915951,14363.842404915951,86212.8570057035,55080.364659921965,45670.766672229045,58212.50481199403
2020-05-04,81787.81817058171,56724.56677506934,55852.220850672806,81787.81817058171,-507884.0740214742,-4793.8004824240925,53756.19388248748,25724.56959439756,-64977.367229151656,33209.80217652873,14363.842404915951,7492.0781182379,14363.842404915951,14363.842404915951,87275.91694682115,56143.42460103962,46733.82661334681,59275.564753111685
2020-05-05,81578.9584501991,56515.70705468673,55643.3611302902,81578.9584501991,-508092.93374185695,-5002.660202806583,53160.15536054503,24741.352270895266,-65883.89965874003,32919.92383116996,14363.842404915951,7492.0781182379,14363.842404915951,14363.842404915951,87647.65561438678,56515.16326860525,47105.56528091233,59647.303420677315
2020-05-06,83359.8807222473,58296.629326734925,57424.28340233839,83359.8807222473,-506312.01146980893,-3221.7379307583906,55227.7598643871,27095.63900653133,-64956.5042610314,33582.31855725392,14363.842404915951,7492.0781182379,14363.842404915951,14363.842404915951,87132.421219646,55999.92887386447,46590.330886171665,59132.06902593654
2020-05-07,82203.58303501084,57140.33163949824,56267.985715101706,82203.58303501084,-507468.3091570456,-4378.0356179949595,53564.5957627194,24925.608490432496,-65726.92966079223,33438.03942997544,14363.842404915951,7492.0781182379,14363.842404915951,14363.842404915951,86412.9071606039,55280.414814822376,45870.81682712969,58412.554966894444
2020-05-08,79960.90628135437,54897.65488584223,54025.3089614457,79960.90628135437,-509710.98591070174,-6620.712371651083,50613.066227323376,21265.22617329657,-66255.46615523682,33194.269531431026,14363.842404915951,7492.0781182379,14363.842404915951,14363.842404915951,87226.09369767224,56093.60135189071,46684.00336419779,59225.74150396278
2020-05-11,78796.1840643282,53732.9326688156,52860.586744419066,78796.1840643282,-510875.7081277284,-7785.4345886777155,49450.58958457713,20104.995104830363,-67424.74426878651,32021.80173336342,14363.842404915951,7492.0781182379,14363.842404915951,14363.842404915951,89651.97439829749,58519.48205251596,49109.884064823156,61651.62220458803
2020-05-12,78520.86504655029,53457.61365103768,52585.26772664115,78520.86504655029,-511151.0271455066,-8060.75360645575,48957.0514532791,19393.23786001245,-68900.78129231266,31245.091655688942,14363.842404915951,7492.0781182379,14363.842404915951,14363.842404915951,89727.57132130046,58595.07897551893,49185.48098782613,61727.219127591
2020-05-13,79238.98508723918,54175.73369172681,53303.38776733028,79238.98508723918,-510432.9071048173,-7342.633565766504,49485.399235498626,19731.813383762143,-68874.26210124616,31262.264167111483,14363.842404915951,7492.0781182379,14363.842404915951,14363.842404915951,88009.24645711365,56876.75411133212,47467.156123639434,60008.89426340419
2020-05-14,77600.03818699741,52536.78679148434,51664.440867087804,77600.03818699741,-512071.8540050593,-8981.580466008862,47972.590413998114,18345.142641003593,-68940.18940757285,31428.878062251722,14363.842404915951,7492.0781182379,14363.842404915951,14363.842404915951,90315.92040422489,59183.42805844336,49773.830070750555,62315.56821051543
2020-05-15,81590.73620721279,56527.48481169995,55655.138887303416,81590.73620721279,-508081.155984844,-4990.882445793948,52012.32388326223,22433.911559315748,-66106.00402474089,34264.86912138073,14363.842404915951,7492.0781182379,14363.842404915951,14363.842404915951,89896.29314813716,58763.80080235563,49354.20281466283,61895.9409544277
2020-05-18,77989.65267542843,52926.40127991559,52054.055355519056,77989.65267542843,-511682.23951662844,-8591.965977578424,48411.240351477754,18832.82802753127,-69733.29121125443,30640.792040249333,14363.842404915951,7492.0781182379,14363.842404915951,14363.842404915951,89462.05251247482,58329.56016669329,48919.96217900049,61461.70031876536
2020-05-19,78521.9889173978,53458.73752188496,52586.39159748843,78521.9889173978,-511149.9032746591,-8059.629735609051,48943.57659344701,19365.164269500645,-70213.38301665126,29832.38452418428,14363.842404915951,7492.0781182379,14363.842404915951,14363.842404915951,89823.97843907168,58691.48609329015,49281.88810559735,61823.62624536222
2020-05-20,78695.5885671326,53632.337171619525,52759.99124722299,78695.5885671326,-510976.30362492433,-7886.030085874256,49117.176243181806,19538.76391923544,-69321.51976494433,31504.759839178296,14363.842404915951,7492.0781182379,14363.842404915951,14363.842404915951,89618.5178566724,58486.025510890875,49076.42752319807,61618.16566296294
2020-05-21,79337.05209553335,54273.80070002028,53401.454775623744,79337.05209553335,-510334.8400965236,-7244.566557473503,49758.63977158256,20180.227447636193,-69625.14250841911,31071.113146269694,14363.842404915951,7492.0781182379,14363.842404915951,14363.842404915951,89451.12100229226,58318.62865651073,48909.030668817926,61450.7688085828
2020-05-22,79752.36217446905,54689.11077895644,53816.76485455991,79752.36217446905,-509919.53001758794,-6829.256478537456,50172.90525056189,20593.448326658807,-69194.3216918828,31551.75771210331,14363.842404915951,7492.0781182379,14363.842404915951,14363.842404915951,89569.0952224913,58436.602876709774,49027.00488901697,61568.74302878184
2020-05-26,79932.02414965862,54868.77275414625,53996.42682974972,79932.02414965862,-509739.86804239824,-6649.5945033476455,50223.86659847968,20515.709047304466,-69283.97500603576,31722.048815849354,14363.842404915951,7492.0781182379,14363.842404915951,14363.842404915951,89695.19272353058,58562.700377749046,49153.10239005624,61694.840529821115
2020-05-27,81612.83081566729,56549.57942015445,55677.233495757915,81612.83081566729,-508059.0613763897,-4968.787837339449,51747.330288431374,21881.82976119942,-68091.81309071102,32851.91220361169,14363.842404915951,7492.0781182379,14363.842404915951,14363.842404915951,89617.92157458607,58485.42922880454,49075.83124111174,61617.56938087661
2020-05-28,80152.17074422794,55088.919348715106,54216.57342431857,80152.17074422794,-509519.72144782916,-6429.447908778675,50306.47022274439,20460.769701264566,-68772.61383052182,32205.426218097215,14363.842404915951,7492.0781182379,14363.842404915951,14363.842404915951,89682.68334397906,58550.19099819753,49140.59301050473,61682.3311502696
2020-05-29,80767.51024890272,55704.25885338988,54831.91292899335,80767.51024890272,-508904.3819431543,-5814.108404104132,50874.0799512933,20980.64965368784,-67288.20983787626,33601.58010660298,14363.842404915951,7492.0781182379,14363.842404915951,14363.842404915951,89842.07296845573,58709.5806226742,49299.982634981396,61841.72077474627
2020-06-01,80461.6088175131,55398.35742200073,54526.011497604195,80461.6088175131,-509210.2833745435,-6120.009835493169,50521.96291011083,20582.317002711818,-67018.85904429003,33772.2866144625,14363.842404915951,7492.0781182379,14363.842404915951,14363.842404915951,90361.91245353036,59229.420107748825,49819.82212005602,62361.56025982089
2020-06-02,81773.44586343598,56710.194467924535,55837.848543528,81773.44586343598,-507898.44632861967,-4808.172789569362,51970.25640702201,22167.06695061014,-65436.91693158157,35081.52632903331,14363.842404915951,7492.0781182379,14363.842404915951,14363.842404915951,90177.20421333867,59044.71186755714,49635.11387986434,62176.85201962921
2020-06-03,83027.87459820812,57964.62320269621,57092.277278299676,83027.87459820812,-506644.017593848,-3553.7440547976876,53445.806245867396,23863.737893529586,-63831.11170438351,36217.32794669981,14363.842404915951,7492.0781182379,14363.842404915951,14363.842404915951,89984.24452777393,58851.7521819924,49442.1541942996,61983.89233406447
2020-06-04,82959.46149064065,57896.21009512851,57023.86417073198,82959.46149064065,-506712.4307014156,-3622.157162365271,53333.170357145835,23706.879223654047,-63989.9801348215,36146.10456738586,14363.842404915951,7492.0781182379,14363.842404915951,14363.842404915951,90860.04896246968,59727.55661668815,50317.958628995344,62859.696768760215
2020-06-05,87061.97812198731,61998.72672647517,61126.38080207864,87061.97812198731,-502609.9140700692,480.3594689812744,57866.071790234186,28670.16545848397,-59528.887438330334,39700.126500995364,14363.842404915951,7492.0781182379,14363.842404915951,14363.842404915951,90266.4164677565,59133.92412197497,49724.326134282164,62266.064274047036
2020-06-08,89078.15284652193,64014.90145100909,63142.55552661256,89078.15284652193,-500593.7393455354,2496.534193515079,60089.29073347524,31100.428620432038,-58163.572323605535,40805.78195123735,14363.842404915951,7492.0781182379,14363.842404915951,14363.842404915951,90937.81631756714,59805.323971785605,50395.7259840928,62937.46412385767
2020-06-09,88429.13000488328,63365.87860937137,62493.53268497484,88429.13000488328,-501242.76218717336,1847.5113518773578,59395.141558597796,30361.153112315107,-58904.94077606278,40154.98426420463,14363.842404915951,7492.0781182379,14363.842404915951,14363.842404915951,91511.88768529845,60379.39533951692,50969.79735182412,63511.53549158899
2020-06-10,87917.59889027243,62854.3474947596,61982.00157036306,87917.59889027243,-501754.2933017848,1335.9802372656995,58850.09511185321,29782.591333437478,-59668.47499465488,39476.48640189017,14363.842404915951,7492.0781182379,14363.842404915951,14363.842404915951,92490.01853046147,61357.52618467994,51947.92819698714,64489.66633675201
2020-06-11,84452.63722332101,59389.38582780841,58517.039903411875,84452.63722332101,-505219.25496873626,-2128.9814296856057,55040.78391579678,25628.930608275812,-64583.75361385394,35585.041184350615,14363.842404915951,7492.0781182379,14363.842404915951,14363.842404915951,91596.24673426733,60463.7543884858,51054.156400793,63595.89454055787
2020-06-12,85436.85922302445,60373.60782751185,59501.261903115315,85436.85922302445,-504235.03296903253,-1144.759429981932,56092.41644893726,26747.97367485345,-61132.45461315673,38275.10414911283,14363.842404915951,7492.0781182379,14363.842404915951,14363.842404915951,91613.23189931759,60480.739553536056,51071.14156584325,63612.879705608124
2020-06-15,86543.09802960721,61479.846634094836,60607.5007096983,86543.09802960721,-503128.7941624495,-38.520623399177566,57249.14381754771,27955.189605490887,-59253.08410787408,39539.839791834005,14363.842404915951,7492.0781182379,14363.842404915951,14363.842404915951,92167.22926570661,61034.73691992508,51625.13893223228,64166.87707199715
2020-06-16,90137.67485252372,65074.423457011115,64202.07753261505,90137.67485252372,-499534.21733953315,3556.056199517683,61472.01856812625,32806.36228373146,-54419.4043040378,43121.6784992984,14363.842404915951,7492.0781182379,14363.842404915951,14363.842404915951,92078.48334273184,60945.990996950306,51536.3930092575,64078.131149022374
2020-06-17,88676.79341310961,63613.54201759724,62741.19609320094,88676.79341310961,-500995.0987789478,2095.174760103575,59872.93428735202,31069.07516159711,-55370.823290585424,42249.39798857574,14363.842404915951,7492.0781182379,14363.842404915951,14363.842404915951,92076.21530666156,60943.722960880026,51534.12497318722,64075.863112952095
2020-06-18,88398.83645780385,63335.585062291706,62463.239137895405,88398.83645780385,-501273.05573425366,1817.217804797925,59607.736973226536,30816.63748865144,-55617.96301008749,41997.233517338755,14363.842404915951,7492.0781182379,14363.842404915951,14363.842404915951,92264.9832899007,61132.49094411917,51722.89295642637,64264.63109619124
2020-06-19,86684.20489166095,61620.95349614881,60748.60757175274,86684.20489166095,-502987.6873003961,102.58623865549453,57703.67599405837,28723.147096458124,-57009.746751478524,40622.85106673406,14363.842404915951,7492.0781182379,14363.842404915951,14363.842404915951,93210.96288543683,62078.4705396553,52668.8725519625,65210.61069172737
2020-06-22,87072.1029070539,62008.851511541754,61136.505587145686,87072.1029070539,-502599.78928500303,490.48425404855516,58091.57400945132,29111.045111851185,-56663.369871908566,40976.082630289835,14363.842404915951,7492.0781182379,14363.842404915951,14363.842404915951,93288.8597868355,62156.36744105397,52746.769453361165,65288.507593126036
2020-06-23,87080.60563974362,62017.35424423148,61145.00831983541,87080.60563974362,-502591.28655231354,498.98698673804756,58100.07674214104,29119.547844540677,-56793.9308258635,41162.306823980645,14363.842404915951,7492.0781182379,14363.842404915951,14363.842404915951,93271.5613593026,62139.069013521075,52729.47102582827,65271.20916559314
2020-06-24,86345.39019413549,61282.138798623346,60409.79287422728,86345.39019413549,-503326.5019979215,-236.22845886985306,57364.86129653291,28384.332398932776,-58439.68564885447,38079.02178127365,14363.842404915951,7492.0781182379,14363.842404915951,14363.842404915951,93352.91390211345,62220.421556331916,52810.82356863911,65352.561708403984
2020-06-25,87950.21214015689,62886.96074464475,62014.61482024868,87950.21214015689,-501721.6800519002,1368.5934871514328,58969.68324255431,29989.154344954062,-57362.076891241595,40385.63462016301,14363.842404915951,7492.0781182379,14363.842404915951,14363.842404915951,93189.68020218355,62057.187856402015,52647.58986870921,65189.32800847408
2020-06-26,86317.54549518833,61254.29409967689,60381.94817528082,86317.54549518833,-503444.3466968681,-264.0731578163104,57329.62092202576,28341.696348864934,-58490.825890343636,37232.49529205507,14363.842404915951,7492.0781182379,14363.842404915951,14363.842404915951,93266.21242179302,62133.720076011494,52724.12208831869,65265.86022808356
2020-06-29,89012.49741302757,63949.24601751589,63076.900093119824,89012.49741302757,-513977.01181107113,2430.878760022577,58937.604350866284,28862.711288706865,-57989.9930094477,39912.1410753557,14363.842404915951,7492.0781182379,14363.842404915951,14363.842404915951,93498.31720448658,62365.82485870505,52956.226871012244,65497.965010777116
2020-06-30,89977.213258893,64913.96186338132,64041.615938985255,89977.213258893,-524710.5566561795,3395.594605888007,58941.02530012443,27904.837341357605,-57308.95435201819,41895.08299517457,14363.842404915951,7492.0781182379,14363.842404915951,14363.842404915951,93481.257747025,62348.765401243465,52939.16741355066,65480.90555331553
2020-07-01,89659.48193960916,64596.23054409819,63723.88461970212,89659.48193960916,-531600.4666904482,3077.8632866047556,58090.88437366998,26522.286807731725,-56737.31548878993,42913.907384049846,14363.842404915951,7492.0781182379,14363.842404915951,14363.842404915951,93443.44428515504,62310.95193937351,52901.35395168071,65443.09209144558
2020-07-02,91405.66243463778,66342.41103912774,65470.06511473167,91405.66243463778,-529854.2861954186,4824.04378163442,59415.59815332573,27425.53387201368,-54553.66093447083,45332.92392597371,14363.842404915951,7492.0781182379,14363.842404915951,14363.842404915951,93506.75803579367,62374.26569001214,52964.66770231933,65506.405842084205
2020-07-06,86632.95394173637,61569.70254622609,60697.356621830026,86632.95394173637,-534626.9946883202,51.33528873277828,53445.91896249913,20258.883983262,-57827.2623517008,42460.18845406326,14363.842404915951,7492.0781182379,14363.842404915951,14363.842404915951,93622.96176640876,62490.469420627225,53080.87143293442,65622.6095726993
2020-07-07,85717.4174375101,60654.16604200122,59781.82011760515,85717.4174375101,-535542.5311925455,-864.2012154922122,52414.905028223526,19112.392618935904,-58981.284586790716,41538.43198015948,14363.842404915951,7492.0781182379,14363.842404915951,14363.842404915951,93387.18377724709,62254.69143146556,52845.093443772756,65386.83158353763
2020-07-08,86562.15181726776,61498.90042175865,60626.55449736258,86562.15181726776,-534697.7968127879,-19.466835734667256,53344.39528256212,20126.638747855555,-58111.29690429359,42341.14430861664,14363.842404915951,7492.0781182379,14363.842404915951,14363.842404915951,93526.6860161093,62394.193670327775,52984.59568263497,65526.33382239984
2020-07-09,87199.61705613951,62136.3656606304,61264.01973623433,87199.61705613951,-534060.3315739164,617.9984031369677,53918.29156238865,20636.966068636742,-58312.55589681282,42304.52793239418,14363.842404915951,7492.0781182379,14363.842404915951,14363.842404915951,93507.7443927899,62375.25204700837,52965.654059315566,65507.39219908044
2020-07-10,86731.57710508816,61668.32570957905,60795.97978518298,86731.57710508816,-534528.3715249677,149.95845208561514,53563.61492533516,20395.652745581,-56585.19167463516,43788.3215509092,14363.842404915951,7492.0781182379,14363.842404915951,14363.842404915951,94020.80649313843,62888.3141473569,53478.716159664094,66020.45429942897
2020-07-13,84599.55129000475,59536.2998944954,58663.953970099334,84599.55129000475,-536660.3973400515,-1982.0673629977973,51333.23640194768,18066.9215138898,-59052.79431374511,41728.225556713995,14363.842404915951,7492.0781182379,14363.842404915951,14363.842404915951,94264.22315896954,63131.73081318801,53722.13282549521,66263.87096526008
2020-07-14,86008.7647324393,60945.51333692996,60073.16741253389,86008.7647324393,-535251.183897617,-572.853920563357,53046.55249787588,20084.34026331152,-57050.37837784516,43125.81623803836,14363.842404915951,7492.0781182379,14363.842404915951,14363.842404915951,93919.68191921385,62787.18957343232,53377.591585739516,65919.32972550439
2020-07-15,86369.204955203,61305.95355969248,60433.607635296416,86369.204955203,-534890.7436748542,-212.41369780083187,53625.37584441854,20881.546733634314,-55412.36400148249,44019.734684676165,14363.842404915951,7492.0781182379,14363.842404915951,14363.842404915951,94112.26815495454,62979.77580917301,53570.1778214802,66111.91596124507
2020-07-16,86699.75289673265,61636.50150122261,60764.15557682654,86699.75289673265,-534560.1957333242,118.13424372929148,53876.91196604748,21054.071035362198,-55148.093965075444,44662.954673679895,14363.842404915951,7492.0781182379,14363.842404915951,14363.842404915951,94157.53823262034,63025.04588683881,53615.447899146006,66157.18603891088
2020-07-17,87548.11390513857,62484.86250962806,61612.51658523199,87548.11390513857,-533711.8347249189,966.4952521345112,54794.595880180364,22041.07785522286,-52808.5378318741,46580.8953777476,14363.842404915951,7492.0781182379,14363.842404915951,14363.842404915951,93717.93535616086,62585.44301037933,53175.845022686524,65717.5831624514
2020-07-20,87548.11390513857,62484.86250962806,61612.51658523199,87548.11390513857,-533711.8347249189,966.4952521345112,54794.595880180364,22041.07785522286,-52808.5378318741,46580.8953777476,14363.842404915951,7492.0781182379,14363.842404915951,14363.842404915951,93748.63655415084,62616.14420836931,53206.54622067651,65748.28436044138
2020-07-21,87548.11390513857,62484.86250962806,61612.51658523199,87548.11390513857,-533711.8347249189,966.4952521345112,54794.595880180364,22041.07785522286,-52808.5378318741,46580.8953777476,14363.842404915951,7492.0781182379,14363.842404915951,14363.842404915951,94266.12868905021,63133.63634326868,53724.038355575874,66265.77649534075
2020-07-22,87548.11390513857,62484.86250962806,61612.51658523199,87548.11390513857,-533711.8347249189,966.4952521345112,54794.595880180364,22041.07785522286,-52808.5378318741,46580.8953777476,14363.842404915951,7492.0781182379,14363.842404915951,14363.842404915951,94016.30087416014,62883.808528378606,53474.2105406858,66015.94868045067
2020-07-23,87548.11390513857,62484.86250962806,61612.51658523199,87548.11390513857,-533711.8347249189,966.4952521345112,54794.595880180364,22041.07785522286,-52808.5378318741,46580.8953777476,14363.842404915951,7492.0781182379,14363.842404915951,14363.842404915951,94654.92038805364,63522.428042272106,54112.8300545793,66654.56819434417
2020-07-24,87548.11390513857,62484.86250962806,61612.51658523199,87548.11390513857,-533711.8347249189,966.4952521345112,54794.595880180364,22041.07785522286,-52808.5378318741,46580.8953777476,14363.842404915951,7492.0781182379,14363.842404915951,14363.842404915951,93101.1951284511,61968.70278266957,52559.10479497677,65100.84293474164
2020-07-27,87548.11390513857,62484.86250962806,61612.51658523199,87548.11390513857,-533711.8347249189,966.4952521345112,54794.595880180364,22041.07785522286,-52808.5378318741,46580.8953777476,14363.842404915951,7492.0781182379,14363.842404915951,14363.842404915951,93883.71624244656,62751.22389666503,53341.62590897223,65883.3640487371
2020-07-28,87548.11390513857,62484.86250962806,61612.51658523199,87548.11390513857,-533711.8347249189,966.4952521345112,54794.595880180364,22041.07785522286,-52808.5378318741,46580.8953777476,14363.842404915951,7492.0781182379,14363.842404915951,14363.842404915951,94303.19450343424,63170.702157652704,53761.1041699599,66302.84230972477
2020-07-29,87548.11390513857,62484.86250962806,61612.51658523199,87548.11390513857,-533711.8347249189,966.4952521345112,54794.595880180364,22041.07785522286,-52808.5378318741,46580.8953777476,14363.842404915951,7492.0781182379,14363.842404915951,14363.842404915951,92873.30351607315,61740.81117029162,52331.21318259882,64872.95132236369
2020-07-30,87548.11390513857,62484.86250962806,61612.51658523199,87548.11390513857,-533711.8347249189,966.4952521345112,54794.595880180364,22041.07785522286,-52808.5378318741,46580.8953777476,14363.842404915951,7492.0781182379,14363.842404915951,14363.842404915951,92083.75186572154,60951.25951994001,51541.661532247206,64083.39967201208
2020-07-31,87548.11390513857,62484.86250962806,61612.51658523199,87548.11390513857,-533711.8347249189,966.4952521345112,54794.595880180364,22041.07785522286,-52808.5378318741,46580.8953777476,14363.842404915951,7492.0781182379,14363.842404915951,14363.842404915951,91348.70737645938,60216.21503067785,50806.617042985046,63348.35518274992
2020-08-03,87548.11390513857,62484.86250962806,61612.51658523199,87548.11390513857,-533711.8347249189,966.4952521345112,54794.595880180364,22041.07785522286,-52808.5378318741,46580.8953777476,14363.842404915951,7492.0781182379,14363.842404915951,14363.842404915951,92039.46863591974,60906.976290138206,51497.3783024454,64039.116442210274
2020-08-04,87548.11390513857,62484.86250962806,61612.51658523199,87548.11390513857,-533711.8347249189,966.4952521345112,54794.595880180364,22041.07785522286,-52808.5378318741,46580.8953777476,14363.842404915951,7492.0781182379,14363.842404915951,14363.842404915951,91193.20925244642,60060.71690666489,50651.11891897209,63192.85705873696
2020-08-05,87548.11390513857,62484.86250962806,61612.51658523199,87548.11390513857,-533711.8347249189,966.4952521345112,54794.595880180364,22041.07785522286,-52808.5378318741,46580.8953777476,14363.842404915951,7492.0781182379,14363.842404915951,14363.842404915951,91299.73040952184,60167.23806374031,50757.64007604751,63299.37821581238
2020-08-06,87548.11390513857,62484.86250962806,61612.51658523199,87548.11390513857,-533711.8347249189,966.4952521345112,54794.595880180364,22041.07785522286,-52808.5378318741,46580.8953777476,14363.842404915951,7492.0781182379,14363.842404915951,14363.842404915951,90478.19328101235,59345.70093523082,49936.10294753802,62477.84108730289
2020-08-07,87548.11390513857,62484.86250962806,61612.51658523199,87548.11390513857,-533711.8347249189,966.4952521345112,54794.595880180364,22041.07785522286,-52808.5378318741,46580.8953777476,14363.842404915951,7492.0781182379,14363.842404915951,14363.842404915951,91970.547671851,60838.05532606947,51428.45733837667,63970.19547814154
2020-08-10,87548.11390513857,62484.86250962806,61612.51658523199,87548.11390513857,-533711.8347249189,966.4952521345112,54794.595880180364,22041.07785522286,-52808.5378318741,46580.8953777476,14363.842404915951,7492.0781182379,14363.842404915951,14363.842404915951,93796.32340633147,62663.83106054994,53254.23307285714,65795.97121262201
2020-08-11,87548.11390513857,62484.86250962806,61612.51658523199,87548.11390513857,-533711.8347249189,966.4952521345112,54794.595880180364,22041.07785522286,-52808.5378318741,46580.8953777476,14363.842404915951,7492.0781182379,14363.842404915951,14363.842404915951,95116.00290503306,63983.51055925153,54573.91257155873,67115.6507113236
2020-08-12,87548.11390513857,62484.86250962806,61612.51658523199,87548.11390513857,-533711.8347249189,966.4952521345112,54794.595880180364,22041.07785522286,-52808.5378318741,46580.8953777476,14363.842404915951,7492.0781182379,14363.842404915951,14363.842404915951,94484.78079931205,63352.28845353052,53942.69046583772,66484.42860560259
2020-08-13,87548.11390513857,62484.86250962806,61612.51658523199,87548.11390513857,-533711.8347249189,966.4952521345112,54794.595880180364,22041.07785522286,-52808.5378318741,46580.8953777476,14363.842404915951,7492.0781182379,14363.842404915951,14363.842404915951,94178.82208156073,63046.3297357792,53636.7317480864,66178.46988785127
2020-08-14,87548.11390513857,62484.86250962806,61612.51658523199,87548.11390513857,-533711.8347249189,966.4952521345112,54794.595880180364,22041.07785522286,-52808.5378318741,46580.8953777476,14363.842404915951,7492.0781182379,14363.842404915951,14363.842404915951,94736.39632353373,63603.9039777522,54194.305990059394,66736.04412982427
2020-08-17,87548.11390513857,62484.86250962806,61612.51658523199,87548.11390513857,-533711.8347249189,966.4952521345112,54794.595880180364,22041.07785522286,-52808.5378318741,46580.8953777476,14363.842404915951,7492.0781182379,14363.842404915951,14363.842404915951,95303.73873732192,64171.24639154039,54761.64840384759,67303.38654361246
2020-08-18,87548.11390513857,62484.86250962806,61612.51658523199,87548.11390513857,-533711.8347249189,966.4952521345112,54794.595880180364,22041.07785522286,-52808.5378318741,46580.8953777476,14363.842404915951,7492.0781182379,14363.842404915951,14363.842404915951,95362.47532055387,64229.98297477234,54820.38498707954,67362.12312684441
2020-08-19,87548.11390513857,62484.86250962806,61612.51658523199,87548.11390513857,-533711.8347249189,966.4952521345112,54794.595880180364,22041.07785522286,-52808.5378318741,46580.8953777476,14363.842404915951,7492.0781182379,14363.842404915951,14363.842404915951,96061.72830338706,64929.23595760553,55519.63796991273,68061.3761096776
2020-08-20,87548.11390513857,62484.86250962806,61612.51658523199,87548.11390513857,-533711.8347249189,966.4952521345112,54794.595880180364,22041.07785522286,-52808.5378318741,46580.8953777476,14363.842404915951,7492.0781182379,14363.842404915951,14363.842404915951,95320.8494719537,64188.357126172166,54778.75913847936,67320.49727824423
2020-08-21,87548.11390513857,62484.86250962806,61612.51658523199,87548.11390513857,-533711.8347249189,966.4952521345112,54794.595880180364,22041.07785522286,-52808.5378318741,46580.8953777476,14363.842404915951,7492.0781182379,14363.842404915951,14363.842404915951,94960.68207025691,63828.18972447538,54418.591736782575,66960.32987654745
2020-08-24,87548.11390513857,62484.86250962806,61612.51658523199,87548.11390513857,-533711.8347249189,966.4952521345112,54794.595880180364,22041.07785522286,-52808.5378318741,46580.8953777476,14363.842404915951,7492.0781182379,14363.842404915951,14363.842404915951,94978.74777489039,63846.25542910886,54436.65744141606,66978.39558118093
2020-08-25,87548.11390513857,62484.86250962806,61612.51658523199,87548.11390513857,-533711.8347249189,966.4952521345112,54794.595880180364,22041.07785522286,-52808.5378318741,46580.8953777476,14363.842404915951,7492.0781182379,14363.842404915951,14363.842404915951,95007.17742052278,63874.68507474125,54465.08708704845,67006.82522681332
2020-08-26,87548.11390513857,62484.86250962806,61612.51658523199,87548.11390513857,-533711.8347249189,966.4952521345112,54794.595880180364,22041.07785522286,-52808.5378318741,46580.8953777476,14363.842404915951,7492.0781182379,14363.842404915951,14363.842404915951,95029.92612923426,63897.433783452725,54487.83579575992,67029.5739355248
2020-08-27,87548.11390513857,62484.86250962806,61612.51658523199,87548.11390513857,-533711.8347249189,966.4952521345112,54794.595880180364,22041.07785522286,-52808.5378318741,46580.8953777476,14363.842404915951,7492.0781182379,14363.842404915951,14363.842404915951,95040.72213681694,63908.22979103541,54498.63180334261,67040.36994310748
2020-08-28,87548.11390513857,62484.86250962806,61612.51658523199,87548.11390513857,-533711.8347249189,966.4952521345112,54794.595880180364,22041.07785522286,-52808.5378318741,46580.8953777476,14363.842404915951,7492.0781182379,14363.842404915951,14363.842404915951,95058.35867155669,63925.86632577516,54516.26833808236,67058.00647784723
2020-08-31,87548.11390513857,62484.86250962806,61612.51658523199,87548.11390513857,-533711.8347249189,966.4952521345112,54794.595880180364,22041.07785522286,-52808.5378318741,46580.8953777476,14363.842404915951,7492.0781182379,14363.842404915951,14363.842404915951,95123.27151831705,63990.77917253552,54581.18118484272,67122.91932460759
2020-09-01,87548.11390513857,62484.86250962806,61612.51658523199,87548.11390513857,-533711.8347249189,966.4952521345112,54794.595880180364,22041.07785522286,-52808.5378318741,46580.8953777476,14363.842404915951,7492.0781182379,14363.842404915951,14363.842404915951,95179.31107483641,64046.81872905488,54637.22074136208,67178.95888112695
2020-09-02,87548.11390513857,62484.86250962806,61612.51658523199,87548.11390513857,-533711.8347249189,966.4952521345112,54794.595880180364,22041.07785522286,-52808.5378318741,46580.8953777476,14363.842404915951,7492.0781182379,14363.842404915951,14363.842404915951,95193.17029177211,64060.67794599058,54651.07995829778,67192.81809806265
2020-09-03,87548.11390513857,62484.86250962806,61612.51658523199,87548.11390513857,-533711.8347249189,966.4952521345112,54794.595880180364,22041.07785522286,-52808.5378318741,46580.8953777476,14363.842404915951,7492.0781182379,14363.842404915951,14363.842404915951,95167.02971969708,64034.53737391555,54624.939386222744,67166.67752598762
2020-09-04,87548.11390513857,62484.86250962806,61612.51658523199,87548.11390513857,-533711.8347249189,966.4952521345112,54794.595880180364,22041.07785522286,-52808.5378318741,46580.8953777476,14363.842404915951,7492.0781182379,14363.842404915951,14363.842404915951,95170.93067650544,64038.438330723904,54628.8403430311,67170.57848279597
2020-09-08,87548.11390513857,62484.86250962806,61612.51658523199,87548.11390513857,-533711.8347249189,966.4952521345112,54794.595880180364,22041.07785522286,-52808.5378318741,46580.8953777476,14363.842404915951,7492.0781182379,14363.842404915951,14363.842404915951,95217.59982228838,64085.10747650685,54675.509488814045,67217.24762857892
2020-09-09,87548.11390513857,62484.86250962806,61612.51658523199,87548.11390513857,-533711.8347249189,966.4952521345112,54794.595880180364,22041.07785522286,-52808.5378318741,46580.8953777476,14363.842404915951,7492.0781182379,14363.842404915951,14363.842404915951,95293.90806184593,64161.415716064395,54751.81772837159,67293.55586813646
2020-09-10,87548.11390513857,62484.86250962806,61612.51658523199,87548.11390513857,-533711.8347249189,966.4952521345112,54794.595880180364,22041.07785522286,-52808.5378318741,46580.8953777476,14363.842404915951,7492.0781182379,14363.842404915951,14363.842404915951,95292.04150063894,64159.54915485741,54749.9511671646,67291.68930692947
2020-09-11,87548.11390513857,62484.86250962806,61612.51658523199,87548.11390513857,-533711.8347249189,966.4952521345112,54794.595880180364,22041.07785522286,-52808.5378318741,46580.8953777476,14363.842404915951,7492.0781182379,14363.842404915951,14363.842404915951,95342.71145601803,64210.2191102365,54800.6211225437,67342.35926230857
2020-09-14,87548.11390513857,62484.86250962806,61612.51658523199,87548.11390513857,-533711.8347249189,966.4952521345112,54794.595880180364,22041.07785522286,-52808.5378318741,46580.8953777476,14363.842404915951,7492.0781182379,14363.842404915951,14363.842404915951,95468.95228964998,64336.45994386845,54926.86195617565,67468.60009594052
2020-09-15,87548.11390513857,62484.86250962806,61612.51658523199,87548.11390513857,-533711.8347249189,966.4952521345112,54794.595880180364,22041.07785522286,-52808.5378318741,46580.8953777476,14363.842404915951,7492.0781182379,14363.842404915951,14363.842404915951,95550.93065856537,64418.43831278384,55008.840325091034,67550.5784648559
2020-09-16,87548.11390513857,62484.86250962806,61612.51658523199,87548.11390513857,-533711.8347249189,966.4952521345112,54794.595880180364,22041.07785522286,-52808.5378318741,46580.8953777476,14363.842404915951,7492.0781182379,14363.842404915951,14363.842404915951,95528.1656954952,64395.673349713674,54986.07536202087,67527.81350178574
2020-09-17,87548.11390513857,62484.86250962806,61612.51658523199,87548.11390513857,-533711.8347249189,966.4952521345112,54794.595880180364,22041.07785522286,-52808.5378318741,46580.8953777476,14363.842404915951,7492.0781182379,14363.842404915951,14363.842404915951,95379.13158458122,64246.63923879969,54837.041251106886,67378.77939087176
2020-09-18,87548.11390513857,62484.86250962806,61612.51658523199,87548.11390513857,-533711.8347249189,966.4952521345112,54794.595880180364,22041.07785522286,-52808.5378318741,46580.8953777476,14363.842404915951,7492.0781182379,14363.842404915951,14363.842404915951,95116.434672917,63983.942327135475,54574.34433944267,67116.08247920754
2020-09-21,87548.11390513857,62484.86250962806,61612.51658523199,87548.11390513857,-533711.8347249189,966.4952521345112,54794.595880180364,22041.07785522286,-52808.5378318741,46580.8953777476,14363.842404915951,7492.0781182379,14363.842404915951,14363.842404915951,95118.62842674786,63986.13608096633,54576.53809327353,67118.2762330384
2020-09-22,87548.11390513857,62484.86250962806,61612.51658523199,87548.11390513857,-533711.8347249189,966.4952521345112,54794.595880180364,22041.07785522286,-52808.5378318741,46580.8953777476,14363.842404915951,7492.0781182379,14363.842404915951,14363.842404915951,95133.3699584764,64000.877612694865,54591.27962500206,67133.01776476693
2020-09-23,87548.11390513857,62484.86250962806,61612.51658523199,87548.11390513857,-533711.8347249189,966.4952521345112,54794.595880180364,22041.07785522286,-52808.5378318741,46580.8953777476,14363.842404915951,7492.0781182379,14363.842404915951,14363.842404915951,94998.05954520474,63865.56719942321,54455.96921173041,66997.70735149528
2020-09-24,87548.11390513857,62484.86250962806,61612.51658523199,87548.11390513857,-533711.8347249189,966.4952521345112,54794.595880180364,22041.07785522286,-52808.5378318741,46580.8953777476,14363.842404915951,7492.0781182379,14363.842404915951,14363.842404915951,95005.92306102673,63873.430715245195,54463.83272755239,67005.57086731726
2020-09-25,87548.11390513857,62484.86250962806,61612.51658523199,87548.11390513857,-533711.8347249189,966.4952521345112,54794.595880180364,22041.07785522286,-52808.5378318741,46580.8953777476,14363.842404915951,7492.0781182379,14363.842404915951,14363.842404915951,95112.53889286681,63980.04654708528,54570.44855939248,67112.18669915735
2020-09-28,87548.11390513857,62484.86250962806,61612.51658523199,87548.11390513857,-533711.8347249189,966.4952521345112,54794.595880180364,22041.07785522286,-52808.5378318741,46580.8953777476,14363.842404915951,7492.0781182379,14363.842404915951,14363.842404915951,95112.53060470079,63980.03825891926,54570.44027122646,67112.17841099133
2020-09-29,87548.11390513857,62484.86250962806,61612.51658523199,87548.11390513857,-533711.8347249189,966.4952521345112,54794.595880180364,22041.07785522286,-52808.5378318741,46580.8953777476,14363.842404915951,7492.0781182379,14363.842404915951,14363.842404915951,95124.90486025764,63992.412514476106,54582.8145267833,67124.55266654817
2020-09-30,87548.11390513857,62484.86250962806,61612.51658523199,87548.11390513857,-533711.8347249189,966.4952521345112,54794.595880180364,22041.07785522286,-52808.5378318741,46580.8953777476,14363.842404915951,7492.0781182379,14363.842404915951,14363.842404915951,95159.45200262987,64026.95965684834,54617.361669155536,67159.09980892041
2020-10-01,87548.11390513857,62484.86250962806,61612.51658523199,87548.11390513857,-533711.8347249189,966.4952521345112,54794.595880180364,22041.07785522286,-52808.5378318741,46580.8953777476,14363.842404915951,7492.0781182379,14363.842404915951,14363.842404915951,95141.79022998759,64009.297884206055,54599.69989651325,67141.43803627812
2020-10-02,87548.11390513857,62484.86250962806,61612.51658523199,87548.11390513857,-533711.8347249189,966.4952521345112,54794.595880180364,22041.07785522286,-52808.5378318741,46580.8953777476,14363.842404915951,7492.0781182379,14363.842404915951,14363.842404915951,95189.03757969476,64056.54523391323,54646.94724622043,67188.6853859853
2020-10-05,87548.11390513857,62484.86250962806,61612.51658523199,87548.11390513857,-533711.8347249189,966.4952521345112,54794.595880180364,22041.07785522286,-52808.5378318741,46580.8953777476,14363.842404915951,7492.0781182379,14363.842404915951,14363.842404915951,95209.6701841352,64077.17783835367,54667.57985066087,67209.31799042574
2020-10-06,87548.11390513857,62484.86250962806,61612.51658523199,87548.11390513857,-533711.8347249189,966.4952521345112,54794.595880180364,22041.07785522286,-52808.5378318741,46580.8953777476,14363.842404915951,7492.0781182379,14363.842404915951,14363.842404915951,95238.07990125497,64105.58755547344,54695.989567780634,67237.7277075455
2020-10-07,87548.11390513857,62484.86250962806,61612.51658523199,87548.11390513857,-533711.8347249189,966.4952521345112,54794.595880180364,22041.07785522286,-52808.5378318741,46580.8953777476,14363.842404915951,7492.0781182379,14363.842404915951,14363.842404915951,95239.57947683474,64107.08713105321,54697.489143360406,67239.22728312528
2020-10-08,87548.11390513857,62484.86250962806,61612.51658523199,87548.11390513857,-533711.8347249189,966.4952521345112,54794.595880180364,22041.07785522286,-52808.5378318741,46580.8953777476,14363.842404915951,7492.0781182379,14363.842404915951,14363.842404915951,95225.58208496403,64093.0897391825,54683.491751489695,67225.22989125457
2020-10-09,87548.11390513857,62484.86250962806,61612.51658523199,87548.11390513857,-533711.8347249189,966.4952521345112,54794.595880180364,22041.07785522286,-52808.5378318741,46580.8953777476,14363.842404915951,7492.0781182379,14363.842404915951,14363.842404915951,95202.77892822772,64070.28658244619,54660.68859475339,67202.42673451826
2020-10-12,87548.11390513857,62484.86250962806,61612.51658523199,87548.11390513857,-533711.8347249189,966.4952521345112,54794.595880180364,22041.07785522286,-52808.5378318741,46580.8953777476,14363.842404915951,7492.0781182379,14363.842404915951,14363.842404915951,95310.21166062658,64177.719314845046,54768.12132715224,67309.85946691711
2020-10-13,87548.11390513857,62484.86250962806,61612.51658523199,87548.11390513857,-533711.8347249189,966.4952521345112,54794.595880180364,22041.07785522286,-52808.5378318741,46580.8953777476,14363.842404915951,7492.0781182379,14363.842404915951,14363.842404915951,95318.1271253298,64185.63477954827,54776.03679185547,67317.77493162034
2020-10-14,87548.11390513857,62484.86250962806,61612.51658523199,87548.11390513857,-533711.8347249189,966.4952521345112,54794.595880180364,22041.07785522286,-52808.5378318741,46580.8953777476,14363.842404915951,7492.0781182379,14363.842404915951,14363.842404915951,95326.14364390168,64193.65129812015,54784.05331042735,67325.79145019222
2020-10-15,87548.11390513857,62484.86250962806,61612.51658523199,87548.11390513857,-533711.8347249189,966.4952521345112,54794.595880180364,22041.07785522286,-52808.5378318741,46580.8953777476,14363.842404915951,7492.0781182379,14363.842404915951,14363.842404915951,95302.95780932694,64170.465463545406,54760.8674758526,67302.60561561747
2020-10-16,87548.11390513857,62484.86250962806,61612.51658523199,87548.11390513857,-533711.8347249189,966.4952521345112,54794.595880180364,22041.07785522286,-52808.5378318741,46580.8953777476,14363.842404915951,7492.0781182379,14363.842404915951,14363.842404915951,95282.55927597173,64150.066930190194,54740.46894249739,67282.20708226226
2020-10-19,87548.11390513857,62484.86250962806,61612.51658523199,87548.11390513857,-533711.8347249189,966.4952521345112,54794.595880180364,22041.07785522286,-52808.5378318741,46580.8953777476,14363.842404915951,7492.0781182379,14363.842404915951,14363.842404915951,95685.67093503522,64553.17858925369,55143.58060156088,67685.31874132575
2020-10-20,87548.11390513857,62484.86250962806,61612.51658523199,87548.11390513857,-533711.8347249189,966.4952521345112,54794.595880180364,22041.07785522286,-52808.5378318741,46580.8953777476,14363.842404915951,7492.0781182379,14363.842404915951,14363.842404915951,95817.04334337125,64684.550997589715,55274.95300989691,67816.69114966178
2020-10-21,87548.11390513857,62484.86250962806,61612.51658523199,87548.11390513857,-533711.8347249189,966.4952521345112,54794.595880180364,22041.07785522286,-52808.5378318741,46580.8953777476,14363.842404915951,7492.0781182379,14363.842404915951,14363.842404915951,95808.26374351769,64675.771397736156,55266.17341004335,67807.91154980822
2020-10-22,87548.11390513857,62484.86250962806,61612.51658523199,87548.11390513857,-533711.8347249189,966.4952521345112,54794.595880180364,22041.07785522286,-52808.5378318741,46580.8953777476,14363.842404915951,7492.0781182379,14363.842404915951,14363.842404915951,96042.50873502623,64910.0163892447,55500.4184015519,68042.15654131677
2020-10-23,87548.11390513857,62484.86250962806,61612.51658523199,87548.11390513857,-533711.8347249189,966.4952521345112,54794.595880180364,22041.07785522286,-52808.5378318741,46580.8953777476,14363.842404915951,7492.0781182379,14363.842404915951,14363.842404915951,96070.83272632025,64938.34038053872,55528.74239284592,68070.48053261079
2020-10-26,87548.11390513857,62484.86250962806,61612.51658523199,87548.11390513857,-533711.8347249189,966.4952521345112,54794.595880180364,22041.07785522286,-52808.5378318741,46580.8953777476,14363.842404915951,7492.0781182379,14363.842404915951,14363.842404915951,96385.94878868363,65253.4564429021,55843.858455209294,68385.59659497417
2020-10-27,87548.11390513857,62484.86250962806,61612.51658523199,87548.11390513857,-533711.8347249189,966.4952521345112,54794.595880180364,22041.07785522286,-52808.5378318741,46580.8953777476,14363.842404915951,7492.0781182379,14363.842404915951,14363.842404915951,95862.27937000082,64729.78702421929,55320.189036526484,67861.92717629136
2020-10-28,87548.11390513857,62484.86250962806,61612.51658523199,87548.11390513857,-533711.8347249189,966.4952521345112,54794.595880180364,22041.07785522286,-52808.5378318741,46580.8953777476,14363.842404915951,7492.0781182379,14363.842404915951,14363.842404915951,94095.62495984067,62963.13261405914,53553.53462636634,66095.27276613121
2020-10-29,87548.11390513857,62484.86250962806,61612.51658523199,87548.11390513857,-533711.8347249189,966.4952521345112,54794.595880180364,22041.07785522286,-52808.5378318741,46580.8953777476,14363.842404915951,7492.0781182379,14363.842404915951,14363.842404915951,95369.7827244671,64237.290378685575,54827.69239099277,67369.43053075764
2020-10-30,87548.11390513857,62484.86250962806,61612.51658523199,87548.11390513857,-533711.8347249189,966.4952521345112,54794.595880180364,22041.07785522286,-52808.5378318741,46580.8953777476,14363.842404915951,7492.0781182379,14363.842404915951,14363.842404915951,95848.48669146723,64715.9943456857,55306.3963579929,67848.13449775777
2020-11-02,87548.11390513857,62484.86250962806,61612.51658523199,87548.11390513857,-533711.8347249189,966.4952521345112,54794.595880180364,22041.07785522286,-52808.5378318741,46580.8953777476,14363.842404915951,7492.0781182379,14363.842404915951,14363.842404915951,96232.72752509406,65100.23517931253,55690.637191619724,68232.3753313846
2020-11-03,87548.11390513857,62484.86250962806,61612.51658523199,87548.11390513857,-533711.8347249189,966.4952521345112,54794.595880180364,22041.07785522286,-52808.5378318741,46580.8953777476,14363.842404915951,7492.0781182379,14363.842404915951,14363.842404915951,95508.75955886208,64376.267213080544,54966.66922538774,67508.40736515261
2020-11-04,87548.11390513857,62484.86250962806,61612.51658523199,87548.11390513857,-533711.8347249189,966.4952521345112,54794.595880180364,22041.07785522286,-52808.5378318741,46580.8953777476,14363.842404915951,7492.0781182379,14363.842404915951,14363.842404915951,94268.75473038107,63136.26238459954,53726.66439690674,66268.40253667161
2020-11-05,87548.11390513857,62484.86250962806,61612.51658523199,87548.11390513857,-533711.8347249189,966.4952521345112,54794.595880180364,22041.07785522286,-52808.5378318741,46580.8953777476,14363.842404915951,7492.0781182379,14363.842404915951,14363.842404915951,93046.92328904383,61914.4309432623,52504.832955569495,65046.571095334366
2020-11-06,87548.11390513857,62484.86250962806,61612.51658523199,87548.11390513857,-533711.8347249189,966.4952521345112,54794.595880180364,22041.07785522286,-52808.5378318741,46580.8953777476,14363.842404915951,7492.0781182379,14363.842404915951,14363.842404915951,93122.67302449094,61990.18067870941,52580.58269101661,65122.32083078148
2020-11-09,87548.11390513857,62484.86250962806,61612.51658523199,87548.11390513857,-533711.8347249189,966.4952521345112,54794.595880180364,22041.07785522286,-52808.5378318741,46580.8953777476,14363.842404915951,7492.0781182379,14363.842404915951,14363.842404915951,93108.6516768504,61976.15933106886,52566.56134337606,65108.29948314093
2020-11-10,87548.11390513857,62484.86250962806,61612.51658523199,87548.11390513857,-533711.8347249189,966.4952521345112,54794.595880180364,22041.07785522286,-52808.5378318741,46580.8953777476,14363.842404915951,7492.0781182379,14363.842404915951,14363.842404915951,92904.66663355031,61772.17428776878,52362.576300075976,64904.31443984085
2020-11-11,87548.11390513857,62484.86250962806,61612.51658523199,87548.11390513857,-533711.8347249189,966.4952521345112,54794.595880180364,22041.07785522286,-52808.5378318741,46580.8953777476,14363.842404915951,7492.0781182379,14363.842404915951,14363.842404915951,93302.24785135244,62169.75550557091,52760.157517878106,65301.89565764298
2020-11-12,87548.11390513857,62484.86250962806,61612.51658523199,87548.11390513857,-533711.8347249189,966.4952521345112,54794.595880180364,22041.07785522286,-52808.5378318741,46580.8953777476,14363.842404915951,7492.0781182379,14363.842404915951,14363.842404915951,93160.54126719432,62028.04892141279,52618.450933719985,65160.18907348486
2020-11-13,87548.11390513857,62484.86250962806,61612.51658523199,87548.11390513857,-533711.8347249189,966.4952521345112,54794.595880180364,22041.07785522286,-52808.5378318741,46580.8953777476,14363.842404915951,7492.0781182379,14363.842404915951,14363.842404915951,92633.65216938918,61501.15982360765,52091.56183591485,64633.29997567972
2020-11-16,87548.11390513857,62484.86250962806,61612.51658523199,87548.11390513857,-533711.8347249189,966.4952521345112,54794.595880180364,22041.07785522286,-52808.5378318741,46580.8953777476,14363.842404915951,7492.0781182379,14363.842404915951,14363.842404915951,93338.05567886308,62205.56333308155,52795.965345388744,65337.703485153615
2020-11-17,87548.11390513857,62484.86250962806,61612.51658523199,87548.11390513857,-533711.8347249189,966.4952521345112,54794.595880180364,22041.07785522286,-52808.5378318741,46580.8953777476,14363.842404915951,7492.0781182379,14363.842404915951,14363.842404915951,93478.98695420288,62346.494608421344,52936.89662072854,65478.63476049341
2020-11-18,87548.11390513857,62484.86250962806,61612.51658523199,87548.11390513857,-533711.8347249189,966.4952521345112,54794.595880180364,22041.07785522286,-52808.5378318741,46580.8953777476,14363.842404915951,7492.0781182379,14363.842404915951,14363.842404915951,94077.0656848664,62944.57333908486,53534.97535139206,66076.71349115693
2020-11-19,87548.11390513857,62484.86250962806,61612.51658523199,87548.11390513857,-533711.8347249189,966.4952521345112,54794.595880180364,22041.07785522286,-52808.5378318741,46580.8953777476,14363.842404915951,7492.0781182379,14363.842404915951,14363.842404915951,94499.4268336466,63366.93448786507,53957.33650017227,66499.07463993714
2020-11-20,87548.11390513857,62484.86250962806,61612.51658523199,87548.11390513857,-533711.8347249189,966.4952521345112,54794.595880180364,22041.07785522286,-52808.5378318741,46580.8953777476,14363.842404915951,7492.0781182379,14363.842404915951,14363.842404915951,94525.55236557522,63393.06001979369,53983.462032100884,66525.20017186576
2020-11-23,87548.11390513857,62484.86250962806,61612.51658523199,87548.11390513857,-533711.8347249189,966.4952521345112,54794.595880180364,22041.07785522286,-52808.5378318741,46580.8953777476,14363.842404915951,7492.0781182379,14363.842404915951,14363.842404915951,94587.6548340586,63455.16248827707,54045.56450058427,66587.30264034914
2020-11-24,87548.11390513857,62484.86250962806,61612.51658523199,87548.11390513857,-533711.8347249189,966.4952521345112,54794.595880180364,22041.07785522286,-52808.5378318741,46580.8953777476,14363.842404915951,7492.0781182379,14363.842404915951,14363.842404915951,94604.5253147108,63472.03296892927,54062.43498123647,66604.17312100134
2020-11-25,87548.11390513857,62484.86250962806,61612.51658523199,87548.11390513857,-533711.8347249189,966.4952521345112,54794.595880180364,22041.07785522286,-52808.5378318741,46580.8953777476,14363.842404915951,7492.0781182379,14363.842404915951,14363.842404915951,94587.14092697809,63454.648581196554,54045.05059350375,66586.78873326862
2020-11-27,87548.11390513857,62484.86250962806,61612.51658523199,87548.11390513857,-533711.8347249189,966.4952521345112,54794.595880180364,22041.07785522286,-52808.5378318741,46580.8953777476,14363.842404915951,7492.0781182379,14363.842404915951,14363.842404915951,94651.7090105305,63519.216664748965,54109.61867705616,66651.35681682103
2020-11-30,87548.11390513857,62484.86250962806,61612.51658523199,87548.11390513857,-533711.8347249189,966.4952521345112,54794.595880180364,22041.07785522286,-52808.5378318741,46580.8953777476,14363.842404915951,7492.0781182379,14363.842404915951,14363.842404915951,94705.97516298364,63573.48281720211,54163.884829509305,66705.62296927418
2020-12-01,87548.11390513857,62484.86250962806,61612.51658523199,87548.11390513857,-533711.8347249189,966.4952521345112,54794.595880180364,22041.07785522286,-52808.5378318741,46580.8953777476,14363.842404915951,7492.0781182379,14363.842404915951,14363.842404915951,94618.0916283452,63485.599282563664,54076.00129487086,66617.73943463573
2020-12-02,87548.11390513857,62484.86250962806,61612.51658523199,87548.11390513857,-533711.8347249189,966.4952521345112,54794.595880180364,22041.07785522286,-52808.5378318741,46580.8953777476,14363.842404915951,7492.0781182379,14363.842404915951,14363.842404915951,94164.57005860726,63032.07771282573,53622.47972513293,66164.2178648978
2020-12-03,87548.11390513857,62484.86250962806,61612.51658523199,87548.11390513857,-533711.8347249189,966.4952521345112,54794.595880180364,22041.07785522286,-52808.5378318741,46580.8953777476,14363.842404915951,7492.0781182379,14363.842404915951,14363.842404915951,94246.81614581076,63114.32380002923,53704.72581233643,66246.4639521013
2020-12-04,87548.11390513857,62484.86250962806,61612.51658523199,87548.11390513857,-533711.8347249189,966.4952521345112,54794.595880180364,22041.07785522286,-52808.5378318741,46580.8953777476,14363.842404915951,7492.0781182379,14363.842404915951,14363.842404915951,94421.36547895521,63288.87313317368,53879.275145480875,66421.01328524575
2020-12-07,87548.11390513857,62484.86250962806,61612.51658523199,87548.11390513857,-533711.8347249189,966.4952521345112,54794.595880180364,22041.07785522286,-52808.5378318741,46580.8953777476,14363.842404915951,7492.0781182379,14363.842404915951,14363.842404915951,94552.99776796508,63420.505422183545,54010.90743449074,66552.64557425561
2020-12-08,87548.11390513857,62484.86250962806,61612.51658523199,87548.11390513857,-533711.8347249189,966.4952521345112,54794.595880180364,22041.07785522286,-52808.5378318741,46580.8953777476,14363.842404915951,7492.0781182379,14363.842404915951,14363.842404915951,94548.37594011705,63415.88359433552,54006.28560664272,66548.02374640759
2020-12-09,87548.11390513857,62484.86250962806,61612.51658523199,87548.11390513857,-533711.8347249189,966.4952521345112,54794.595880180364,22041.07785522286,-52808.5378318741,46580.8953777476,14363.842404915951,7492.0781182379,14363.842404915951,14363.842404915951,94404.71285523172,63272.220509450184,53862.62252175738,66404.36066152225
2020-12-10,87548.11390513857,62484.86250962806,61612.51658523199,87548.11390513857,-533711.8347249189,966.4952521345112,54794.595880180364,22041.07785522286,-52808.5378318741,46580.8953777476,14363.842404915951,7492.0781182379,14363.842404915951,14363.842404915951,94515.39588459977,63382.90353881824,53973.305551125435,66515.0436908903
2020-12-11,87548.11390513857,62484.86250962806,61612.51658523199,87548.11390513857,-533711.8347249189,966.4952521345112,54794.595880180364,22041.07785522286,-52808.5378318741,46580.8953777476,14363.842404915951,7492.0781182379,14363.842404915951,14363.842404915951,94523.98302336014,63391.49067757861,53981.892689885804,66523.63082965068
2020-12-14,87548.11390513857,62484.86250962806,61612.51658523199,87548.11390513857,-533711.8347249189,966.4952521345112,54794.595880180364,22041.07785522286,-52808.5378318741,46580.8953777476,14363.842404915951,7492.0781182379,14363.842404915951,14363.842404915951,94601.24520988995,63468.75286410842,54059.15487641562,66600.89301618049
2020-12-15,87548.11390513857,62484.86250962806,61612.51658523199,87548.11390513857,-533711.8347249189,966.4952521345112,54794.595880180364,22041.07785522286,-52808.5378318741,46580.8953777476,14363.842404915951,7492.0781182379,14363.842404915951,14363.842404915951,94525.49347348325,63393.00112770172,53983.403140008915,66525.14127977379
2020-12-16,87548.11390513857,62484.86250962806,61612.51658523199,87548.11390513857,-533711.8347249189,966.4952521345112,54794.595880180364,22041.07785522286,-52808.5378318741,46580.8953777476,14363.842404915951,7492.0781182379,14363.842404915951,14363.842404915951,94677.47068922524,63544.97834344371,54135.38035575091,66677.11849551578
2020-12-17,87548.11390513857,62484.86250962806,61612.51658523199,87548.11390513857,-533711.8347249189,966.4952521345112,54794.595880180364,22041.07785522286,-52808.5378318741,46580.8953777476,14363.842404915951,7492.0781182379,14363.842404915951,14363.842404915951,94780.79460406792,63648.30225828639,54238.70427059359,66780.44241035846
2020-12-18,87548.11390513857,62484.86250962806,61612.51658523199,87548.11390513857,-533711.8347249189,966.4952521345112,54794.595880180364,22041.07785522286,-52808.5378318741,46580.8953777476,14363.842404915951,7492.0781182379,14363.842404915951,14363.842404915951,94890.9109336168,63758.41858783527,54348.82060014247,66890.55873990734
2020-12-21,87548.11390513857,62484.86250962806,61612.51658523199,87548.11390513857,-533711.8347249189,966.4952521345112,54794.595880180364,22041.07785522286,-52808.5378318741,46580.8953777476,14363.842404915951,7492.0781182379,14363.842404915951,14363.842404915951,94840.33998327283,63707.8476374913,54298.2496497985,66839.98778956337
2020-12-22,87548.11390513857,62484.86250962806,61612.51658523199,87548.11390513857,-533711.8347249189,966.4952521345112,54794.595880180364,22041.07785522286,-52808.5378318741,46580.8953777476,14363.842404915951,7492.0781182379,14363.842404915951,14363.842404915951,94890.03544484032,63757.54309905879,54347.94511136599,66889.68325113086
2020-12-23,87548.11390513857,62484.86250962806,61612.51658523199,87548.11390513857,-533711.8347249189,966.4952521345112,54794.595880180364,22041.07785522286,-52808.5378318741,46580.8953777476,14363.842404915951,7492.0781182379,14363.842404915951,14363.842404915951,94920.54019497824,63788.04784919671,54378.449861503905,66920.18800126878
2020-12-24,87548.11390513857,62484.86250962806,61612.51658523199,87548.11390513857,-533711.8347249189,966.4952521345112,54794.595880180364,22041.07785522286,-52808.5378318741,46580.8953777476,14363.842404915951,7492.0781182379,14363.842404915951,14363.842404915951,94942.08554148348,63809.59319570195,54399.995208009146,66941.73334777402
2020-12-28,87548.11390513857,62484.86250962806,61612.51658523199,87548.11390513857,-533711.8347249189,966.4952521345112,54794.595880180364,22041.07785522286,-52808.5378318741,46580.8953777476,14363.842404915951,7492.0781182379,14363.842404915951,14363.842404915951,95006.15926649352,63873.666920711985,54464.06893301918,67005.80707278405
2020-12-29,87548.11390513857,62484.86250962806,61612.51658523199,87548.11390513857,-533711.8347249189,966.4952521345112,54794.595880180364,22041.07785522286,-52808.5378318741,46580.8953777476,14363.842404915951,7492.0781182379,14363.842404915951,14363.842404915951,95038.12763225916,63905.63528647763,54496.037298784824,67037.7754385497
2020-12-30,87548.11390513857,62484.86250962806,61612.51658523199,87548.11390513857,-533711.8347249189,966.4952521345112,54794.595880180364,22041.07785522286,-52808.5378318741,46580.8953777476,14363.842404915951,7492.0781182379,14363.842404915951,14363.842404915951,95063.88471751777,63931.392371736234,54521.79438404343,67063.5325238083
2020-12-31,87548.11390513857,62484.86250962806,61612.51658523199,87548.11390513857,-533711.8347249189,966.4952521345112,54794.595880180364,22041.07785522286,-52808.5378318741,46580.8953777476,14363.842404915951,7492.0781182379,14363.842404915951,14363.842404915951,95102.98131664237,63970.48897086084,54560.890983168036,67102.6291229329
2021-01-04,87548.11390513857,62484.86250962806,61612.51658523199,87548.11390513857,-533711.8347249189,966.4952521345112,54794.595880180364,22041.07785522286,-52808.5378318741,46580.8953777476,14363.842404915951,7492.0781182379,14363.842404915951,14363.842404915951,95185.59451478836,64053.10216900683,54643.50418131403,67185.2423210789
2021-01-05,87548.11390513857,62484.86250962806,61612.51658523199,87548.11390513857,-533711.8347249189,966.4952521345112,54794.595880180364,22041.07785522286,-52808.5378318741,46580.8953777476,14363.842404915951,7492.0781182379,14363.842404915951,14363.842404915951,95212.75008223299,64080.25773645146,54670.659748758655,67212.39788852353
2021-01-06,87548.11390513857,62484.86250962806,61612.51658523199,87548.11390513857,-533711.8347249189,966.4952521345112,54794.595880180364,22041.07785522286,-52808.5378318741,46580.8953777476,14363.842404915951,7492.0781182379,14363.842404915951,14363.842404915951,95231.65157821542,64099.159232433885,54689.56124474108,67231.29938450595
2021-01-07,87548.11390513857,62484.86250962806,61612.51658523199,87548.11390513857,-533711.8347249189,966.4952521345112,54794.595880180364,22041.07785522286,-52808.5378318741,46580.8953777476,14363.842404915951,7492.0781182379,14363.842404915951,14363.842404915951,95218.06910640723,64085.5767606257,54675.9787729329,67217.71691269777
2021-01-08,87548.11390513857,62484.86250962806,61612.51658523199,87548.11390513857,-533711.8347249189,966.4952521345112,54794.595880180364,22041.07785522286,-52808.5378318741,46580.8953777476,14363.842404915951,7492.0781182379,14363.842404915951,14363.842404915951,95201.10378403356,64068.61143825203,54659.01345055923,67200.7515903241
2021-01-11,87548.11390513857,62484.86250962806,61612.51658523199,87548.11390513857,-533711.8347249189,966.4952521345112,54794.595880180364,22041.07785522286,-52808.5378318741,46580.8953777476,14363.842404915951,7492.0781182379,14363.842404915951,14363.842404915951,95210.55221447977,64078.05986869824,54668.46188100544,67210.20002077031
2021-01-12,87548.11390513857,62484.86250962806,61612.51658523199,87548.11390513857,-533711.8347249189,966.4952521345112,54794.595880180364,22041.07785522286,-52808.5378318741,46580.8953777476,14363.842404915951,7492.0781182379,14363.842404915951,14363.842404915951,95339.18840669189,64206.696060910355,54797.09807321755,67338.83621298242
2021-01-13,87548.11390513857,62484.86250962806,61612.51658523199,87548.11390513857,-533711.8347249189,966.4952521345112,54794.595880180364,22041.07785522286,-52808.5378318741,46580.8953777476,14363.842404915951,7492.0781182379,14363.842404915951,14363.842404915951,95491.13445591717,64358.64211013564,54949.044122442836,67490.78226220771
2021-01-14,87548.11390513857,62484.86250962806,61612.51658523199,87548.11390513857,-533711.8347249189,966.4952521345112,54794.595880180364,22041.07785522286,-52808.5378318741,46580.8953777476,14363.842404915951,7492.0781182379,14363.842404915951,14363.842404915951,95590.45600403822,64457.96365825669,55048.365670563886,67590.10381032876
2021-01-15,87548.11390513857,62484.86250962806,61612.51658523199,87548.11390513857,-533711.8347249189,966.4952521345112,54794.595880180364,22041.07785522286,-52808.5378318741,46580.8953777476,14363.842404915951,7492.0781182379,14363.842404915951,14363.842404915951,95601.4954771509,64469.00313136936,55059.40514367656,67601.14328344143
2021-01-19,87548.11390513857,62484.86250962806,61612.51658523199,87548.11390513857,-533711.8347249189,966.4952521345112,54794.595880180364,22041.07785522286,-52808.5378318741,46580.8953777476,14363.842404915951,7492.0781182379,14363.842404915951,14363.842404915951,95784.23067440907,64651.73832862754,55242.14034093474,67783.87848069961
2021-01-20,87548.11390513857,62484.86250962806,61612.51658523199,87548.11390513857,-533711.8347249189,966.4952521345112,54794.595880180364,22041.07785522286,-52808.5378318741,46580.8953777476,14363.842404915951,7492.0781182379,14363.842404915951,14363.842404915951,95874.4327630226,64741.94041724107,55332.34242954827,67874.08056931314
2021-01-21,87548.11390513857,62484.86250962806,61612.51658523199,87548.11390513857,-533711.8347249189,966.4952521345112,54794.595880180364,22041.07785522286,-52808.5378318741,46580.8953777476,14363.842404915951,7492.0781182379,14363.842404915951,14363.842404915951,95651.20821712376,64518.715871342225,55109.11788364942,67650.8560234143
2021-01-22,87548.11390513857,62484.86250962806,61612.51658523199,87548.11390513857,-533711.8347249189,966.4952521345112,54794.595880180364,22041.07785522286,-52808.5378318741,46580.8953777476,14363.842404915951,7492.0781182379,14363.842404915951,14363.842404915951,95895.74592697178,64763.25358119025,55353.655593497446,67895.39373326232
2021-01-25,87548.11390513857,62484.86250962806,61612.51658523199,87548.11390513857,-533711.8347249189,966.4952521345112,54794.595880180364,22041.07785522286,-52808.5378318741,46580.8953777476,14363.842404915951,7492.0781182379,14363.842404915951,14363.842404915951,96199.12023142399,65066.62788564246,55657.02989794966,68198.76803771453
2021-01-26,87548.11390513857,62484.86250962806,61612.51658523199,87548.11390513857,-533711.8347249189,966.4952521345112,54794.595880180364,22041.07785522286,-52808.5378318741,46580.8953777476,14363.842404915951,7492.0781182379,14363.842404915951,14363.842404915951,96383.55185513734,65251.05950935581,55841.461521663005,68383.19966142788
2021-01-27,87548.11390513857,62484.86250962806,61612.51658523199,87548.11390513857,-533711.8347249189,966.4952521345112,54794.595880180364,22041.07785522286,-52808.5378318741,46580.8953777476,14363.842404915951,7492.0781182379,14363.842404915951,14363.842404915951,95844.87748608389,64712.38514030236,55302.787152609555,67844.52529237443
2021-01-28,87548.11390513857,62484.86250962806,61612.51658523199,87548.11390513857,-533711.8347249189,966.4952521345112,54794.595880180364,22041.07785522286,-52808.5378318741,46580.8953777476,14363.842404915951,7492.0781182379,14363.842404915951,14363.842404915951,96220.61391859525,65088.12157281372,55678.523585120915,68220.26172488579
2021-01-29,87548.11390513857,62484.86250962806,61612.51658523199,87548.11390513857,-533711.8347249189,966.4952521345112,54794.595880180364,22041.07785522286,-52808.5378318741,46580.8953777476,14363.842404915951,7492.0781182379,14363.842404915951,14363.842404915951,96454.15073024575,65321.658384464215,55912.06039677141,68453.79853653628
2021-02-01,87548.11390513857,62484.86250962806,61612.51658523199,87548.11390513857,-533711.8347249189,966.4952521345112,54794.595880180364,22041.07785522286,-52808.5378318741,46580.8953777476,14363.842404915951,7492.0781182379,14363.842404915951,14363.842404915951,96987.53608248476,65855.04373670323,56445.445749010425,68987.1838887753
2021-02-02,87548.11390513857,62484.86250962806,61612.51658523199,87548.11390513857,-533711.8347249189,966.4952521345112,54794.595880180364,22041.07785522286,-52808.5378318741,46580.8953777476,14363.842404915951,7492.0781182379,14363.842404915951,14363.842404915951,97055.26515230536,65922.77280652383,56513.17481883103,69054.9129585959
2021-02-03,87548.11390513857,62484.86250962806,61612.51658523199,87548.11390513857,-533711.8347249189,966.4952521345112,54794.595880180364,22041.07785522286,-52808.5378318741,46580.8953777476,14363.842404915951,7492.0781182379,14363.842404915951,14363.842404915951,97197.03669846151,66064.54435267998,56654.946364987176,69196.68450475205
2021-02-04,87548.11390513857,62484.86250962806,61612.51658523199,87548.11390513857,-533711.8347249189,966.4952521345112,54794.595880180364,22041.07785522286,-52808.5378318741,46580.8953777476,14363.842404915951,7492.0781182379,14363.842404915951,14363.842404915951,96698.78980414919,65566.29745836766,56156.69947067485,68698.43761043972
2021-02-05,87548.11390513857,62484.86250962806,61612.51658523199,87548.11390513857,-533711.8347249189,966.4952521345112,54794.595880180364,22041.07785522286,-52808.5378318741,46580.8953777476,14363.842404915951,7492.0781182379,14363.842404915951,14363.842404915951,96713.93227026705,65581.43992448552,56171.84193679271,68713.58007655758
2021-02-08,87548.11390513857,62484.86250962806,61612.51658523199,87548.11390513857,-533711.8347249189,966.4952521345112,54794.595880180364,22041.07785522286,-52808.5378318741,46580.8953777476,14363.842404915951,7492.0781182379,14363.842404915951,14363.842404915951,96336.49274168443,65204.0003959029,55794.402408210095,68336.14054797497
2021-02-09,87548.11390513857,62484.86250962806,61612.51658523199,87548.11390513857,-533711.8347249189,966.4952521345112,54794.595880180364,22041.07785522286,-52808.5378318741,46580.8953777476,14363.842404915951,7492.0781182379,14363.842404915951,14363.842404915951,96429.79687536042,65297.30452957889,55887.70654188609,68429.44468165096
2021-02-10,87548.11390513857,62484.86250962806,61612.51658523199,87548.11390513857,-533711.8347249189,966.4952521345112,54794.595880180364,22041.07785522286,-52808.5378318741,46580.8953777476,14363.842404915951,7492.0781182379,14363.842404915951,14363.842404915951,96771.36482859845,65638.87248281692,56229.27449512412,68771.01263488899
2021-02-11,87548.11390513857,62484.86250962806,61612.51658523199,87548.11390513857,-533711.8347249189,966.4952521345112,54794.595880180364,22041.07785522286,-52808.5378318741,46580.8953777476,14363.842404915951,7492.0781182379,14363.842404915951,14363.842404915951,96706.65751398448,65574.16516820295,56164.567180510145,68706.30532027502
2021-02-12,87548.11390513857,62484.86250962806,61612.51658523199,87548.11390513857,-533711.8347249189,966.4952521345112,54794.595880180364,22041.07785522286,-52808.5378318741,46580.8953777476,14363.842404915951,7492.0781182379,14363.842404915951,14363.842404915951,96215.55439453339,65083.06204875186,55673.46406105906,68215.20220082393
2021-02-16,87548.11390513857,62484.86250962806,61612.51658523199,87548.11390513857,-533711.8347249189,966.4952521345112,54794.595880180364,22041.07785522286,-52808.5378318741,46580.8953777476,14363.842404915951,7492.0781182379,14363.842404915951,14363.842404915951,96446.19301868137,65313.70067289984,55904.102685207035,68445.8408249719
2021-02-17,87548.11390513857,62484.86250962806,61612.51658523199,87548.11390513857,-533711.8347249189,966.4952521345112,54794.595880180364,22041.07785522286,-52808.5378318741,46580.8953777476,14363.842404915951,7492.0781182379,14363.842404915951,14363.842404915951,97237.7039112288,66105.21156544727,56695.61357775447,69237.35171751934
2021-02-18,87548.11390513857,62484.86250962806,61612.51658523199,87548.11390513857,-533711.8347249189,966.4952521345112,54794.595880180364,22041.07785522286,-52808.5378318741,46580.8953777476,14363.842404915951,7492.0781182379,14363.842404915951,14363.842404915951,97519.07053011376,66386.57818433223,56976.98019663943,69518.7183364043
2021-02-19,87548.11390513857,62484.86250962806,61612.51658523199,87548.11390513857,-533711.8347249189,966.4952521345112,54794.595880180364,22041.07785522286,-52808.5378318741,46580.8953777476,14363.842404915951,7492.0781182379,14363.842404915951,14363.842404915951,97111.91652900726,65979.42418322572,56569.82619553292,69111.5643352978
2021-02-22,87548.11390513857,62484.86250962806,61612.51658523199,87548.11390513857,-533711.8347249189,966.4952521345112,54794.595880180364,22041.07785522286,-52808.5378318741,46580.8953777476,14363.842404915951,7492.0781182379,14363.842404915951,14363.842404915951,97154.14899510634,66021.65664932481,56612.05866163201,69153.79680139688
2021-02-23,87548.11390513857,62484.86250962806,61612.51658523199,87548.11390513857,-533711.8347249189,966.4952521345112,54794.595880180364,22041.07785522286,-52808.5378318741,46580.8953777476,14363.842404915951,7492.0781182379,14363.842404915951,14363.842404915951,97125.49277400388,65993.00042822235,56583.40244052955,69125.14058029442
2021-02-24,87548.11390513857,62484.86250962806,61612.51658523199,87548.11390513857,-533711.8347249189,966.4952521345112,54794.595880180364,22041.07785522286,-52808.5378318741,46580.8953777476,14363.842404915951,7492.0781182379,14363.842404915951,14363.842404915951,96975.05844228622,65842.56609650468,56432.96810881188,68974.70624857675
2021-02-25,87548.11390513857,62484.86250962806,61612.51658523199,87548.11390513857,-533711.8347249189,966.4952521345112,54794.595880180364,22041.07785522286,-52808.5378318741,46580.8953777476,14363.842404915951,7492.0781182379,14363.842404915951,14363.842404915951,96871.61243399931,65739.12008821778,56329.52210052498,68871.26024028985
2021-02-26,87548.11390513857,62484.86250962806,61612.51658523199,87548.11390513857,-533711.8347249189,966.4952521345112,54794.595880180364,22041.07785522286,-52808.5378318741,46580.8953777476,14363.842404915951,7492.0781182379,14363.842404915951,14363.842404915951,96932.38513802784,65799.8927922463,56390.2948045535,68932.03294431837
2021-03-01,87548.11390513857,62484.86250962806,61612.51658523199,87548.11390513857,-533711.8347249189,966.4952521345112,54794.595880180364,22041.07785522286,-52808.5378318741,46580.8953777476,14363.842404915951,7492.0781182379,14363.842404915951,14363.842404915951,96991.72090195655,65859.22855617502,56449.630568482215,68991.36870824709
2021-03-02,87548.11390513857,62484.86250962806,61612.51658523199,87548.11390513857,-533711.8347249189,966.4952521345112,54794.595880180364,22041.07785522286,-52808.5378318741,46580.8953777476,14363.842404915951,7492.0781182379,14363.842404915951,14363.842404915951,96925.55623636697,65793.06389058544,56383.46590289264,68925.20404265751
2021-03-03,87548.11390513857,62484.86250962806,61612.51658523199,87548.11390513857,-533711.8347249189,966.4952521345112,54794.595880180364,22041.07785522286,-52808.5378318741,46580.8953777476,14363.842404915951,7492.0781182379,14363.842404915951,14363.842404915951,96854.79381756345,65722.30147178192,56312.703484089114,68854.44162385399
2021-03-04,87548.11390513857,62484.86250962806,61612.51658523199,87548.11390513857,-533711.8347249189,966.4952521345112,54794.595880180364,22041.07785522286,-52808.5378318741,46580.8953777476,14363.842404915951,7492.0781182379,14363.842404915951,14363.842404915951,96588.12615327071,65455.63380748918,56046.03581979638,68587.77395956125
2021-03-05,87548.11390513857,62484.86250962806,61612.51658523199,87548.11390513857,-533711.8347249189,966.4952521345112,54794.595880180364,22041.07785522286,-52808.5378318741,46580.8953777476,14363.842404915951,7492.0781182379,14363.842404915951,14363.842404915951,96780.88221405447,65648.38986827293,56238.79188058013,68780.530020345
2021-03-08,87548.11390513857,62484.86250962806,61612.51658523199,87548.11390513857,-533711.8347249189,966.4952521345112,54794.595880180364,22041.07785522286,-52808.5378318741,46580.8953777476,14363.842404915951,7492.0781182379,14363.842404915951,14363.842404915951,97384.22073877044,66251.72839298891,56842.130405296106,69383.86854506098
2021-03-09,87548.11390513857,62484.86250962806,61612.51658523199,87548.11390513857,-533711.8347249189,966.4952521345112,54794.595880180364,22041.07785522286,-52808.5378318741,46580.8953777476,14363.842404915951,7492.0781182379,14363.842404915951,14363.842404915951,97477.33141612913,66344.8390703476,56935.2410826548,69476.97922241967
2021-03-10,87548.11390513857,62484.86250962806,61612.51658523199,87548.11390513857,-533711.8347249189,966.4952521345112,54794.595880180364,22041.07785522286,-52808.5378318741,46580.8953777476,14363.842404915951,7492.0781182379,14363.842404915951,14363.842404915951,97571.28215903998,66438.78981325845,57029.19182556565,69570.92996533052
2021-03-11,87548.11390513857,62484.86250962806,61612.51658523199,87548.11390513857,-533711.8347249189,966.4952521345112,54794.595880180364,22041.07785522286,-52808.5378318741,46580.8953777476,14363.842404915951,7492.0781182379,14363.842404915951,14363.842404915951,97629.00200897967,66496.50966319814,57086.91167550534,69628.64981527021
2021-03-12,87548.11390513857,62484.86250962806,61612.51658523199,87548.11390513857,-533711.8347249189,966.4952521345112,54794.595880180364,22041.07785522286,-52808.5378318741,46580.8953777476,14363.842404915951,7492.0781182379,14363.842404915951,14363.842404915951,97671.52753124177,66539.03518546023,57129.43719776743,69671.1753375323
2021-03-15,87548.11390513857,62484.86250962806,61612.51658523199,87548.11390513857,-533711.8347249189,966.4952521345112,54794.595880180364,22041.07785522286,-52808.5378318741,46580.8953777476,14363.842404915951,7492.0781182379,14363.842404915951,14363.842404915951,97824.12471833662,66691.63237255509,57282.03438486229,69823.77252462716
2021-03-16,87548.11390513857,62484.86250962806,61612.51658523199,87548.11390513857,-533711.8347249189,966.4952521345112,54794.595880180364,22041.07785522286,-52808.5378318741,46580.8953777476,14363.842404915951,7492.0781182379,14363.842404915951,14363.842404915951,97983.8804811344,66851.38813535287,57441.79014766007,69983.52828742494
2021-03-17,87548.11390513857,62484.86250962806,61612.51658523199,87548.11390513857,-533711.8347249189,966.4952521345112,54794.595880180364,22041.07785522286,-52808.5378318741,46580.8953777476,14363.842404915951,7492.0781182379,14363.842404915951,14363.842404915951,97773.82402017433,66641.3316743928,57231.7336867,69773.47182646487
2021-03-18,87548.11390513857,62484.86250962806,61612.51658523199,87548.11390513857,-533711.8347249189,966.4952521345112,54794.595880180364,22041.07785522286,-52808.5378318741,46580.8953777476,14363.842404915951,7492.0781182379,14363.842404915951,14363.842404915951,97951.24545845413,66818.7531126726,57409.15512497979,69950.89326474466
2021-03-19,87548.11390513857,62484.86250962806,61612.51658523199,87548.11390513857,-533711.8347249189,966.4952521345112,54794.595880180364,22041.07785522286,-52808.5378318741,46580.8953777476,14363.842404915951,7492.0781182379,14363.842404915951,14363.842404915951,98303.80896521779,67171.31661943626,57761.71863174345,70303.45677150832
2021-03-22,87548.11390513857,62484.86250962806,61612.51658523199,87548.11390513857,-533711.8347249189,966.4952521345112,54794.595880180364,22041.07785522286,-52808.5378318741,46580.8953777476,14363.842404915951,7492.0781182379,14363.842404915951,14363.842404915951,98319.61992356251,67187.12757778098,57777.529590088176,70319.26772985305
2021-03-23,87548.11390513857,62484.86250962806,61612.51658523199,87548.11390513857,-533711.8347249189,966.4952521345112,54794.595880180364,22041.07785522286,-52808.5378318741,46580.8953777476,14363.842404915951,7492.0781182379,14363.842404915951,14363.842404915951,98307.33712579799,67174.84478001646,57765.246792323655,70306.98493208853
2021-03-24,87548.11390513857,62484.86250962806,61612.51658523199,87548.11390513857,-533711.8347249189,966.4952521345112,54794.595880180364,22041.07785522286,-52808.5378318741,46580.8953777476,14363.842404915951,7492.0781182379,14363.842404915951,14363.842404915951,98378.9717983373,67246.47945255577,57836.88146486296,70378.61960462783
2021-03-25,87548.11390513857,62484.86250962806,61612.51658523199,87548.11390513857,-533711.8347249189,966.4952521345112,54794.595880180364,22041.07785522286,-52808.5378318741,46580.8953777476,14363.842404915951,7492.0781182379,14363.842404915951,14363.842404915951,98432.35220894008,67299.85986315855,57890.261875465745,70432.00001523062
2021-03-26,87548.11390513857,62484.86250962806,61612.51658523199,87548.11390513857,-533711.8347249189,966.4952521345112,54794.595880180364,22041.07785522286,-52808.5378318741,46580.8953777476,14363.842404915951,7492.0781182379,14363.842404915951,14363.842404915951,98394.737470638,67262.24512485648,57852.64713716367,70394.38527692854
2021-03-29,87548.11390513857,62484.86250962806,61612.51658523199,87548.11390513857,-533711.8347249189,966.4952521345112,54794.595880180364,22041.07785522286,-52808.5378318741,46580.8953777476,14363.842404915951,7492.0781182379,14363.842404915951,14363.842404915951,98517.5835592451,67385.09121346357,57975.49322577077,70517.23136553564
2021-03-30,87548.11390513857,62484.86250962806,61612.51658523199,87548.11390513857,-533711.8347249189,966.4952521345112,54794.595880180364,22041.07785522286,-52808.5378318741,46580.8953777476,14363.842404915951,7492.0781182379,14363.842404915951,14363.842404915951,98561.33196587604,67428.83962009451,58019.24163240171,70560.97977216658
2021-03-31,87548.11390513857,62484.86250962806,61612.51658523199,87548.11390513857,-533711.8347249189,966.4952521345112,54794.595880180364,22041.07785522286,-52808.5378318741,46580.8953777476,14363.842404915951,7492.0781182379,14363.842404915951,14363.842404915951,98645.93935996434,67513.4470141828,58103.84902649,70645.58716625487
2021-04-01,87548.11390513857,62484.86250962806,61612.51658523199,87548.11390513857,-533711.8347249189,966.4952521345112,54794.595880180364,22041.07785522286,-52808.5378318741,46580.8953777476,14363.842404915951,7492.0781182379,14363.842404915951,14363.842404915951,98771.95668033231,67639.46433455078,58229.866346857976,70771.60448662285
2021-04-05,87548.11390513857,62484.86250962806,61612.51658523199,87548.11390513857,-533711.8347249189,966.4952521345112,54794.595880180364,22041.07785522286,-52808.5378318741,46580.8953777476,14363.842404915951,7492.0781182379,14363.842404915951,14363.842404915951,98937.0514657353,67804.55911995377,58394.96113226097,70936.69927202584
2021-04-06,87548.11390513857,62484.86250962806,61612.51658523199,87548.11390513857,-533711.8347249189,966.4952521345112,54794.595880180364,22041.07785522286,-52808.5378318741,46580.8953777476,14363.842404915951,7492.0781182379,14363.842404915951,14363.842404915951,98937.77781090746,67805.28546512593,58395.68747743312,70937.425617198
2021-04-07,87548.11390513857,62484.86250962806,61612.51658523199,87548.11390513857,-533711.8347249189,966.4952521345112,54794.595880180364,22041.07785522286,-52808.5378318741,46580.8953777476,14363.842404915951,7492.0781182379,14363.842404915951,14363.842404915951,99163.57320148032,68031.08085569879,58621.48286800599,71163.22100777086
2021-04-08,87548.11390513857,62484.86250962806,61612.51658523199,87548.11390513857,-533711.8347249189,966.4952521345112,54794.595880180364,22041.07785522286,-52808.5378318741,46580.8953777476,14363.842404915951,7492.0781182379,14363.842404915951,14363.842404915951,99282.6300594837,68150.13771370216,58740.53972600936,71282.27786577423
2021-04-09,87548.11390513857,62484.86250962806,61612.51658523199,87548.11390513857,-533711.8347249189,966.4952521345112,54794.595880180364,22041.07785522286,-52808.5378318741,46580.8953777476,14363.842404915951,7492.0781182379,14363.842404915951,14363.842404915951,99279.1479978573,68146.65565207577,58737.05766438297,71278.79580414784
2021-04-12,87548.11390513857,62484.86250962806,61612.51658523199,87548.11390513857,-533711.8347249189,966.4952521345112,54794.595880180364,22041.07785522286,-52808.5378318741,46580.8953777476,14363.842404915951,7492.0781182379,14363.842404915951,14363.842404915951,99446.91152351745,68314.41917773592,58904.82119004312,71446.55932980799
2021-04-13,87548.11390513857,62484.86250962806,61612.51658523199,87548.11390513857,-533711.8347249189,966.4952521345112,54794.595880180364,22041.07785522286,-52808.5378318741,46580.8953777476,14363.842404915951,7492.0781182379,14363.842404915951,14363.842404915951,99628.76399728563,68496.2716515041,59086.67366381129,71628.41180357616
2021-04-14,87548.11390513857,62484.86250962806,61612.51658523199,87548.11390513857,-533711.8347249189,966.4952521345112,54794.595880180364,22041.07785522286,-52808.5378318741,46580.8953777476,14363.842404915951,7492.0781182379,14363.842404915951,14363.842404915951,99588.4309170947,68455.93857131316,59046.34058362036,71588.07872338523
2021-04-15,87548.11390513857,62484.86250962806,61612.51658523199,87548.11390513857,-533711.8347249189,966.4952521345112,54794.595880180364,22041.07785522286,-52808.5378318741,46580.8953777476,14363.842404915951,7492.0781182379,14363.842404915951,14363.842404915951,99836.47635451169,68703.98400873016,59294.38602103735,71836.12416080222
2021-04-16,87548.11390513857,62484.86250962806,61612.51658523199,87548.11390513857,-533711.8347249189,966.4952521345112,54794.595880180364,22041.07785522286,-52808.5378318741,46580.8953777476,14363.842404915951,7492.0781182379,14363.842404915951,14363.842404915951,99830.22934712889,68697.73700134736,59288.13901365455,71829.87715341942
2021-04-19,87548.11390513857,62484.86250962806,61612.51658523199,87548.11390513857,-533711.8347249189,966.4952521345112,54794.595880180364,22041.07785522286,-52808.5378318741,46580.8953777476,12459.781896380708,5588.017609702656,12459.781896380708,12459.781896380708,100112.3929123478,68979.90056656627,59570.30257887347,72112.04071863834
2021-04-20,87548.11390513857,62484.86250962806,61612.51658523199,87548.11390513857,-533711.8347249189,966.4952521345112,54794.595880180364,22041.07785522286,-52808.5378318741,46580.8953777476,11531.090343264746,4659.326056586695,11531.090343264746,11531.090343264746,100088.06897825142,68955.57663246989,59545.97864477709,72087.71678454196
2021-04-21,87548.11390513857,62484.86250962806,61612.51658523199,87548.11390513857,-533711.8347249189,966.4952521345112,54794.595880180364,22041.07785522286,-52808.5378318741,46580.8953777476,12076.340870760498,5204.576584082446,12076.340870760498,12076.340870760498,100209.41471034312,69076.92236456159,59667.32437686878,72209.06251663365
2021-04-22,87548.11390513857,62484.86250962806,61612.51658523199,87548.11390513857,-533711.8347249189,966.4952521345112,54794.595880180364,22041.07785522286,-52808.5378318741,46580.8953777476,11251.318451777683,4379.554165099631,11251.318451777683,11251.318451777683,100387.43461274705,69254.94226696552,59845.344279272715,72387.08241903759
2021-04-23,87548.11390513857,62484.86250962806,61612.51658523199,87548.11390513857,-533711.8347249189,966.4952521345112,54794.595880180364,22041.07785522286,-52808.5378318741,46580.8953777476,11735.186213642475,4863.421926964424,11735.186213642475,11735.186213642475,100362.5386003477,69230.04625456617,59820.44826687337,72362.18640663824
2021-04-26,87548.11390513857,62484.86250962806,61612.51658523199,87548.11390513857,-533711.8347249189,966.4952521345112,54794.595880180364,22041.07785522286,-52808.5378318741,46580.8953777476,11056.067240598844,4184.302953920793,11056.067240598844,11056.067240598844,100835.51416105172,69703.02181527019,60293.42382757738,72835.16196734225
2021-04-27,87548.11390513857,62484.86250962806,61612.51658523199,87548.11390513857,-533711.8347249189,966.4952521345112,54794.595880180364,22041.07785522286,-52808.5378318741,46580.8953777476,11409.15235909645,4537.388072418398,11409.15235909645,11409.15235909645,100553.87335726712,69421.38101148559,60011.783023792785,72553.52116355766
2021-04-28,87548.11390513857,62484.86250962806,61612.51658523199,87548.11390513857,-533711.8347249189,966.4952521345112,54794.595880180364,22041.07785522286,-52808.5378318741,46580.8953777476,11927.274003994535,5055.509717316483,11927.274003994535,11927.274003994535,99837.94904568372,68705.45669990219,59295.85871220939,71837.59685197426
2021-04-29,87548.11390513857,62484.86250962806,61612.51658523199,87548.11390513857,-533711.8347249189,966.4952521345112,54794.595880180364,22041.07785522286,-52808.5378318741,46580.8953777476,11913.110441166093,5041.346154488041,11913.110441166093,11913.110441166093,99663.13677089498,68530.64442511345,59121.04643742065,71662.78457718552
2021-04-30,87548.11390513857,62484.86250962806,61612.51658523199,87548.11390513857,-533711.8347249189,966.4952521345112,54794.595880180364,22041.07785522286,-52808.5378318741,46580.8953777476,10868.553619256709,3996.789332578657,10868.553619256709,10868.553619256709,100074.55549209123,68942.0631463097,59532.46515861689,72074.20329838176
2021-05-03,87548.11390513857,62484.86250962806,61612.51658523199,87548.11390513857,-533711.8347249189,966.4952521345112,54794.595880180364,22041.07785522286,-52808.5378318741,46580.8953777476,11510.477369079483,4638.713082401431,11510.477369079483,11510.477369079483,99908.65654844488,68776.16420266335,59366.566214970546,71908.30435473542
2021-05-04,87548.11390513857,62484.86250962806,61612.51658523199,87548.11390513857,-533711.8347249189,966.4952521345112,54794.595880180364,22041.07785522286,-52808.5378318741,46580.8953777476,12142.615735874395,5270.851449196343,12142.615735874395,12142.615735874395,99785.58429977065,68653.09195398912,59243.493966296315,71785.23210606119
2021-05-05,87548.11390513857,62484.86250962806,61612.51658523199,87548.11390513857,-533711.8347249189,966.4952521345112,54794.595880180364,22041.07785522286,-52808.5378318741,46580.8953777476,12948.566051084315,6076.801764406264,12948.566051084315,12948.566051084315,99672.72069283202,68540.22834705049,59130.63035935769,71672.36849912256
2021-05-06,87548.11390513857,62484.86250962806,61612.51658523199,87548.11390513857,-533711.8347249189,966.4952521345112,54794.595880180364,22041.07785522286,-52808.5378318741,46580.8953777476,13848.540654250653,6976.776367572602,13848.540654250653,13848.540654250653,99916.73264073674,68784.2402949552,59374.6423072624,71916.38044702727
2021-05-07,87548.11390513857,62484.86250962806,61612.51658523199,87548.11390513857,-533711.8347249189,966.4952521345112,54794.595880180364,22041.07785522286,-52808.5378318741,46580.8953777476,13946.554696308332,7074.790409630281,13946.554696308332,13946.554696308332,99556.92901251884,68424.43666673731,59014.83867904451,71556.57681880938
2021-05-10,87548.11390513857,62484.86250962806,61612.51658523199,87548.11390513857,-533711.8347249189,966.4952521345112,54794.595880180364,22041.07785522286,-52808.5378318741,46580.8953777476,12977.1134284375,6105.349141759449,12977.1134284375,12977.1134284375,98603.70100352261,67471.20865774108,58061.61067004828,70603.34880981315
2021-05-11,87548.11390513857,62484.86250962806,61612.51658523199,87548.11390513857,-533711.8347249189,966.4952521345112,54794.595880180364,22041.07785522286,-52808.5378318741,46580.8953777476,11312.567537017516,4440.803250339464,11312.567537017516,11312.567537017516,99439.09256286686,68306.60021708533,58897.00222939253,71438.7403691574
2021-05-12,87548.11390513857,62484.86250962806,61612.51658523199,87548.11390513857,-533711.8347249189,966.4952521345112,54794.595880180364,22041.07785522286,-52808.5378318741,46580.8953777476,7504.6985942709725,632.934307592921,7504.6985942709725,7504.6985942709725,97927.27532836725,66794.78298258572,57385.184994892916,69926.92313465779
2021-05-13,87548.11390513857,62484.86250962806,61612.51658523199,87548.11390513857,-533711.8347249189,966.4952521345112,54794.595880180364,22041.07785522286,-52808.5378318741,46580.8953777476,9803.270997396903,2931.5067107188515,9803.270997396903,9803.270997396903,97957.93436883204,66825.4420230505,57415.8440353577,69957.58217512257
2021-05-14,87548.11390513857,62484.86250962806,61612.51658523199,87548.11390513857,-533711.8347249189,966.4952521345112,54794.595880180364,22041.07785522286,-52808.5378318741,46580.8953777476,13484.843148376676,6613.078861698625,13484.843148376676,13484.843148376676,98760.79304520367,67628.30069942214,58218.70271172933,70760.4408514942
2021-05-17,87548.11390513857,62484.86250962806,61612.51658523199,87548.11390513857,-533711.8347249189,966.4952521345112,54794.595880180364,22041.07785522286,-52808.5378318741,46580.8953777476,13157.536594948266,6285.772308270214,13157.536594948266,13157.536594948266,99429.9479330692,68297.45558728767,58887.85759959486,71429.59573935973
2021-05-18,87548.11390513857,62484.86250962806,61612.51658523199,87548.11390513857,-533711.8347249189,966.4952521345112,54794.595880180364,22041.07785522286,-52808.5378318741,46580.8953777476,13139.816966150072,6268.052679472021,13139.816966150072,13139.816966150072,99616.56272794097,68484.07038215944,59074.47239446663,71616.2105342315
2021-05-19,87548.11390513857,62484.86250962806,61612.51658523199,87548.11390513857,-533711.8347249189,966.4952521345112,54794.595880180364,22041.07785522286,-52808.5378318741,46580.8953777476,13293.448653509258,6421.684366831207,13293.448653509258,13293.448653509258,100510.18422922608,69377.69188344455,59968.09389575175,72509.83203551662
2021-05-20,87548.11390513857,62484.86250962806,61612.51658523199,87548.11390513857,-533711.8347249189,966.4952521345112,54794.595880180364,22041.07785522286,-52808.5378318741,46580.8953777476,13103.631577406777,6231.8672907287255,13103.631577406777,13103.631577406777,101490.53713095072,70358.04478516919,60948.44679747638,73490.18493724125
2021-05-21,87548.11390513857,62484.86250962806,61612.51658523199,87548.11390513857,-533711.8347249189,966.4952521345112,54794.595880180364,22041.07785522286,-52808.5378318741,46580.8953777476,13253.975499135908,6382.211212457856,13253.975499135908,13253.975499135908,101288.80562645779,70156.31328067626,60746.715292983456,73288.45343274833
2021-05-24,87548.11390513857,62484.86250962806,61612.51658523199,87548.11390513857,-533711.8347249189,966.4952521345112,54794.595880180364,22041.07785522286,-52808.5378318741,46580.8953777476,13253.975499135908,6382.211212457856,13253.975499135908,13253.975499135908,101306.6759714603,70174.18362567876,60764.58563798596,73306.32377775083
2021-05-25,87548.11390513857,62484.86250962806,61612.51658523199,87548.11390513857,-533711.8347249189,966.4952521345112,54794.595880180364,22041.07785522286,-52808.5378318741,46580.8953777476,13253.975499135908,6382.211212457856,13253.975499135908,13253.975499135908,101294.48213690612,70161.9897911246,60752.39180343179,73294.12994319666
2021-05-26,87548.11390513857,62484.86250962806,61612.51658523199,87548.11390513857,-533711.8347249189,966.4952521345112,54794.595880180364,22041.07785522286,-52808.5378318741,46580.8953777476,13253.975499135908,6382.211212457856,13253.975499135908,13253.975499135908,101282.44529029983,70149.9529445183,60740.3549568255,73282.09309659037
2021-05-27,87548.11390513857,62484.86250962806,61612.51658523199,87548.11390513857,-533711.8347249189,966.4952521345112,54794.595880180364,22041.07785522286,-52808.5378318741,46580.8953777476,13253.975499135908,6382.211212457856,13253.975499135908,13253.975499135908,101270.91232000338,70138.41997422185,60728.821986529045,73270.56012629392
2021-05-28,87548.11390513857,62484.86250962806,61612.51658523199,87548.11390513857,-533711.8347249189,966.4952521345112,54794.595880180364,22041.07785522286,-52808.5378318741,46580.8953777476,13253.975499135908,6382.211212457856,13253.975499135908,13253.975499135908,101086.47498167283,69953.9826358913,60544.384648198495,73086.12278796337
2021-06-01,87548.11390513857,62484.86250962806,61612.51658523199,87548.11390513857,-533711.8347249189,966.4952521345112,54794.595880180364,22041.07785522286,-52808.5378318741,46580.8953777476,13253.975499135908,6382.211212457856,13253.975499135908,13253.975499135908,101144.61629729345,70012.12395151192,60602.52596381912,73144.26410358399
2021-06-02,87548.11390513857,62484.86250962806,61612.51658523199,87548.11390513857,-533711.8347249189,966.4952521345112,54794.595880180364,22041.07785522286,-52808.5378318741,46580.8953777476,13253.975499135908,6382.211212457856,13253.975499135908,13253.975499135908,101255.90839954349,70123.41605376196,60713.81806606916,73255.55620583403
2021-06-03,87548.11390513857,62484.86250962806,61612.51658523199,87548.11390513857,-533711.8347249189,966.4952521345112,54794.595880180364,22041.07785522286,-52808.5378318741,46580.8953777476,13253.975499135908,6382.211212457856,13253.975499135908,13253.975499135908,101444.84688163642,70312.35453585489,60902.756548162084,73444.49468792696
2021-06-04,87548.11390513857,62484.86250962806,61612.51658523199,87548.11390513857,-533711.8347249189,966.4952521345112,54794.595880180364,22041.07785522286,-52808.5378318741,46580.8953777476,13253.975499135908,6382.211212457856,13253.975499135908,13253.975499135908,101331.68304674095,70199.19070095941,60789.59271326661,73331.33085303148
2021-06-07,87548.11390513857,62484.86250962806,61612.51658523199,87548.11390513857,-533711.8347249189,966.4952521345112,54794.595880180364,22041.07785522286,-52808.5378318741,46580.8953777476,13253.975499135908,6382.211212457856,13253.975499135908,13253.975499135908,101289.97239469946,70157.48004891793,60747.88206122513,73289.62020099
2021-06-08,87548.11390513857,62484.86250962806,61612.51658523199,87548.11390513857,-533711.8347249189,966.4952521345112,54794.595880180364,22041.07785522286,-52808.5378318741,46580.8953777476,13253.975499135908,6382.211212457856,13253.975499135908,13253.975499135908,101325.245636045,70192.75329026347,60783.15530257067,73324.89344233554
2021-06-09,87548.11390513857,62484.86250962806,61612.51658523199,87548.11390513857,-533711.8347249189,966.4952521345112,54794.595880180364,22041.07785522286,-52808.5378318741,46580.8953777476,13253.975499135908,6382.211212457856,13253.975499135908,13253.975499135908,101473.99639297556,70341.50404719403,60931.90605950123,73473.6441992661
2021-06-10,87548.11390513857,62484.86250962806,61612.51658523199,87548.11390513857,-533711.8347249189,966.4952521345112,54794.595880180364,22041.07785522286,-52808.5378318741,46580.8953777476,13253.975499135908,6382.211212457856,13253.975499135908,13253.975499135908,101392.32499392447,70259.83264814294,60850.234660450136,73391.97280021501
2021-06-11,87548.11390513857,62484.86250962806,61612.51658523199,87548.11390513857,-533711.8347249189,966.4952521345112,54794.595880180364,22041.07785522286,-52808.5378318741,46580.8953777476,13253.975499135908,6382.211212457856,13253.975499135908,13253.975499135908,101405.95604652585,70273.46370074432,60863.86571305152,73405.60385281639
2021-06-14,87548.11390513857,62484.86250962806,61612.51658523199,87548.11390513857,-533711.8347249189,966.4952521345112,54794.595880180364,22041.07785522286,-52808.5378318741,46580.8953777476,13253.975499135908,6382.211212457856,13253.975499135908,13253.975499135908,101237.73176852963,70105.2394227481,60695.641435055295,73237.37957482017
2021-06-15,87548.11390513857,62484.86250962806,61612.51658523199,87548.11390513857,-533711.8347249189,966.4952521345112,54794.595880180364,22041.07785522286,-52808.5378318741,46580.8953777476,13253.975499135908,6382.211212457856,13253.975499135908,13253.975499135908,101367.005008674,70234.51266289246,60824.91467519966,73366.65281496453
2021-06-16,87548.11390513857,62484.86250962806,61612.51658523199,87548.11390513857,-533711.8347249189,966.4952521345112,54794.595880180364,22041.07785522286,-52808.5378318741,46580.8953777476,13253.975499135908,6382.211212457856,13253.975499135908,13253.975499135908,101235.17115859338,70102.67881281185,60693.08082511905,73234.81896488392
2021-06-17,87548.11390513857,62484.86250962806,61612.51658523199,87548.11390513857,-533711.8347249189,966.4952521345112,54794.595880180364,22041.07785522286,-52808.5378318741,46580.8953777476,13253.975499135908,6382.211212457856,13253.975499135908,13253.975499135908,101078.85086971126,69946.35852392972,60536.76053623692,73078.4986760018
2021-06-18,87548.11390513857,62484.86250962806,61612.51658523199,87548.11390513857,-533711.8347249189,966.4952521345112,54794.595880180364,22041.07785522286,-52808.5378318741,46580.8953777476,13253.975499135908,6382.211212457856,13253.975499135908,13253.975499135908,101044.7675261565,69912.27518037497,60502.67719268217,73044.41533244704
2021-06-21,87548.11390513857,62484.86250962806,61612.51658523199,87548.11390513857,-533711.8347249189,966.4952521345112,54794.595880180364,22041.07785522286,-52808.5378318741,46580.8953777476,12214.440849761711,5342.67656308366,12214.440849761711,12214.440849761711,101014.51499150274,69882.02264572121,60472.42465802841,73014.16279779328
2021-06-22,87548.11390513857,62484.86250962806,61612.51658523199,87548.11390513857,-533711.8347249189,966.4952521345112,54794.595880180364,22041.07785522286,-52808.5378318741,46580.8953777476,12132.697441149503,5260.933154471451,12132.697441149503,12132.697441149503,101028.61966071045,69896.12731492892,60486.529327236116,73028.26746700099
2021-06-23,87548.11390513857,62484.86250962806,61612.51658523199,87548.11390513857,-533711.8347249189,966.4952521345112,54794.595880180364,22041.07785522286,-52808.5378318741,46580.8953777476,12875.002466490027,6003.238179811975,12875.002466490027,12875.002466490027,101039.12744144676,69906.63509566523,60497.03710797243,73038.7752477373
2021-06-24,87548.11390513857,62484.86250962806,61612.51658523199,87548.11390513857,-533711.8347249189,966.4952521345112,54794.595880180364,22041.07785522286,-52808.5378318741,46580.8953777476,14154.954795412603,7283.190508734551,14154.954795412603,14154.954795412603,100844.70152358245,69712.20917780092,60302.61119010812,72844.34932987299
2021-06-25,87548.11390513857,62484.86250962806,61612.51658523199,87548.11390513857,-533711.8347249189,966.4952521345112,54794.595880180364,22041.07785522286,-52808.5378318741,46580.8953777476,13739.323482341948,6867.559195663896,13739.323482341948,13739.323482341948,99420.1726256928,68287.68027991126,58878.08229221846,71419.82043198333
2021-06-28,87548.11390513857,62484.86250962806,61612.51658523199,87548.11390513857,-533711.8347249189,966.4952521345112,54794.595880180364,22041.07785522286,-52808.5378318741,46580.8953777476,12858.787209718488,5987.022923040437,12858.787209718488,12858.787209718488,99829.4477286844,68696.95538290287,59287.35739521007,71829.09553497494
2021-06-29,87548.11390513857,62484.86250962806,61612.51658523199,87548.11390513857,-533711.8347249189,966.4952521345112,54794.595880180364,22041.07785522286,-52808.5378318741,46580.8953777476,13103.748581044958,6231.984294366906,13103.748581044958,13103.748581044958,99660.9386445058,68528.44629872427,59118.84831103147,71660.58645079634
2021-06-30,87548.11390513857,62484.86250962806,61612.51658523199,87548.11390513857,-533711.8347249189,966.4952521345112,54794.595880180364,22041.07785522286,-52808.5378318741,46580.8953777476,13037.085481962073,6165.321195284021,13037.085481962073,13037.085481962073,99820.76253207983,68688.2701862983,59278.67219860549,71820.41033837036
2021-07-01,87548.11390513857,62484.86250962806,61612.51658523199,87548.11390513857,-533711.8347249189,966.4952521345112,54794.595880180364,22041.07785522286,-52808.5378318741,46580.8953777476,11086.536797376699,4214.772510698647,11086.536797376699,11086.536797376699,99531.45407223585,68398.96172645432,58989.363738761516,71531.10187852639
2021-07-02,87548.11390513857,62484.86250962806,61612.51658523199,87548.11390513857,-533711.8347249189,966.4952521345112,54794.595880180364,22041.07785522286,-52808.5378318741,46580.8953777476,9996.119738981011,3124.3554523029597,9996.119738981011,9996.119738981011,99470.09583640075,68337.60349061922,58928.00550292642,71469.74364269129
2021-07-06,87548.11390513857,62484.86250962806,61612.51658523199,87548.11390513857,-533711.8347249189,966.4952521345112,54794.595880180364,22041.07785522286,-52808.5378318741,46580.8953777476,8940.747715926263,2068.983429248212,8940.747715926263,8940.747715926263,99821.49852396478,68689.00617818325,59279.408190490445,71821.14633025532
2021-07-07,87548.11390513857,62484.86250962806,61612.51658523199,87548.11390513857,-533711.8347249189,966.4952521345112,54794.595880180364,22041.07785522286,-52808.5378318741,46580.8953777476,9122.870026952587,2251.1057402745355,9122.870026952587,9122.870026952587,99864.69488434726,68732.20253856573,59322.60455087293,71864.3426906378
2021-07-08,87548.11390513857,62484.86250962806,61612.51658523199,87548.11390513857,-533711.8347249189,966.4952521345112,54794.595880180364,22041.07785522286,-52808.5378318741,46580.8953777476,9179.933773287223,2308.169486609171,9179.933773287223,9179.933773287223,99763.29958641622,68630.80724063469,59221.20925294189,71762.94739270676
2021-07-09,87548.11390513857,62484.86250962806,61612.51658523199,87548.11390513857,-533711.8347249189,966.4952521345112,54794.595880180364,22041.07785522286,-52808.5378318741,46580.8953777476,7256.03886745323,384.27458077517804,7256.03886745323,7256.03886745323,99638.42164929071,68505.92930350918,59096.33131581638,71638.06945558125
2021-07-12,87548.11390513857,62484.86250962806,61612.51658523199,87548.11390513857,-533711.8347249189,966.4952521345112,54794.595880180364,22041.07785522286,-52808.5378318741,46580.8953777476,4911.466585779446,-1960.2977008986054,4911.466585779446,4911.466585779446,99543.83228802634,68411.33994224481,59001.74195455201,71543.48009431688
2021-07-13,87548.11390513857,62484.86250962806,61612.51658523199,87548.11390513857,-533711.8347249189,966.4952521345112,54794.595880180364,22041.07785522286,-52808.5378318741,46580.8953777476,4622.510929282173,-2249.253357395879,4622.510929282173,4622.510929282173,99584.51242277562,68452.02007699409,59042.42208930128,71584.16022906615
2021-07-14,87548.11390513857,62484.86250962806,61612.51658523199,87548.11390513857,-533711.8347249189,966.4952521345112,54794.595880180364,22041.07785522286,-52808.5378318741,46580.8953777476,5624.101696560509,-1247.662590117543,5624.101696560509,5624.101696560509,99556.42095479486,68423.92860901332,59014.33062132052,71556.0687610854
2021-07-15,87548.11390513857,62484.86250962806,61612.51658523199,87548.11390513857,-533711.8347249189,966.4952521345112,54794.595880180364,22041.07785522286,-52808.5378318741,46580.8953777476,6073.265539395739,-798.4987472823123,6073.265539395739,6073.265539395739,98950.97480526031,67818.48245947878,58408.884471785976,70950.62261155085
2021-07-16,87548.11390513857,62484.86250962806,61612.51658523199,87548.11390513857,-533711.8347249189,966.4952521345112,54794.595880180364,22041.07785522286,-52808.5378318741,46580.8953777476,-1653.230130332755,-8524.994417010807,-1653.230130332755,-1653.230130332755,99352.79179107677,68220.29944529524,58810.70145760244,71352.43959736731
2021-07-19,87548.11390513857,62484.86250962806,61612.51658523199,87548.11390513857,-533711.8347249189,966.4952521345112,54794.595880180364,22041.07785522286,-52808.5378318741,46580.8953777476,-4419.994489114732,-11291.758775792783,-4419.994489114732,-4419.994489114732,99453.13152978034,68320.6391839988,58911.041196306,71452.77933607087
2021-07-20,87548.11390513857,62484.86250962806,61612.51658523199,87548.11390513857,-533711.8347249189,966.4952521345112,54794.595880180364,22041.07785522286,-52808.5378318741,46580.8953777476,-3600.889383135014,-10472.653669813066,-3600.889383135014,-3600.889383135014,99667.83559907088,68535.34325328935,59125.745265596546,71667.48340536142
2021-07-21,87548.11390513857,62484.86250962806,61612.51658523199,87548.11390513857,-533711.8347249189,966.4952521345112,54794.595880180364,22041.07785522286,-52808.5378318741,46580.8953777476,-2409.80885091261,-9281.573137590662,-2409.80885091261,-2409.80885091261,99685.34848726913,68552.8561414876,59143.2581537948,71684.99629355967
2021-07-22,87548.11390513857,62484.86250962806,61612.51658523199,87548.11390513857,-533711.8347249189,966.4952521345112,54794.595880180364,22041.07785522286,-52808.5378318741,46580.8953777476,-2821.0647577979835,-9692.829044476035,-2821.0647577979835,-2821.0647577979835,99679.58013029722,68547.0877845157,59137.48979682289,71679.22793658776
2021-07-23,87548.11390513857,62484.86250962806,61612.51658523199,87548.11390513857,-533711.8347249189,966.4952521345112,54794.595880180364,22041.07785522286,-52808.5378318741,46580.8953777476,-4683.232220434002,-11554.996507112053,-4683.232220434002,-4683.232220434002,99515.49143854063,68382.9990927591,58973.401105066296,71515.13924483117
2021-07-26,87548.11390513857,62484.86250962806,61612.51658523199,87548.11390513857,-533711.8347249189,966.4952521345112,54794.595880180364,22041.07785522286,-52808.5378318741,46580.8953777476,-5627.611282936879,-12499.375569614931,-5627.611282936879,-5627.611282936879,100017.576686688,68885.08434090647,59475.486353213666,72017.22449297854
2021-07-27,87548.11390513857,62484.86250962806,61612.51658523199,87548.11390513857,-533711.8347249189,966.4952521345112,54794.595880180364,22041.07785522286,-52808.5378318741,46580.8953777476,-6038.700842125225,-12910.465128803276,-6038.700842125225,-6038.700842125225,99843.7896036969,68711.29725791537,59301.69927022257,71843.43740998744
2021-07-28,87548.11390513857,62484.86250962806,61612.51658523199,87548.11390513857,-533711.8347249189,966.4952521345112,54794.595880180364,22041.07785522286,-52808.5378318741,46580.8953777476,-4988.175811012508,-11859.94009769056,-4988.175811012508,-4988.175811012508,99394.58855841495,68262.09621263342,58852.49822494062,71394.23636470549
2021-07-29,87548.11390513857,62484.86250962806,61612.51658523199,87548.11390513857,-533711.8347249189,966.4952521345112,54794.595880180364,22041.07785522286,-52808.5378318741,46580.8953777476,-3856.5356670743786,-10728.29995375243,-3856.5356670743786,-3856.5356670743786,98961.72836412629,67829.23601834476,58419.63803065196,70961.37617041683
2021-07-30,87548.11390513857,62484.86250962806,61612.51658523199,87548.11390513857,-533711.8347249189,966.4952521345112,54794.595880180364,22041.07785522286,-52808.5378318741,46580.8953777476,-3021.3231981603894,-9893.087484838441,-3021.3231981603894,-3021.3231981603894,98617.05466698506,67484.56232120353,58074.964333510725,70616.7024732756
2021-08-02,87548.11390513857,62484.86250962806,61612.51658523199,87548.11390513857,-533711.8347249189,966.4952521345112,54794.595880180364,22041.07785522286,-52808.5378318741,46580.8953777476,-3635.4485697903438,-10507.212856468395,-3635.4485697903438,-3635.4485697903438,98525.4117619975,67392.91941621597,57983.321428523166,70525.05956828804
2021-08-03,87548.11390513857,62484.86250962806,61612.51658523199,87548.11390513857,-533711.8347249189,966.4952521345112,54794.595880180364,22041.07785522286,-52808.5378318741,46580.8953777476,-2424.0011233836412,-9295.765410061693,-2424.0011233836412,-2424.0011233836412,97954.29783284455,66821.80548706301,57412.20749937021,69953.94563913508
2021-08-04,87548.11390513857,62484.86250962806,61612.51658523199,87548.11390513857,-533711.8347249189,966.4952521345112,54794.595880180364,22041.07785522286,-52808.5378318741,46580.8953777476,-2288.7646979321726,-9160.528984610224,-2288.7646979321726,-2288.7646979321726,97115.66971960547,65983.17737382394,56573.57938613114,69115.31752589601
2021-08-05,87548.11390513857,62484.86250962806,61612.51658523199,87548.11390513857,-533711.8347249189,966.4952521345112,54794.595880180364,22041.07785522286,-52808.5378318741,46580.8953777476,-2566.2162982673617,-9437.980584945413,-2566.2162982673617,-2566.2162982673617,98296.94967935118,67164.45733356965,57754.859345876845,70296.59748564172
2021-08-06,87548.11390513857,62484.86250962806,61612.51658523199,87548.11390513857,-533711.8347249189,966.4952521345112,54794.595880180364,22041.07785522286,-52808.5378318741,46580.8953777476,-1508.9009046044666,-8380.665191282518,-1508.9009046044666,-1508.9009046044666,98678.74225132912,67546.2499055476,58136.65191785479,70678.39005761966
2021-08-09,87548.11390513857,62484.86250962806,61612.51658523199,87548.11390513857,-533711.8347249189,966.4952521345112,54794.595880180364,22041.07785522286,-52808.5378318741,46580.8953777476,-2132.8626395383617,-9004.626926216413,-2132.8626395383617,-2132.8626395383617,99194.34819049248,68061.85584471095,58652.25785701815,71193.99599678302
2021-08-10,87548.11390513857,62484.86250962806,61612.51658523199,87548.11390513857,-533711.8347249189,966.4952521345112,54794.595880180364,22041.07785522286,-52808.5378318741,46580.8953777476,-1100.0238102911972,-7971.788096969249,-1100.0238102911972,-1100.0238102911972,98686.25716980081,67553.76482401928,58144.166836326476,70685.90497609135
2021-08-11,87548.11390513857,62484.86250962806,61612.51658523199,87548.11390513857,-533711.8347249189,966.4952521345112,54794.595880180364,22041.07785522286,-52808.5378318741,46580.8953777476,-53.566560147330165,-6925.330846825382,-53.566560147330165,-53.566560147330165,98882.17416204792,67749.68181626638,58340.08382857358,70881.82196833845
2021-08-12,87548.11390513857,62484.86250962806,61612.51658523199,87548.11390513857,-533711.8347249189,966.4952521345112,54794.595880180364,22041.07785522286,-52808.5378318741,46580.8953777476,765.2886796188541,-6106.4756070591975,765.2886796188541,765.2886796188541,99050.78593227407,67918.29358649254,58508.695598799735,71050.4337385646
2021-08-13,87548.11390513857,62484.86250962806,61612.51658523199,87548.11390513857,-533711.8347249189,966.4952521345112,54794.595880180364,22041.07785522286,-52808.5378318741,46580.8953777476,-139.72898708144203,-7011.493273759494,-139.72898708144203,-139.72898708144203,98795.95663541439,67663.46428963286,58253.866301940056,70795.60444170493
2021-08-16,87548.11390513857,62484.86250962806,61612.51658523199,87548.11390513857,-533711.8347249189,966.4952521345112,54794.595880180364,22041.07785522286,-52808.5378318741,46580.8953777476,-1545.1498220951762,-8416.914108773228,-1545.1498220951762,-1545.1498220951762,99463.23358673137,68330.74124094984,58921.14325325703,71462.8813930219
2021-08-17,87548.11390513857,62484.86250962806,61612.51658523199,87548.11390513857,-533711.8347249189,966.4952521345112,54794.595880180364,22041.07785522286,-52808.5378318741,46580.8953777476,-163.35943581257015,-7035.123722490622,-163.35943581257015,-163.35943581257015,99101.59521487751,67969.10286909598,58559.504881403176,71101.24302116805
2021-08-18,87548.11390513857,62484.86250962806,61612.51658523199,87548.11390513857,-533711.8347249189,966.4952521345112,54794.595880180364,22041.07785522286,-52808.5378318741,46580.8953777476,-3029.000102050137,-9900.764388728188,-3029.000102050137,-3029.000102050137,99022.98155110865,67890.48920532712,58480.891217634315,71022.62935739919
2021-08-19,87548.11390513857,62484.86250962806,61612.51658523199,87548.11390513857,-533711.8347249189,966.4952521345112,54794.595880180364,22041.07785522286,-52808.5378318741,46580.8953777476,307.5673322114162,-6564.196954466635,307.5673322114162,307.5673322114162,99014.15452496056,67881.66217917902,58472.06419148622,71013.80233125109
2021-08-20,87548.11390513857,62484.86250962806,61612.51658523199,87548.11390513857,-533711.8347249189,966.4952521345112,54794.595880180364,22041.07785522286,-52808.5378318741,46580.8953777476,5865.97755935404,-1005.7867273240117,5865.97755935404,5865.97755935404,98953.07502121385,67820.58267543232,58410.98468773952,70952.72282750439
2021-08-23,87548.11390513857,62484.86250962806,61612.51658523199,87548.11390513857,-533711.8347249189,966.4952521345112,54794.595880180364,22041.07785522286,-52808.5378318741,46580.8953777476,7353.68709688948,481.92281021142844,7353.68709688948,7353.68709688948,99027.41266511893,67894.9203193374,58485.322331644595,71027.06047140947
2021-08-24,87548.11390513857,62484.86250962806,61612.51658523199,87548.11390513857,-533711.8347249189,966.4952521345112,54794.595880180364,22041.07785522286,-52808.5378318741,46580.8953777476,6898.427031213301,26.662744535249658,6898.427031213301,6898.427031213301,99052.80139491358,67920.30904913205,58510.711061439244,71052.44920120412
2021-08-25,87548.11390513857,62484.86250962806,61612.51658523199,87548.11390513857,-533711.8347249189,966.4952521345112,54794.595880180364,22041.07785522286,-52808.5378318741,46580.8953777476,7232.303048349102,360.53876167105045,7232.303048349102,7232.303048349102,99026.64520948566,67894.15286370413,58484.55487601133,71026.2930157762
2021-08-26,87548.11390513857,62484.86250962806,61612.51658523199,87548.11390513857,-533711.8347249189,966.4952521345112,54794.595880180364,22041.07785522286,-52808.5378318741,46580.8953777476,6326.938182389713,-544.8261042883387,6326.938182389713,6326.938182389713,99019.52812158852,67887.03577580699,58477.437788114185,71019.17592787906
2021-08-27,87548.11390513857,62484.86250962806,61612.51658523199,87548.11390513857,-533711.8347249189,966.4952521345112,54794.595880180364,22041.07785522286,-52808.5378318741,46580.8953777476,7119.835034653195,248.0707479751436,7119.835034653195,7119.835034653195,99026.53433278622,67894.04198700469,58484.44399931189,71026.18213907676
2021-08-30,87548.11390513857,62484.86250962806,61612.51658523199,87548.11390513857,-533711.8347249189,966.4952521345112,54794.595880180364,22041.07785522286,-52808.5378318741,46580.8953777476,6170.845027047442,-700.9192596306093,6170.845027047442,6170.845027047442,99232.2802308253,68099.78788504377,58690.18989735097,71231.92803711584
2021-08-31,87548.11390513857,62484.86250962806,61612.51658523199,87548.11390513857,-533711.8347249189,966.4952521345112,54794.595880180364,22041.07785522286,-52808.5378318741,46580.8953777476,6275.068378328113,-596.6959083499387,6275.068378328113,6275.068378328113,99226.86004369566,68094.36769791413,58684.76971022133,71226.5078499862
2021-09-01,87548.11390513857,62484.86250962806,61612.51658523199,87548.11390513857,-533711.8347249189,966.4952521345112,54794.595880180364,22041.07785522286,-52808.5378318741,46580.8953777476,7121.513338661054,249.74905198300257,7121.513338661054,7121.513338661054,99216.85732901865,68084.36498323712,58674.76699554431,71216.50513530918
2021-09-02,87548.11390513857,62484.86250962806,61612.51658523199,87548.11390513857,-533711.8347249189,966.4952521345112,54794.595880180364,22041.07785522286,-52808.5378318741,46580.8953777476,5653.098878984689,-1218.6654076933628,5653.098878984689,5653.098878984689,99263.91531036072,68131.4229645792,58721.82497688639,71263.56311665126
2021-09-03,87548.11390513857,62484.86250962806,61612.51658523199,87548.11390513857,-533711.8347249189,966.4952521345112,54794.595880180364,22041.07785522286,-52808.5378318741,46580.8953777476,6556.736304389429,-315.0279822886223,6556.736304389429,6556.736304389429,99289.75578961521,68157.26344383368,58747.66545614088,71289.40359590575
2021-09-07,87548.11390513857,62484.86250962806,61612.51658523199,87548.11390513857,-533711.8347249189,966.4952521345112,54794.595880180364,22041.07785522286,-52808.5378318741,46580.8953777476,5476.19872707699,-1395.565559601062,5476.19872707699,5476.19872707699,99461.86046089046,68329.36811510893,58919.77012741612,71461.508267181
2021-09-08,87548.11390513857,62484.86250962806,61612.51658523199,87548.11390513857,-533711.8347249189,966.4952521345112,54794.595880180364,22041.07785522286,-52808.5378318741,46580.8953777476,5886.071915494744,-985.6923711833078,5886.071915494744,5886.071915494744,99439.43815522804,68306.94580944651,58897.347821753705,71439.08596151858
2021-09-09,87548.11390513857,62484.86250962806,61612.51658523199,87548.11390513857,-533711.8347249189,966.4952521345112,54794.595880180364,22041.07785522286,-52808.5378318741,46580.8953777476,5790.011831887648,-1081.7524547904031,5790.011831887648,5790.011831887648,99422.24263680726,68289.75029102573,58880.15230333293,71421.8904430978
2021-09-10,87548.11390513857,62484.86250962806,61612.51658523199,87548.11390513857,-533711.8347249189,966.4952521345112,54794.595880180364,22041.07785522286,-52808.5378318741,46580.8953777476,4573.3764717740705,-2298.387814903981,4573.3764717740705,4573.3764717740705,99411.02514073066,68278.53279494913,58868.93480725633,71410.6729470212
2021-09-13,87548.11390513857,62484.86250962806,61612.51658523199,87548.11390513857,-533711.8347249189,966.4952521345112,54794.595880180364,22041.07785522286,-52808.5378318741,46580.8953777476,4162.146808541031,-2709.617478137021,4162.146808541031,4162.146808541031,99760.31672192807,68627.82437614654,59218.22638845374,71759.96452821861
2021-09-14,87548.11390513857,62484.86250962806,61612.51658523199,87548.11390513857,-533711.8347249189,966.4952521345112,54794.595880180364,22041.07785522286,-52808.5378318741,46580.8953777476,4796.30764600588,-2075.4566406721715,4796.30764600588,4796.30764600588,99839.11378926039,68706.62144347886,59297.02345578605,71838.76159555092
2021-09-15,87548.11390513857,62484.86250962806,61612.51658523199,87548.11390513857,-533711.8347249189,966.4952521345112,54794.595880180364,22041.07785522286,-52808.5378318741,46580.8953777476,5039.998619671795,-1831.765667006257,5039.998619671795,5039.998619671795,99928.51918667671,68796.02684089518,59386.42885320238,71928.16699296725
2021-09-16,87548.11390513857,62484.86250962806,61612.51658523199,87548.11390513857,-533711.8347249189,966.4952521345112,54794.595880180364,22041.07785522286,-52808.5378318741,46580.8953777476,4904.024323407793,-1967.7399632702582,4904.024323407793,4904.024323407793,99986.49395599402,68854.0016102125,59444.40362251969,71986.14176228456
2021-09-17,87548.11390513857,62484.86250962806,61612.51658523199,87548.11390513857,-533711.8347249189,966.4952521345112,54794.595880180364,22041.07785522286,-52808.5378318741,46580.8953777476,3327.9149307202315,-3543.84935595782,3327.9149307202315,3327.9149307202315,100069.28423697292,68936.79189119139,59527.193903498584,72068.93204326346
2021-09-20,87548.11390513857,62484.86250962806,61612.51658523199,87548.11390513857,-533711.8347249189,966.4952521345112,54794.595880180364,22041.07785522286,-52808.5378318741,46580.8953777476,91.35679103899747,-6780.407495639054,91.35679103899747,91.35679103899747,100111.84138823277,68979.34904245124,59569.75105475844,72111.48919452331
2021-09-21,87548.11390513857,62484.86250962806,61612.51658523199,87548.11390513857,-533711.8347249189,966.4952521345112,54794.595880180364,22041.07785522286,-52808.5378318741,46580.8953777476,335.2100140819093,-6536.554272596142,335.2100140819093,335.2100140819093,100128.67423816491,68996.18189238338,59586.583904690575,72128.32204445545
2021-09-22,87548.11390513857,62484.86250962806,61612.51658523199,87548.11390513857,-533711.8347249189,966.4952521345112,54794.595880180364,22041.07785522286,-52808.5378318741,46580.8953777476,1849.4453923568362,-5022.318894321215,1849.4453923568362,1849.4453923568362,100203.1449288961,69070.65258311457,59661.05459542177,72202.79273518664
2021-09-23,87548.11390513857,62484.86250962806,61612.51658523199,87548.11390513857,-533711.8347249189,966.4952521345112,54794.595880180364,22041.07785522286,-52808.5378318741,46580.8953777476,4474.2610110318055,-2397.503275646246,4474.2610110318055,4474.2610110318055,100161.0787722636,69028.58642648207,59618.98843878927,72160.72657855414
2021-09-24,87548.11390513857,62484.86250962806,61612.51658523199,87548.11390513857,-533711.8347249189,966.4952521345112,54794.595880180364,22041.07785522286,-52808.5378318741,46580.8953777476,5540.469799634768,-1331.2944870432839,5540.469799634768,5540.469799634768,100160.041120857,69027.54877507547,59617.950787382666,72159.68892714754
2021-09-27,87548.11390513857,62484.86250962806,61612.51658523199,87548.11390513857,-533711.8347249189,966.4952521345112,54794.595880180364,22041.07785522286,-52808.5378318741,46580.8953777476,5127.1896962847095,-1744.574590393342,5127.1896962847095,5127.1896962847095,100116.86533954297,68984.37299376144,59574.77500606864,72116.51314583351
2021-09-28,87548.11390513857,62484.86250962806,61612.51658523199,87548.11390513857,-533711.8347249189,966.4952521345112,54794.595880180364,22041.07785522286,-52808.5378318741,46580.8953777476,3026.1682139250915,-3845.59607275296,3026.1682139250915,3026.1682139250915,100058.8631413295,68926.37079554796,59516.77280785516,72058.51094762003
2021-09-29,87548.11390513857,62484.86250962806,61612.51658523199,87548.11390513857,-533711.8347249189,966.4952521345112,54794.595880180364,22041.07785522286,-52808.5378318741,46580.8953777476,3633.6753335958347,-3238.088953082217,3633.6753335958347,3633.6753335958347,100126.53758667642,68994.04524089489,59584.44725320209,72126.18539296696
2021-09-30,87548.11390513857,62484.86250962806,61612.51658523199,87548.11390513857,-533711.8347249189,966.4952521345112,54794.595880180364,22041.07785522286,-52808.5378318741,46580.8953777476,206.76729334960692,-6664.996993328445,206.76729334960692,206.76729334960692,100103.46406383207,68970.97171805054,59561.373730357736,72103.11187012261
2021-10-01,87548.11390513857,62484.86250962806,61612.51658523199,87548.11390513857,-533711.8347249189,966.4952521345112,54794.595880180364,22041.07785522286,-52808.5378318741,46580.8953777476,3562.5052506099455,-3309.259036068106,3562.5052506099455,3562.5052506099455,100229.55749042588,69097.06514464435,59687.46715695155,72229.20529671642
2021-10-04,87548.11390513857,62484.86250962806,61612.51658523199,87548.11390513857,-533711.8347249189,966.4952521345112,54794.595880180364,22041.07785522286,-52808.5378318741,46580.8953777476,2679.554940071539,-4192.209346606513,2679.554940071539,2679.554940071539,100341.20491574612,69208.71256996458,59799.11458227178,72340.85272203665
2021-10-05,87548.11390513857,62484.86250962806,61612.51658523199,87548.11390513857,-533711.8347249189,966.4952521345112,54794.595880180364,22041.07785522286,-52808.5378318741,46580.8953777476,3033.8287470084615,-3837.93553966959,3033.8287470084615,3033.8287470084615,100432.18295100192,69299.69060522038,59890.09261752758,72431.83075729245
2021-10-06,87548.11390513857,62484.86250962806,61612.51658523199,87548.11390513857,-533711.8347249189,966.4952521345112,54794.595880180364,22041.07785522286,-52808.5378318741,46580.8953777476,2640.7153157459106,-4231.048970932141,2640.7153157459106,2640.7153157459106,100417.56696091406,69285.07461513253,59875.476627439726,72417.2147672046
2021-10-07,87548.11390513857,62484.86250962806,61612.51658523199,87548.11390513857,-533711.8347249189,966.4952521345112,54794.595880180364,22041.07785522286,-52808.5378318741,46580.8953777476,2679.6513111084932,-4192.112975569558,2679.6513111084932,2679.6513111084932,100471.34307057504,69338.8507247935,59929.2527371007,72470.99087686557
2021-10-08,87548.11390513857,62484.86250962806,61612.51658523199,87548.11390513857,-533711.8347249189,966.4952521345112,54794.595880180364,22041.07785522286,-52808.5378318741,46580.8953777476,2667.1963845954742,-4204.567902082577,2667.1963845954742,2667.1963845954742,100507.55554906325,69375.06320328172,59965.46521558892,72507.20335535379
2021-10-11,87548.11390513857,62484.86250962806,61612.51658523199,87548.11390513857,-533711.8347249189,966.4952521345112,54794.595880180364,22041.07785522286,-52808.5378318741,46580.8953777476,1617.1026123270858,-5254.661674350966,1617.1026123270858,1617.1026123270858,100600.19229688519,69467.69995110366,60058.10196341085,72599.84010317572
2021-10-12,87548.11390513857,62484.86250962806,61612.51658523199,87548.11390513857,-533711.8347249189,966.4952521345112,54794.595880180364,22041.07785522286,-52808.5378318741,46580.8953777476,2034.7645694380626,-4836.999717239989,2034.7645694380626,2034.7645694380626,100494.13822861388,69361.64588283235,59952.04789513955,72493.78603490442
2021-10-13,87548.11390513857,62484.86250962806,61612.51658523199,87548.11390513857,-533711.8347249189,966.4952521345112,54794.595880180364,22041.07785522286,-52808.5378318741,46580.8953777476,2947.536462035845,-3924.2278246422065,2947.536462035845,2947.536462035845,100684.0625818253,69551.57023604377,60141.97224835097,72683.71038811584
2021-10-14,87548.11390513857,62484.86250962806,61612.51658523199,87548.11390513857,-533711.8347249189,966.4952521345112,54794.595880180364,22041.07785522286,-52808.5378318741,46580.8953777476,3671.274454499362,-3200.4898321786895,3671.274454499362,3671.274454499362,100754.79448837508,69622.30214259354,60212.70415490074,72754.44229466561
2021-10-15,87548.11390513857,62484.86250962806,61612.51658523199,87548.11390513857,-533711.8347249189,966.4952521345112,54794.595880180364,22041.07785522286,-52808.5378318741,46580.8953777476,2561.6209548511542,-4310.143331826897,2561.6209548511542,2561.6209548511542,100915.0791776618,69782.58683188027,60372.988844187465,72914.72698395234
2021-10-18,87548.11390513857,62484.86250962806,61612.51658523199,87548.11390513857,-533711.8347249189,966.4952521345112,54794.595880180364,22041.07785522286,-52808.5378318741,46580.8953777476,1980.4230330032296,-4891.341253674822,1980.4230330032296,1980.4230330032296,101067.62822107296,69935.13587529142,60525.53788759862,73067.27602736349
2021-10-19,87548.11390513857,62484.86250962806,61612.51658523199,87548.11390513857,-533711.8347249189,966.4952521345112,54794.595880180364,22041.07785522286,-52808.5378318741,46580.8953777476,1494.0457111850847,-5377.718575492967,1494.0457111850847,1494.0457111850847,101127.00390506675,69994.51155928522,60584.91357159242,73126.65171135729
2021-10-20,87548.11390513857,62484.86250962806,61612.51658523199,87548.11390513857,-533711.8347249189,966.4952521345112,54794.595880180364,22041.07785522286,-52808.5378318741,46580.8953777476,-374.7058947419282,-7246.47018141998,-374.7058947419282,-374.7058947419282,101063.4196902106,69930.92734442907,60521.32935673627,73063.06749650114
2021-10-21,87548.11390513857,62484.86250962806,61612.51658523199,87548.11390513857,-533711.8347249189,966.4952521345112,54794.595880180364,22041.07785522286,-52808.5378318741,46580.8953777476,-71.81323471060023,-6943.577521388652,-71.81323471060023,-71.81323471060023,100650.71051797993,69518.2181721984,60108.62018450559,72650.35832427046
2021-10-22,87548.11390513857,62484.86250962806,61612.51658523199,87548.11390513857,-533711.8347249189,966.4952521345112,54794.595880180364,22041.07785522286,-52808.5378318741,46580.8953777476,-141.0237923185341,-7012.788078996586,-141.0237923185341,-141.0237923185341,100491.50606416725,69359.01371838572,59949.41573069291,72491.15387045778
2021-10-25,87548.11390513857,62484.86250962806,61612.51658523199,87548.11390513857,-533711.8347249189,966.4952521345112,54794.595880180364,22041.07785522286,-52808.5378318741,46580.8953777476,-102.85335765278433,-6974.617644330836,-102.85335765278433,-102.85335765278433,100895.62678923225,69763.13444345072,60353.536455757916,72895.27459552279
2021-10-26,87548.11390513857,62484.86250962806,61612.51658523199,87548.11390513857,-533711.8347249189,966.4952521345112,54794.595880180364,22041.07785522286,-52808.5378318741,46580.8953777476,-1230.4972545298515,-8102.261541207903,-1230.4972545298515,-1230.4972545298515,100206.29498446197,69073.80263868044,59664.20465098764,72205.94279075251
2021-10-27,87548.11390513857,62484.86250962806,61612.51658523199,87548.11390513857,-533711.8347249189,966.4952521345112,54794.595880180364,22041.07785522286,-52808.5378318741,46580.8953777476,248.22547979850788,-6623.538806879544,248.22547979850788,248.22547979850788,100543.03234746377,69410.54000168224,60000.942013989436,72542.6801537543
2021-10-28,87548.11390513857,62484.86250962806,61612.51658523199,87548.11390513857,-533711.8347249189,966.4952521345112,54794.595880180364,22041.07785522286,-52808.5378318741,46580.8953777476,-147.02485962735955,-7018.789146305411,-147.02485962735955,-147.02485962735955,100721.20845262008,69588.71610683855,60179.11811914574,72720.85625891061
2021-10-29,87548.11390513857,62484.86250962806,61612.51658523199,87548.11390513857,-533711.8347249189,966.4952521345112,54794.595880180364,22041.07785522286,-52808.5378318741,46580.8953777476,96.78806554095354,-6774.976221137098,96.78806554095354,96.78806554095354,100637.19342458434,69504.70107880281,60095.10309111001,72636.84123087488
2021-11-01,87548.11390513857,62484.86250962806,61612.51658523199,87548.11390513857,-533711.8347249189,966.4952521345112,54794.595880180364,22041.07785522286,-52808.5378318741,46580.8953777476,-33.5179072918836,-6905.282193969935,-33.5179072918836,-33.5179072918836,101265.97727985145,70133.48493406991,60723.88694637711,73265.62508614198
2021-11-02,87548.11390513857,62484.86250962806,61612.51658523199,87548.11390513857,-533711.8347249189,966.4952521345112,54794.595880180364,22041.07785522286,-52808.5378318741,46580.8953777476,-220.0330094540259,-7091.7972961320775,-220.0330094540259,-220.0330094540259,101120.2784210206,69987.78607523907,60578.18808754627,73119.92622731114
2021-11-03,87548.11390513857,62484.86250962806,61612.51658523199,87548.11390513857,-533711.8347249189,966.4952521345112,54794.595880180364,22041.07785522286,-52808.5378318741,46580.8953777476,-836.4189444095828,-7708.183231087634,-836.4189444095828,-836.4189444095828,100871.34564136574,69738.85329558421,60329.255307891406,72870.99344765628
2021-11-04,87548.11390513857,62484.86250962806,61612.51658523199,87548.11390513857,-533711.8347249189,966.4952521345112,54794.595880180364,22041.07785522286,-52808.5378318741,46580.8953777476,2897.1036243680865,-3974.660662309965,2897.1036243680865,2897.1036243680865,101385.4711711912,70252.97882540966,60843.38083771686,73385.11897748173
2021-11-05,87548.11390513857,62484.86250962806,61612.51658523199,87548.11390513857,-533711.8347249189,966.4952521345112,54794.595880180364,22041.07785522286,-52808.5378318741,46580.8953777476,5113.253014677437,-1758.5112720006146,5113.253014677437,5113.253014677437,100707.8143966822,69575.32205090066,60165.72406320786,72707.46220297273
2021-11-08,87548.11390513857,62484.86250962806,61612.51658523199,87548.11390513857,-533711.8347249189,966.4952521345112,54794.595880180364,22041.07785522286,-52808.5378318741,46580.8953777476,4867.559946926776,-2004.2043397512753,4867.559946926776,4867.559946926776,101411.7025729029,70279.21022712137,60869.61223942856,73411.35037919343
2021-11-09,87548.11390513857,62484.86250962806,61612.51658523199,87548.11390513857,-533711.8347249189,966.4952521345112,54794.595880180364,22041.07785522286,-52808.5378318741,46580.8953777476,4684.171221091296,-2187.593065586756,4684.171221091296,4684.171221091296,101394.67058562394,70262.17823984241,60852.58025214961,73394.31839191448
2021-11-10,87548.11390513857,62484.86250962806,61612.51658523199,87548.11390513857,-533711.8347249189,966.4952521345112,54794.595880180364,22041.07785522286,-52808.5378318741,46580.8953777476,4087.259399352479,-2784.504887325573,4087.259399352479,4087.259399352479,100901.46893872856,69768.97659294703,60359.37860525423,72901.1167450191
2021-11-11,87548.11390513857,62484.86250962806,61612.51658523199,87548.11390513857,-533711.8347249189,966.4952521345112,54794.595880180364,22041.07785522286,-52808.5378318741,46580.8953777476,4977.016439458821,-1894.7478472192306,4977.016439458821,4977.016439458821,100870.62175515061,69738.12940936908,60328.53142167628,72870.26956144115
2021-11-12,87548.11390513857,62484.86250962806,61612.51658523199,87548.11390513857,-533711.8347249189,966.4952521345112,54794.595880180364,22041.07785522286,-52808.5378318741,46580.8953777476,4876.525897798827,-1995.2383888792247,4876.525897798827,4876.525897798827,101278.79065596592,70146.29831018439,60736.70032249158,73278.43846225645
2021-11-15,87548.11390513857,62484.86250962806,61612.51658523199,87548.11390513857,-533711.8347249189,966.4952521345112,54794.595880180364,22041.07785522286,-52808.5378318741,46580.8953777476,5010.488707267097,-1861.2755794109544,5010.488707267097,5010.488707267097,101857.28639442823,70724.7940486467,61315.196060953895,73856.93420071877
2021-11-16,87548.11390513857,62484.86250962806,61612.51658523199,87548.11390513857,-533711.8347249189,966.4952521345112,54794.595880180364,22041.07785522286,-52808.5378318741,46580.8953777476,5119.403289454291,-1752.360997223761,5119.403289454291,5119.403289454291,101929.4569221444,70796.96457636287,61387.36658867006,73929.10472843493
2021-11-17,87548.11390513857,62484.86250962806,61612.51658523199,87548.11390513857,-533711.8347249189,966.4952521345112,54794.595880180364,22041.07785522286,-52808.5378318741,46580.8953777476,4849.101763400598,-2022.6625232774531,4849.101763400598,4849.101763400598,101827.71375261992,70695.22140683839,61285.62341914559,73827.36155891046
2021-11-18,87548.11390513857,62484.86250962806,61612.51658523199,87548.11390513857,-533711.8347249189,966.4952521345112,54794.595880180364,22041.07785522286,-52808.5378318741,46580.8953777476,5745.308265691157,-1126.4560209868941,5745.308265691157,5745.308265691157,101348.50105026481,70216.00870448328,60806.41071679047,73348.14885655534
2021-11-19,87548.11390513857,62484.86250962806,61612.51658523199,87548.11390513857,-533711.8347249189,966.4952521345112,54794.595880180364,22041.07785522286,-52808.5378318741,46580.8953777476,4944.993832037668,-1926.7704546403838,4944.993832037668,4944.993832037668,102091.57871451182,70959.08636873029,61549.48838103749,74091.22652080236
2021-11-22,87548.11390513857,62484.86250962806,61612.51658523199,87548.11390513857,-533711.8347249189,966.4952521345112,54794.595880180364,22041.07785522286,-52808.5378318741,46580.8953777476,3737.491212077439,-3134.2730746006127,3737.491212077439,3737.491212077439,102163.25311459857,71030.76076881704,61621.162781124236,74162.90092088911
2021-11-23,87548.11390513857,62484.86250962806,61612.51658523199,87548.11390513857,-533711.8347249189,966.4952521345112,54794.595880180364,22041.07785522286,-52808.5378318741,46580.8953777476,4524.816169408266,-2346.948117269785,4524.816169408266,4524.816169408266,102108.23395387898,70975.74160809745,61566.14362040465,74107.88176016952
2021-11-24,87548.11390513857,62484.86250962806,61612.51658523199,87548.11390513857,-533711.8347249189,966.4952521345112,54794.595880180364,22041.07785522286,-52808.5378318741,46580.8953777476,4900.124843912781,-1971.6394427652704,4900.124843912781,4900.124843912781,102172.67411006335,71040.18176428182,61630.58377658902,74172.32191635389
2021-11-26,87548.11390513857,62484.86250962806,61612.51658523199,87548.11390513857,-533711.8347249189,966.4952521345112,54794.595880180364,22041.07785522286,-52808.5378318741,46580.8953777476,5310.339975244249,-1561.4243114338024,5310.339975244249,5310.339975244249,102101.10254776059,70968.61020197906,61559.01221428625,74100.75035405112
2021-11-29,87548.11390513857,62484.86250962806,61612.51658523199,87548.11390513857,-533711.8347249189,966.4952521345112,54794.595880180364,22041.07785522286,-52808.5378318741,46580.8953777476,9887.250949710025,3015.486663031974,9887.250949710025,9887.250949710025,102088.9206753415,70956.42832955997,61546.83034186717,74088.56848163204
2021-11-30,87548.11390513857,62484.86250962806,61612.51658523199,87548.11390513857,-533711.8347249189,966.4952521345112,54794.595880180364,22041.07785522286,-52808.5378318741,46580.8953777476,9339.724005287979,2467.959718609927,9339.724005287979,9339.724005287979,102021.18834875594,70888.69600297441,61479.098015281605,74020.83615504648
2021-12-01,87548.11390513857,62484.86250962806,61612.51658523199,87548.11390513857,-533711.8347249189,966.4952521345112,54794.595880180364,22041.07785522286,-52808.5378318741,46580.8953777476,10069.88982133707,3198.1255346590187,10069.88982133707,10069.88982133707,101185.00191667792,70052.50957089639,60642.91158320359,73184.64972296846
2021-12-02,87548.11390513857,62484.86250962806,61612.51658523199,87548.11390513857,-533711.8347249189,966.4952521345112,54794.595880180364,22041.07785522286,-52808.5378318741,46580.8953777476,10234.968258139561,3363.2039714615094,10234.968258139561,10234.968258139561,101369.3316749502,70236.83932916867,60827.24134147586,73368.97948124073
2021-12-03,87548.11390513857,62484.86250962806,61612.51658523199,87548.11390513857,-533711.8347249189,966.4952521345112,54794.595880180364,22041.07785522286,-52808.5378318741,46580.8953777476,11127.67297908815,4255.908692410099,11127.67297908815,11127.67297908815,101243.27520016534,70110.78285438381,60701.18486669101,73242.92300645588
2021-12-06,87548.11390513857,62484.86250962806,61612.51658523199,87548.11390513857,-533711.8347249189,966.4952521345112,54794.595880180364,22041.07785522286,-52808.5378318741,46580.8953777476,14152.848421997041,7281.08413531899,14152.848421997041,14152.848421997041,101424.2370826914,70291.74473690987,60882.14674921706,73423.88488898193
2021-12-07,87548.11390513857,62484.86250962806,61612.51658523199,87548.11390513857,-533711.8347249189,966.4952521345112,54794.595880180364,22041.07785522286,-52808.5378318741,46580.8953777476,14262.293721999507,7390.529435321456,14262.293721999507,14262.293721999507,101172.5252731333,70040.03292735177,60630.43493965897,73172.17307942384
2021-12-08,87548.11390513857,62484.86250962806,61612.51658523199,87548.11390513857,-533711.8347249189,966.4952521345112,54794.595880180364,22041.07785522286,-52808.5378318741,46580.8953777476,14412.211758055608,7540.447471377556,14412.211758055608,14412.211758055608,101145.24506488908,70012.75271910755,60603.15473141475,73144.89287117962
2021-12-09,87548.11390513857,62484.86250962806,61612.51658523199,87548.11390513857,-533711.8347249189,966.4952521345112,54794.595880180364,22041.07785522286,-52808.5378318741,46580.8953777476,14408.959960065898,7537.195673387847,14408.959960065898,14408.959960065898,101270.26130009047,70137.76895430894,60728.17096661613,73269.909106381
2021-12-10,87548.11390513857,62484.86250962806,61612.51658523199,87548.11390513857,-533711.8347249189,966.4952521345112,54794.595880180364,22041.07785522286,-52808.5378318741,46580.8953777476,15214.553242502152,8342.7889558241,15214.553242502152,15214.553242502152,100719.13125437289,69586.63890859135,60177.04092089855,72718.77906066342
2021-12-13,87548.11390513857,62484.86250962806,61612.51658523199,87548.11390513857,-533711.8347249189,966.4952521345112,54794.595880180364,22041.07785522286,-52808.5378318741,46580.8953777476,14963.71480538405,8091.950518705999,14963.71480538405,14963.71480538405,101283.90929125715,70151.41694547562,60741.818957782816,73283.55709754769
2021-12-14,87548.11390513857,62484.86250962806,61612.51658523199,87548.11390513857,-533711.8347249189,966.4952521345112,54794.595880180364,22041.07785522286,-52808.5378318741,46580.8953777476,14790.052189742797,7918.2879030647455,14790.052189742797,14790.052189742797,101213.69742191932,70081.20507613779,60671.60708844499,73213.34522820986
2021-12-15,87548.11390513857,62484.86250962806,61612.51658523199,87548.11390513857,-533711.8347249189,966.4952521345112,54794.595880180364,22041.07785522286,-52808.5378318741,46580.8953777476,15078.471217925078,8206.706931247027,15078.471217925078,15078.471217925078,100449.58323827735,69317.09089249582,59907.49290480302,72449.23104456789
2021-12-16,87548.11390513857,62484.86250962806,61612.51658523199,87548.11390513857,-533711.8347249189,966.4952521345112,54794.595880180364,22041.07785522286,-52808.5378318741,46580.8953777476,15371.751203073305,8499.986916395254,15371.751203073305,15371.751203073305,100263.3395668664,69130.84722108487,59721.24923339207,72262.98737315694
2021-12-17,87548.11390513857,62484.86250962806,61612.51658523199,87548.11390513857,-533711.8347249189,966.4952521345112,54794.595880180364,22041.07785522286,-52808.5378318741,46580.8953777476,15516.274103079806,8644.509816401755,15516.274103079806,15516.274103079806,100885.82609566627,69753.33374988474,60343.73576219194,72885.47390195681
2021-12-20,87548.11390513857,62484.86250962806,61612.51658523199,87548.11390513857,-533711.8347249189,966.4952521345112,54794.595880180364,22041.07785522286,-52808.5378318741,46580.8953777476,15516.274103079806,8644.509816401755,15516.274103079806,15516.274103079806,100886.8278992218,69754.33555344027,60344.73756574746,72886.47570551233
2021-12-21,87548.11390513857,62484.86250962806,61612.51658523199,87548.11390513857,-533711.8347249189,966.4952521345112,54794.595880180364,22041.07785522286,-52808.5378318741,46580.8953777476,15516.274103079806,8644.509816401755,15516.274103079806,15516.274103079806,100850.2170951846,69717.72474940307,60308.12676171027,72849.86490147514
2021-12-22,87548.11390513857,62484.86250962806,61612.51658523199,87548.11390513857,-533711.8347249189,966.4952521345112,54794.595880180364,22041.07785522286,-52808.5378318741,46580.8953777476,15516.274103079806,8644.509816401755,15516.274103079806,15516.274103079806,100849.18090838217,69716.68856260064,60307.09057490784,72848.82871467271
2021-12-23,87548.11390513857,62484.86250962806,61612.51658523199,87548.11390513857,-533711.8347249189,966.4952521345112,54794.595880180364,22041.07785522286,-52808.5378318741,46580.8953777476,15516.274103079806,8644.509816401755,15516.274103079806,15516.274103079806,100854.31176906102,69721.81942327949,60312.22143558669,72853.95957535156
2021-12-27,87548.11390513857,62484.86250962806,61612.51658523199,87548.11390513857,-533711.8347249189,966.4952521345112,54794.595880180364,22041.07785522286,-52808.5378318741,46580.8953777476,15516.274103079806,8644.509816401755,15516.274103079806,15516.274103079806,100927.81431641593,69795.3219706344,60385.72398294159,72927.46212270646
2021-12-28,87548.11390513857,62484.86250962806,61612.51658523199,87548.11390513857,-533711.8347249189,966.4952521345112,54794.595880180364,22041.07785522286,-52808.5378318741,46580.8953777476,15516.274103079806,8644.509816401755,15516.274103079806,15516.274103079806,100958.85471241944,69826.36236663791,60416.76437894511,72958.50251870998
2021-12-29,87548.11390513857,62484.86250962806,61612.51658523199,87548.11390513857,-533711.8347249189,966.4952521345112,54794.595880180364,22041.07785522286,-52808.5378318741,46580.8953777476,15516.274103079806,8644.509816401755,15516.274103079806,15516.274103079806,100975.38711492601,69842.89476914448,60433.296781451674,72975.03492121655
2021-12-30,87548.11390513857,62484.86250962806,61612.51658523199,87548.11390513857,-533711.8347249189,966.4952521345112,54794.595880180364,22041.07785522286,-52808.5378318741,46580.8953777476,15516.274103079806,8644.509816401755,15516.274103079806,15516.274103079806,100984.12438652804,69851.63204074651,60442.03405305371,72983.77219281858
2021-12-31,87548.11390513857,62484.86250962806,61612.51658523199,87548.11390513857,-533711.8347249189,966.4952521345112,54794.595880180364,22041.07785522286,-52808.5378318741,46580.8953777476,15516.274103079806,8644.509816401755,15516.274103079806,15516.274103079806,101035.30147912586,69902.80913334433,60493.21114565153,73034.9492854164
2022-01-03,87548.11390513857,62484.86250962806,61612.51658523199,87548.11390513857,-533711.8347249189,966.4952521345112,54794.595880180364,22041.07785522286,-52808.5378318741,46580.8953777476,15516.274103079806,8644.509816401755,15516.274103079806,15516.274103079806,101006.13042853307,69873.63808275154,60464.040095058735,73005.7782348236
2022-01-04,87548.11390513857,62484.86250962806,61612.51658523199,87548.11390513857,-533711.8347249189,966.4952521345112,54794.595880180364,22041.07785522286,-52808.5378318741,46580.8953777476,15516.274103079806,8644.509816401755,15516.274103079806,15516.274103079806,100941.52901811665,69809.03667233512,60399.438684642315,72941.17682440719
2022-01-05,87548.11390513857,62484.86250962806,61612.51658523199,87548.11390513857,-533711.8347249189,966.4952521345112,54794.595880180364,22041.07785522286,-52808.5378318741,46580.8953777476,15516.274103079806,8644.509816401755,15516.274103079806,15516.274103079806,100664.50683349255,69532.01448771101,60122.41650001821,72664.15463978308
2022-01-06,87548.11390513857,62484.86250962806,61612.51658523199,87548.11390513857,-533711.8347249189,966.4952521345112,54794.595880180364,22041.07785522286,-52808.5378318741,46580.8953777476,15516.274103079806,8644.509816401755,15516.274103079806,15516.274103079806,100714.34502524161,69581.85267946008,60172.25469176727,72713.99283153214
2022-01-07,87548.11390513857,62484.86250962806,61612.51658523199,87548.11390513857,-533711.8347249189,966.4952521345112,54794.595880180364,22041.07785522286,-52808.5378318741,46580.8953777476,15516.274103079806,8644.509816401755,15516.274103079806,15516.274103079806,100358.66400326509,69226.17165748356,59816.573669790756,72358.31180955563
2022-01-10,87548.11390513857,62484.86250962806,61612.51658523199,87548.11390513857,-533711.8347249189,966.4952521345112,54794.595880180364,22041.07785522286,-52808.5378318741,46580.8953777476,15516.274103079806,8644.509816401755,15516.274103079806,15516.274103079806,100151.45519204647,69018.96284626494,59609.36485857214,72151.10299833701
2022-01-11,87548.11390513857,62484.86250962806,61612.51658523199,87548.11390513857,-533711.8347249189,966.4952521345112,54794.595880180364,22041.07785522286,-52808.5378318741,46580.8953777476,15516.274103079806,8644.509816401755,15516.274103079806,15516.274103079806,100242.0174333083,69109.52508752677,59699.92709983396,72241.66523959883
2022-01-12,87548.11390513857,62484.86250962806,61612.51658523199,87548.11390513857,-533711.8347249189,966.4952521345112,54794.595880180364,22041.07785522286,-52808.5378318741,46580.8953777476,15516.274103079806,8644.509816401755,15516.274103079806,15516.274103079806,100296.3610440353,69163.86869825376,59754.27071056096,72296.00885032583
2022-01-13,87548.11390513857,62484.86250962806,61612.51658523199,87548.11390513857,-533711.8347249189,966.4952521345112,54794.595880180364,22041.07785522286,-52808.5378318741,46580.8953777476,15516.274103079806,8644.509816401755,15516.274103079806,15516.274103079806,100003.5630876543,68871.07074187277,59461.472754179966,72003.21089394484
2022-01-14,87548.11390513857,62484.86250962806,61612.51658523199,87548.11390513857,-533711.8347249189,966.4952521345112,54794.595880180364,22041.07785522286,-52808.5378318741,46580.8953777476,15516.274103079806,8644.509816401755,15516.274103079806,15516.274103079806,99797.66675222828,68665.17440644675,59255.576418753946,71797.31455851882
2022-01-18,87548.11390513857,62484.86250962806,61612.51658523199,87548.11390513857,-533711.8347249189,966.4952521345112,54794.595880180364,22041.07785522286,-52808.5378318741,46580.8953777476,15516.274103079806,8644.509816401755,15516.274103079806,15516.274103079806,99613.22606894746,68480.73372316593,59071.13573547313,71612.873875238
2022-01-19,87548.11390513857,62484.86250962806,61612.51658523199,87548.11390513857,-533711.8347249189,966.4952521345112,54794.595880180364,22041.07785522286,-52808.5378318741,46580.8953777476,15516.274103079806,8644.509816401755,15516.274103079806,15516.274103079806,99495.0417096687,68362.54936388717,58952.95137619437,71494.68951595924
2022-01-20,87548.11390513857,62484.86250962806,61612.51658523199,87548.11390513857,-533711.8347249189,966.4952521345112,54794.595880180364,22041.07785522286,-52808.5378318741,46580.8953777476,15516.274103079806,8644.509816401755,15516.274103079806,15516.274103079806,99434.0960748645,68301.60372908297,58892.00574139017,71433.74388115504
2022-01-21,87548.11390513857,62484.86250962806,61612.51658523199,87548.11390513857,-533711.8347249189,966.4952521345112,54794.595880180364,22041.07785522286,-52808.5378318741,46580.8953777476,15516.274103079806,8644.509816401755,15516.274103079806,15516.274103079806,99556.06606602622,68423.57372024469,59013.97573255189,71555.71387231676
2022-01-24,87548.11390513857,62484.86250962806,61612.51658523199,87548.11390513857,-533711.8347249189,966.4952521345112,54794.595880180364,22041.07785522286,-52808.5378318741,46580.8953777476,15516.274103079806,8644.509816401755,15516.274103079806,15516.274103079806,100341.41224734369,69208.91990156216,59799.32191386935,72341.06005363422
2022-01-25,87548.11390513857,62484.86250962806,61612.51658523199,87548.11390513857,-533711.8347249189,966.4952521345112,54794.595880180364,22041.07785522286,-52808.5378318741,46580.8953777476,15516.274103079806,8644.509816401755,15516.274103079806,15516.274103079806,100393.62776885414,69261.13542307261,59851.53743537981,72393.27557514468
2022-01-26,87548.11390513857,62484.86250962806,61612.51658523199,87548.11390513857,-533711.8347249189,966.4952521345112,54794.595880180364,22041.07785522286,-52808.5378318741,46580.8953777476,15516.274103079806,8644.509816401755,15516.274103079806,15516.274103079806,100693.09124105657,69560.59889527503,60151.00090758223,72692.7390473471
2022-01-27,87548.11390513857,62484.86250962806,61612.51658523199,87548.11390513857,-533711.8347249189,966.4952521345112,54794.595880180364,22041.07785522286,-52808.5378318741,46580.8953777476,15516.274103079806,8644.509816401755,15516.274103079806,15516.274103079806,100222.64144627308,69090.14910049154,59680.55111279874,72222.28925256361
2022-01-28,87548.11390513857,62484.86250962806,61612.51658523199,87548.11390513857,-533711.8347249189,966.4952521345112,54794.595880180364,22041.07785522286,-52808.5378318741,46580.8953777476,15516.274103079806,8644.509816401755,15516.274103079806,15516.274103079806,100080.61990328995,68948.12755750841,59538.52956981561,72080.26770958048
2022-01-31,87548.11390513857,62484.86250962806,61612.51658523199,87548.11390513857,-533711.8347249189,966.4952521345112,54794.595880180364,22041.07785522286,-52808.5378318741,46580.8953777476,15516.274103079806,8644.509816401755,15516.274103079806,15516.274103079806,102615.7282014729,71483.23585569137,62073.637867998565,74615.37600776344
2022-02-01,87548.11390513857,62484.86250962806,61612.51658523199,87548.11390513857,-533711.8347249189,966.4952521345112,54794.595880180364,22041.07785522286,-52808.5378318741,46580.8953777476,15516.274103079806,8644.509816401755,15516.274103079806,15516.274103079806,101505.0137020913,70372.52135630976,60962.92336861696,73504.66150838183
2022-02-02,87548.11390513857,62484.86250962806,61612.51658523199,87548.11390513857,-533711.8347249189,966.4952521345112,54794.595880180364,22041.07785522286,-52808.5378318741,46580.8953777476,15516.274103079806,8644.509816401755,15516.274103079806,15516.274103079806,99314.0634148866,68181.57106910506,58771.97308141226,71313.71122117713
2022-02-03,87548.11390513857,62484.86250962806,61612.51658523199,87548.11390513857,-533711.8347249189,966.4952521345112,54794.595880180364,22041.07785522286,-52808.5378318741,46580.8953777476,15516.274103079806,8644.509816401755,15516.274103079806,15516.274103079806,100437.18695794907,69304.69461216754,59895.09662447474,72436.83476423961
2022-02-04,87548.11390513857,62484.86250962806,61612.51658523199,87548.11390513857,-533711.8347249189,966.4952521345112,54794.595880180364,22041.07785522286,-52808.5378318741,46580.8953777476,15516.274103079806,8644.509816401755,15516.274103079806,15516.274103079806,100466.70036758855,69334.20802180702,59924.610034114216,72466.34817387909
2022-02-07,87548.11390513857,62484.86250962806,61612.51658523199,87548.11390513857,-533711.8347249189,966.4952521345112,54794.595880180364,22041.07785522286,-52808.5378318741,46580.8953777476,15516.274103079806,8644.509816401755,15516.274103079806,15516.274103079806,101547.38956527784,70414.89721949631,61005.29923180351,73547.03737156838
2022-02-08,87548.11390513857,62484.86250962806,61612.51658523199,87548.11390513857,-533711.8347249189,966.4952521345112,54794.595880180364,22041.07785522286,-52808.5378318741,46580.8953777476,15516.274103079806,8644.509816401755,15516.274103079806,15516.274103079806,101988.82973096916,70856.33738518762,61446.73939749482,73988.47753725969
2022-02-09,87548.11390513857,62484.86250962806,61612.51658523199,87548.11390513857,-533711.8347249189,966.4952521345112,54794.595880180364,22041.07785522286,-52808.5378318741,46580.8953777476,15516.274103079806,8644.509816401755,15516.274103079806,15516.274103079806,103038.14403097285,71905.65168519132,62496.053697498515,75037.79183726339
2022-02-10,87548.11390513857,62484.86250962806,61612.51658523199,87548.11390513857,-533711.8347249189,966.4952521345112,54794.595880180364,22041.07785522286,-52808.5378318741,46580.8953777476,15516.274103079806,8644.509816401755,15516.274103079806,15516.274103079806,103816.67908893595,72684.18674315442,63274.58875546162,75816.32689522649
2022-02-11,87548.11390513857,62484.86250962806,61612.51658523199,87548.11390513857,-533711.8347249189,966.4952521345112,54794.595880180364,22041.07785522286,-52808.5378318741,46580.8953777476,15516.274103079806,8644.509816401755,15516.274103079806,15516.274103079806,102405.86058891099,71273.36824312946,61863.770255436655,74405.50839520153
2022-02-14,87548.11390513857,62484.86250962806,61612.51658523199,87548.11390513857,-533711.8347249189,966.4952521345112,54794.595880180364,22041.07785522286,-52808.5378318741,46580.8953777476,15516.274103079806,8644.509816401755,15516.274103079806,15516.274103079806,104126.30269027175,72993.81034449022,63584.21235679742,76125.95049656229
2022-02-15,87548.11390513857,62484.86250962806,61612.51658523199,87548.11390513857,-533711.8347249189,966.4952521345112,54794.595880180364,22041.07785522286,-52808.5378318741,46580.8953777476,15516.274103079806,8644.509816401755,15516.274103079806,15516.274103079806,105566.26689500618,74433.77454922465,65024.17656153184,77565.91470129672
2022-02-16,87548.11390513857,62484.86250962806,61612.51658523199,87548.11390513857,-533711.8347249189,966.4952521345112,54794.595880180364,22041.07785522286,-52808.5378318741,46580.8953777476,15516.274103079806,8644.509816401755,15516.274103079806,15516.274103079806,105499.76632326376,74367.27397748223,64957.67598978942,77499.4141295543
2022-02-17,87548.11390513857,62484.86250962806,61612.51658523199,87548.11390513857,-533711.8347249189,966.4952521345112,54794.595880180364,22041.07785522286,-52808.5378318741,46580.8953777476,15516.274103079806,8644.509816401755,15516.274103079806,15516.274103079806,105778.23399876035,74645.74165297882,65236.143665286014,77777.88180505089
2022-02-18,87548.11390513857,62484.86250962806,61612.51658523199,87548.11390513857,-533711.8347249189,966.4952521345112,54794.595880180364,22041.07785522286,-52808.5378318741,46580.8953777476,15516.274103079806,8644.509816401755,15516.274103079806,15516.274103079806,106614.48556258925,75481.99321680772,66072.39522911492,78614.13336887979
2022-02-22,87626.71094621322,62563.45955070248,61691.11362630641,87626.71094621322,-533633.2376838445,1045.0922932089306,54873.192921254784,22119.674896297278,-52788.12945977738,46612.02466420457,15516.274103079806,8644.509816401755,15516.274103079806,15516.274103079806,106654.99180271989,75522.49945693836,66112.90146924555,78654.63960901042
2022-02-23,88233.05586587172,63169.80447036121,62297.45854596514,88233.05586587172,-533116.892764186,1651.437212867546,55479.537840913516,22726.019815955893,-51367.49239090958,46135.83398484718,15516.274103079806,8644.509816401755,15516.274103079806,15516.274103079806,106389.19177650823,75256.6994307267,65847.1014430339,78388.83958279877
2022-02-24,89449.61946583446,64386.36807032372,63514.02214592765,89449.61946583446,-545444.4867088441,2868.000812830287,56696.101440876024,23942.583415918634,-51992.63825097692,47840.17794641387,15516.274103079806,8644.509816401755,15516.274103079806,15516.274103079806,106736.1296286562,75603.63728287467,66194.03929518186,78735.77743494674
2022-02-25,88130.83650324005,63067.58510772954,62195.23918333347,88130.83650324005,-567013.1246641981,1549.217850235873,55377.31847828184,22623.80045332422,-54245.64029940043,48056.443610603455,15516.274103079806,8644.509816401755,15516.274103079806,15516.274103079806,106927.97287526168,75795.48052948015,66385.88254178734,78927.62068155222
2022-02-28,87209.47916703601,62146.22777152457,61273.881847128505,87209.47916703601,-567934.4820004025,627.8605140311411,54453.410521761514,21697.34187648853,-55414.6832959553,46749.09877872444,15516.274103079806,8644.509816401755,15516.274103079806,15516.274103079806,107375.77361472254,76243.281268941,66833.6832812482,79375.42142101307
2022-03-01,85017.39939768054,59954.148002169095,59081.80207777303,85017.39939768054,-570126.5617697581,-1564.2192553245695,52649.797236331506,20282.195074984105,-56849.05660488142,44541.763298405334,15516.274103079806,8644.509816401755,15516.274103079806,15516.274103079806,107348.78025043034,76216.28790464881,66806.689916956,79348.42805672088
2022-03-02,87717.15261274902,62653.90121723758,61781.55529284151,87717.15261274902,-567426.8085546894,1135.5339597440325,54887.48189086467,22057.81116898195,-55877.82374416618,47173.07018955785,15516.274103079806,8644.509816401755,15516.274103079806,15516.274103079806,107265.86659656744,76133.37425078591,66723.77626309311,79265.51440285798
2022-03-03,88580.480852823,63517.22945731133,62644.883532915264,88580.480852823,-566563.4803146154,1998.8621998177841,55878.15268277703,23175.82451273303,-55364.79443594755,47503.07477734552,15516.274103079806,8644.509816401755,15516.274103079806,15516.274103079806,107409.0021709986,76276.50982521707,66866.91183752427,79408.64997728914
2022-03-04,91832.32539181458,66769.07399630197,65896.7280719059,91832.32539181458,-563311.6357756244,5250.706738808425,59336.7899778483,26841.254563885042,-54165.15757550311,48331.78561367933,15516.274103079806,8644.509816401755,15516.274103079806,15516.274103079806,107519.55640179827,76387.06405601674,66977.46606832393,79519.2042080888
2022-03-07,96354.69247301156,71291.44107749895,70419.09515310288,96354.69247301156,-558879.2686944276,9773.073820005404,64597.5562553904,32840.42003777216,-53466.94336231297,47107.081653447705,15516.274103079806,8644.509816401755,15516.274103079806,15516.274103079806,107924.09585450031,76791.60350871878,67382.00552102597,79923.74366079085
2022-03-08,97331.54393715272,72268.29254164035,71395.94661724428,97331.54393715272,-551078.872241504,10704.92528414668,66201.51040521753,35071.476873284904,-51249.23903752724,48073.76421093836,15516.274103079806,8644.509816401755,15516.274103079806,15516.274103079806,108319.64654953382,77187.15420375229,67777.55621605949,80319.29435582436
2022-03-09,99208.80465267762,74145.55325716501,73273.20733276894,99208.80465267762,-573148.3104369511,517.3644859853666,65878.00315847853,32547.201664282242,-56290.96884615417,48298.74850599817,15516.274103079806,8644.509816401755,15516.274103079806,15516.274103079806,108444.38812231948,77311.89577653795,67902.29778884514,80444.03592861001
2022-03-10,100788.03137126984,75724.77997575817,74852.4340513621,100788.03137126984,-567427.7096604139,4183.097533332417,67837.8336246009,34887.63587793417,-53694.16136112204,50513.38220114121,15516.274103079806,8644.509816401755,15516.274103079806,15516.274103079806,108651.43157753721,77518.93923175568,68109.34124406287,80651.07938382775
2022-03-11,102293.95084678428,77230.69945127191,76358.35352687584,102293.95084678428,-554313.1891849968,11537.660264775739,70410.61568782548,38527.28052886948,-51723.52108741109,51232.61489160196,15516.274103079806,8644.509816401755,15516.274103079806,15516.274103079806,109040.74989634403,77908.2575505625,68498.6595628697,81040.39770263457
2022-03-14,102478.84898136673,77415.59758585412,76543.25166145805,102478.84898136673,-547540.8418484897,15041.44586468977,71200.08676274377,39921.32454412384,-50636.66689621005,51211.79960879148,15516.274103079806,8644.509816401755,15516.274103079806,15516.274103079806,109812.05932724732,78679.56698146579,69269.96899377299,81811.70713353786
2022-03-15,102641.98466720921,77578.73327169684,76706.38734730077,102641.98466720921,-567054.3783469494,5291.084129885887,69371.94637271739,36101.908078228356,-54505.6501670999,51338.76910711266,15516.274103079806,8644.509816401755,15516.274103079806,15516.274103079806,109345.88102638838,78213.38868060685,68803.79069291404,81345.52883267892
2022-03-16,101601.22150343959,76537.97010792769,75665.62418353162,101601.22150343959,-588466.2017045243,-6013.022895872593,66279.09473137045,30956.96795930341,-54218.87723089056,52763.9564158977,15516.274103079806,8644.509816401755,15516.274103079806,15516.274103079806,109241.92910475913,78109.4367589776,68699.83877128479,81241.57691104966
2022-03-17,96610.96423033113,71547.71283481922,70675.36691042315,96610.96423033113,-593456.4589776322,-11003.280168980127,60105.36443497427,23599.764639618923,-56206.98711399513,50712.4441694275,15516.274103079806,8644.509816401755,15516.274103079806,15516.274103079806,108557.60378943733,77425.1114436558,68015.513455963,80557.25159572787
2022-03-18,99584.2922163168,74521.04082080489,73648.69489640882,99584.2922163168,-590483.1309916467,-8029.952182994573,62029.65201447508,24475.011812635,-52972.58385027619,53811.56352825649,15516.274103079806,8644.509816401755,15516.274103079806,15516.274103079806,107793.67317007878,76661.18082429725,67251.58283660444,79793.32097636932
2022-03-21,99584.2922163168,74521.04082080489,73648.69489640882,99584.2922163168,-590483.1309916467,-8029.952182994573,62029.65201447508,24475.011812635,-52972.58385027619,53811.56352825649,15516.274103079806,8644.509816401755,15516.274103079806,15516.274103079806,108015.15784161352,76882.66549583199,67473.06750813918,80014.80564790405
2022-03-22,99584.2922163168,74521.04082080489,73648.69489640882,99584.2922163168,-590483.1309916467,-8029.952182994573,62029.65201447508,24475.011812635,-52972.58385027619,53811.56352825649,15516.274103079806,8644.509816401755,15516.274103079806,15516.274103079806,108040.81389655336,76908.32155077183,67498.72356307902,80040.4617028439
2022-03-23,99584.2922163168,74521.04082080489,73648.69489640882,99584.2922163168,-590483.1309916467,-8029.952182994573,62029.65201447508,24475.011812635,-52972.58385027619,53811.56352825649,15516.274103079806,8644.509816401755,15516.274103079806,15516.274103079806,108049.28046714445,76916.78812136292,67507.19013367011,80048.92827343498
2022-03-24,99584.2922163168,74521.04082080489,73648.69489640882,99584.2922163168,-590483.1309916467,-8029.952182994573,62029.65201447508,24475.011812635,-52972.58385027619,53811.56352825649,15516.274103079806,8644.509816401755,15516.274103079806,15516.274103079806,108276.02295584884,77143.5306100673,67733.9326223745,80275.67076213937
2022-03-25,99584.2922163168,74521.04082080489,73648.69489640882,99584.2922163168,-590483.1309916467,-8029.952182994573,62029.65201447508,24475.011812635,-52972.58385027619,53811.56352825649,15516.274103079806,8644.509816401755,15516.274103079806,15516.274103079806,108320.35690094321,77187.86455516168,67778.26656746888,80320.00470723375
2022-03-28,99584.2922163168,74521.04082080489,73648.69489640882,99584.2922163168,-590483.1309916467,-8029.952182994573,62029.65201447508,24475.011812635,-52972.58385027619,53811.56352825649,15516.274103079806,8644.509816401755,15516.274103079806,15516.274103079806,108767.4781033583,77634.98575757677,68225.38776988396,80767.12590964884
2022-03-29,99584.2922163168,74521.04082080489,73648.69489640882,99584.2922163168,-590483.1309916467,-8029.952182994573,62029.65201447508,24475.011812635,-52972.58385027619,53811.56352825649,15516.274103079806,8644.509816401755,15516.274103079806,15516.274103079806,108713.80483714584,77581.31249136431,68171.71450367151,80713.45264343638
2022-03-30,99584.2922163168,74521.04082080489,73648.69489640882,99584.2922163168,-590483.1309916467,-8029.952182994573,62029.65201447508,24475.011812635,-52972.58385027619,53811.56352825649,15516.274103079806,8644.509816401755,15516.274103079806,15516.274103079806,108919.12006947258,77786.62772369105,68377.02973599825,80918.76787576312
2022-03-31,99584.2922163168,74521.04082080489,73648.69489640882,99584.2922163168,-590483.1309916467,-8029.952182994573,62029.65201447508,24475.011812635,-52972.58385027619,53811.56352825649,15516.274103079806,8644.509816401755,15516.274103079806,15516.274103079806,109086.34633330768,77953.85398752615,68544.25599983335,81085.99413959822
2022-04-01,99584.2922163168,74521.04082080489,73648.69489640882,99584.2922163168,-590483.1309916467,-8029.952182994573,62029.65201447508,24475.011812635,-52972.58385027619,53811.56352825649,15516.274103079806,8644.509816401755,15516.274103079806,15516.274103079806,109088.96278471686,77956.47043893533,68546.87245124253,81088.6105910074
2022-04-04,99584.2922163168,74521.04082080489,73648.69489640882,99584.2922163168,-590483.1309916467,-8029.952182994573,62029.65201447508,24475.011812635,-52972.58385027619,53811.56352825649,15516.274103079806,8644.509816401755,15516.274103079806,15516.274103079806,109506.99456043658,78374.50221465505,68964.90422696224,81506.64236672712
2022-04-05,99584.2922163168,74521.04082080489,73648.69489640882,99584.2922163168,-590483.1309916467,-8029.952182994573,62029.65201447508,24475.011812635,-52972.58385027619,53811.56352825649,15516.274103079806,8644.509816401755,15516.274103079806,15516.274103079806,109688.20722491574,78555.7148791342,69146.1168914414,81687.85503120627
2022-04-06,99584.2922163168,74521.04082080489,73648.69489640882,99584.2922163168,-590483.1309916467,-8029.952182994573,62029.65201447508,24475.011812635,-52972.58385027619,53811.56352825649,15516.274103079806,8644.509816401755,15516.274103079806,15516.274103079806,109740.81883062539,78608.32648484386,69198.72849715105,81740.46663691592
2022-04-07,99584.2922163168,74521.04082080489,73648.69489640882,99584.2922163168,-590483.1309916467,-8029.952182994573,62029.65201447508,24475.011812635,-52972.58385027619,53811.56352825649,15516.274103079806,8644.509816401755,15516.274103079806,15516.274103079806,109928.75121256988,78796.25886678835,69386.66087909555,81928.39901886042
2022-04-08,99584.2922163168,74521.04082080489,73648.69489640882,99584.2922163168,-590483.1309916467,-8029.952182994573,62029.65201447508,24475.011812635,-52972.58385027619,53811.56352825649,15516.274103079806,8644.509816401755,15516.274103079806,15516.274103079806,110061.52912575845,78929.03677997692,69519.43879228411,82061.17693204898
2022-04-11,99584.2922163168,74521.04082080489,73648.69489640882,99584.2922163168,-590483.1309916467,-8029.952182994573,62029.65201447508,24475.011812635,-52972.58385027619,53811.56352825649,15516.274103079806,8644.509816401755,15516.274103079806,15516.274103079806,110178.73731102375,79046.24496524222,69636.64697754942,82178.38511731429
2022-04-12,99584.2922163168,74521.04082080489,73648.69489640882,99584.2922163168,-590483.1309916467,-8029.952182994573,62029.65201447508,24475.011812635,-52972.58385027619,53811.56352825649,15516.274103079806,8644.509816401755,15516.274103079806,15516.274103079806,110119.52396482183,78987.0316190403,69577.43363134749,82119.17177111236
2022-04-13,99584.2922163168,74521.04082080489,73648.69489640882,99584.2922163168,-590483.1309916467,-8029.952182994573,62029.65201447508,24475.011812635,-52972.58385027619,53811.56352825649,15516.274103079806,8644.509816401755,15516.274103079806,15516.274103079806,110193.58378405799,79061.09143827646,69651.49345058366,82193.23159034853
2022-04-14,99584.2922163168,74521.04082080489,73648.69489640882,99584.2922163168,-590483.1309916467,-8029.952182994573,62029.65201447508,24475.011812635,-52972.58385027619,53811.56352825649,15516.274103079806,8644.509816401755,15516.274103079806,15516.274103079806,109796.43893189728,78663.94658611575,69254.34859842295,81796.08673818782
2022-04-18,99584.2922163168,74521.04082080489,73648.69489640882,99584.2922163168,-590483.1309916467,-8029.952182994573,62029.65201447508,24475.011812635,-52972.58385027619,53811.56352825649,15516.274103079806,8644.509816401755,15516.274103079806,15516.274103079806,110205.99828212871,79073.50593634718,69663.90794865438,82205.64608841925
2022-04-19,99584.2922163168,74521.04082080489,73648.69489640882,99584.2922163168,-590483.1309916467,-8029.952182994573,62029.65201447508,24475.011812635,-52972.58385027619,53811.56352825649,15516.274103079806,8644.509816401755,15516.274103079806,15516.274103079806,110138.85334115033,79006.3609953688,69596.763007676,82138.50114744087
2022-04-20,99584.2922163168,74521.04082080489,73648.69489640882,99584.2922163168,-590483.1309916467,-8029.952182994573,62029.65201447508,24475.011812635,-52972.58385027619,53811.56352825649,15516.274103079806,8644.509816401755,15516.274103079806,15516.274103079806,109864.33561110985,78731.84326532832,69322.24527763552,81863.98341740039
2022-04-21,99584.2922163168,74521.04082080489,73648.69489640882,99584.2922163168,-590483.1309916467,-8029.952182994573,62029.65201447508,24475.011812635,-52972.58385027619,53811.56352825649,15516.274103079806,8644.509816401755,15516.274103079806,15516.274103079806,109732.74926730734,78600.25692152581,69190.65893383301,81732.39707359788
2022-04-22,99584.2922163168,74521.04082080489,73648.69489640882,99584.2922163168,-590483.1309916467,-8029.952182994573,62029.65201447508,24475.011812635,-52972.58385027619,53811.56352825649,15516.274103079806,8644.509816401755,15516.274103079806,15516.274103079806,109529.50341511588,78397.01106933434,68987.41308164154,81529.15122140641
2022-04-25,99584.2922163168,74521.04082080489,73648.69489640882,99584.2922163168,-590483.1309916467,-8029.952182994573,62029.65201447508,24475.011812635,-52972.58385027619,53811.56352825649,15516.274103079806,8644.509816401755,15516.274103079806,15516.274103079806,110045.78058252158,78913.28823674005,69503.69024904724,82045.42838881211
2022-04-26,99584.2922163168,74521.04082080489,73648.69489640882,99584.2922163168,-590483.1309916467,-8029.952182994573,62029.65201447508,24475.011812635,-52972.58385027619,53811.56352825649,15516.274103079806,8644.509816401755,15516.274103079806,15516.274103079806,110038.667040142,78906.17469436047,69496.57670666766,82038.31484643253
2022-04-27,99584.2922163168,74521.04082080489,73648.69489640882,99584.2922163168,-590483.1309916467,-8029.952182994573,62029.65201447508,24475.011812635,-52972.58385027619,53811.56352825649,15516.274103079806,8644.509816401755,15516.274103079806,15516.274103079806,110177.74941125675,79045.25706547522,69635.65907778242,82177.39721754729
2022-04-28,99584.2922163168,74521.04082080489,73648.69489640882,99584.2922163168,-590483.1309916467,-8029.952182994573,62029.65201447508,24475.011812635,-52972.58385027619,53811.56352825649,15516.274103079806,8644.509816401755,15516.274103079806,15516.274103079806,110437.25382351852,79304.76147773699,69895.16349004419,82436.90162980906
2022-04-29,99584.2922163168,74521.04082080489,73648.69489640882,99584.2922163168,-590483.1309916467,-8029.952182994573,62029.65201447508,24475.011812635,-52972.58385027619,53811.56352825649,15516.274103079806,8644.509816401755,15516.274103079806,15516.274103079806,110095.36184815178,78962.86950237025,69553.27151467744,82095.00965444231
2022-05-02,99584.2922163168,74521.04082080489,73648.69489640882,99584.2922163168,-590483.1309916467,-8029.952182994573,62029.65201447508,24475.011812635,-52972.58385027619,53811.56352825649,15516.274103079806,8644.509816401755,15516.274103079806,15516.274103079806,110894.92243229621,79762.43008651468,70352.83209882188,82894.57023858675
2022-05-03,99584.2922163168,74521.04082080489,73648.69489640882,99584.2922163168,-590483.1309916467,-8029.952182994573,62029.65201447508,24475.011812635,-52972.58385027619,53811.56352825649,15516.274103079806,8644.509816401755,15516.274103079806,15516.274103079806,110807.7351838043,79675.24283802276,70265.64485032996,82807.38299009483
2022-05-04,99584.2922163168,74521.04082080489,73648.69489640882,99584.2922163168,-590483.1309916467,-8029.952182994573,62029.65201447508,24475.011812635,-52972.58385027619,53811.56352825649,15516.274103079806,8644.509816401755,15516.274103079806,15516.274103079806,109581.46891954611,78448.97657376458,69039.37858607178,81581.11672583665
2022-05-05,99584.2922163168,74521.04082080489,73648.69489640882,99584.2922163168,-590483.1309916467,-8029.952182994573,62029.65201447508,24475.011812635,-52972.58385027619,53811.56352825649,15516.274103079806,8644.509816401755,15516.274103079806,15516.274103079806,111197.21535594063,80064.7230101591,70655.1250224663,83196.86316223117
2022-05-06,99584.2922163168,74521.04082080489,73648.69489640882,99584.2922163168,-590483.1309916467,-8029.952182994573,62029.65201447508,24475.011812635,-52972.58385027619,53811.56352825649,15516.274103079806,8644.509816401755,15516.274103079806,15516.274103079806,110988.33999477513,79855.8476489936,70446.2496613008,82987.98780106567
2022-05-09,99584.2922163168,74521.04082080489,73648.69489640882,99584.2922163168,-590483.1309916467,-8029.952182994573,62029.65201447508,24475.011812635,-52972.58385027619,53811.56352825649,15516.274103079806,8644.509816401755,15516.274103079806,15516.274103079806,111416.21655956772,80283.72421378619,70874.12622609339,83415.86436585826
2022-05-10,99584.2922163168,74521.04082080489,73648.69489640882,99584.2922163168,-590483.1309916467,-8029.952182994573,62029.65201447508,24475.011812635,-52972.58385027619,53811.56352825649,15516.274103079806,8644.509816401755,15516.274103079806,15516.274103079806,112176.90857547801,81044.41622969648,71634.81824200368,84176.55638176855
2022-05-11,99584.2922163168,74521.04082080489,73648.69489640882,99584.2922163168,-590483.1309916467,-8029.952182994573,62029.65201447508,24475.011812635,-52972.58385027619,53811.56352825649,15516.274103079806,8644.509816401755,15516.274103079806,15516.274103079806,111736.00652376143,80603.5141779799,71193.9161902871,83735.65433005197
2022-05-12,99584.2922163168,74521.04082080489,73648.69489640882,99584.2922163168,-590483.1309916467,-8029.952182994573,62029.65201447508,24475.011812635,-52972.58385027619,53811.56352825649,15516.274103079806,8644.509816401755,15516.274103079806,15516.274103079806,112125.64260761836,80993.15026183682,71583.55227414402,84125.2904139089
2022-05-13,99584.2922163168,74521.04082080489,73648.69489640882,99584.2922163168,-590483.1309916467,-8029.952182994573,62029.65201447508,24475.011812635,-52972.58385027619,53811.56352825649,15516.274103079806,8644.509816401755,15516.274103079806,15516.274103079806,113084.04081868916,81951.54847290763,72541.95048521482,85083.6886249797
2022-05-16,99584.2922163168,74521.04082080489,73648.69489640882,99584.2922163168,-590483.1309916467,-8029.952182994573,62029.65201447508,24475.011812635,-52972.58385027619,53811.56352825649,15516.274103079806,8644.509816401755,15516.274103079806,15516.274103079806,112939.60604838305,81807.11370260152,72397.51571490872,84939.25385467359
2022-05-17,99584.2922163168,74521.04082080489,73648.69489640882,99584.2922163168,-590483.1309916467,-8029.952182994573,62029.65201447508,24475.011812635,-52972.58385027619,53811.56352825649,15516.274103079806,8644.509816401755,15516.274103079806,15516.274103079806,112868.64812724991,81736.15578146838,72326.55779377557,84868.29593354044
2022-05-18,99584.2922163168,74521.04082080489,73648.69489640882,99584.2922163168,-590483.1309916467,-8029.952182994573,62029.65201447508,24475.011812635,-52972.58385027619,53811.56352825649,15516.274103079806,8644.509816401755,15516.274103079806,15516.274103079806,113993.6510566969,82861.15871091536,73451.56072322256,85993.29886298743
2022-05-19,99584.2922163168,74521.04082080489,73648.69489640882,99584.2922163168,-590483.1309916467,-8029.952182994573,62029.65201447508,24475.011812635,-52972.58385027619,53811.56352825649,15516.274103079806,8644.509816401755,15516.274103079806,15516.274103079806,114266.45604939829,83133.96370361676,73724.36571592395,86266.10385568882
2022-05-20,99584.2922163168,74521.04082080489,73648.69489640882,99584.2922163168,-590483.1309916467,-8029.952182994573,62029.65201447508,24475.011812635,-52972.58385027619,53811.56352825649,15516.274103079806,8644.509816401755,15516.274103079806,15516.274103079806,115028.72331494326,83896.23096916173,74486.63298146892,87028.3711212338
2022-05-23,96603.4205006489,71540.169105137,70667.82318074093,96603.4205006489,-593464.0027073147,-11010.82389866258,59048.78029880719,21494.140096966992,-55984.01106106129,50804.811470175395,15516.274103079806,8644.509816401755,15516.274103079806,15516.274103079806,115156.14412141382,84023.65177563229,74614.05378793948,87155.79192770435
2022-05-24,98833.70421481389,73770.45281930198,72898.10689490591,98833.70421481389,-591233.7189931496,-8780.540184497484,61279.06401297217,23724.42381113209,-55510.77099022374,50922.35404554475,15516.274103079806,8644.509816401755,15516.274103079806,15516.274103079806,115180.85761170415,84048.36526592262,74638.76727822982,87180.50541799469
2022-05-25,97855.9321467015,72792.68075118959,71920.33482679352,97855.9321467015,-592211.491061262,-9758.312252609874,60301.29194485978,22746.6517430197,-55581.53513384983,51368.455691773444,15516.274103079806,8644.509816401755,15516.274103079806,15516.274103079806,115048.94470199081,83916.45235620928,74506.85436851648,87048.59250828135
2022-05-26,95984.60258790641,70921.3511923945,70049.00526799844,95984.60258790641,-594082.8206200569,-11629.641811404843,58429.9623860647,20875.32218422473,-55497.64652816113,52242.36344389804,15516.274103079806,8644.509816401755,15516.274103079806,15516.274103079806,114486.57617639075,83354.08383060922,73944.48584291642,86486.22398268129
2022-05-27,94082.00712662027,69018.75573110837,68146.4098067123,94082.00712662027,-595985.4160813431,-13532.237272691098,56526.586600987706,18971.16607535677,-54271.20377923956,53649.79727788293,15516.274103079806,8644.509816401755,15516.274103079806,15516.274103079806,113867.19378954079,82734.70144375926,73325.10345606646,85866.84159583133
2022-05-31,92792.57263620221,67729.3212406903,66856.97531629424,92792.57263620221,-597274.8505717611,-14821.671763109509,55193.368181664264,17594.16372712818,-55652.60380495759,52356.79423721391,15516.274103079806,8644.509816401755,15516.274103079806,15516.274103079806,114751.30803037924,83618.8156845977,74209.2176969049,86750.95583666977
2022-06-01,92540.18027338688,67476.92887787498,66604.58295347891,92540.18027338688,-597527.2429345765,-15074.064125924837,54878.21199165494,17216.24370992463,-56003.839477804024,52198.2718259797,15516.274103079806,8644.509816401755,15516.274103079806,15516.274103079806,114541.93750644918,83409.44516066764,73999.84717297484,86541.58531273971
2022-06-02,94489.68772288854,69426.43632737664,68554.09040298057,94489.68772288854,-595577.735485075,-13124.556676423526,56974.29242289858,19458.897122910945,-53813.47095705045,53962.64883314981,15516.274103079806,8644.509816401755,15516.274103079806,15516.274103079806,113721.36230883049,82588.86996304896,73179.27197535615,85721.01011512103
2022-06-03,92502.18402240635,67438.93262689444,66566.58670249837,92502.18402240635,-597565.239185557,-15112.06037690537,54858.0682107124,17213.952399019967,-55855.81562317745,52444.360105569474,15516.274103079806,8644.509816401755,15516.274103079806,15516.274103079806,114250.19530264242,83117.70295686089,73708.10496916808,86249.84310893295
2022-06-06,91955.22595918621,66891.9745636743,66019.62863927823,91955.22595918621,-598112.1972487774,-15659.01844012516,54333.223420532886,16711.22088188061,-56164.90490334481,52042.46656581992,15516.274103079806,8644.509816401755,15516.274103079806,15516.274103079806,114990.5652413629,83858.07289558137,74448.47490788857,86990.21304765344
2022-06-07,92514.28605784895,67451.03466233704,66578.68873794097,92514.28605784895,-597553.1371501144,-15099.958341462421,55098.41690955241,17682.54776125704,-55195.8565130604,52599.47818275029,15516.274103079806,8644.509816401755,15516.274103079806,15516.274103079806,115091.328069499,83958.83572371746,74549.23773602466,87090.97587578953
2022-06-08,91444.56070247851,66381.3093069666,65508.96338257054,91444.56070247851,-598622.8625054844,-16169.683696832391,53792.813073647674,16141.065444817883,-56664.38240190537,51628.284804876894,15516.274103079806,8644.509816401755,15516.274103079806,15516.274103079806,115301.75315950322,84169.26081372169,74759.66282602889,87301.40096579376
2022-06-09,90360.97159073176,64916.97397890594,64425.374270823784,90360.97159073176,-599706.4516172316,-17253.272808579844,52198.85843197652,14036.745273222798,-59264.07379367226,50239.59462915966,15516.274103079806,8644.509816401755,15516.274103079806,15516.274103079806,114571.7921703665,83439.29982458497,74029.70183689217,86571.43997665704
2022-06-10,90403.64113801741,64916.97397890594,64468.043818109436,90403.64113801741,-599663.7820699449,-17210.603261292912,51634.09044279298,12864.539747568779,-61284.793004398,49384.49766819482,15516.274103079806,8644.509816401755,15516.274103079806,15516.274103079806,114360.32096201438,83227.82861623284,73818.23062854004,86359.96876830491
2022-06-13,85087.01090529794,64916.97397890594,59151.4135853902,85087.01090529794,-605070.4123026639,-22527.233494012267,45535.69406327547,5984.377221253235,-65978.60132699786,44016.50693273079,15516.274103079806,8644.509816401755,15516.274103079806,15516.274103079806,112039.20574051025,80906.71339472872,71497.11540703592,84038.85354680079
2022-06-14,87533.48906297213,64916.97397890594,61597.891743063694,87533.48906297213,-599911.9238804986,-20125.755336338654,48207.4333117659,8881.377560560475,-63093.598078542855,46452.030336332624,15516.274103079806,8644.509816401755,15516.274103079806,15516.274103079806,112274.7577383602,81142.26539257867,71732.66740488587,84274.40554465074
2022-06-15,89337.67427904787,64916.97397890594,63402.076959138736,89337.67427904787,-610899.8201248248,-24736.942579308175,48949.10108042718,8560.527881807997,-64258.03634532343,47571.4808422894,15516.274103079806,8644.509816401755,15516.274103079806,15516.274103079806,112323.83407955081,81191.34173376928,71781.74374607648,84323.48188584135
2022-06-16,94382.75761648384,64916.97397890594,68447.1602965747,94382.75761648384,-575734.5573869732,-4586.251136961975,56495.98338085809,18609.2091452335,-60364.091821377166,49533.25899576116,15516.274103079806,8644.509816401755,15516.274103079806,15516.274103079806,112930.09988769144,81797.6075419099,72388.0095542171,84929.74769398198
2022-06-17,96949.89932377613,64916.97397890594,71014.30200386653,96949.89932377613,-575152.6549658064,-3014.7292183843674,58905.554754816694,20861.210185859236,-59918.97202724626,50695.17911890708,15516.274103079806,8644.509816401755,15516.274103079806,15516.274103079806,113303.52406631876,82171.03172053723,72761.43373284442,85303.1718726093
2022-06-21,94222.05641325633,62189.13106838614,68286.45909334673,94222.05641325633,-577880.4978763263,-5742.572128904285,56177.71184429689,18133.36727533932,-62674.08591501415,47943.61604501656,15516.274103079806,8644.509816401755,15516.274103079806,15516.274103079806,113323.90326859104,82191.4109228095,72781.8129351167,85323.55107488157
2022-06-22,95316.22959314799,63283.3042482778,69380.63227323839,95316.22959314799,-576786.3246964347,-4648.398949012626,57271.88502418855,19227.540455230977,-61781.88865060778,48771.4467197482,15516.274103079806,8644.509816401755,15516.274103079806,15516.274103079806,113353.54720014217,82221.05485436064,72811.45686666784,85353.19500643271
2022-06-23,95147.136642311,63114.21129744081,69211.5393224014,95147.136642311,-576955.4176472715,-4817.491899849614,57102.792073351564,19058.44750439399,-62550.84376195294,48352.81262105389,15516.274103079806,8644.509816401755,15516.274103079806,15516.274103079806,113214.3300009889,82081.83765520738,72672.23966751457,85213.97780727944
2022-06-24,91127.10177622037,59094.17643135018,65191.504456310766,91127.10177622037,-580975.4525133622,-8837.526765940129,53082.75720726093,15038.412638303475,-61989.244891949114,49492.96158834803,15516.274103079806,8644.509816401755,15516.274103079806,15516.274103079806,112990.09042900056,81857.59808321903,72448.00009552622,84989.7382352911
2022-06-27,91087.6346036112,59054.709258741466,65152.03728370159,91087.6346036112,-581014.919685971,-8876.993938548723,53042.26292719948,14996.891250789049,-62377.155372271896,49160.133053418016,15516.274103079806,8644.509816401755,15516.274103079806,15516.274103079806,113369.68895465485,82237.19660887332,72827.59862118051,85369.33676094539
2022-06-28,90239.01424110029,58206.088896230794,64303.416921190685,90239.01424110029,-581863.5400484821,-9725.614301059511,51983.775074094534,13728.53590708971,-63653.62261054863,48304.67104528088,15516.274103079806,8644.509816401755,15516.274103079806,15516.274103079806,113244.10002051736,82111.60767473583,72702.00968704303,85243.7478268079
2022-06-29,90033.66216772213,58000.736822852865,64098.06484781252,90033.66216772213,-582068.8921218598,-9930.966374437325,51770.23020355357,13506.79823938571,-63664.60301294632,48300.02478310792,15516.274103079806,8644.509816401755,15516.274103079806,15516.274103079806,113354.41513801715,82221.92279223562,72812.32480454282,85354.06294430769
2022-06-30,89746.28664285247,57713.36129798344,63810.68932294287,89746.28664285247,-582356.2676467296,-10218.341899306863,51401.17921308847,13056.071783324704,-64386.21141721832,47662.997935310355,15516.274103079806,8644.509816401755,15516.274103079806,15516.274103079806,113307.93429484707,82175.44194906554,72765.84396137274,85307.58210113761
2022-07-01,90451.30701224227,58418.3816673744,64515.70969233289,90451.30701224227,-581651.2472773388,-9513.321529915906,52211.661799022,13972.01658580103,-63603.28389006329,48404.102548067225,15516.274103079806,8644.509816401755,15516.274103079806,15516.274103079806,113363.13747351896,82230.64512773743,72821.04714004463,85362.7852798095
2022-07-05,88276.55273664743,56243.62739177956,62340.955416738056,88276.55273664743,-583826.0015529338,-11688.07580551086,50054.90074587334,11833.248755098553,-64724.27314034023,47245.50472234597,15516.274103079806,8644.509816401755,15516.274103079806,15516.274103079806,113856.8477889665,82724.35544318496,73314.75745549216,85856.49559525703
2022-07-06,88217.1953947735,56184.270049904706,62281.59807486413,88217.1953947735,-583885.3588948085,-11747.4331473856,50064.68542583822,11912.17545690306,-64648.98385649163,47183.214723733254,15516.274103079806,8644.509816401755,15516.274103079806,15516.274103079806,113951.40576088987,82818.91341510834,73409.31542741554,85951.05356718041
2022-07-07,88333.88439744897,56300.95905257971,62398.2870775396,88333.88439744897,-583768.6698921332,-11630.744144710596,50489.040770184016,12644.197142919642,-63638.43101910292,47473.46938345698,15516.274103079806,8644.509816401755,15516.274103079806,15516.274103079806,114184.53369546123,83052.0413496797,73642.4433619869,86184.18150175177
2022-07-08,88536.33670699317,56503.41136212414,62600.7393870838,88536.33670699317,-583566.2175825885,-11428.291835166048,50674.33947847341,12812.34224995412,-63468.97476574336,47688.429242593,15516.274103079806,8644.509816401755,15516.274103079806,15516.274103079806,114265.90948252194,83133.4171367404,73723.8191490476,86265.55728881247
2022-07-11,86293.42178927781,53950.07816852676,60357.82446936844,86293.42178927781,-585809.1325003039,-13671.206752881408,48193.441696876194,10093.461604474927,-65950.51102532493,45887.240122135845,15516.274103079806,8644.509816401755,15516.274103079806,15516.274103079806,114422.13026627968,83289.63792049815,73880.03993280535,86421.77807257022
2022-07-12,86071.38199829846,53950.07816852676,60135.784678389085,86071.38199829846,-586031.1722912831,-13893.246543860761,47786.87386931956,9502.365740341134,-67463.59244332276,45102.81591536454,15516.274103079806,8644.509816401755,15516.274103079806,15516.274103079806,114392.74756395118,83260.25521816965,73850.65723047685,86392.39537024172
2022-07-13,85377.84419586672,53950.07816852676,59442.24687595735,85377.84419586672,-586724.7100937148,-14586.784346292145,46866.002581670415,8354.160967474221,-68613.30431147222,44407.892842337955,15516.274103079806,8644.509816401755,15516.274103079806,15516.274103079806,114351.34486623784,83218.8525204563,73809.2545327635,86350.99267252837
2022-07-14,86694.75616785721,53950.07816852676,60759.15884794877,86694.75616785721,-585407.7981217236,-13269.872374300729,48078.345552594634,9461.934937331243,-67533.60963720432,45694.95838283212,15516.274103079806,8644.509816401755,15516.274103079806,15516.274103079806,114213.32342735026,83080.83108156873,73671.23309387593,86212.9712336408
2022-07-15,83423.2754893112,53950.07816852676,57487.67816940253,83423.2754893112,-588679.2788002705,-16541.353052848135,45627.521513995714,7831.767538680811,-69105.68395108625,42732.394165372476,15516.274103079806,8644.509816401755,15516.274103079806,15516.274103079806,114389.7173613843,83257.22501560277,73847.62702790997,86389.36516767484
2022-07-18,83423.2754893112,53950.07816852676,57487.67816940253,83423.2754893112,-588679.2788002705,-16541.353052848135,45627.521513995714,7831.767538680811,-69105.68395108625,42732.394165372476,15516.274103079806,8644.509816401755,15516.274103079806,15516.274103079806,114772.27529127733,83639.7829454958,74230.184957803,86771.92309756787
2022-07-19,83423.2754893112,53950.07816852676,57487.67816940253,83423.2754893112,-588679.2788002705,-16541.353052848135,45627.521513995714,7831.767538680811,-69105.68395108625,42732.394165372476,15516.274103079806,8644.509816401755,15516.274103079806,15516.274103079806,114283.53381652781,83151.04147074628,73741.44348305347,86283.18162281835
2022-07-20,83423.2754893112,53950.07816852676,57487.67816940253,83423.2754893112,-588679.2788002705,-16541.353052848135,45627.521513995714,7831.767538680811,-69105.68395108625,42732.394165372476,15516.274103079806,8644.509816401755,15516.274103079806,15516.274103079806,113654.05750196287,82521.56515618134,73111.96716848854,85653.70530825341
2022-07-21,83423.2754893112,53950.07816852676,57487.67816940253,83423.2754893112,-588679.2788002705,-16541.353052848135,45627.521513995714,7831.767538680811,-69105.68395108625,42732.394165372476,15516.274103079806,8644.509816401755,15516.274103079806,15516.274103079806,113417.20044535538,82284.70809957385,72875.11011188105,85416.84825164592
2022-07-22,83423.2754893112,53950.07816852676,57487.67816940253,83423.2754893112,-588679.2788002705,-16541.353052848135,45627.521513995714,7831.767538680811,-69105.68395108625,42732.394165372476,15516.274103079806,8644.509816401755,15516.274103079806,15516.274103079806,114518.85600155848,83386.36365577695,73976.76566808415,86518.50380784902
2022-07-25,83423.2754893112,53950.07816852676,57487.67816940253,83423.2754893112,-588679.2788002705,-16541.353052848135,45627.521513995714,7831.767538680811,-69105.68395108625,42732.394165372476,15516.274103079806,8644.509816401755,15516.274103079806,15516.274103079806,115309.93677285546,84177.44442707393,74767.84643938113,87309.584579146
2022-07-26,83423.2754893112,53950.07816852676,57487.67816940253,83423.2754893112,-588679.2788002705,-16541.353052848135,45627.521513995714,7831.767538680811,-69105.68395108625,42732.394165372476,15516.274103079806,8644.509816401755,15516.274103079806,15516.274103079806,115845.27961690538,84712.78727112385,75303.18928343104,87844.92742319591
2022-07-27,83423.2754893112,53950.07816852676,57487.67816940253,83423.2754893112,-588679.2788002705,-16541.353052848135,45627.521513995714,7831.767538680811,-69105.68395108625,42732.394165372476,15516.274103079806,8644.509816401755,15516.274103079806,15516.274103079806,115303.662535212,84171.17018943047,74761.57220173767,87303.31034150254
2022-07-28,83423.2754893112,53950.07816852676,57487.67816940253,83423.2754893112,-588679.2788002705,-16541.353052848135,45627.521513995714,7831.767538680811,-69105.68395108625,42732.394165372476,15516.274103079806,8644.509816401755,15516.274103079806,15516.274103079806,115024.44355229032,83891.95120650879,74482.35321881599,87024.09135858086
2022-07-29,83423.2754893112,53950.07816852676,57487.67816940253,83423.2754893112,-588679.2788002705,-16541.353052848135,45627.521513995714,7831.767538680811,-69105.68395108625,42732.394165372476,15516.274103079806,8644.509816401755,15516.274103079806,15516.274103079806,113676.49111595144,82543.99877016991,73134.40078247711,85676.13892224198
2022-08-01,83423.2754893112,53950.07816852676,57487.67816940253,83423.2754893112,-588679.2788002705,-16541.353052848135,45627.521513995714,7831.767538680811,-69105.68395108625,42732.394165372476,15516.274103079806,8644.509816401755,15516.274103079806,15516.274103079806,114396.06022542855,83263.56787964702,73853.96989195421,86395.70803171908
2022-08-02,83423.2754893112,53950.07816852676,57487.67816940253,83423.2754893112,-588679.2788002705,-16541.353052848135,45627.521513995714,7831.767538680811,-69105.68395108625,42732.394165372476,15516.274103079806,8644.509816401755,15516.274103079806,15516.274103079806,114321.60985002317,83189.11750424164,73779.51951654884,86321.25765631371
2022-08-03,83423.2754893112,53950.07816852676,57487.67816940253,83423.2754893112,-588679.2788002705,-16541.353052848135,45627.521513995714,7831.767538680811,-69105.68395108625,42732.394165372476,15516.274103079806,8644.509816401755,15516.274103079806,15516.274103079806,113438.22129618912,82305.72895040759,72896.13096271479,85437.86910247966
2022-08-04,83423.2754893112,53950.07816852676,57487.67816940253,83423.2754893112,-588679.2788002705,-16541.353052848135,45627.521513995714,7831.767538680811,-69105.68395108625,42732.394165372476,15516.274103079806,8644.509816401755,15516.274103079806,15516.274103079806,113383.11044938979,82250.61810360826,72841.02011591545,85382.75825568032
2022-08-05,83423.2754893112,53950.07816852676,57487.67816940253,83423.2754893112,-588679.2788002705,-16541.353052848135,45627.521513995714,7831.767538680811,-69105.68395108625,42732.394165372476,15516.274103079806,8644.509816401755,15516.274103079806,15516.274103079806,113967.3499401831,82834.85759440158,73425.25960670877,85966.99774647364
2022-08-08,83423.2754893112,53950.07816852676,57487.67816940253,83423.2754893112,-588679.2788002705,-16541.353052848135,45627.521513995714,7831.767538680811,-69105.68395108625,42732.394165372476,15516.274103079806,8644.509816401755,15516.274103079806,15516.274103079806,114502.88096296368,83370.38861718215,73960.79062948935,86502.52876925422
2022-08-09,83423.2754893112,53950.07816852676,57487.67816940253,83423.2754893112,-588679.2788002705,-16541.353052848135,45627.521513995714,7831.767538680811,-69105.68395108625,42732.394165372476,15516.274103079806,8644.509816401755,15516.274103079806,15516.274103079806,114811.27307579061,83678.78073000908,74269.18274231628,86810.92088208115
2022-08-10,83423.2754893112,53950.07816852676,57487.67816940253,83423.2754893112,-588679.2788002705,-16541.353052848135,45627.521513995714,7831.767538680811,-69105.68395108625,42732.394165372476,15516.274103079806,8644.509816401755,15516.274103079806,15516.274103079806,114179.40060700849,83046.90826122696,73637.31027353415,86179.04841329902
2022-08-11,83423.2754893112,53950.07816852676,57487.67816940253,83423.2754893112,-588679.2788002705,-16541.353052848135,45627.521513995714,7831.767538680811,-69105.68395108625,42732.394165372476,15516.274103079806,8644.509816401755,15516.274103079806,15516.274103079806,113791.2505031547,82658.75815737317,73249.16016968037,85790.89830944524
2022-08-12,83423.2754893112,53950.07816852676,57487.67816940253,83423.2754893112,-588679.2788002705,-16541.353052848135,45627.521513995714,7831.767538680811,-69105.68395108625,42732.394165372476,15516.274103079806,8644.509816401755,15516.274103079806,15516.274103079806,113363.5441696893,82231.05182390776,72821.45383621496,85363.19197597983
2022-08-15,83423.2754893112,53950.07816852676,57487.67816940253,83423.2754893112,-588679.2788002705,-16541.353052848135,45627.521513995714,7831.767538680811,-69105.68395108625,42732.394165372476,15516.274103079806,8644.509816401755,15516.274103079806,15516.274103079806,114087.29940808658,82954.80706230504,73545.20907461224,86086.94721437711
2022-08-16,83423.2754893112,53950.07816852676,57487.67816940253,83423.2754893112,-588679.2788002705,-16541.353052848135,45627.521513995714,7831.767538680811,-69105.68395108625,42732.394165372476,15516.274103079806,8644.509816401755,15516.274103079806,15516.274103079806,114478.94847168005,83346.45612589852,73936.85813820572,86478.59627797059
2022-08-17,83423.2754893112,53950.07816852676,57487.67816940253,83423.2754893112,-588679.2788002705,-16541.353052848135,45627.521513995714,7831.767538680811,-69105.68395108625,42732.394165372476,15516.274103079806,8644.509816401755,15516.274103079806,15516.274103079806,115606.06267918483,84473.5703334033,75063.9723457105,87605.71048547537
2022-08-18,83423.2754893112,53950.07816852676,57487.67816940253,83423.2754893112,-588679.2788002705,-16541.353052848135,45627.521513995714,7831.767538680811,-69105.68395108625,42732.394165372476,15516.274103079806,8644.509816401755,15516.274103079806,15516.274103079806,115475.09106241423,84342.5987166327,74933.0007289399,87474.73886870476
2022-08-19,83423.2754893112,53950.07816852676,57487.67816940253,83423.2754893112,-588679.2788002705,-16541.353052848135,45627.521513995714,7831.767538680811,-69105.68395108625,42732.394165372476,15516.274103079806,8644.509816401755,15516.274103079806,15516.274103079806,115849.25017756899,84716.75783178746,75307.15984409465,87848.89798385953
2022-08-22,83423.2754893112,53950.07816852676,57487.67816940253,83423.2754893112,-588679.2788002705,-16541.353052848135,45627.521513995714,7831.767538680811,-69105.68395108625,42732.394165372476,15516.274103079806,8644.509816401755,15516.274103079806,15516.274103079806,115891.51911003911,84759.02676425758,75349.42877656478,87891.16691632965
2022-08-23,83423.2754893112,53950.07816852676,57487.67816940253,83423.2754893112,-588679.2788002705,-16541.353052848135,45627.521513995714,7831.767538680811,-69105.68395108625,42732.394165372476,15516.274103079806,8644.509816401755,15516.274103079806,15516.274103079806,115903.21962916944,84770.72728338791,75361.12929569511,87902.86743545998
2022-08-24,83423.2754893112,53950.07816852676,57487.67816940253,83423.2754893112,-588679.2788002705,-16541.353052848135,45627.521513995714,7831.767538680811,-69105.68395108625,42732.394165372476,15516.274103079806,8644.509816401755,15516.274103079806,15516.274103079806,115920.56519574113,84788.0728499596,75378.4748622668,87920.21300203167
2022-08-25,83423.2754893112,53950.07816852676,57487.67816940253,83423.2754893112,-588679.2788002705,-16541.353052848135,45627.521513995714,7831.767538680811,-69105.68395108625,42732.394165372476,15516.274103079806,8644.509816401755,15516.274103079806,15516.274103079806,115903.86484711501,84771.37250133348,75361.77451364067,87903.51265340555
2022-08-26,83423.2754893112,53950.07816852676,57487.67816940253,83423.2754893112,-588679.2788002705,-16541.353052848135,45627.521513995714,7831.767538680811,-69105.68395108625,42732.394165372476,15516.274103079806,8644.509816401755,15516.274103079806,15516.274103079806,115875.09552544635,84742.60317966482,75333.00519197201,87874.74333173689
2022-08-29,83423.2754893112,53950.07816852676,57487.67816940253,83423.2754893112,-588679.2788002705,-16541.353052848135,45627.521513995714,7831.767538680811,-69105.68395108625,42732.394165372476,15516.274103079806,8644.509816401755,15516.274103079806,15516.274103079806,116023.6789634258,84891.18661764427,75481.58862995147,88023.32676971634
2022-08-30,83423.2754893112,53950.07816852676,57487.67816940253,83423.2754893112,-588679.2788002705,-16541.353052848135,45627.521513995714,7831.767538680811,-69105.68395108625,42732.394165372476,15516.274103079806,8644.509816401755,15516.274103079806,15516.274103079806,116142.27363319881,85009.78128741728,75600.18329972448,88141.92143948935
2022-08-31,83423.2754893112,53950.07816852676,57487.67816940253,83423.2754893112,-588679.2788002705,-16541.353052848135,45627.521513995714,7831.767538680811,-69105.68395108625,42732.394165372476,15516.274103079806,8644.509816401755,15516.274103079806,15516.274103079806,116270.37740115053,85137.885055369,75728.2870676762,88270.02520744107
2022-09-01,83423.2754893112,53950.07816852676,57487.67816940253,83423.2754893112,-588679.2788002705,-16541.353052848135,45627.521513995714,7831.767538680811,-69105.68395108625,42732.394165372476,15516.274103079806,8644.509816401755,15516.274103079806,15516.274103079806,116409.7559266868,85277.26358090527,75867.66559321247,88409.40373297734
2022-09-02,83423.2754893112,53950.07816852676,57487.67816940253,83423.2754893112,-588679.2788002705,-16541.353052848135,45627.521513995714,7831.767538680811,-69105.68395108625,42732.394165372476,15516.274103079806,8644.509816401755,15516.274103079806,15516.274103079806,116472.336202187,85339.84385640547,75930.24586871266,88471.98400847754
2022-09-06,83423.2754893112,53950.07816852676,57487.67816940253,83423.2754893112,-588679.2788002705,-16541.353052848135,45627.521513995714,7831.767538680811,-69105.68395108625,42732.394165372476,15516.274103079806,8644.509816401755,15516.274103079806,15516.274103079806,116540.7596892491,85408.26734346757,75998.66935577476,88540.40749553964
2022-09-07,83423.2754893112,53950.07816852676,57487.67816940253,83423.2754893112,-588679.2788002705,-16541.353052848135,45627.521513995714,7831.767538680811,-69105.68395108625,42732.394165372476,15516.274103079806,8644.509816401755,15516.274103079806,15516.274103079806,116636.36764685228,85503.87530107074,76094.27731337794,88636.01545314281
2022-09-08,83423.2754893112,53950.07816852676,57487.67816940253,83423.2754893112,-588679.2788002705,-16541.353052848135,45627.521513995714,7831.767538680811,-69105.68395108625,42732.394165372476,15516.274103079806,8644.509816401755,15516.274103079806,15516.274103079806,116649.19726235326,85516.70491657173,76107.10692887893,88648.8450686438
2022-09-09,83423.2754893112,53950.07816852676,57487.67816940253,83423.2754893112,-588679.2788002705,-16541.353052848135,45627.521513995714,7831.767538680811,-69105.68395108625,42732.394165372476,15516.274103079806,8644.509816401755,15516.274103079806,15516.274103079806,116615.55145879695,85483.05911301542,76073.46112532262,88615.19926508749
2022-09-12,83423.2754893112,53950.07816852676,57487.67816940253,83423.2754893112,-588679.2788002705,-16541.353052848135,45627.521513995714,7831.767538680811,-69105.68395108625,42732.394165372476,15516.274103079806,8644.509816401755,15516.274103079806,15516.274103079806,116572.86189948837,85440.36955370684,76030.77156601404,88572.50970577891
2022-09-13,83423.2754893112,53950.07816852676,57487.67816940253,83423.2754893112,-588679.2788002705,-16541.353052848135,45627.521513995714,7831.767538680811,-69105.68395108625,42732.394165372476,15516.274103079806,8644.509816401755,15516.274103079806,15516.274103079806,116206.08420953015,85073.59186374862,75663.99387605581,88205.73201582069
2022-09-14,83423.2754893112,53950.07816852676,57487.67816940253,83423.2754893112,-588679.2788002705,-16541.353052848135,45627.521513995714,7831.767538680811,-69105.68395108625,42732.394165372476,15516.274103079806,8644.509816401755,15516.274103079806,15516.274103079806,115644.54277726123,84512.0504314797,75102.4524437869,87644.19058355177
2022-09-15,83423.2754893112,53950.07816852676,57487.67816940253,83423.2754893112,-588679.2788002705,-16541.353052848135,45627.521513995714,7831.767538680811,-69105.68395108625,42732.394165372476,15516.274103079806,8644.509816401755,15516.274103079806,15516.274103079806,115502.88958768034,84370.39724189881,74960.79925420601,87502.53739397088
2022-09-16,83423.2754893112,53950.07816852676,57487.67816940253,83423.2754893112,-588679.2788002705,-16541.353052848135,45627.521513995714,7831.767538680811,-69105.68395108625,42732.394165372476,15516.274103079806,8644.509816401755,15516.274103079806,15516.274103079806,115210.3980963463,84077.90575056477,74668.30776287196,87210.04590263683
2022-09-19,82270.29753491958,52797.100214135135,56334.700215010904,82270.29753491958,-589832.256754662,-17694.33100723964,44474.54355960421,6678.789584289305,-70300.6033067645,41544.31968577742,15516.274103079806,8644.509816401755,15516.274103079806,15516.274103079806,115200.4705096283,84067.97816384677,74658.38017615397,87200.11831591884
2022-09-20,82294.09135994525,52820.894039160805,56358.494040036574,82294.09135994525,-589808.4629296365,-17670.537182214088,44498.33738462976,6702.583409314859,-70524.5427775816,40536.9536456638,15516.274103079806,8644.509816401755,15516.274103079806,15516.274103079806,115253.95419669687,84121.46185091534,74711.86386322253,87253.6020029874
2022-09-21,83070.82586478628,53597.62854400207,57135.22854487784,83070.82586478628,-589121.7284247952,-16893.80267737282,45275.07188947103,7479.317914156127,-69448.49269442493,40043.56740586355,15516.274103079806,8644.509816401755,15516.274103079806,15516.274103079806,115241.3220225845,84108.82967680297,74699.23168911017,87240.96982887504
2022-09-22,84914.33199358103,55441.13467279659,58978.734673672356,84914.33199358103,-579718.4248737973,-15050.29654857819,47118.57801826566,9322.824042950757,-66727.56005258614,41683.31987693068,15516.274103079806,8644.509816401755,15516.274103079806,15516.274103079806,115230.17444444448,84097.68209866295,74688.08411097014,87229.82225073501
2022-09-23,85741.89195416053,56268.69463337725,59806.29463425302,85741.89195416053,-563938.143030647,-14267.736587997642,47936.59942271456,10131.30689126812,-64769.09084861644,41155.157057639444,15516.274103079806,8644.509816401755,15516.274103079806,15516.274103079806,115200.67274697754,84068.180401196,74658.5824135032,87200.32055326807
2022-09-26,84003.26207660674,54530.06475582393,58067.6647566997,84003.26207660674,-556995.8528677993,-11554.549084537895,47141.61198908114,10279.961901554838,-64633.7591645713,39406.02933125477,15516.274103079806,8644.509816401755,15516.274103079806,15516.274103079806,115237.92168763396,84105.42934185243,74695.83135415963,87237.5694939245
2022-09-27,83843.26132506039,54370.06400427758,57907.66400515335,83843.26132506039,-554938.2139046539,-10577.28247493552,47222.67542777804,10602.089530494995,-64146.837461461895,39339.48839993554,15516.274103079806,8644.509816401755,15516.274103079806,15516.274103079806,115268.4279589057,84135.93561312417,74726.33762543136,87268.07576519623
2022-09-28,84545.29268673994,55072.095365957124,58609.69536683289,84545.29268673994,-571287.5024729276,-18619.642500355374,46071.1763876247,7597.060088508762,-68236.33817494777,39672.020232311566,15516.274103079806,8644.509816401755,15516.274103079806,15516.274103079806,115302.01973844599,84169.52739266446,74759.92940497166,87301.66754473653
2022-09-29,85011.01398153254,55537.81666074926,59075.41666162503,85011.01398153254,-552363.5006535547,-8688.001270750654,48543.36898542568,12075.723989318358,-64389.82795972761,39935.093565125135,15516.274103079806,8644.509816401755,15516.274103079806,15516.274103079806,115259.77675626124,84127.28441047971,74717.68642278691,87259.42456255178
2022-09-30,85495.91251216736,56022.71519138501,59560.31519226078,85495.91251216736,-538499.7137968132,-1342.036480824463,50478.279255176196,15460.645998183638,-59963.747775878175,40800.96050133114,15516.274103079806,8644.509816401755,15516.274103079806,15516.274103079806,114482.59910047497,83350.10675469344,73940.50876700063,86482.2469067655
2022-10-03,84640.9092466901,55167.711925908225,58705.311926783994,84640.9092466901,-561843.4740252313,-13729.900164213497,46039.68180619611,7438.4543657002505,-68018.70850039355,39920.70230109338,15516.274103079806,8644.509816401755,15516.274103079806,15516.274103079806,114496.43124144292,83363.93889566138,73954.34090796858,86496.07904773345
2022-10-04,80876.76876892173,51403.57144813961,54941.17144901538,80876.76876892173,-592698.8304680232,-31387.170119569055,37958.543100545416,-4959.682567832526,-76576.53665744304,37678.84516500484,15516.274103079806,8644.509816401755,15516.274103079806,15516.274103079806,114538.89938210137,83406.40703631984,73996.80904862704,86538.54718839191
2022-10-05,82689.88148390083,53216.684163118945,56754.284163994715,82689.88148390083,-588787.119705661,-28497.837923288345,40106.06841860933,-2477.74464668415,-75810.81800660957,38197.54731136281,15516.274103079806,8644.509816401755,15516.274103079806,15516.274103079806,114743.36153591913,83610.8691901376,74201.2712024448,86743.00934220967
2022-10-06,84675.15372103243,55201.956400251016,58739.556401126785,84675.15372103243,-577524.9525644268,-21755.11580944911,43569.618297946756,2464.082874858752,-75509.52113003295,37350.47676390712,15516.274103079806,8644.509816401755,15516.274103079806,15516.274103079806,114757.56944774417,83625.07710196264,74215.47911426984,86757.21725403471
2022-10-07,88590.10262952838,59116.9053087472,62654.50530962297,88590.10262952838,-548784.4120055579,-5108.912622753065,51438.78907869989,14287.47552786849,-70318.74991920765,38526.841960337246,15516.274103079806,8644.509816401755,15516.274103079806,15516.274103079806,114725.42601100937,83592.93366522784,74183.33567753504,86725.07381729991
2022-10-10,88130.87150812196,58657.67418734124,62195.274188216776,88130.87150812196,-542637.7120975447,-2180.438473556773,51898.74821895966,15666.62492979446,-68955.08165510942,38055.53958829539,15516.274103079806,8644.509816401755,15516.274103079806,15516.274103079806,114748.55158614577,83616.05924036424,74206.46125267143,86748.1993924363
2022-10-11,88522.13164953608,59048.9343287556,62586.534329631366,88522.13164953608,-536809.0915758581,999.2513890246628,53046.59644590784,17571.06124227587,-67246.90162568935,38037.20123085473,15516.274103079806,8644.509816401755,15516.274103079806,15516.274103079806,114904.67924170243,83772.1868959209,74362.58890822809,86904.32704799296
2022-10-12,87566.33465649071,58093.137335710926,61630.737336586695,87566.33465649071,-534950.6607687854,1486.6687299892073,52482.38858336699,17398.442510238732,-66707.27124996693,37597.51760283136,15516.274103079806,8644.509816401755,15516.274103079806,15516.274103079806,114973.85767369345,83841.36532791192,74431.76734021911,86973.50547998399
2022-10-13,88033.40723989462,58560.209919115296,62097.809919991065,88033.40723989462,-556924.667159226,-9554.668504863163,49826.87009487371,11620.332949848147,-75309.8149042268,37247.58903810487,15516.274103079806,8644.509816401755,15516.274103079806,15516.274103079806,114879.90215413831,83747.40980835678,74337.81182066398,86879.54996042885
2022-10-14,91456.14855621941,61982.95123543893,65520.5512363147,91456.14855621941,-533612.5391182834,4067.903832396725,56013.30016780179,20570.451779380208,-68808.88781434554,38836.74777730869,15516.274103079806,8644.509816401755,15516.274103079806,15516.274103079806,114874.45122602349,83741.95888024196,74332.36089254916,86874.09903231403
2022-10-17,89173.79640979436,59700.59908901411,63238.19908988988,89173.79640979436,-557811.435705781,-9453.862226428115,49693.53990214644,10213.283394494792,-79215.26244568022,36516.97570518381,15516.274103079806,8644.509816401755,15516.274103079806,15516.274103079806,114892.03107403615,83759.53872825461,74349.94074056181,86891.67888032668
2022-10-18,87682.71715322486,58209.519832444144,61747.11983331991,87682.71715322486,-569580.9542483323,-16216.01119105483,46308.99361943058,4935.270085632685,-82222.10621704161,35920.689369706204,15516.274103079806,8644.509816401755,15516.274103079806,15516.274103079806,114776.93033059128,83644.43798480975,74234.83999711694,86776.57813688181
2022-10-19,90205.92589313257,60732.72857235186,64270.32857322763,90205.92589313257,-560785.6370553933,-10476.290687779547,49987.63366654306,9769.34143994993,-80051.85636964347,37229.00629277725,15516.274103079806,8644.509816401755,15516.274103079806,15516.274103079806,114736.44581012521,83603.95346434368,74194.35547665088,86736.09361641575
2022-10-20,95860.12358622183,66386.92626544158,69924.52626631735,95860.12358622183,-547762.5072019158,-1043.0995103070745,56999.316642698366,18138.509699170827,-75825.19799336907,40115.521476204274,15516.274103079806,8644.509816401755,15516.274103079806,15516.274103079806,114651.12466751318,83518.63232173165,74109.03433403885,86650.77247380372
2022-10-21,87710.58305352717,58237.385732746916,61774.985733622685,87710.58305352717,-577178.2308228571,-20098.530554543482,44948.61921818904,2186.655382846133,-89395.41960557364,32505.570959347766,15516.274103079806,8644.509816401755,15516.274103079806,15516.274103079806,114609.21357937297,83476.72123359144,74067.12324589863,86608.8613856635
2022-10-24,85733.36789807817,56260.17057729815,59797.77057817392,85733.36789807817,-579155.445978306,-22075.745709992247,42971.40406274027,209.4402273973683,-91410.1609959025,30496.688070506207,15516.274103079806,8644.509816401755,15516.274103079806,15516.274103079806,114935.44833765528,83802.95599187375,74393.35800418095,86935.09614394582
2022-10-25,83613.88499632757,54140.68767554755,57678.28767642332,83613.88499632757,-581274.9288800566,-24195.22861174296,40851.92116098956,-1910.0426743533462,-92271.82367005805,30573.5713410835,15516.274103079806,8644.509816401755,15516.274103079806,15516.274103079806,114714.51850718702,83582.02616140549,74172.42817371269,86714.16631347756
2022-10-26,86632.69033993129,57159.49301915127,60697.09302002704,86632.69033993129,-578256.1235364529,-21176.42326813913,43870.72650459339,1108.7626692504855,-90579.34808572556,32047.200713167666,15516.274103079806,8644.509816401755,15516.274103079806,15516.274103079806,114863.17030121246,83730.67795543093,74321.07996773813,86862.818107503
2022-10-27,91787.62459629076,62314.42727551074,65852.0272763865,91787.62459629076,-573101.1892800934,-16021.48901177966,49025.66076095286,6263.696925609838,-88110.56979185459,34311.24200076028,15516.274103079806,8644.509816401755,15516.274103079806,15516.274103079806,113738.89136770298,82606.39902192145,73196.80103422864,85738.53917399351
2022-10-28,88693.03468406852,59219.837363287574,62757.43736416334,88693.03468406852,-576195.779192316,-19116.07892400294,45930.78105325741,3168.5274224422174,-88950.83810212021,34549.303411876666,15516.274103079806,8644.509816401755,15516.274103079806,15516.274103079806,112860.77349707577,81728.28115129424,72318.68316360144,84860.42130336631
2022-10-31,87802.60283500934,58329.40551422816,61867.00551510393,87802.60283500934,-577086.2110413753,-20006.51077306224,45061.28216974577,2319.961504478357,-89801.66805466835,33656.68200563162,15516.274103079806,8644.509816401755,15516.274103079806,15516.274103079806,113262.40196699742,82129.90962121589,72720.31163352309,85262.04977328796
2022-11-01,88023.54352485738,58550.34620407666,62087.94620495243,88023.54352485738,-576865.2703515268,-19785.570083213854,45294.8118504961,2566.0801761306357,-89779.56027571904,33657.147494088276,15516.274103079806,8644.509816401755,15516.274103079806,15516.274103079806,112499.9113841285,81367.41903834697,71957.82105065417,84499.55919041904
2022-11-02,89695.60760662588,60222.410285845865,63760.010286721634,89695.60760662588,-575193.2062697578,-18113.506001444417,47038.762501478195,4381.917396325385,-88879.17397241085,34367.66778588132,15516.274103079806,8644.509816401755,15516.274103079806,15516.274103079806,111022.08396964706,79889.59162386553,70479.99363617273,83021.7317759376
2022-11-03,93085.66605197894,63612.468731198926,67150.0687320747,93085.66605197894,-571803.1478244048,-14723.447556091473,50457.574951974675,7829.483851965051,-86431.1040422233,36250.22302403103,15516.274103079806,8644.509816401755,15516.274103079806,15516.274103079806,109462.06288324017,77717.47015288402,68919.97254976584,81461.71068953071
2022-11-04,92465.00116506172,62991.80384428217,66529.40384515794,92465.00116506172,-572423.8127113209,-15344.112443008227,49795.50466725137,7126.008169435663,-89051.07471586228,34771.147062176606,15516.274103079806,8644.509816401755,15516.274103079806,15516.274103079806,111115.4796876288,77717.47015288402,70573.38935415447,83115.12749391934
2022-11-07,91243.13573755557,61769.93841677625,65307.53841765202,91243.13573755557,-573645.6781388267,-16565.977870514034,48391.24759583548,5539.3594541093335,-90653.60866466037,33536.96967545198,15516.274103079806,8644.509816401755,15516.274103079806,15516.274103079806,112727.09737775801,77717.47015288402,72185.00704428367,84726.74518404854
2022-11-08,90848.70351178944,61375.50619100989,64913.10619188566,90848.70351178944,-574040.1103645931,-16960.41009628051,47892.95077021187,4937.198028628598,-91291.07156503375,32916.03333807038,15516.274103079806,8644.509816401755,15516.274103079806,15516.274103079806,112562.26606918639,77717.47015288402,72020.17573571205,84561.91387547692
2022-11-09,93461.94170612982,63988.74438535073,67526.3443862265,93461.94170612982,-571426.8721702525,-14347.171901939786,50904.922850959236,8347.903995782719,-90055.10530846089,34427.50495070545,15516.274103079806,8644.509816401755,15516.274103079806,15516.274103079806,112041.32328869635,77717.47015288402,71499.23295522202,84040.97109498689
2022-11-10,92630.16400024109,63156.966679462,66694.56668033754,92630.16400024109,-572258.6498761409,-15178.949607828516,49031.47016945714,5432.776338667376,-92246.32870339009,33949.24944135873,15516.274103079806,8644.509816401755,15516.274103079806,15516.274103079806,113279.90835924866,77717.47015288402,72737.81802577432,85279.5561655392
2022-11-11,92828.31583591667,63355.11851513735,66892.71851601312,92828.31583591667,-572060.4980404659,-14980.797772153746,49031.212439193856,5234.10904246592,-91498.1440181632,34161.40946284076,15516.274103079806,8644.509816401755,15516.274103079806,15516.274103079806,114694.50880031032,77717.47015288402,74152.41846683598,86694.15660660085
2022-11-14,90802.72485756595,61329.52753678663,64867.127537662396,90802.72485756595,-574086.0890188158,-17006.388750503887,46763.14957378642,2723.5742900012992,-94017.91593800625,32128.977397502516,15516.274103079806,8644.509816401755,15516.274103079806,15516.274103079806,115022.60880248318,77717.47015288402,74480.51846900885,87022.25660877372
2022-11-15,91634.76165772509,62161.56433694577,65699.16433782154,91634.76165772509,-573254.052218657,-16174.35195034463,47836.223733758554,4037.685809786315,-92167.76518350514,33292.98683216795,15516.274103079806,8644.509816401755,15516.274103079806,15516.274103079806,114778.95636882936,77717.47015288402,74236.86603535502,86778.6041751199
2022-11-16,89326.01997562381,59852.822654844495,63390.422655720264,89326.01997562381,-575562.7939007587,-18483.093632446602,45310.05002156447,1294.0800675001228,-94914.95525830146,31145.278894371935,15516.274103079806,8644.509816401755,15516.274103079806,15516.274103079806,115786.29391962849,77717.47015288402,75244.20358615415,87785.94172591902
2022-11-17,88436.06466343533,58962.86734265648,62500.46734353178,88436.06466343533,-576452.749212947,-19373.04894463462,44333.55409465043,231.0435258600628,-96734.56796936912,29662.09335185052,15516.274103079806,8644.509816401755,15516.274103079806,15516.274103079806,114620.58022575895,77717.47015288402,74078.48989228462,86620.22803204949
2022-11-18,89935.87420025165,60462.6768794728,64000.2768803481,89935.87420025165,-574952.93967613,-17873.239407817717,45961.390590188326,1986.906980118947,-93795.57283779571,31898.780575645855,15516.274103079806,8644.509816401755,15516.274103079806,15516.274103079806,114158.5009794524,77717.47015288402,73616.41064597806,86158.14878574293
2022-11-21,91997.4889077337,62524.29158695461,66061.89158783015,91997.4889077337,-572891.3249686479,-15811.624700335786,48023.00529767026,4048.521687600878,-91786.81013053539,33916.752593436046,15516.274103079806,8644.509816401755,15516.274103079806,15516.274103079806,114264.64261894976,77823.61179238139,73722.55228547542,86264.2904252403
2022-11-22,90233.67483368306,60760.47751290398,64298.07751377951,90233.67483368306,-574655.1390426987,-17575.438774386537,46259.191223619506,2284.7076135501266,-93178.65759814996,33767.91753519222,15516.274103079806,8644.509816401755,15516.274103079806,15516.274103079806,114233.09136596788,77792.0605393995,73691.00103249354,86232.73917225841
2022-11-23,89088.60985003272,59615.412529253634,63153.01253012917,89088.60985003272,-575800.2040263489,-18720.503758036764,45114.12623996928,1139.6426298998995,-93385.97314745537,33916.624103237526,15516.274103079806,8644.509816401755,15516.274103079806,15516.274103079806,114225.0092821992,77783.97845563083,73682.91894872487,86224.65708848974
2022-11-25,88977.74678981188,59504.54946903302,63042.14946990833,88977.74678981188,-575911.0670865696,-18831.36681825749,45003.26317974855,1028.7795696791727,-93757.6233312675,33536.67733198521,15516.274103079806,8644.509816401755,15516.274103079806,15516.274103079806,114310.16157083097,77869.1307442626,73768.07123735663,86309.8093771215
2022-11-28,89134.42413519067,59661.22681441088,63198.82681528642,89134.42413519067,-575754.3897411914,-18674.689472879632,45156.66760200448,1178.9110688130604,-94622.29778495466,32132.673296916066,15516.274103079806,8644.509816401755,15516.274103079806,15516.274103079806,114631.48202864057,78190.4512020722,74089.39169516624,86631.12983493111
2022-11-29,89119.00783938589,59645.8105186061,63183.410519481404,89119.00783938589,-575769.8060369962,-18690.10576868453,45197.46049529221,1275.9131511932937,-94529.21059491544,32113.560878042597,15516.274103079806,8644.509816401755,15516.274103079806,15516.274103079806,114651.1790019644,78210.14817539603,74109.08866849006,86650.82680825493
2022-11-30,88685.93852209277,59212.741201313445,62750.34120218875,88685.93852209277,-576202.8753542888,-19123.17508597707,43735.17366343422,-1215.5911952301394,-96743.34713044157,32034.581923483056,15516.274103079806,8644.509816401755,15516.274103079806,15516.274103079806,114581.35517810564,78140.32435153727,74039.26484463131,86581.00298439618
2022-12-01,88778.56533003366,59305.36800925387,62842.96801012964,88778.56533003366,-576110.2485463483,-19030.548278036527,43852.599580848124,-1073.3661683427636,-96218.40805342514,32566.020827613655,15516.274103079806,8644.509816401755,15516.274103079806,15516.274103079806,114832.86408534436,78391.833258776,74290.77375187003,86832.5118916349
2022-12-02,89023.94434190495,59550.74702112563,63088.34702200093,89023.94434190495,-575864.8695344767,-18785.169266164885,44136.83929946448,-750.2657429815736,-96298.03164566902,32499.79789207352,15516.274103079806,8644.509816401755,15516.274103079806,15516.274103079806,114767.91894858074,78326.88812201237,74225.82861510641,86767.56675487128
2022-12-05,90065.64378849091,60592.44646771252,64130.04646858736,90065.64378849091,-574823.1700878902,-17743.469819577993,45780.89343189902,1496.1430753007298,-97512.9710558533,31537.530505907373,15516.274103079806,8644.509816401755,15516.274103079806,15516.274103079806,114815.99404413952,78374.96321757114,74273.90371066518,86815.64185043005
2022-12-06,89204.27066356363,59731.07334278477,63268.67334365938,89204.27066356363,-575684.5432128175,-18604.84294450574,44995.68846093817,787.1062583068851,-98241.9675781047,30660.47519954131,15516.274103079806,8644.509816401755,15516.274103079806,15516.274103079806,114761.83600590518,78320.8051793368,74219.74567243084,86761.48381219571
2022-12-07,89092.111177549,59618.913856770145,63156.51385764498,89092.111177549,-575796.7026988321,-18717.002430520253,44892.388900089194,692.666622623452,-98425.05648129736,30387.08500800084,15516.274103079806,8644.509816401755,15516.274103079806,15516.274103079806,114613.9283337188,78172.89750715042,74071.83800024446,86613.57614000933
2022-12-08,89495.31939843972,60022.122077660635,63559.72207853547,89495.31939843972,-575393.4944779419,-18313.794209629763,45254.868242636556,1014.4170868276851,-98916.1101035102,30330.33827066014,15516.274103079806,8644.509816401755,15516.274103079806,15516.274103079806,114406.83428376517,77965.8034571968,73864.74395029084,86406.48209005571
2022-12-09,89188.44385056733,59715.24652978801,63252.84653066262,89188.44385056733,-575700.370025814,-18620.66975750262,44987.134479771834,785.8251089712139,-98945.69298871886,30145.52467418532,15516.274103079806,8644.509816401755,15516.274103079806,15516.274103079806,114758.99596920633,78317.96514263796,74216.905635732,86758.64377549686
2022-12-12,86913.83480555261,57440.63748477376,60978.237485648366,86913.83480555261,-577974.9790708288,-20895.278802516754,42636.06581744307,-1641.7031706724083,-101534.79208536493,28186.800143616158,15516.274103079806,8644.509816401755,15516.274103079806,15516.274103079806,115143.01101959124,78701.98019302287,74600.92068611691,87142.65882588178
2022-12-13,90236.98806084692,60763.79074006784,64301.39074094244,90236.98806084692,-574651.8258155345,-17572.125547222793,46031.43690891506,1825.8857569774846,-98080.89762426587,31498.348514657002,15516.274103079806,8644.509816401755,15516.274103079806,15516.274103079806,115298.45739030349,78857.42656373512,74756.36705682916,87298.10519659403
2022-12-14,91841.4247243714,62368.22740359302,65905.82740446762,91841.4247243714,-573047.3891520093,-15967.68888369773,47574.416392156156,3307.40805993462,-97501.69834048906,32336.463593360037,15516.274103079806,8644.509816401755,15516.274103079806,15516.274103079806,115026.25910714478,78585.22828057641,74484.16877367045,87025.90691343532
2022-12-15,91689.63141175988,62216.43409098196,65754.03409185656,91689.63141175988,-573199.1824646201,-16119.482196308672,47188.99233048363,2688.3532492006198,-97243.67099276977,32984.23143754597,15516.274103079806,8644.509816401755,15516.274103079806,15516.274103079806,114918.9643254201,78477.93349885172,74376.87399194576,86918.61213171063
2022-12-16,93019.8010165249,63546.603695746744,67084.20369662135,93019.8010165249,-571869.0128598551,-14789.31259154412,48409.1611303715,3798.521244211821,-96046.17716327799,34095.57440611534,15516.274103079806,8644.509816401755,15516.274103079806,15516.274103079806,114738.36844821135,78297.33762164298,74196.27811473701,86738.01625450188
2022-12-19,93019.8010165249,63546.603695746744,67084.20369662135,93019.8010165249,-571869.0128598551,-14789.31259154412,48409.1611303715,3798.521244211821,-96046.17716327799,34095.57440611534,15516.274103079806,8644.509816401755,15516.274103079806,15516.274103079806,114756.56434734003,78315.53352077166,74214.47401386569,86756.21215363056
2022-12-20,93019.8010165249,63546.603695746744,67084.20369662135,93019.8010165249,-571869.0128598551,-14789.31259154412,48409.1611303715,3798.521244211821,-96046.17716327799,34095.57440611534,15516.274103079806,8644.509816401755,15516.274103079806,15516.274103079806,114772.31983582373,78331.28900925536,74230.2295023494,86771.96764211426
2022-12-21,93019.8010165249,63546.603695746744,67084.20369662135,93019.8010165249,-571869.0128598551,-14789.31259154412,48409.1611303715,3798.521244211821,-96046.17716327799,34095.57440611534,15516.274103079806,8644.509816401755,15516.274103079806,15516.274103079806,114526.92174592777,78085.8909193594,73984.83141245344,86526.56955221831
2022-12-22,93019.8010165249,63546.603695746744,67084.20369662135,93019.8010165249,-571869.0128598551,-14789.31259154412,48409.1611303715,3798.521244211821,-96046.17716327799,34095.57440611534,15516.274103079806,8644.509816401755,15516.274103079806,15516.274103079806,114493.08930268977,78052.0584761214,73950.99896921543,86492.7371089803
2022-12-23,93019.8010165249,63546.603695746744,67084.20369662135,93019.8010165249,-571869.0128598551,-14789.31259154412,48409.1611303715,3798.521244211821,-96046.17716327799,34095.57440611534,15516.274103079806,8644.509816401755,15516.274103079806,15516.274103079806,114527.60505091073,78086.57422434236,73985.5147174364,86527.25285720127
2022-12-27,93019.8010165249,63546.603695746744,67084.20369662135,93019.8010165249,-571869.0128598551,-14789.31259154412,48409.1611303715,3798.521244211821,-96046.17716327799,34095.57440611534,15516.274103079806,8644.509816401755,15516.274103079806,15516.274103079806,114481.35542397434,78040.32459740597,73939.2650905,86481.00323026488
2022-12-28,93019.8010165249,63546.603695746744,67084.20369662135,93019.8010165249,-571869.0128598551,-14789.31259154412,48409.1611303715,3798.521244211821,-96046.17716327799,34095.57440611534,15516.274103079806,8644.509816401755,15516.274103079806,15516.274103079806,114558.86819964484,78117.83737307647,74016.77786617051,86558.51600593538
2022-12-29,93019.8010165249,63546.603695746744,67084.20369662135,93019.8010165249,-571869.0128598551,-14789.31259154412,48409.1611303715,3798.521244211821,-96046.17716327799,34095.57440611534,15516.274103079806,8644.509816401755,15516.274103079806,15516.274103079806,114547.43429903453,78106.40347246616,74005.3439655602,86547.08210532507
2022-12-30,93019.8010165249,63546.603695746744,67084.20369662135,93019.8010165249,-571869.0128598551,-14789.31259154412,48409.1611303715,3798.521244211821,-96046.17716327799,34095.57440611534,15516.274103079806,8644.509816401755,15516.274103079806,15516.274103079806,114563.53697364964,78122.50614708127,74021.4466401753,86563.18477994017
2023-01-03,93019.8010165249,63546.603695746744,67084.20369662135,93019.8010165249,-571869.0128598551,-14789.31259154412,48409.1611303715,3798.521244211821,-96046.17716327799,34095.57440611534,15516.274103079806,8644.509816401755,15516.274103079806,15516.274103079806,114474.20624983078,78033.17542326241,73932.11591635644,86473.85405612132
2023-01-04,93019.8010165249,63546.603695746744,67084.20369662135,93019.8010165249,-571869.0128598551,-14789.31259154412,48409.1611303715,3798.521244211821,-96046.17716327799,34095.57440611534,15516.274103079806,8644.509816401755,15516.274103079806,15516.274103079806,114370.5526422644,77929.52181569603,73828.46230879007,86370.20044855494
2023-01-05,93019.8010165249,63546.603695746744,67084.20369662135,93019.8010165249,-571869.0128598551,-14789.31259154412,48409.1611303715,3798.521244211821,-96046.17716327799,34095.57440611534,15516.274103079806,8644.509816401755,15516.274103079806,15516.274103079806,114329.83707322925,77888.80624666088,73787.74673975492,86329.48487951979
2023-01-06,93019.8010165249,63546.603695746744,67084.20369662135,93019.8010165249,-571869.0128598551,-14789.31259154412,48409.1611303715,3798.521244211821,-96046.17716327799,34095.57440611534,15516.274103079806,8644.509816401755,15516.274103079806,15516.274103079806,114214.93806419801,77773.90723762964,73672.84773072368,86214.58587048855
2023-01-09,93019.8010165249,63546.603695746744,67084.20369662135,93019.8010165249,-571869.0128598551,-14789.31259154412,48409.1611303715,3798.521244211821,-96046.17716327799,34095.57440611534,15516.274103079806,8644.509816401755,15516.274103079806,15516.274103079806,114193.45871572522,77752.42788915685,73651.36838225089,86193.10652201576
2023-01-10,93019.8010165249,63546.603695746744,67084.20369662135,93019.8010165249,-571869.0128598551,-14789.31259154412,48409.1611303715,3798.521244211821,-96046.17716327799,34095.57440611534,15516.274103079806,8644.509816401755,15516.274103079806,15516.274103079806,114169.73098581214,77728.70015924377,73627.64065233781,86169.37879210268
2023-01-11,93019.8010165249,63546.603695746744,67084.20369662135,93019.8010165249,-571869.0128598551,-14789.31259154412,48409.1611303715,3798.521244211821,-96046.17716327799,34095.57440611534,15516.274103079806,8644.509816401755,15516.274103079806,15516.274103079806,114127.02469319897,77685.9938666306,73584.93435972463,86126.6724994895
2023-01-12,93019.8010165249,63546.603695746744,67084.20369662135,93019.8010165249,-571869.0128598551,-14789.31259154412,48409.1611303715,3798.521244211821,-96046.17716327799,34095.57440611534,15516.274103079806,8644.509816401755,15516.274103079806,15516.274103079806,114170.29348591832,77729.26265934994,73628.20315244398,86169.94129220885
2023-01-13,93019.8010165249,63546.603695746744,67084.20369662135,93019.8010165249,-571869.0128598551,-14789.31259154412,48409.1611303715,3798.521244211821,-96046.17716327799,34095.57440611534,15516.274103079806,8644.509816401755,15516.274103079806,15516.274103079806,114130.39638478379,77689.36555821542,73588.30605130945,86130.04419107432
2023-01-17,93019.8010165249,63546.603695746744,67084.20369662135,93019.8010165249,-571869.0128598551,-14789.31259154412,48409.1611303715,3798.521244211821,-96046.17716327799,34095.57440611534,15516.274103079806,8644.509816401755,15516.274103079806,15516.274103079806,114169.9715774022,77728.94075083383,73627.88124392787,86169.61938369274
2023-01-18,93019.8010165249,63546.603695746744,67084.20369662135,93019.8010165249,-571869.0128598551,-14789.31259154412,48409.1611303715,3798.521244211821,-96046.17716327799,34095.57440611534,15516.274103079806,8644.509816401755,15516.274103079806,15516.274103079806,114145.80399096431,77704.77316439594,73603.71365748998,86145.45179725485
2023-01-19,93019.8010165249,63546.603695746744,67084.20369662135,93019.8010165249,-571869.0128598551,-14789.31259154412,48409.1611303715,3798.521244211821,-96046.17716327799,34095.57440611534,15516.274103079806,8644.509816401755,15516.274103079806,15516.274103079806,114228.70265076216,77787.67182419379,73686.61231728783,86228.3504570527
2023-01-20,93019.8010165249,63546.603695746744,67084.20369662135,93019.8010165249,-571869.0128598551,-14789.31259154412,48409.1611303715,3798.521244211821,-96046.17716327799,34095.57440611534,15516.274103079806,8644.509816401755,15516.274103079806,15516.274103079806,114249.45763845579,77808.42681188742,73707.36730498145,86249.10544474632
2023-01-23,93019.8010165249,63546.603695746744,67084.20369662135,93019.8010165249,-571869.0128598551,-14789.31259154412,48409.1611303715,3798.521244211821,-96046.17716327799,34095.57440611534,14378.88009772508,7507.115811047028,14378.88009772508,14378.88009772508,114440.55215827283,77999.52133170445,73898.46182479849,86440.19996456336
2023-01-24,93019.8010165249,63546.603695746744,67084.20369662135,93019.8010165249,-571869.0128598551,-14789.31259154412,48409.1611303715,3798.521244211821,-96046.17716327799,34095.57440611534,14385.170422389288,7513.406135711237,14385.170422389288,14385.170422389288,114706.19882491883,78265.16799835046,74164.1084914445,86705.84663120937
2023-01-25,93019.8010165249,63546.603695746744,67084.20369662135,93019.8010165249,-571869.0128598551,-14789.31259154412,48409.1611303715,3798.521244211821,-96046.17716327799,34095.57440611534,14146.680695785559,7274.916409107507,14146.680695785559,14146.680695785559,114562.03983444907,78121.0090078807,74019.94950097473,86561.6876407396
2023-01-26,93019.8010165249,63546.603695746744,67084.20369662135,93019.8010165249,-571869.0128598551,-14789.31259154412,48409.1611303715,3798.521244211821,-96046.17716327799,34095.57440611534,14761.642574864556,7889.8782881865045,14761.642574864556,14761.642574864556,114360.66587178037,77919.635045212,73818.57553830603,86360.3136780709
2023-01-27,93019.8010165249,63546.603695746744,67084.20369662135,93019.8010165249,-571869.0128598551,-14789.31259154412,48409.1611303715,3798.521244211821,-96046.17716327799,34095.57440611534,17284.484767173533,10412.720480495482,17284.484767173533,17284.484767173533,114331.01362223341,77889.98279566504,73788.92328875908,86330.66142852395
2023-01-30,93019.8010165249,63546.603695746744,67084.20369662135,93019.8010165249,-571869.0128598551,-14789.31259154412,48409.1611303715,3798.521244211821,-96046.17716327799,34095.57440611534,16979.557559739216,10107.793273061165,16979.557559739216,16979.557559739216,115242.3928312303,78801.36200466193,74700.30249775597,87242.04063752084
2023-01-31,93019.8010165249,63546.603695746744,67084.20369662135,93019.8010165249,-571869.0128598551,-14789.31259154412,48409.1611303715,3798.521244211821,-96046.17716327799,34095.57440611534,15258.086329350132,8386.32204267208,15258.086329350132,15258.086329350132,115581.77584389411,79140.74501732597,75039.68551041977,87581.42365018465
2023-02-01,93019.8010165249,63546.603695746744,67084.20369662135,93019.8010165249,-571869.0128598551,-14789.31259154412,48409.1611303715,3798.521244211821,-96046.17716327799,34095.57440611534,15233.289379055612,8361.52509237756,15233.289379055612,15233.289379055612,115511.70353505923,79070.67270849086,74969.6132015849,87511.35134134977
2023-02-02,93019.8010165249,63546.603695746744,67084.20369662135,93019.8010165249,-571869.0128598551,-14789.31259154412,48409.1611303715,3798.521244211821,-96046.17716327799,34095.57440611534,16655.161821215064,9783.397534537013,16655.161821215064,16655.161821215064,112543.09461358842,76102.06378702004,72001.00428011408,84542.74241987895
2023-02-03,93019.8010165249,63546.603695746744,67084.20369662135,93019.8010165249,-571869.0128598551,-14789.31259154412,48409.1611303715,3798.521244211821,-96046.17716327799,34095.57440611534,17334.381116421544,10462.616829743492,17334.381116421544,17334.381116421544,113961.69997199299,77520.66914542462,73419.60963851865,85961.34777828353
2023-02-06,93019.8010165249,63546.603695746744,67084.20369662135,93019.8010165249,-571869.0128598551,-14789.31259154412,48409.1611303715,3798.521244211821,-96046.17716327799,34095.57440611534,16595.338167847833,9723.573881169781,16595.338167847833,16595.338167847833,115651.81394708622,79210.78312051785,75109.72361361189,87651.46175337676
2023-02-07,93019.8010165249,63546.603695746744,67084.20369662135,93019.8010165249,-571869.0128598551,-14789.31259154412,48409.1611303715,3798.521244211821,-96046.17716327799,34095.57440611534,15763.750952708186,8891.986666030134,15763.750952708186,15763.750952708186,115385.03439919138,78944.00357262301,74842.94406571705,87384.68220548192
2023-02-08,93019.8010165249,63546.603695746744,67084.20369662135,93019.8010165249,-571869.0128598551,-14789.31259154412,48409.1611303715,3798.521244211821,-96046.17716327799,34095.57440611534,17597.97549685801,10726.211210179958,17597.97549685801,17597.97549685801,116585.09060736606,80144.05978079769,76043.00027389172,88584.7384136566
2023-02-09,93019.8010165249,63546.603695746744,67084.20369662135,93019.8010165249,-571869.0128598551,-14789.31259154412,48409.1611303715,3798.521244211821,-96046.17716327799,34095.57440611534,19234.54831274075,12362.784026062698,19234.54831274075,19234.54831274075,116517.42617644276,80076.3953498744,75975.33584296843,88517.0739827333
2023-02-10,93019.8010165249,63546.603695746744,67084.20369662135,93019.8010165249,-571869.0128598551,-14789.31259154412,48409.1611303715,3798.521244211821,-96046.17716327799,34095.57440611534,19992.023363234242,13120.25907655619,19992.023363234242,19992.023363234242,118120.35197350313,81679.32114693476,77578.2616400288,90119.99977979367
2023-02-13,93019.8010165249,63546.603695746744,67084.20369662135,93019.8010165249,-571869.0128598551,-14789.31259154412,48409.1611303715,3798.521244211821,-96046.17716327799,34095.57440611534,17140.058312502457,10268.294025824405,17140.058312502457,17140.058312502457,118907.18254342093,82466.15171685256,78365.0922099466,90906.83034971147
2023-02-14,93019.8010165249,63546.603695746744,67084.20369662135,93019.8010165249,-571869.0128598551,-14789.31259154412,48409.1611303715,3798.521244211821,-96046.17716327799,34095.57440611534,18871.204710595543,11999.440423917491,18871.204710595543,18871.204710595543,119214.5121479989,82773.48132143053,78672.42181452457,91214.15995428944
2023-02-15,93019.8010165249,63546.603695746744,67084.20369662135,93019.8010165249,-571869.0128598551,-14789.31259154412,48409.1611303715,3798.521244211821,-96046.17716327799,34095.57440611534,18132.771318104118,11261.007031426067,18132.771318104118,18132.771318104118,119453.7908843318,83012.76005776343,78911.70055085747,91453.43869062234
2023-02-16,93019.8010165249,63546.603695746744,67084.20369662135,93019.8010165249,-571869.0128598551,-14789.31259154412,48409.1611303715,3798.521244211821,-96046.17716327799,34095.57440611534,22626.731950129382,15754.96766345133,22626.731950129382,22626.731950129382,120173.12019055826,83732.08936398989,79631.02985708392,92172.7679968488
2023-02-17,93019.8010165249,63546.603695746744,67084.20369662135,93019.8010165249,-571869.0128598551,-14789.31259154412,48409.1611303715,3798.521244211821,-96046.17716327799,34095.57440611534,26055.007754202816,19183.243467524764,26055.007754202816,26055.007754202816,121461.68914482393,85020.65831825556,80919.5988113496,93461.33695111447
2023-02-21,93019.8010165249,63546.603695746744,67084.20369662135,93019.8010165249,-571869.0128598551,-14789.31259154412,48409.1611303715,3798.521244211821,-96046.17716327799,34095.57440611534,26055.007754202816,19183.243467524764,26055.007754202816,26055.007754202816,121496.94128102763,85055.91045445926,80954.85094755329,93496.58908731816
2023-02-22,93019.8010165249,63546.603695746744,67084.20369662135,93019.8010165249,-571869.0128598551,-14789.31259154412,48409.1611303715,3798.521244211821,-96046.17716327799,34095.57440611534,26055.007754202816,19183.243467524764,26055.007754202816,26055.007754202816,121590.9393498823,85149.90852331393,81048.84901640797,93590.58715617284
2023-02-23,93019.8010165249,63546.603695746744,67084.20369662135,93019.8010165249,-571869.0128598551,-14789.31259154412,48409.1611303715,3798.521244211821,-96046.17716327799,34095.57440611534,26055.007754202816,19183.243467524764,26055.007754202816,26055.007754202816,121677.41847609822,85236.38764952985,81135.32814262388,93677.06628238875
2023-02-24,93019.8010165249,63546.603695746744,67084.20369662135,93019.8010165249,-571869.0128598551,-14789.31259154412,48409.1611303715,3798.521244211821,-96046.17716327799,34095.57440611534,26055.007754202816,19183.243467524764,26055.007754202816,26055.007754202816,121038.16674957052,84597.13592300215,80496.07641609618,93037.81455586106
2023-02-27,93019.8010165249,63546.603695746744,67084.20369662135,93019.8010165249,-571869.0128598551,-14789.31259154412,48409.1611303715,3798.521244211821,-96046.17716327799,34095.57440611534,26055.007754202816,19183.243467524764,26055.007754202816,26055.007754202816,121555.11233806377,85114.0815114954,81013.02200458944,93554.76014435431
2023-02-28,93019.8010165249,63546.603695746744,67084.20369662135,93019.8010165249,-571869.0128598551,-14789.31259154412,48409.1611303715,3798.521244211821,-96046.17716327799,34095.57440611534,26055.007754202816,19183.243467524764,26055.007754202816,26055.007754202816,121730.89773791656,85289.86691134819,81188.80740444222,93730.5455442071
2023-03-01,93019.8010165249,63546.603695746744,67084.20369662135,93019.8010165249,-571869.0128598551,-14789.31259154412,48409.1611303715,3798.521244211821,-96046.17716327799,34095.57440611534,26055.007754202816,19183.243467524764,26055.007754202816,26055.007754202816,121201.89317824761,84760.86235167924,80659.80284477328,93201.54098453815
2023-03-02,93019.8010165249,63546.603695746744,67084.20369662135,93019.8010165249,-571869.0128598551,-14789.31259154412,48409.1611303715,3798.521244211821,-96046.17716327799,34095.57440611534,26055.007754202816,19183.243467524764,26055.007754202816,26055.007754202816,120902.77423213003,84461.74340556166,80360.6838986557,92902.42203842057
2023-03-03,93019.8010165249,63546.603695746744,67084.20369662135,93019.8010165249,-571869.0128598551,-14789.31259154412,48409.1611303715,3798.521244211821,-96046.17716327799,34095.57440611534,26055.007754202816,19183.243467524764,26055.007754202816,26055.007754202816,120911.19746883004,84470.16664226167,80369.1071353557,92910.84527512058
2023-03-06,93019.8010165249,63546.603695746744,67084.20369662135,93019.8010165249,-571869.0128598551,-14789.31259154412,48409.1611303715,3798.521244211821,-96046.17716327799,34095.57440611534,26055.007754202816,19183.243467524764,26055.007754202816,26055.007754202816,121552.63806937775,85111.60724280938,81010.54773590341,93552.28587566828
2023-03-07,93019.8010165249,63546.603695746744,67084.20369662135,93019.8010165249,-571869.0128598551,-14789.31259154412,48409.1611303715,3798.521244211821,-96046.17716327799,34095.57440611534,26055.007754202816,19183.243467524764,26055.007754202816,26055.007754202816,121336.28276442364,84895.25193785527,80794.1924309493,93335.93057071418
2023-03-08,93019.8010165249,63546.603695746744,67084.20369662135,93019.8010165249,-571869.0128598551,-14789.31259154412,48409.1611303715,3798.521244211821,-96046.17716327799,34095.57440611534,26055.007754202816,19183.243467524764,26055.007754202816,26055.007754202816,121489.18857402494,85048.15774745657,80947.09824055061,93488.83638031548
2023-03-09,93019.8010165249,63546.603695746744,67084.20369662135,93019.8010165249,-571869.0128598551,-14789.31259154412,48409.1611303715,3798.521244211821,-96046.17716327799,34095.57440611534,26055.007754202816,19183.243467524764,26055.007754202816,26055.007754202816,121542.16132966895,85101.13050310058,81000.07099619461,93541.80913595948
2023-03-10,93019.8010165249,63546.603695746744,67084.20369662135,93019.8010165249,-571869.0128598551,-14789.31259154412,48409.1611303715,3798.521244211821,-96046.17716327799,34095.57440611534,26055.007754202816,19183.243467524764,26055.007754202816,26055.007754202816,121471.60200292198,85030.57117635361,80929.51166944765,93471.24980921252
2023-03-13,93019.8010165249,63546.603695746744,67084.20369662135,93019.8010165249,-571869.0128598551,-14789.31259154412,48409.1611303715,3798.521244211821,-96046.17716327799,34095.57440611534,26055.007754202816,19183.243467524764,26055.007754202816,26055.007754202816,121864.86045580497,85423.8296292366,81322.77012233064,93864.5082620955
2023-03-14,93019.8010165249,63546.603695746744,67084.20369662135,93019.8010165249,-571869.0128598551,-14789.31259154412,48409.1611303715,3798.521244211821,-96046.17716327799,34095.57440611534,26055.007754202816,19183.243467524764,26055.007754202816,26055.007754202816,120885.31320276065,84444.28237619228,80343.22286928631,92884.96100905119
2023-03-15,93019.8010165249,63546.603695746744,67084.20369662135,93019.8010165249,-571869.0128598551,-14789.31259154412,48409.1611303715,3798.521244211821,-96046.17716327799,34095.57440611534,26055.007754202816,19183.243467524764,26055.007754202816,26055.007754202816,121705.55491851084,85264.52409194247,81163.4645850365,93705.20272480138
2023-03-16,93019.8010165249,63546.603695746744,67084.20369662135,93019.8010165249,-571869.0128598551,-14789.31259154412,48409.1611303715,3798.521244211821,-96046.17716327799,34095.57440611534,26055.007754202816,19183.243467524764,26055.007754202816,26055.007754202816,121224.83157633152,84783.80074976315,80682.74124285718,93224.47938262206
2023-03-17,93019.8010165249,63546.603695746744,67084.20369662135,93019.8010165249,-571869.0128598551,-14789.31259154412,48409.1611303715,3798.521244211821,-96046.17716327799,34095.57440611534,26055.007754202816,19183.243467524764,26055.007754202816,26055.007754202816,121904.38980140327,85463.3589748349,81362.29946792894,93904.03760769381
2023-03-20,92934.503691538,63461.30637075985,66998.90637163445,92934.503691538,-571954.310184842,-14874.609916530899,48323.863805384724,3713.2239192250418,-96171.35594887461,33976.73611704435,26055.007754202816,19183.243467524764,26055.007754202816,26055.007754202816,122029.20146724,85588.17064067163,81487.11113376566,94028.84927353053
2023-03-21,92788.89469499676,63315.69737421861,66853.29737509321,92788.89469499676,-572099.9191813833,-15020.218913072371,48178.25480884325,3567.6149226835696,-95128.88669543131,35854.45978707203,26055.007754202816,19183.243467524764,26055.007754202816,26055.007754202816,121855.86459073052,85414.83376416215,81313.77425725618,93855.51239702106
2023-03-22,93655.5520895042,64182.35476872604,67719.95476960065,93655.5520895042,-571233.2617868758,-14153.561518564704,49044.9122033508,4434.272317191237,-95045.12632282008,35309.4300629443,26055.007754202816,19183.243467524764,26055.007754202816,26055.007754202816,122247.1063917689,85806.07556520053,81705.01605829457,94246.75419805944
2023-03-23,92282.99126407574,62809.79394329758,66347.39394417219,92282.99126407574,-572605.8226123044,-15526.12234399328,47672.35137792234,3061.7114917626604,-95703.14661664853,34836.46293107874,26055.007754202816,19183.243467524764,26055.007754202816,26055.007754202816,122053.30929619726,85612.27846962889,81511.21896272292,94052.9571024878
2023-03-24,92631.15083468822,63157.95351391053,66695.55351478467,92631.15083468822,-572257.6630416916,-15177.962773380452,48018.27169315098,3405.392551607103,-95923.82767788484,35013.39408040617,26055.007754202816,19183.243467524764,26055.007754202816,26055.007754202816,122117.70940047246,85676.6785739041,81575.61906699813,94117.357206763
2023-03-27,93297.55390626122,63824.3565854833,67361.95658635767,93297.55390626122,-571591.2599701191,-14511.559701807448,48642.79948997055,3988.045073673362,-95347.88155849406,35674.20865842595,26055.007754202816,19183.243467524764,26055.007754202816,26055.007754202816,122358.73270012601,85917.70187355764,81816.64236665168,94358.38050641655
2023-03-28,93909.80338059668,64436.60605981946,67974.20606069313,93909.80338059668,-570979.0104957831,-13899.310227471404,49305.407864213455,4701.012347823242,-94802.29002376355,36144.36390772916,26055.007754202816,19183.243467524764,26055.007754202816,26055.007754202816,122426.88068930339,85985.84986273502,81884.79035582906,94426.52849559393
2023-03-29,93613.75499816565,64140.557677388424,67678.15767826233,93613.75499816565,-571275.0588782139,-14195.358609902323,48684.01498203282,3754.2749658927787,-95486.37387394381,35979.03111633833,26055.007754202816,19183.243467524764,26055.007754202816,26055.007754202816,122474.51589498227,86033.4850684139,81932.42556150793,94474.1637012728
2023-03-30,93145.51518377732,63672.31786300009,67209.917863874,93145.51518377732,-571743.2986926023,-14663.598424290889,48082.801918027806,3020.088652271428,-95871.95060760423,35635.089512977516,26055.007754202816,19183.243467524764,26055.007754202816,26055.007754202816,122493.51910664095,86052.48828007258,81951.42877316661,94493.16691293148
2023-03-31,93097.61048588878,63624.41316511179,67162.01316598547,93097.61048588878,-571791.2033904907,-14711.503122179536,47709.59030022577,2321.5701145560015,-95223.24829819135,36226.88226250769,26055.007754202816,19183.243467524764,26055.007754202816,26055.007754202816,122462.7936038163,86021.76277724793,81920.70327034197,94462.44141010684
2023-04-03,92689.60552280117,63216.40820202418,66754.00820289785,92689.60552280117,-572199.2083535788,-15119.508085267385,47341.08576876065,1992.5660147136077,-95557.89302519988,35814.244509635726,26055.007754202816,19183.243467524764,26055.007754202816,26055.007754202816,122767.23849511263,86326.20766854426,82225.1481616383,94766.88630140317
2023-04-04,92244.33499135636,62771.13767057937,66308.73767145304,92244.33499135636,-572644.4788850236,-15564.778616712545,46838.08743780514,1431.8398842476308,-96255.65361642279,35287.880541589344,26055.007754202816,19183.243467524764,26055.007754202816,26055.007754202816,122604.04064318212,86163.00981661375,82061.95030970778,94603.68844947265
2023-04-05,92508.14296231093,63034.94564153394,66572.54564240761,92508.14296231093,-572380.6709140695,-15300.970645757741,47074.80211226095,1641.4612622044515,-96427.63157267158,35197.15618527739,26055.007754202816,19183.243467524764,26055.007754202816,26055.007754202816,122567.8360413753,86126.80521480693,82025.74570790096,94567.48384766583
2023-04-06,92476.0061232869,63002.80880250991,66540.40880338359,92476.0061232869,-572412.8077530938,-15333.107484781765,47082.92269020807,1689.8392571225995,-96311.26165276591,35187.34254298988,26055.007754202816,19183.243467524764,26055.007754202816,26055.007754202816,122633.34071460343,86192.30988803506,82091.2503811291,94632.98852089397
2023-04-10,91310.83855355438,61837.64123277739,65375.24123365106,91310.83855355438,-573577.9753228268,-16498.275054515107,45926.853638969944,542.8687243795721,-97066.5602225177,34394.585440946394,26055.007754202816,19183.243467524764,26055.007754202816,26055.007754202816,123337.12131615821,86896.09048958984,82795.03098268388,95336.76912244875
2023-04-11,91147.42855761293,61674.23123683594,65211.831237709615,91147.42855761293,-573741.3853187683,-16661.6850504569,45770.354487451725,393.2804172850447,-97218.63488863118,34229.05642116512,26055.007754202816,19183.243467524764,26055.007754202816,26055.007754202816,123176.92572935391,86735.89490278554,82634.83539587958,95176.57353564445
2023-04-12,90437.12710089423,60963.929780117236,64501.52978099091,90437.12710089423,-574451.6867754867,-17371.98650717549,44955.13075234054,-526.8655962187331,-98143.82177293033,33529.08379687497,26055.007754202816,19183.243467524764,26055.007754202816,26055.007754202816,123194.51139036892,86753.48056380055,82652.42105689459,95194.15919665946
2023-04-13,90931.73242518632,61458.535104409326,64996.135105283,90931.73242518632,-573957.0814511948,-16877.3811828834,45790.261877855286,648.7913305187831,-96502.02954613056,34388.54024389421,26055.007754202816,19183.243467524764,26055.007754202816,26055.007754202816,123311.509569661,86870.47874309262,82769.41923618666,95311.15737595153
2023-04-14,90940.44281521952,61467.245494442526,65004.8454953162,90940.44281521952,-573948.3710611615,-16868.670792850317,45735.517058600555,530.5913019763539,-96886.20562783384,34148.41600362363,26055.007754202816,19183.243467524764,26055.007754202816,26055.007754202816,123033.04886396369,86592.01803739532,82490.95853048936,95032.69667025423
2023-04-17,90446.65040721884,60973.45308644185,64511.05308731552,90446.65040721884,-574442.1634691624,-17362.463200850994,45333.68708464224,220.72376206051558,-97265.65532321797,33539.1262330506,26055.007754202816,19183.243467524764,26055.007754202816,26055.007754202816,123254.92723401077,86813.8964074424,82712.83690053644,95254.57504030131
2023-04-18,90403.9385532781,60930.74123250111,64468.341233374784,90403.9385532781,-574484.8753231035,-17405.17505479185,45314.60606914002,225.27358499681577,-97261.91857909155,33495.83473370387,26055.007754202816,19183.243467524764,26055.007754202816,26055.007754202816,123271.56650234247,86830.5356757741,82729.47616886813,95271.214308633
2023-04-19,90241.77548705228,60768.578166275285,64306.17816714896,90241.77548705228,-574647.0383893293,-17567.338121017558,45146.31907252793,50.86265799833927,-97437.75019765366,33332.913690612186,26055.007754202816,19183.243467524764,26055.007754202816,26055.007754202816,123520.09594268422,87079.06511611585,82978.00560920988,95519.74374897475
2023-04-20,88763.70088298665,59290.50356220966,62828.103563083336,88763.70088298665,-576125.1129933952,-19045.412725083646,43470.423382335575,-1822.8541183201596,-99397.28305464447,31800.323974990868,26055.007754202816,19183.243467524764,26055.007754202816,26055.007754202816,124550.28972496418,88109.25889839581,84008.19939148985,96549.93753125472
2023-04-21,88616.72853695042,59143.53121617343,62681.13121704711,88616.72853695042,-576272.0853394318,-19192.385071119643,43351.459299237584,-1913.8099384801462,-99203.06233401701,31904.229168202728,26055.007754202816,19183.243467524764,26055.007754202816,26055.007754202816,124402.62842782773,87961.59760125936,83860.5380943534,96402.27623411827
2023-04-24,88616.72853695042,59143.53121617343,62681.13121704711,88616.72853695042,-576272.0853394318,-19192.385071119643,43351.459299237584,-1913.8099384801462,-99203.06233401701,31904.229168202728,24452.401811946416,17580.637525268365,24452.401811946416,24452.401811946416,124958.93277936988,88517.9019528015,84416.84244589554,96958.58058566041
2023-04-25,88616.72853695042,59143.53121617343,62681.13121704711,88616.72853695042,-576272.0853394318,-19192.385071119643,43351.459299237584,-1913.8099384801462,-99203.06233401701,31904.229168202728,23553.875418814714,16682.111132136662,23553.875418814714,23553.875418814714,124532.23263309803,88091.20180652966,83990.1422996237,96531.88043938857
2023-04-26,88616.72853695042,59143.53121617343,62681.13121704711,88616.72853695042,-576272.0853394318,-19192.385071119643,43351.459299237584,-1913.8099384801462,-99203.06233401701,31904.229168202728,23628.64266457071,16756.87837789266,23628.64266457071,23628.64266457071,124136.05019392911,87695.01936736074,83593.95986045478,96135.69800021965
2023-04-27,88616.72853695042,59143.53121617343,62681.13121704711,88616.72853695042,-576272.0853394318,-19192.385071119643,43351.459299237584,-1913.8099384801462,-99203.06233401701,31904.229168202728,26036.099337469204,19164.335050791153,26036.099337469204,26036.099337469204,124003.06427419558,87562.03344762721,83460.97394072125,96002.71208048612
2023-04-28,88616.72853695042,59143.53121617343,62681.13121704711,88616.72853695042,-576272.0853394318,-19192.385071119643,43351.459299237584,-1913.8099384801462,-99203.06233401701,31904.229168202728,26173.518325307057,19301.754038629006,26173.518325307057,26173.518325307057,124201.98866845411,87760.95784188574,83659.89833497978,96201.63647474465
2023-05-01,88616.72853695042,59143.53121617343,62681.13121704711,88616.72853695042,-576272.0853394318,-19192.385071119643,43351.459299237584,-1913.8099384801462,-99203.06233401701,31904.229168202728,25687.90213531314,18816.137848635088,25687.90213531314,25687.90213531314,125102.91807408025,88661.88724751212,84560.82774060592,97102.56588037079
2023-05-02,88616.72853695042,59143.53121617343,62681.13121704711,88616.72853695042,-576272.0853394318,-19192.385071119643,43351.459299237584,-1913.8099384801462,-99203.06233401701,31904.229168202728,25753.79747902602,18882.033192347968,25753.79747902602,25753.79747902602,125024.94735918683,88583.91653261846,84482.8570257125,97024.59516547737
2023-05-03,88616.72853695042,59143.53121617343,62681.13121704711,88616.72853695042,-576272.0853394318,-19192.385071119643,43351.459299237584,-1913.8099384801462,-99203.06233401701,31904.229168202728,25996.0148471375,19124.250560459448,25996.0148471375,25996.0148471375,124233.464693469,87792.43386690062,83691.37435999466,96233.11249975953
2023-05-04,88616.72853695042,59143.53121617343,62681.13121704711,88616.72853695042,-576272.0853394318,-19192.385071119643,43351.459299237584,-1913.8099384801462,-99203.06233401701,31904.229168202728,25659.450346881174,18787.686060203123,25659.450346881174,25659.450346881174,123812.25576791703,87371.22494134866,83270.1654344427,95811.90357420756
2023-05-05,88616.72853695042,59143.53121617343,62681.13121704711,88616.72853695042,-576272.0853394318,-19192.385071119643,43351.459299237584,-1913.8099384801462,-99203.06233401701,31904.229168202728,27148.41233965743,20276.648052979377,27148.41233965743,27148.41233965743,125514.92746533034,89073.89663876197,84972.83713185601,97514.57527162088
2023-05-08,88616.72853695042,59143.53121617343,62681.13121704711,88616.72853695042,-576272.0853394318,-19192.385071119643,43351.459299237584,-1913.8099384801462,-99203.06233401701,31904.229168202728,26800.78156111436,19929.017274436308,26800.78156111436,26800.78156111436,126264.2351718049,89823.20434523653,85722.14483833057,98263.88297809544
2023-05-09,88616.72853695042,59143.53121617343,62681.13121704711,88616.72853695042,-576272.0853394318,-19192.385071119643,43351.459299237584,-1913.8099384801462,-99203.06233401701,31904.229168202728,26769.72204723407,19897.95776055602,26769.72204723407,26769.72204723407,126660.61100933235,90219.58018276398,86118.52067585802,98660.25881562289
2023-05-10,88616.72853695042,59143.53121617343,62681.13121704711,88616.72853695042,-576272.0853394318,-19192.385071119643,43351.459299237584,-1913.8099384801462,-99203.06233401701,31904.229168202728,28388.875932407682,21517.11164572963,28388.875932407682,28388.875932407682,126140.86074103927,89699.8299144709,85598.77040756494,98140.50854732981
2023-05-11,88616.72853695042,59143.53121617343,62681.13121704711,88616.72853695042,-576272.0853394318,-19192.385071119643,43351.459299237584,-1913.8099384801462,-99203.06233401701,31904.229168202728,30078.457212157315,23206.692925479263,30078.457212157315,30078.457212157315,124545.60091467272,88104.57008810434,84003.51058119838,96545.24872096325
2023-05-12,88616.72853695042,59143.53121617343,62681.13121704711,88616.72853695042,-576272.0853394318,-19192.385071119643,43351.459299237584,-1913.8099384801462,-99203.06233401701,31904.229168202728,30065.132909603068,23193.368622925016,30065.132909603068,30065.132909603068,125059.15083327866,88618.12000671029,84517.06049980433,97058.7986395692
2023-05-15,88616.72853695042,59143.53121617343,62681.13121704711,88616.72853695042,-576272.0853394318,-19192.385071119643,43351.459299237584,-1913.8099384801462,-99203.06233401701,31904.229168202728,29197.337246343493,22325.572959665442,29197.337246343493,29197.337246343493,126587.12382417917,90146.0929976108,86045.03349070484,98586.77163046971
2023-05-16,88616.72853695042,59143.53121617343,62681.13121704711,88616.72853695042,-576272.0853394318,-19192.385071119643,43351.459299237584,-1913.8099384801462,-99203.06233401701,31904.229168202728,29191.57767655002,22319.813389871968,29191.57767655002,29191.57767655002,124515.09477515542,88074.06394858705,83973.00444168109,96514.74258144596
2023-05-17,88616.72853695042,59143.53121617343,62681.13121704711,88616.72853695042,-576272.0853394318,-19192.385071119643,43351.459299237584,-1913.8099384801462,-99203.06233401701,31904.229168202728,30573.047608733294,23701.283322055242,30573.047608733294,30573.047608733294,124520.45803613844,88079.42720957007,83978.36770266411,96520.10584242898
2023-05-18,88616.72853695042,59143.53121617343,62681.13121704711,88616.72853695042,-576272.0853394318,-19192.385071119643,43351.459299237584,-1913.8099384801462,-99203.06233401701,31904.229168202728,33027.022506106645,26155.258219428593,33027.022506106645,33027.022506106645,123326.34940898651,86885.31858241814,82784.25907551218,95325.99721527705
2023-05-19,88616.72853695042,59143.53121617343,62681.13121704711,88616.72853695042,-576272.0853394318,-19192.385071119643,43351.459299237584,-1913.8099384801462,-99203.06233401701,31904.229168202728,32176.2914635177,25304.52717683965,32176.2914635177,32176.2914635177,123263.6206043209,86822.58977775252,82721.53027084656,95263.26841061143
2023-05-22,88616.72853695042,59143.53121617343,62681.13121704711,88616.72853695042,-576272.0853394318,-19192.385071119643,43351.459299237584,-1913.8099384801462,-99203.06233401701,31904.229168202728,31983.53560899885,25111.771322320797,31983.53560899885,31983.53560899885,123350.03141866834,86909.00059209997,82807.941085194,95349.67922495888
2023-05-23,88616.72853695042,59143.53121617343,62681.13121704711,88616.72853695042,-576272.0853394318,-19192.385071119643,43351.459299237584,-1913.8099384801462,-99203.06233401701,31904.229168202728,32234.61561143666,25362.85132475861,32234.61561143666,32234.61561143666,123360.55576320575,86919.52493663738,82818.46542973141,95360.20356949628
2023-05-24,88616.72853695042,59143.53121617343,62681.13121704711,88616.72853695042,-576272.0853394318,-19192.385071119643,43351.459299237584,-1913.8099384801462,-99203.06233401701,31904.229168202728,31009.418770314544,24137.654483636492,31009.418770314544,31009.418770314544,123326.53580931388,86885.50498274551,82784.44547583954,95326.18361560442
2023-05-25,88616.72853695042,59143.53121617343,62681.13121704711,88616.72853695042,-576272.0853394318,-19192.385071119643,43351.459299237584,-1913.8099384801462,-99203.06233401701,31904.229168202728,37045.89472324622,30174.13043656817,37045.89472324622,37045.89472324622,123351.74702897482,86910.71620240645,82809.65669550048,95351.39483526535
2023-05-26,88616.72853695042,59143.53121617343,62681.13121704711,88616.72853695042,-576272.0853394318,-19192.385071119643,43351.459299237584,-1913.8099384801462,-99203.06233401701,31904.229168202728,43052.31924257148,36180.55495589343,43052.31924257148,43052.31924257148,123381.11208152748,86940.0812549591,82839.02174805314,95380.75988781801
2023-05-30,88616.72853695042,59143.53121617343,62681.13121704711,88616.72853695042,-576272.0853394318,-19192.385071119643,43351.459299237584,-1913.8099384801462,-99203.06233401701,31904.229168202728,42720.096339398646,35848.332052720594,42720.096339398646,42720.096339398646,123511.99078410654,87070.95995753817,82969.90045063221,95511.63859039708
2023-05-31,88616.72853695042,59143.53121617343,62681.13121704711,88616.72853695042,-576272.0853394318,-19192.385071119643,43351.459299237584,-1913.8099384801462,-99203.06233401701,31904.229168202728,43634.92187783099,36763.157591152936,43634.92187783099,43634.92187783099,123531.0591158471,87090.02828927874,82988.96878237277,95530.70692213764
2023-06-01,88616.72853695042,59143.53121617343,62681.13121704711,88616.72853695042,-576272.0853394318,-19192.385071119643,43351.459299237584,-1913.8099384801462,-99203.06233401701,31904.229168202728,44720.04707606055,37848.2827893825,44720.04707606055,44720.04707606055,123793.91156335664,87352.88073678827,83251.8212298823,95793.55936964718
2023-06-02,88616.72853695042,59143.53121617343,62681.13121704711,88616.72853695042,-576272.0853394318,-19192.385071119643,43351.459299237584,-1913.8099384801462,-99203.06233401701,31904.229168202728,44323.734280169476,37451.969993491424,44323.734280169476,44323.734280169476,123970.88752757944,87529.85670101107,83428.79719410511,95970.53533386998
2023-06-05,88616.72853695042,59143.53121617343,62681.13121704711,88616.72853695042,-576272.0853394318,-19192.385071119643,43351.459299237584,-1913.8099384801462,-99203.06233401701,31904.229168202728,44008.31192581728,37136.54763913923,44008.31192581728,44008.31192581728,124249.3689958048,87808.33816923643,83707.27866233047,96249.01680209534
2023-06-06,88616.72853695042,59143.53121617343,62681.13121704711,88616.72853695042,-576272.0853394318,-19192.385071119643,43351.459299237584,-1913.8099384801462,-99203.06233401701,31904.229168202728,44744.04021909984,37872.27593242179,44744.04021909984,44744.04021909984,124215.62090299954,87774.59007643117,83673.5305695252,96215.26870929007
2023-06-07,88616.72853695042,59143.53121617343,62681.13121704711,88616.72853695042,-576272.0853394318,-19192.385071119643,43351.459299237584,-1913.8099384801462,-99203.06233401701,31904.229168202728,45881.10005718761,39009.335770509555,45881.10005718761,45881.10005718761,124374.62397132558,87933.59314475721,83832.53363785124,96374.27177761612
2023-06-08,88616.72853695042,59143.53121617343,62681.13121704711,88616.72853695042,-576272.0853394318,-19192.385071119643,43351.459299237584,-1913.8099384801462,-99203.06233401701,31904.229168202728,45769.21206365677,38897.44777697872,45769.21206365677,45769.21206365677,124477.111238966,88036.08041239763,83935.02090549166,96476.75904525653
2023-06-09,88616.72853695042,59143.53121617343,62681.13121704711,88616.72853695042,-576272.0853394318,-19192.385071119643,43351.459299237584,-1913.8099384801462,-99203.06233401701,31904.229168202728,45823.23397478787,38951.46968810982,45823.23397478787,45823.23397478787,124379.92047641822,87938.88964984985,83837.83014294389,96379.56828270876
2023-06-12,88616.72853695042,59143.53121617343,62681.13121704711,88616.72853695042,-576272.0853394318,-19192.385071119643,43351.459299237584,-1913.8099384801462,-99203.06233401701,31904.229168202728,44139.43340500374,37267.66911832569,44139.43340500374,44139.43340500374,124025.58902202058,87584.5581954522,83483.49868854624,96025.23682831111
2023-06-13,88616.72853695042,59143.53121617343,62681.13121704711,88616.72853695042,-576272.0853394318,-19192.385071119643,43351.459299237584,-1913.8099384801462,-99203.06233401701,31904.229168202728,44877.311058085645,38005.54677140759,44877.311058085645,44877.311058085645,124102.05847280333,87661.02764623496,83559.968139329,96101.70627909387
2023-06-14,88616.72853695042,59143.53121617343,62681.13121704711,88616.72853695042,-576272.0853394318,-19192.385071119643,43351.459299237584,-1913.8099384801462,-99203.06233401701,31904.229168202728,46168.54998532904,39296.78569865099,46168.54998532904,46168.54998532904,123964.18860406592,87523.15777749754,83422.09827059158,95963.83641035645
2023-06-15,88616.72853695042,59143.53121617343,62681.13121704711,88616.72853695042,-576272.0853394318,-19192.385071119643,43351.459299237584,-1913.8099384801462,-99203.06233401701,31904.229168202728,44919.215246484615,38047.45095980656,44919.215246484615,44919.215246484615,123603.2771038285,87162.24627726013,83061.18677035416,95602.92491011904
2023-06-16,88616.72853695042,59143.53121617343,62681.13121704711,88616.72853695042,-576272.0853394318,-19192.385071119643,43351.459299237584,-1913.8099384801462,-99203.06233401701,31904.229168202728,37667.35436804255,30795.5900813645,37667.35436804255,37667.35436804255,124022.96869012504,87581.93786355667,83480.8783566507,96022.61649641558
2023-06-20,88616.72853695042,59143.53121617343,62681.13121704711,88616.72853695042,-576272.0853394318,-19192.385071119643,43351.459299237584,-1913.8099384801462,-99203.06233401701,31904.229168202728,36940.51122229092,30068.74693561287,36940.51122229092,36940.51122229092,124057.85060744663,87616.81978087826,83515.7602739723,96057.49841373716
2023-06-21,88616.72853695042,59143.53121617343,62681.13121704711,88616.72853695042,-576272.0853394318,-19192.385071119643,43351.459299237584,-1913.8099384801462,-99203.06233401701,31904.229168202728,35327.16031054885,28455.396023870795,35327.16031054885,35327.16031054885,124073.54588382645,87632.51505725808,83531.45555035211,96073.19369011698
2023-06-22,88616.72853695042,59143.53121617343,62681.13121704711,88616.72853695042,-576272.0853394318,-19192.385071119643,43351.459299237584,-1913.8099384801462,-99203.06233401701,31904.229168202728,36390.396907013026,29518.632620334974,36390.396907013026,36390.396907013026,124055.66396361054,87614.63313704217,83513.5736301362,96055.31176990108
2023-06-23,88616.72853695042,59143.53121617343,62681.13121704711,88616.72853695042,-576272.0853394318,-19192.385071119643,43351.459299237584,-1913.8099384801462,-99203.06233401701,31904.229168202728,35512.89648163144,28641.13219495339,35512.89648163144,35512.89648163144,123937.26880817651,87496.23798160814,83395.17847470217,95936.91661446705
2023-06-26,88616.72853695042,59143.53121617343,62681.13121704711,88616.72853695042,-576272.0853394318,-19192.385071119643,43351.459299237584,-1913.8099384801462,-99203.06233401701,31904.229168202728,33483.463248133194,26611.698961455142,33483.463248133194,33483.463248133194,124004.34922809293,87563.31840152456,83462.2588946186,96003.99703438347
2023-06-27,88616.72853695042,59143.53121617343,62681.13121704711,88616.72853695042,-576272.0853394318,-19192.385071119643,43351.459299237584,-1913.8099384801462,-99203.06233401701,31904.229168202728,34001.54601799615,27129.7817313181,34001.54601799615,34001.54601799615,124019.29023814923,87578.25941158086,83477.1999046749,96018.93804443977
2023-06-28,88616.72853695042,59143.53121617343,62681.13121704711,88616.72853695042,-576272.0853394318,-19192.385071119643,43351.459299237584,-1913.8099384801462,-99203.06233401701,31904.229168202728,33832.27796224307,26960.513675565016,33832.27796224307,33832.27796224307,124054.31222527963,87613.28139871126,83512.2218918053,96053.96003157017
2023-06-29,88616.72853695042,59143.53121617343,62681.13121704711,88616.72853695042,-576272.0853394318,-19192.385071119643,43351.459299237584,-1913.8099384801462,-99203.06233401701,31904.229168202728,33982.92559770541,27111.16131102736,33982.92559770541,33982.92559770541,124142.89872343652,87701.86789686815,83600.80838996219,96142.54652972706
2023-06-30,88616.72853695042,59143.53121617343,62681.13121704711,88616.72853695042,-576272.0853394318,-19192.385071119643,43351.459299237584,-1913.8099384801462,-99203.06233401701,31904.229168202728,33834.314298396115,26962.550011718064,33834.314298396115,33834.314298396115,124072.26141457376,87631.23058800539,83530.17108109943,96071.9092208643
2023-07-03,88616.72853695042,59143.53121617343,62681.13121704711,88616.72853695042,-576272.0853394318,-19192.385071119643,43351.459299237584,-1913.8099384801462,-99203.06233401701,31904.229168202728,33732.96707394312,26861.202787265065,33732.96707394312,33732.96707394312,124137.59645754145,87696.56563097308,83595.50612406712,96137.24426383199
2023-07-05,88616.72853695042,59143.53121617343,62681.13121704711,88616.72853695042,-576272.0853394318,-19192.385071119643,43351.459299237584,-1913.8099384801462,-99203.06233401701,31904.229168202728,33309.54989666096,26437.785609982908,33309.54989666096,33309.54989666096,124120.10106774303,87679.07024117466,83578.0107342687,96119.74887403357
2023-07-06,88616.72853695042,59143.53121617343,62681.13121704711,88616.72853695042,-576272.0853394318,-19192.385071119643,43351.459299237584,-1913.8099384801462,-99203.06233401701,31904.229168202728,32309.84537609038,25438.081089412328,32309.84537609038,32309.84537609038,124072.04438252375,87631.01355595537,83529.95404904941,96071.69218881428
2023-07-07,88616.72853695042,59143.53121617343,62681.13121704711,88616.72853695042,-576272.0853394318,-19192.385071119643,43351.459299237584,-1913.8099384801462,-99203.06233401701,31904.229168202728,31869.666778568877,24997.902491890825,31869.666778568877,31869.666778568877,124039.58934572013,87598.55851915176,83497.4990122458,96039.23715201067
2023-07-10,88616.72853695042,59143.53121617343,62681.13121704711,88616.72853695042,-576272.0853394318,-19192.385071119643,43351.459299237584,-1913.8099384801462,-99203.06233401701,31904.229168202728,31290.22925662354,24418.46496994549,31290.22925662354,31290.22925662354,124205.83456970495,87764.80374313658,83663.74423623062,96205.48237599549
2023-07-11,88616.72853695042,59143.53121617343,62681.13121704711,88616.72853695042,-576272.0853394318,-19192.385071119643,43351.459299237584,-1913.8099384801462,-99203.06233401701,31904.229168202728,32501.498443042045,25629.734156363993,32501.498443042045,32501.498443042045,124296.15811256133,87855.12728599296,83754.067779087,96295.80591885187
2023-07-12,88616.72853695042,59143.53121617343,62681.13121704711,88616.72853695042,-576272.0853394318,-19192.385071119643,43351.459299237584,-1913.8099384801462,-99203.06233401701,31904.229168202728,34231.02417739364,27359.25989071559,34231.02417739364,34231.02417739364,124323.3048318841,87882.27400531573,83781.21449840977,96322.95263817464
2023-07-13,88616.72853695042,59143.53121617343,62681.13121704711,88616.72853695042,-576272.0853394318,-19192.385071119643,43351.459299237584,-1913.8099384801462,-99203.06233401701,31904.229168202728,35279.49168294878,28407.727396270726,35279.49168294878,35279.49168294878,124293.12920959899,87852.09838303062,83751.03887612466,96292.77701588953
2023-07-14,88616.72853695042,59143.53121617343,62681.13121704711,88616.72853695042,-576272.0853394318,-19192.385071119643,43351.459299237584,-1913.8099384801462,-99203.06233401701,31904.229168202728,35907.4443837679,29035.680097089848,35907.4443837679,35907.4443837679,124341.95789615321,87900.92706958484,83799.86756267888,96341.60570244375
2023-07-17,88616.72853695042,59143.53121617343,62681.13121704711,88616.72853695042,-576272.0853394318,-19192.385071119643,43351.459299237584,-1913.8099384801462,-99203.06233401701,31904.229168202728,35983.58752844285,29111.823241764796,35983.58752844285,35983.58752844285,124469.50255007949,88028.47172351112,83927.41221660515,96469.15035637002
2023-07-18,88616.72853695042,59143.53121617343,62681.13121704711,88616.72853695042,-576272.0853394318,-19192.385071119643,43351.459299237584,-1913.8099384801462,-99203.06233401701,31904.229168202728,36144.7043481624,29272.940061484347,36144.7043481624,36144.7043481624,124477.22596941469,88036.19514284632,83935.13563594036,96476.87377570523
2023-07-19,88616.72853695042,59143.53121617343,62681.13121704711,88616.72853695042,-576272.0853394318,-19192.385071119643,43351.459299237584,-1913.8099384801462,-99203.06233401701,31904.229168202728,36952.48634662398,30080.722059945925,36952.48634662398,36952.48634662398,124569.27205016464,88128.24122359627,84027.1817166903,96568.91985645518
2023-07-20,88616.72853695042,59143.53121617343,62681.13121704711,88616.72853695042,-576272.0853394318,-19192.385071119643,43351.459299237584,-1913.8099384801462,-99203.06233401701,31904.229168202728,38623.9991755028,31752.23488882475,38623.9991755028,38623.9991755028,124403.36149202916,87962.33066546079,83861.27115855482,96403.0092983197
2023-07-21,88616.72853695042,59143.53121617343,62681.13121704711,88616.72853695042,-576272.0853394318,-19192.385071119643,43351.459299237584,-1913.8099384801462,-99203.06233401701,31904.229168202728,38553.630522137275,31681.866235459223,38553.630522137275,38553.630522137275,124604.50157145341,88163.47074488504,84062.41123797907,96604.14937774395
2023-07-24,88616.72853695042,59143.53121617343,62681.13121704711,88616.72853695042,-576272.0853394318,-19192.385071119643,43351.459299237584,-1913.8099384801462,-99203.06233401701,31904.229168202728,37920.357130831224,31048.592844153172,37920.357130831224,37920.357130831224,125342.29203372006,88901.26120715169,84800.20170024573,97341.9398400106
2023-07-25,88616.72853695042,59143.53121617343,62681.13121704711,88616.72853695042,-576272.0853394318,-19192.385071119643,43351.459299237584,-1913.8099384801462,-99203.06233401701,31904.229168202728,37295.65436053544,30423.890073857387,37295.65436053544,37295.65436053544,124907.10297106393,88466.07214449556,84365.01263758959,96906.75077735446
2023-07-26,88616.72853695042,59143.53121617343,62681.13121704711,88616.72853695042,-576272.0853394318,-19192.385071119643,43351.459299237584,-1913.8099384801462,-99203.06233401701,31904.229168202728,39782.4880473275,32910.723760649445,39782.4880473275,39782.4880473275,124728.99128950224,88287.96046293387,84186.90095602791,96728.63909579278
2023-07-27,88616.72853695042,59143.53121617343,62681.13121704711,88616.72853695042,-576272.0853394318,-19192.385071119643,43351.459299237584,-1913.8099384801462,-99203.06233401701,31904.229168202728,40804.37030142336,33932.60601474531,40804.37030142336,40804.37030142336,124436.37985043996,87995.34902387159,83894.28951696563,96436.0276567305
2023-07-28,88616.72853695042,59143.53121617343,62681.13121704711,88616.72853695042,-576272.0853394318,-19192.385071119643,43351.459299237584,-1913.8099384801462,-99203.06233401701,31904.229168202728,43782.491331343655,36910.727044665604,43782.491331343655,43782.491331343655,124097.90673792921,87656.87591136084,83555.81640445488,96097.55454421975
2023-07-31,88616.72853695042,59143.53121617343,62681.13121704711,88616.72853695042,-576272.0853394318,-19192.385071119643,43351.459299237584,-1913.8099384801462,-99203.06233401701,31904.229168202728,42975.3675007174,36103.60321403935,42975.3675007174,42975.3675007174,125630.19119412173,89189.16036755336,85088.10086064739,97629.83900041226
2023-08-01,88616.72853695042,59143.53121617343,62681.13121704711,88616.72853695042,-576272.0853394318,-19192.385071119643,43351.459299237584,-1913.8099384801462,-99203.06233401701,31904.229168202728,42828.895272830036,35957.130986151984,42828.895272830036,42828.895272830036,125900.66598268063,89459.63515611226,85358.5756492063,97900.31378897117
2023-08-02,88616.72853695042,59143.53121617343,62681.13121704711,88616.72853695042,-576272.0853394318,-19192.385071119643,43351.459299237584,-1913.8099384801462,-99203.06233401701,31904.229168202728,40870.85645829444,33999.09217161639,40870.85645829444,40870.85645829444,126125.64598369901,89684.61515713064,85583.55565022468,98125.29378998955
2023-08-03,88616.72853695042,59143.53121617343,62681.13121704711,88616.72853695042,-576272.0853394318,-19192.385071119643,43351.459299237584,-1913.8099384801462,-99203.06233401701,31904.229168202728,40848.06744899042,33976.30316231237,40848.06744899042,40848.06744899042,125048.27203976759,88607.24121319922,84506.18170629325,97047.91984605812
2023-08-04,88616.72853695042,59143.53121617343,62681.13121704711,88616.72853695042,-576272.0853394318,-19192.385071119643,43351.459299237584,-1913.8099384801462,-99203.06233401701,31904.229168202728,40131.471686922014,33259.70740024396,40131.471686922014,40131.471686922014,124368.47523955489,87927.44441298652,83826.38490608055,96368.12304584542
2023-08-07,88616.72853695042,59143.53121617343,62681.13121704711,88616.72853695042,-576272.0853394318,-19192.385071119643,43351.459299237584,-1913.8099384801462,-99203.06233401701,31904.229168202728,39790.25556067075,32918.491273992695,39790.25556067075,39790.25556067075,124716.66004339815,88275.62921682978,84174.56970992382,96716.30784968869
2023-08-08,88616.72853695042,59143.53121617343,62681.13121704711,88616.72853695042,-576272.0853394318,-19192.385071119643,43351.459299237584,-1913.8099384801462,-99203.06233401701,31904.229168202728,41306.9534319822,34435.189145304146,41306.9534319822,41306.9534319822,124250.63014000631,87809.59931343794,83708.53980653198,96250.27794629685
2023-08-09,88616.72853695042,59143.53121617343,62681.13121704711,88616.72853695042,-576272.0853394318,-19192.385071119643,43351.459299237584,-1913.8099384801462,-99203.06233401701,31904.229168202728,41178.00643905881,34306.24215238076,41178.00643905881,41178.00643905881,125539.06137046381,89098.03054389544,84996.97103698947,97538.70917675435
2023-08-10,88616.72853695042,59143.53121617343,62681.13121704711,88616.72853695042,-576272.0853394318,-19192.385071119643,43351.459299237584,-1913.8099384801462,-99203.06233401701,31904.229168202728,40639.08930445544,33767.32501777739,40639.08930445544,40639.08930445544,125519.31193589699,89078.28110932861,84977.22160242265,97518.95974218752
2023-08-11,88616.72853695042,59143.53121617343,62681.13121704711,88616.72853695042,-576272.0853394318,-19192.385071119643,43351.459299237584,-1913.8099384801462,-99203.06233401701,31904.229168202728,41244.62372757599,34372.85944089794,41244.62372757599,41244.62372757599,125222.1251403899,88781.09431382152,84680.03480691556,97221.77294668043
2023-08-14,88616.72853695042,59143.53121617343,62681.13121704711,88616.72853695042,-576272.0853394318,-19192.385071119643,43351.459299237584,-1913.8099384801462,-99203.06233401701,31904.229168202728,39989.8602319475,33118.09594526945,39989.8602319475,39989.8602319475,126601.58628519927,90160.5554586309,86059.49595172494,98601.23409148981
2023-08-15,88616.72853695042,59143.53121617343,62681.13121704711,88616.72853695042,-576272.0853394318,-19192.385071119643,43351.459299237584,-1913.8099384801462,-99203.06233401701,31904.229168202728,39694.9319640646,32823.16767738655,39694.9319640646,39694.9319640646,126044.7235641894,89603.69273762102,85502.63323071506,98044.37137047993
2023-08-16,88616.72853695042,59143.53121617343,62681.13121704711,88616.72853695042,-576272.0853394318,-19192.385071119643,43351.459299237584,-1913.8099384801462,-99203.06233401701,31904.229168202728,40067.108641440864,33195.34435476281,40067.108641440864,40067.108641440864,125962.75653526862,89521.72570870025,85420.66620179429,97962.40434155916
2023-08-17,88616.72853695042,59143.53121617343,62681.13121704711,88616.72853695042,-576272.0853394318,-19192.385071119643,43351.459299237584,-1913.8099384801462,-99203.06233401701,31904.229168202728,40376.80840386136,33505.04411718331,40376.80840386136,40376.80840386136,124324.69320180733,87883.66237523896,83782.602868333,96324.34100809786
2023-08-18,88616.72853695042,59143.53121617343,62681.13121704711,88616.72853695042,-576272.0853394318,-19192.385071119643,43351.459299237584,-1913.8099384801462,-99203.06233401701,31904.229168202728,40027.48909564945,33155.7248089714,40027.48909564945,40027.48909564945,124843.604818617,88402.57399204862,84301.51448514266,96843.25262490753
2023-08-21,88616.72853695042,59143.53121617343,62681.13121704711,88616.72853695042,-576272.0853394318,-19192.385071119643,43351.459299237584,-1913.8099384801462,-99203.06233401701,31904.229168202728,40033.27423109743,33161.50994441938,40033.27423109743,40033.27423109743,124786.2592315008,88345.22840493242,84244.16889802646,96785.90703779133
2023-08-22,88616.72853695042,59143.53121617343,62681.13121704711,88616.72853695042,-576272.0853394318,-19192.385071119643,43351.459299237584,-1913.8099384801462,-99203.06233401701,31904.229168202728,39987.676246341085,33115.91195966303,39987.676246341085,39987.676246341085,124895.6428099894,88454.61198342103,84353.55247651506,96895.29061627993
2023-08-23,88616.72853695042,59143.53121617343,62681.13121704711,88616.72853695042,-576272.0853394318,-19192.385071119643,43351.459299237584,-1913.8099384801462,-99203.06233401701,31904.229168202728,39828.99896769563,32957.23468101758,39828.99896769563,39828.99896769563,124748.90979962237,88307.878973054,84206.81946614804,96748.55760591291
2023-08-24,88616.72853695042,59143.53121617343,62681.13121704711,88616.72853695042,-576272.0853394318,-19192.385071119643,43351.459299237584,-1913.8099384801462,-99203.06233401701,31904.229168202728,39110.37112181203,32238.606835133978,39110.37112181203,39110.37112181203,125077.24247453152,88636.21164796315,84535.15214105719,97076.89028082206
2023-08-25,88616.72853695042,59143.53121617343,62681.13121704711,88616.72853695042,-576272.0853394318,-19192.385071119643,43351.459299237584,-1913.8099384801462,-99203.06233401701,31904.229168202728,39906.11776512524,33034.353478447185,39906.11776512524,39906.11776512524,125297.20841955347,88856.1775929851,84755.11808607914,97296.856225844
2023-08-28,88616.72853695042,59143.53121617343,62681.13121704711,88616.72853695042,-576272.0853394318,-19192.385071119643,43351.459299237584,-1913.8099384801462,-99203.06233401701,31904.229168202728,38935.49003271165,32063.725746033597,38935.49003271165,38935.49003271165,125335.57318007061,88894.54235350224,84793.48284659628,97335.22098636115
2023-08-29,88616.72853695042,59143.53121617343,62681.13121704711,88616.72853695042,-576272.0853394318,-19192.385071119643,43351.459299237584,-1913.8099384801462,-99203.06233401701,31904.229168202728,36781.06747336674,29909.30318668869,36781.06747336674,36781.06747336674,125008.33577044914,88567.30494388076,84466.2454369748,97007.98357673967
2023-08-30,88616.72853695042,59143.53121617343,62681.13121704711,88616.72853695042,-576272.0853394318,-19192.385071119643,43351.459299237584,-1913.8099384801462,-99203.06233401701,31904.229168202728,36024.21563944558,29152.45135276753,36024.21563944558,36024.21563944558,124944.60839767451,88503.57757110614,84402.51806420018,96944.25620396505
2023-08-31,88616.72853695042,59143.53121617343,62681.13121704711,88616.72853695042,-576272.0853394318,-19192.385071119643,43351.459299237584,-1913.8099384801462,-99203.06233401701,31904.229168202728,37718.81313497154,30847.04884829349,37718.81313497154,37718.81313497154,124734.66864408948,88293.63781752111,84192.57831061515,96734.31645038002
2023-09-01,88616.72853695042,59143.53121617343,62681.13121704711,88616.72853695042,-576272.0853394318,-19192.385071119643,43351.459299237584,-1913.8099384801462,-99203.06233401701,31904.229168202728,38128.17531768989,31256.41103101184,38128.17531768989,38128.17531768989,124818.65113330935,88377.62030674098,84276.56079983502,96818.29893959989
2023-09-05,88616.72853695042,59143.53121617343,62681.13121704711,88616.72853695042,-576272.0853394318,-19192.385071119643,43351.459299237584,-1913.8099384801462,-99203.06233401701,31904.229168202728,36851.72737132339,29979.963084645336,36851.72737132339,36851.72737132339,125138.0522890715,88697.02146250312,84595.96195559716,97137.70009536203
2023-09-06,88616.72853695042,59143.53121617343,62681.13121704711,88616.72853695042,-576272.0853394318,-19192.385071119643,43351.459299237584,-1913.8099384801462,-99203.06233401701,31904.229168202728,37508.752146088285,30636.987859410234,37508.752146088285,37508.752146088285,124998.30870650406,88557.27787993569,84456.21837302973,96997.9565127946
2023-09-07,88616.72853695042,59143.53121617343,62681.13121704711,88616.72853695042,-576272.0853394318,-19192.385071119643,43351.459299237584,-1913.8099384801462,-99203.06233401701,31904.229168202728,38490.06786498474,31618.303578306688,38490.06786498474,38490.06786498474,124904.30316503742,88463.27233846905,84362.21283156308,96903.95097132795
2023-09-08,88616.72853695042,59143.53121617343,62681.13121704711,88616.72853695042,-576272.0853394318,-19192.385071119643,43351.459299237584,-1913.8099384801462,-99203.06233401701,31904.229168202728,39742.69301613176,32870.928729453706,39742.69301613176,39742.69301613176,125099.71162227704,88658.68079570867,84557.62128880271,97099.35942856758
2023-09-11,88616.72853695042,59143.53121617343,62681.13121704711,88616.72853695042,-576272.0853394318,-19192.385071119643,43351.459299237584,-1913.8099384801462,-99203.06233401701,31904.229168202728,39461.549675026676,32589.785388348624,39461.549675026676,39461.549675026676,125562.8861371493,89121.85531058093,85020.79580367496,97562.53394343983
2023-09-12,88616.72853695042,59143.53121617343,62681.13121704711,88616.72853695042,-576272.0853394318,-19192.385071119643,43351.459299237584,-1913.8099384801462,-99203.06233401701,31904.229168202728,40179.37525355548,33307.61096687743,40179.37525355548,40179.37525355548,126409.15763765876,89968.12681109039,85867.06730418443,98408.8054439493
2023-09-13,88616.72853695042,59143.53121617343,62681.13121704711,88616.72853695042,-576272.0853394318,-19192.385071119643,43351.459299237584,-1913.8099384801462,-99203.06233401701,31904.229168202728,41045.105179868755,34173.3408931907,41045.105179868755,41045.105179868755,126736.6162207122,90295.58539414383,86194.52588723786,98736.26402700273
2023-09-14,88616.72853695042,59143.53121617343,62681.13121704711,88616.72853695042,-576272.0853394318,-19192.385071119643,43351.459299237584,-1913.8099384801462,-99203.06233401701,31904.229168202728,39610.42343902064,32738.65915234259,39610.42343902064,39610.42343902064,127262.20019846503,90821.16937189666,86720.10986499069,99261.84800475556
2023-09-15,88616.72853695042,59143.53121617343,62681.13121704711,88616.72853695042,-576272.0853394318,-19192.385071119643,43351.459299237584,-1913.8099384801462,-99203.06233401701,31904.229168202728,36888.322109910776,30016.557823232724,36888.322109910776,36888.322109910776,128305.18027623277,91864.1494496644,87763.08994275844,100304.82808252331
2023-09-18,88616.72853695042,59143.53121617343,62681.13121704711,88616.72853695042,-576272.0853394318,-19192.385071119643,43351.459299237584,-1913.8099384801462,-99203.06233401701,31904.229168202728,35896.08396013547,29024.319673457416,35896.08396013547,35896.08396013547,128331.35785373766,91890.32702716929,87789.26752026333,100331.0056600282
2023-09-19,88616.72853695042,59143.53121617343,62681.13121704711,88616.72853695042,-576272.0853394318,-19192.385071119643,43351.459299237584,-1913.8099384801462,-99203.06233401701,31904.229168202728,35544.62059366971,28672.856306991656,35544.62059366971,35544.62059366971,128337.96210636338,91896.93127979501,87795.87177288905,100337.60991265392
2023-09-20,88616.72853695042,59143.53121617343,62681.13121704711,88616.72853695042,-576272.0853394318,-19192.385071119643,43351.459299237584,-1913.8099384801462,-99203.06233401701,31904.229168202728,34577.07917019795,27705.314883519895,34577.07917019795,34577.07917019795,128352.74352478562,91911.71269821725,87810.65319131128,100352.39133107616
2023-09-21,88616.72853695042,59143.53121617343,62681.13121704711,88616.72853695042,-576272.0853394318,-19192.385071119643,43351.459299237584,-1913.8099384801462,-99203.06233401701,31904.229168202728,32921.03396530042,26049.269678622368,32921.03396530042,32921.03396530042,128322.88984540012,91881.85901883175,87780.79951192578,100322.53765169065
2023-09-22,88616.72853695042,59143.53121617343,62681.13121704711,88616.72853695042,-576272.0853394318,-19192.385071119643,43351.459299237584,-1913.8099384801462,-99203.06233401701,31904.229168202728,32932.06022315414,26060.29593647609,32932.06022315414,32932.06022315414,128302.2392996347,91861.20847306633,87760.14896616037,100301.88710592524
2023-09-25,88616.72853695042,59143.53121617343,62681.13121704711,88616.72853695042,-576272.0853394318,-19192.385071119643,43351.459299237584,-1913.8099384801462,-99203.06233401701,31904.229168202728,32502.90553852578,25631.14125184773,32502.90553852578,32502.90553852578,128331.78409363958,91890.75326707121,87789.69376016525,100331.43189993012
2023-09-26,88616.72853695042,59143.53121617343,62681.13121704711,88616.72853695042,-576272.0853394318,-19192.385071119643,43351.459299237584,-1913.8099384801462,-99203.06233401701,31904.229168202728,32232.299111480475,25360.534824802424,32232.299111480475,32232.299111480475,128379.42605050816,91938.39522393979,87837.33571703383,100379.0738567987
2023-09-27,88616.72853695042,59143.53121617343,62681.13121704711,88616.72853695042,-576272.0853394318,-19192.385071119643,43351.459299237584,-1913.8099384801462,-99203.06233401701,31904.229168202728,32499.54838146537,25627.78409478732,32499.54838146537,32499.54838146537,128353.29814167647,91912.2673151081,87811.20780820213,100352.945947967
2023-09-28,88616.72853695042,59143.53121617343,62681.13121704711,88616.72853695042,-576272.0853394318,-19192.385071119643,43351.459299237584,-1913.8099384801462,-99203.06233401701,31904.229168202728,32764.610512310406,25892.846225632355,32764.610512310406,32764.610512310406,128304.65281531145,91863.62198874308,87762.56248183711,100304.30062160199
2023-09-29,88616.72853695042,59143.53121617343,62681.13121704711,88616.72853695042,-576272.0853394318,-19192.385071119643,43351.459299237584,-1913.8099384801462,-99203.06233401701,31904.229168202728,32376.96027398156,25505.19598730351,32376.96027398156,32376.96027398156,128576.14115387364,92135.11032730527,88034.05082039931,100575.78896016418
2023-10-02,88616.72853695042,59143.53121617343,62681.13121704711,88616.72853695042,-576272.0853394318,-19192.385071119643,43351.459299237584,-1913.8099384801462,-99203.06233401701,31904.229168202728,32098.41905119538,25226.654764517327,32098.41905119538,32098.41905119538,128645.48193812859,92204.45111156022,88103.39160465426,100645.12974441913
2023-10-03,88616.72853695042,59143.53121617343,62681.13121704711,88616.72853695042,-576272.0853394318,-19192.385071119643,43351.459299237584,-1913.8099384801462,-99203.06233401701,31904.229168202728,31723.453950463096,24851.689663785044,31723.453950463096,31723.453950463096,128691.82797555462,92250.79714898625,88149.73764208029,100691.47578184516
2023-10-04,88616.72853695042,59143.53121617343,62681.13121704711,88616.72853695042,-576272.0853394318,-19192.385071119643,43351.459299237584,-1913.8099384801462,-99203.06233401701,31904.229168202728,31965.55753751041,25093.793250832357,31965.55753751041,31965.55753751041,128725.06245965557,92284.0316330872,88182.97212618124,100724.71026594611
2023-10-05,88616.72853695042,59143.53121617343,62681.13121704711,88616.72853695042,-576272.0853394318,-19192.385071119643,43351.459299237584,-1913.8099384801462,-99203.06233401701,31904.229168202728,31920.4950175666,25048.73073088855,31920.4950175666,31920.4950175666,128753.91051924019,92312.87969267182,88211.82018576586,100753.55832553073
2023-10-06,88616.72853695042,59143.53121617343,62681.13121704711,88616.72853695042,-576272.0853394318,-19192.385071119643,43351.459299237584,-1913.8099384801462,-99203.06233401701,31904.229168202728,32722.804331349325,25851.040044671274,32722.804331349325,32722.804331349325,128754.50902213878,92313.47819557041,88212.41868866445,100754.15682842932
2023-10-09,88616.72853695042,59143.53121617343,62681.13121704711,88616.72853695042,-576272.0853394318,-19192.385071119643,43351.459299237584,-1913.8099384801462,-99203.06233401701,31904.229168202728,32066.362035581027,25194.597748902976,32066.362035581027,32066.362035581027,128858.8405559035,92417.80972933513,88316.75022242917,100858.48836219404
2023-10-10,88616.72853695042,59143.53121617343,62681.13121704711,88616.72853695042,-576272.0853394318,-19192.385071119643,43351.459299237584,-1913.8099384801462,-99203.06233401701,31904.229168202728,31833.967422438902,24962.20313576085,31833.967422438902,31833.967422438902,128887.03055988834,92445.99973331997,88344.94022641401,100886.67836617888
2023-10-11,88616.72853695042,59143.53121617343,62681.13121704711,88616.72853695042,-576272.0853394318,-19192.385071119643,43351.459299237584,-1913.8099384801462,-99203.06233401701,31904.229168202728,32368.17251336982,25496.40822669177,32368.17251336982,32368.17251336982,128893.01969619212,92451.98886962375,88350.92936271778,100892.66750248265
2023-10-12,88616.72853695042,59143.53121617343,62681.13121704711,88616.72853695042,-576272.0853394318,-19192.385071119643,43351.459299237584,-1913.8099384801462,-99203.06233401701,31904.229168202728,32279.67148336128,25407.907196683227,32279.67148336128,32279.67148336128,128858.03934302111,92417.00851645274,88315.94900954678,100857.68714931165
2023-10-13,88616.72853695042,59143.53121617343,62681.13121704711,88616.72853695042,-576272.0853394318,-19192.385071119643,43351.459299237584,-1913.8099384801462,-99203.06233401701,31904.229168202728,31915.629821916693,25043.86553523864,31915.629821916693,31915.629821916693,128810.1563106319,92369.12548406352,88268.06597715756,100809.80411692243
2023-10-16,88616.72853695042,59143.53121617343,62681.13121704711,88616.72853695042,-576272.0853394318,-19192.385071119643,43351.459299237584,-1913.8099384801462,-99203.06233401701,31904.229168202728,31150.659965836792,24278.89567915874,31150.659965836792,31150.659965836792,128798.60548526933,92357.57465870096,88256.515151795,100798.25329155987
2023-10-17,88616.72853695042,59143.53121617343,62681.13121704711,88616.72853695042,-576272.0853394318,-19192.385071119643,43351.459299237584,-1913.8099384801462,-99203.06233401701,31904.229168202728,31178.55272330134,24306.78843662329,31178.55272330134,31178.55272330134,128770.73923671874,92329.70841015037,88228.64890324441,100770.38704300928
2023-10-18,88616.72853695042,59143.53121617343,62681.13121704711,88616.72853695042,-576272.0853394318,-19192.385071119643,43351.459299237584,-1913.8099384801462,-99203.06233401701,31904.229168202728,31315.278575024335,24443.514288346283,31315.278575024335,31315.278575024335,128646.38625556999,92205.35542900162,88104.29592209565,100646.03406186053
2023-10-19,88616.72853695042,59143.53121617343,62681.13121704711,88616.72853695042,-576272.0853394318,-19192.385071119643,43351.459299237584,-1913.8099384801462,-99203.06233401701,31904.229168202728,31338.771889878437,24467.007603200385,31338.771889878437,31338.771889878437,128700.030606983,92258.99978041463,88157.94027350866,100699.67841327353
2023-10-20,88616.72853695042,59143.53121617343,62681.13121704711,88616.72853695042,-576272.0853394318,-19192.385071119643,43351.459299237584,-1913.8099384801462,-99203.06233401701,31904.229168202728,33576.747976694605,26704.983690016554,33576.747976694605,33576.747976694605,128558.31795227015,92117.28712570178,88016.22761879582,100557.96575856069
2023-10-23,88616.72853695042,59143.53121617343,62681.13121704711,88616.72853695042,-576272.0853394318,-19192.385071119643,43351.459299237584,-1913.8099384801462,-99203.06233401701,31904.229168202728,32274.84357113007,25403.07928445202,32274.84357113007,32274.84357113007,129254.83731528209,92813.80648871372,88712.74698180775,101254.48512157262
2023-10-24,88616.72853695042,59143.53121617343,62681.13121704711,88616.72853695042,-576272.0853394318,-19192.385071119643,43351.459299237584,-1913.8099384801462,-99203.06233401701,31904.229168202728,32636.292131682043,25764.52784500399,32636.292131682043,32636.292131682043,128817.86773554608,92376.83690897771,88275.77740207175,100817.51554183662
2023-10-25,88616.72853695042,59143.53121617343,62681.13121704711,88616.72853695042,-576272.0853394318,-19192.385071119643,43351.459299237584,-1913.8099384801462,-99203.06233401701,31904.229168202728,30689.86701846379,23818.102731785737,30689.86701846379,30689.86701846379,128663.81667482061,92222.78584825224,88121.72634134628,100663.46448111115
2023-10-26,88616.72853695042,59143.53121617343,62681.13121704711,88616.72853695042,-576272.0853394318,-19192.385071119643,43351.459299237584,-1913.8099384801462,-99203.06233401701,31904.229168202728,29246.096755321836,22374.332468643785,29246.096755321836,29246.096755321836,128191.82108034217,91750.7902537738,87649.73074686783,100191.4688866327
2023-10-27,88616.72853695042,59143.53121617343,62681.13121704711,88616.72853695042,-576272.0853394318,-19192.385071119643,43351.459299237584,-1913.8099384801462,-99203.06233401701,31904.229168202728,29560.291538139107,22688.527251461055,29560.291538139107,29560.291538139107,127916.85099596414,91475.82016939577,87374.7606624898,99916.49880225467
2023-10-30,88616.72853695042,59143.53121617343,62681.13121704711,88616.72853695042,-576272.0853394318,-19192.385071119643,43351.459299237584,-1913.8099384801462,-99203.06233401701,31904.229168202728,29340.0365341563,22468.27224747825,29340.0365341563,29340.0365341563,129114.55853819172,92673.52771162335,88572.46820471738,101114.20634448226
2023-10-31,88616.72853695042,59143.53121617343,62681.13121704711,88616.72853695042,-576272.0853394318,-19192.385071119643,43351.459299237584,-1913.8099384801462,-99203.06233401701,31904.229168202728,29714.43610466004,22842.671817981987,29714.43610466004,29714.43610466004,127969.01057520206,91527.97974863369,87426.92024172773,99968.6583814926
2023-11-01,88616.72853695042,59143.53121617343,62681.13121704711,88616.72853695042,-576272.0853394318,-19192.385071119643,43351.459299237584,-1913.8099384801462,-99203.06233401701,31904.229168202728,30649.360474670888,23777.596187992836,30649.360474670888,30649.360474670888,126865.54747659969,90424.51665003132,86323.45714312536,98865.19528289023
2023-11-02,88616.72853695042,59143.53121617343,62681.13121704711,88616.72853695042,-576272.0853394318,-19192.385071119643,43351.459299237584,-1913.8099384801462,-99203.06233401701,31904.229168202728,30176.91981541156,23305.155528733507,30176.91981541156,30176.91981541156,125932.89616867225,89491.86534210388,85390.80583519791,97932.54397496278
2023-11-03,88616.72853695042,59143.53121617343,62681.13121704711,88616.72853695042,-576272.0853394318,-19192.385071119643,43351.459299237584,-1913.8099384801462,-99203.06233401701,31904.229168202728,29671.540543156443,22799.77625647839,29671.540543156443,29671.540543156443,125035.37218764587,88594.3413610775,84493.28185417154,97035.01999393641
2023-11-06,88616.72853695042,59143.53121617343,62681.13121704711,88616.72853695042,-576272.0853394318,-19192.385071119643,43351.459299237584,-1913.8099384801462,-99203.06233401701,31904.229168202728,28753.228502150974,21881.464215472923,28753.228502150974,28753.228502150974,126559.96820843732,90118.93738186895,86017.87787496299,98559.61601472786
2023-11-07,88616.72853695042,59143.53121617343,62681.13121704711,88616.72853695042,-576272.0853394318,-19192.385071119643,43351.459299237584,-1913.8099384801462,-99203.06233401701,31904.229168202728,28693.353096996667,21821.588810318615,28693.353096996667,28693.353096996667,126775.31740692095,90334.28658035258,86233.22707344661,98774.96521321149
2023-11-08,88616.72853695042,59143.53121617343,62681.13121704711,88616.72853695042,-576272.0853394318,-19192.385071119643,43351.459299237584,-1913.8099384801462,-99203.06233401701,31904.229168202728,28838.36910589307,21966.60481921502,28838.36910589307,28838.36910589307,127260.51550388057,90819.4846773122,86718.42517040623,99260.1633101711
2023-11-09,88616.72853695042,59143.53121617343,62681.13121704711,88616.72853695042,-576272.0853394318,-19192.385071119643,43351.459299237584,-1913.8099384801462,-99203.06233401701,31904.229168202728,28849.97904027265,21978.2147535946,28849.97904027265,28849.97904027265,126664.38675755332,90223.35593098495,86122.29642407899,98664.03456384386
2023-11-10,88616.72853695042,59143.53121617343,62681.13121704711,88616.72853695042,-576272.0853394318,-19192.385071119643,43351.459299237584,-1913.8099384801462,-99203.06233401701,31904.229168202728,29055.735487696948,22183.971201018896,29055.735487696948,29055.735487696948,127173.36833552225,90732.33750895387,86631.27800204791,99173.01614181278
2023-11-13,88616.72853695042,59143.53121617343,62681.13121704711,88616.72853695042,-576272.0853394318,-19192.385071119643,43351.459299237584,-1913.8099384801462,-99203.06233401701,31904.229168202728,27357.451365637127,20485.687078959076,27357.451365637127,27357.451365637127,127983.8115639349,91542.78073736653,87441.72123046056,99983.45937022544
2023-11-14,88616.72853695042,59143.53121617343,62681.13121704711,88616.72853695042,-576272.0853394318,-19192.385071119643,43351.459299237584,-1913.8099384801462,-99203.06233401701,31904.229168202728,26411.325177907245,19539.560891229194,26411.325177907245,26411.325177907245,127618.6408672072,91177.61004063883,87076.55053373287,99618.28867349774
2023-11-15,88616.72853695042,59143.53121617343,62681.13121704711,88616.72853695042,-576272.0853394318,-19192.385071119643,43351.459299237584,-1913.8099384801462,-99203.06233401701,31904.229168202728,27258.43463694863,20386.67035027058,27258.43463694863,27258.43463694863,127852.17373126838,91411.14290470001,87310.08339779405,99851.82153755892
2023-11-16,88616.72853695042,59143.53121617343,62681.13121704711,88616.72853695042,-576272.0853394318,-19192.385071119643,43351.459299237584,-1913.8099384801462,-99203.06233401701,31904.229168202728,27065.61611842632,20193.851831748267,27065.61611842632,27065.61611842632,126418.73882654402,89977.70799997565,85876.64849306969,98418.38663283456
2023-11-17,88616.72853695042,59143.53121617343,62681.13121704711,88616.72853695042,-576272.0853394318,-19192.385071119643,43351.459299237584,-1913.8099384801462,-99203.06233401701,31904.229168202728,25447.41465616913,18575.65036949108,25447.41465616913,25447.41465616913,126938.91845897934,90497.88763241097,86396.82812550501,98938.56626526988
2023-11-20,88616.72853695042,59143.53121617343,62681.13121704711,88616.72853695042,-576272.0853394318,-19192.385071119643,43351.459299237584,-1913.8099384801462,-99203.06233401701,31904.229168202728,24502.509743234725,17630.745456556673,24502.509743234725,24502.509743234725,127087.6959723325,90646.66514576413,86545.60563885816,99087.34377862304
2023-11-21,88616.72853695042,59143.53121617343,62681.13121704711,88616.72853695042,-576272.0853394318,-19192.385071119643,43351.459299237584,-1913.8099384801462,-99203.06233401701,31904.229168202728,24457.942780363373,17586.178493685322,24457.942780363373,24457.942780363373,127231.97550572595,90790.94467915758,86689.88517225161,99231.62331201648
2023-11-22,88616.72853695042,59143.53121617343,62681.13121704711,88616.72853695042,-576272.0853394318,-19192.385071119643,43351.459299237584,-1913.8099384801462,-99203.06233401701,31904.229168202728,24867.76340720523,17995.99912052718,24867.76340720523,24867.76340720523,127305.47471097484,90864.44388440647,86763.38437750051,99305.12251726538
2023-11-24,88616.72853695042,59143.53121617343,62681.13121704711,88616.72853695042,-576272.0853394318,-19192.385071119643,43351.459299237584,-1913.8099384801462,-99203.06233401701,31904.229168202728,24926.733830096317,18054.969543418265,24926.733830096317,24926.733830096317,127548.8888635661,91107.85803699773,87006.79853009176,99548.53666985664
2023-11-27,88616.72853695042,59143.53121617343,62681.13121704711,88616.72853695042,-576272.0853394318,-19192.385071119643,43351.459299237584,-1913.8099384801462,-99203.06233401701,31904.229168202728,23944.145843820996,17072.381557142944,23944.145843820996,23944.145843820996,127885.04384569265,91444.01301912428,87342.95351221832,99884.69165198319
2023-11-28,88616.72853695042,59143.53121617343,62681.13121704711,88616.72853695042,-576272.0853394318,-19192.385071119643,43351.459299237584,-1913.8099384801462,-99203.06233401701,31904.229168202728,24107.136210227036,17235.371923548984,24107.136210227036,24107.136210227036,127941.27112601441,91500.24029944604,87399.18079254008,99940.91893230495
2023-11-29,88616.72853695042,59143.53121617343,62681.13121704711,88616.72853695042,-576272.0853394318,-19192.385071119643,43351.459299237584,-1913.8099384801462,-99203.06233401701,31904.229168202728,23676.060378179536,16804.296091501485,23676.060378179536,23676.060378179536,128036.10683366843,91595.07600710005,87494.01650019409,100035.75463995896
2023-11-30,88616.72853695042,59143.53121617343,62681.13121704711,88616.72853695042,-576272.0853394318,-19192.385071119643,43351.459299237584,-1913.8099384801462,-99203.06233401701,31904.229168202728,25186.579675056273,18314.81538837822,25186.579675056273,25186.579675056273,127503.12766029639,91062.09683372802,86961.03732682206,99502.77546658693
2023-12-01,88616.72853695042,59143.53121617343,62681.13121704711,88616.72853695042,-576272.0853394318,-19192.385071119643,43351.459299237584,-1913.8099384801462,-99203.06233401701,31904.229168202728,25857.733737934846,18985.969451256795,25857.733737934846,25857.733737934846,127287.0738179693,90846.04299140093,86744.98348449497,99286.72162425984
2023-12-04,88616.72853695042,59143.53121617343,62681.13121704711,88616.72853695042,-576272.0853394318,-19192.385071119643,43351.459299237584,-1913.8099384801462,-99203.06233401701,31904.229168202728,26479.780994812027,19608.016708133975,26479.780994812027,26479.780994812027,127900.65290623903,91459.62207967066,87358.5625727647,99900.30071252957
2023-12-05,88616.72853695042,59143.53121617343,62681.13121704711,88616.72853695042,-576272.0853394318,-19192.385071119643,43351.459299237584,-1913.8099384801462,-99203.06233401701,31904.229168202728,26866.28131198499,19994.517025306937,26866.28131198499,26866.28131198499,127895.44900475978,91454.41817819141,87353.35867128544,99895.09681105032
2023-12-06,88616.72853695042,59143.53121617343,62681.13121704711,88616.72853695042,-576272.0853394318,-19192.385071119643,43351.459299237584,-1913.8099384801462,-99203.06233401701,31904.229168202728,27030.51167555037,20158.747388872318,27030.51167555037,27030.51167555037,127920.56540276669,91479.53457619832,87378.47506929236,99920.21320905723
2023-12-07,88616.72853695042,59143.53121617343,62681.13121704711,88616.72853695042,-576272.0853394318,-19192.385071119643,43351.459299237584,-1913.8099384801462,-99203.06233401701,31904.229168202728,27415.036810054793,20543.27252337674,27415.036810054793,27415.036810054793,128528.02675525658,92086.99592868821,87985.93642178224,100527.67456154712
2023-12-08,88616.72853695042,59143.53121617343,62681.13121704711,88616.72853695042,-576272.0853394318,-19192.385071119643,43351.459299237584,-1913.8099384801462,-99203.06233401701,31904.229168202728,27641.85288775782,20770.08860107977,27641.85288775782,27641.85288775782,128740.86274536652,92299.83191879815,88198.77241189219,100740.51055165706
2023-12-11,88616.72853695042,59143.53121617343,62681.13121704711,88616.72853695042,-576272.0853394318,-19192.385071119643,43351.459299237584,-1913.8099384801462,-99203.06233401701,31904.229168202728,27195.98609050177,20324.22180382372,27195.98609050177,27195.98609050177,128469.46601775801,92028.43519118964,87927.37568428367,100469.11382404855
2023-12-12,88616.72853695042,59143.53121617343,62681.13121704711,88616.72853695042,-576272.0853394318,-19192.385071119643,43351.459299237584,-1913.8099384801462,-99203.06233401701,31904.229168202728,27552.479168137535,20680.714881459484,27552.479168137535,27552.479168137535,127237.35009562736,90796.319269059,86695.25976215303,99236.9979019179
2023-12-13,88616.72853695042,59143.53121617343,62681.13121704711,88616.72853695042,-576272.0853394318,-19192.385071119643,43351.459299237584,-1913.8099384801462,-99203.06233401701,31904.229168202728,25366.79927384015,18495.0349871621,25366.79927384015,25366.79927384015,127505.3026197867,91064.27179321833,86963.21228631237,99504.95042607724
2023-12-14,88616.72853695042,59143.53121617343,62681.13121704711,88616.72853695042,-576272.0853394318,-19192.385071119643,43351.459299237584,-1913.8099384801462,-99203.06233401701,31904.229168202728,26590.26082374039,19718.49653706234,26590.26082374039,26590.26082374039,127355.21168760397,90914.1808610356,86813.12135412963,99354.8594938945
2023-12-15,88616.72853695042,59143.53121617343,62681.13121704711,88616.72853695042,-576272.0853394318,-19192.385071119643,43351.459299237584,-1913.8099384801462,-99203.06233401701,31904.229168202728,30651.27415547357,23779.509868795518,30651.27415547357,30651.27415547357,127596.19272266538,91155.16189609701,87054.10238919104,99595.84052895592
2023-12-18,88616.72853695042,59143.53121617343,62681.13121704711,88616.72853695042,-576272.0853394318,-19192.385071119643,43351.459299237584,-1913.8099384801462,-99203.06233401701,31904.229168202728,30093.232233828865,23221.467947150813,30093.232233828865,30093.232233828865,127595.83177537587,91154.8009488075,87053.74144190154,99595.47958166641
2023-12-19,88616.72853695042,59143.53121617343,62681.13121704711,88616.72853695042,-576272.0853394318,-19192.385071119643,43351.459299237584,-1913.8099384801462,-99203.06233401701,31904.229168202728,30113.315510238404,23241.551223560353,30113.315510238404,30113.315510238404,127639.93754004943,91198.90671348106,87097.8472065751,99639.58534633997
2023-12-20,88616.72853695042,59143.53121617343,62681.13121704711,88616.72853695042,-576272.0853394318,-19192.385071119643,43351.459299237584,-1913.8099384801462,-99203.06233401701,31904.229168202728,29749.337334269774,22877.573047591723,29749.337334269774,29749.337334269774,127710.53323457344,91269.50240800506,87168.4429010991,99710.18104086397
2023-12-21,88616.72853695042,59143.53121617343,62681.13121704711,88616.72853695042,-576272.0853394318,-19192.385071119643,43351.459299237584,-1913.8099384801462,-99203.06233401701,31904.229168202728,31066.323501423816,24194.559214745765,31066.323501423816,31066.323501423816,127737.02558262297,91295.9947560546,87194.93524914864,99736.6733889135
2023-12-22,88616.72853695042,59143.53121617343,62681.13121704711,88616.72853695042,-576272.0853394318,-19192.385071119643,43351.459299237584,-1913.8099384801462,-99203.06233401701,31904.229168202728,31125.634608298424,24253.870321620372,31125.634608298424,31125.634608298424,127296.45900641545,90855.42817984708,86754.36867294111,99296.10681270598
2023-12-26,88616.72853695042,59143.53121617343,62681.13121704711,88616.72853695042,-576272.0853394318,-19192.385071119643,43351.459299237584,-1913.8099384801462,-99203.06233401701,31904.229168202728,30705.07523195434,23833.310945276287,30705.07523195434,30705.07523195434,127408.88729133806,90967.85646476969,86866.79695786373,99408.5350976286
2023-12-27,88616.72853695042,59143.53121617343,62681.13121704711,88616.72853695042,-576272.0853394318,-19192.385071119643,43351.459299237584,-1913.8099384801462,-99203.06233401701,31904.229168202728,31073.768455959857,24202.004169281805,31073.768455959857,31073.768455959857,127342.92016425729,90901.88933768892,86800.82983078295,99342.56797054783
2023-12-28,88616.72853695042,59143.53121617343,62681.13121704711,88616.72853695042,-576272.0853394318,-19192.385071119643,43351.459299237584,-1913.8099384801462,-99203.06233401701,31904.229168202728,31390.312874274096,24518.548587596044,31390.312874274096,31390.312874274096,127521.201524165,91080.17069759662,86979.11119069066,99520.84933045553
2023-12-29,88616.72853695042,59143.53121617343,62681.13121704711,88616.72853695042,-576272.0853394318,-19192.385071119643,43351.459299237584,-1913.8099384801462,-99203.06233401701,31904.229168202728,31458.478966747643,24586.714680069592,31458.478966747643,31458.478966747643,127567.99316027085,91126.96233370248,87025.90282679652,99567.64096656139
2024-01-02,88616.72853695042,59143.53121617343,62681.13121704711,88616.72853695042,-576272.0853394318,-19192.385071119643,43351.459299237584,-1913.8099384801462,-99203.06233401701,31904.229168202728,31763.79642426793,24892.03213758988,31763.79642426793,31763.79642426793,127629.75794997718,91188.72712340881,87087.66761650285,99629.40575626772
2024-01-03,88616.72853695042,59143.53121617343,62681.13121704711,88616.72853695042,-576272.0853394318,-19192.385071119643,43351.459299237584,-1913.8099384801462,-99203.06233401701,31904.229168202728,31325.35026253597,24453.585975857917,31325.35026253597,31325.35026253597,127517.51192020229,91076.48109363392,86975.42158672796,99517.15972649283
2024-01-04,88616.72853695042,59143.53121617343,62681.13121704711,88616.72853695042,-576272.0853394318,-19192.385071119643,43351.459299237584,-1913.8099384801462,-99203.06233401701,31904.229168202728,30662.44820656895,23790.6839198909,30662.44820656895,30662.44820656895,127420.3816205007,90979.35079393233,86878.29128702637,99420.02942679124
2024-01-05,88616.72853695042,59143.53121617343,62681.13121704711,88616.72853695042,-576272.0853394318,-19192.385071119643,43351.459299237584,-1913.8099384801462,-99203.06233401701,31904.229168202728,31027.688163178973,24155.92387650092,31027.688163178973,31027.688163178973,127363.56264717877,90922.5318206104,86821.47231370443,99363.2104534693
2024-01-08,88616.72853695042,59143.53121617343,62681.13121704711,88616.72853695042,-576272.0853394318,-19192.385071119643,43351.459299237584,-1913.8099384801462,-99203.06233401701,31904.229168202728,32795.76856601355,25924.004279335495,32795.76856601355,32795.76856601355,127570.2052694927,91129.17444292433,87028.11493601836,99569.85307578323
2024-01-09,88616.72853695042,59143.53121617343,62681.13121704711,88616.72853695042,-576272.0853394318,-19192.385071119643,43351.459299237584,-1913.8099384801462,-99203.06233401701,31904.229168202728,33464.98983814102,26593.225551462965,33464.98983814102,33464.98983814102,127546.17404204817,91105.1432154798,87004.08370857383,99545.8218483387
2024-01-10,88616.72853695042,59143.53121617343,62681.13121704711,88616.72853695042,-576272.0853394318,-19192.385071119643,43351.459299237584,-1913.8099384801462,-99203.06233401701,31904.229168202728,33992.04762760061,27120.283340922557,33992.04762760061,33992.04762760061,127600.02504072082,91158.99421415245,87057.93470724649,99599.67284701136
2024-01-11,88616.72853695042,59143.53121617343,62681.13121704711,88616.72853695042,-576272.0853394318,-19192.385071119643,43351.459299237584,-1913.8099384801462,-99203.06233401701,31904.229168202728,34763.36943386728,27891.605147189228,34763.36943386728,34763.36943386728,127767.66981305112,91326.63898648275,87225.57947957679,99767.31761934166
2024-01-12,88616.72853695042,59143.53121617343,62681.13121704711,88616.72853695042,-576272.0853394318,-19192.385071119643,43351.459299237584,-1913.8099384801462,-99203.06233401701,31904.229168202728,35659.145765015855,28787.381478337804,35659.145765015855,35659.145765015855,127479.76535858307,91038.7345320147,86937.67502510874,99479.41316487361
2024-01-16,88616.72853695042,59143.53121617343,62681.13121704711,88616.72853695042,-576272.0853394318,-19192.385071119643,43351.459299237584,-1913.8099384801462,-99203.06233401701,31904.229168202728,34625.0160864857,27753.25179980765,34625.0160864857,34625.0160864857,127273.32843221026,90832.29760564188,86731.23809873592,99272.97623850079
2024-01-17,88616.72853695042,59143.53121617343,62681.13121704711,88616.72853695042,-576272.0853394318,-19192.385071119643,43351.459299237584,-1913.8099384801462,-99203.06233401701,31904.229168202728,33397.316919973004,26525.552633294952,33397.316919973004,33397.316919973004,127098.54487785208,90657.51405128371,86556.45454437775,99098.19268414262
2024-01-18,88616.72853695042,59143.53121617343,62681.13121704711,88616.72853695042,-576272.0853394318,-19192.385071119643,43351.459299237584,-1913.8099384801462,-99203.06233401701,31904.229168202728,33880.676879139966,27008.912592461915,33880.676879139966,33880.676879139966,126915.70594928158,90474.6751227132,86373.61561580724,98915.35375557211
2024-01-19,88616.72853695042,59143.53121617343,62681.13121704711,88616.72853695042,-576272.0853394318,-19192.385071119643,43351.459299237584,-1913.8099384801462,-99203.06233401701,31904.229168202728,34107.61670041981,27235.852413741755,34107.61670041981,34107.61670041981,126918.29997039097,90477.2691438226,86376.20963691664,98917.94777668151
2024-01-22,88616.72853695042,59143.53121617343,62681.13121704711,88616.72853695042,-576272.0853394318,-19192.385071119643,43351.459299237584,-1913.8099384801462,-99203.06233401701,31904.229168202728,32328.271466049366,25456.507179371314,32328.271466049366,32328.271466049366,127567.89187068492,91126.86104411655,87025.80153721059,99567.53967697546
2024-01-23,88616.72853695042,59143.53121617343,62681.13121704711,88616.72853695042,-576272.0853394318,-19192.385071119643,43351.459299237584,-1913.8099384801462,-99203.06233401701,31904.229168202728,32013.8648703926,25142.10058371455,32013.8648703926,32013.8648703926,127664.53176274337,91223.500936175,87122.44142926903,99664.1795690339
2024-01-24,88616.72853695042,59143.53121617343,62681.13121704711,88616.72853695042,-576272.0853394318,-19192.385071119643,43351.459299237584,-1913.8099384801462,-99203.06233401701,31904.229168202728,32870.71943426912,25998.95514759107,32870.71943426912,32870.71943426912,127895.31852113409,91454.28769456572,87353.22818765976,99894.96632742463
2024-01-25,88616.72853695042,59143.53121617343,62681.13121704711,88616.72853695042,-576272.0853394318,-19192.385071119643,43351.459299237584,-1913.8099384801462,-99203.06233401701,31904.229168202728,31983.01764837932,25111.253361701267,31983.01764837932,31983.01764837932,126624.53487280174,90183.50404623337,86082.4445393274,98624.18267909228
2024-01-26,88616.72853695042,59143.53121617343,62681.13121704711,88616.72853695042,-576272.0853394318,-19192.385071119643,43351.459299237584,-1913.8099384801462,-99203.06233401701,31904.229168202728,32163.18415670423,25291.419870026177,32163.18415670423,32163.18415670423,126616.31473892252,90175.28391235415,86074.22440544819,98615.96254521306
2024-01-29,88616.72853695042,59143.53121617343,62681.13121704711,88616.72853695042,-576272.0853394318,-19192.385071119643,43351.459299237584,-1913.8099384801462,-99203.06233401701,31904.229168202728,29817.03866186738,22945.27437518933,29817.03866186738,29817.03866186738,128090.76916758646,91649.73834101809,87548.67883411213,100090.416973877
2024-01-30,88616.72853695042,59143.53121617343,62681.13121704711,88616.72853695042,-576272.0853394318,-19192.385071119643,43351.459299237584,-1913.8099384801462,-99203.06233401701,31904.229168202728,30657.218673325726,23785.454386647674,30657.218673325726,30657.218673325726,127284.2666493277,90843.23582275934,86742.17631585337,99283.91445561824
2024-01-31,88616.72853695042,59143.53121617343,62681.13121704711,88616.72853695042,-576272.0853394318,-19192.385071119643,43351.459299237584,-1913.8099384801462,-99203.06233401701,31904.229168202728,32980.99906055594,26109.23477387789,32980.99906055594,32980.99906055594,126978.84042013553,90537.80959356716,86436.7500866612,98978.48822642607
2024-02-01,88616.72853695042,59143.53121617343,62681.13121704711,88616.72853695042,-576272.0853394318,-19192.385071119643,43351.459299237584,-1913.8099384801462,-99203.06233401701,31904.229168202728,32689.992944604717,25818.228657926666,32689.992944604717,32689.992944604717,126919.74843724864,90478.71761068027,86377.6581037743,98919.39624353917
2024-02-02,88616.72853695042,59143.53121617343,62681.13121704711,88616.72853695042,-576272.0853394318,-19192.385071119643,43351.459299237584,-1913.8099384801462,-99203.06233401701,31904.229168202728,33419.165568591445,26547.401281913393,33419.165568591445,33419.165568591445,125613.30948585854,89172.27865929017,85071.2191523842,97612.95729214908
2024-02-05,88616.72853695042,59143.53121617343,62681.13121704711,88616.72853695042,-576272.0853394318,-19192.385071119643,43351.459299237584,-1913.8099384801462,-99203.06233401701,31904.229168202728,33614.894749858766,26743.130463180714,33614.894749858766,33614.894749858766,126358.4221599705,89917.39133340213,85816.33182649617,98358.06996626104
2024-02-06,88616.72853695042,59143.53121617343,62681.13121704711,88616.72853695042,-576272.0853394318,-19192.385071119643,43351.459299237584,-1913.8099384801462,-99203.06233401701,31904.229168202728,33856.61517165229,26984.850884974236,33856.61517165229,33856.61517165229,127172.30441601248,90731.27358944411,86630.21408253815,99171.95222230302
2024-02-07,88616.72853695042,59143.53121617343,62681.13121704711,88616.72853695042,-576272.0853394318,-19192.385071119643,43351.459299237584,-1913.8099384801462,-99203.06233401701,31904.229168202728,32467.40598262765,25595.6416959496,32467.40598262765,32467.40598262765,127672.23408310837,91231.20325654,87130.14374963404,99671.88188939891
2024-02-08,88616.72853695042,59143.53121617343,62681.13121704711,88616.72853695042,-576272.0853394318,-19192.385071119643,43351.459299237584,-1913.8099384801462,-99203.06233401701,31904.229168202728,34049.63332614675,27177.8690394687,34049.63332614675,34049.63332614675,126504.9072506947,90063.87642412633,85962.81691722036,98504.55505698523
2024-02-09,88616.72853695042,59143.53121617343,62681.13121704711,88616.72853695042,-576272.0853394318,-19192.385071119643,43351.459299237584,-1913.8099384801462,-99203.06233401701,31904.229168202728,32781.31378085376,25909.549494175706,32781.31378085376,32781.31378085376,127875.58880475187,91434.5579781835,87333.49847127753,99875.2366110424
2024-02-12,88616.72853695042,59143.53121617343,62681.13121704711,88616.72853695042,-576272.0853394318,-19192.385071119643,43351.459299237584,-1913.8099384801462,-99203.06233401701,31904.229168202728,31519.65925637295,24647.8949696949,31519.65925637295,31519.65925637295,129331.8852980109,92890.85447144252,88789.79496453656,101331.53310430143
2024-02-13,88616.72853695042,59143.53121617343,62681.13121704711,88616.72853695042,-576272.0853394318,-19192.385071119643,43351.459299237584,-1913.8099384801462,-99203.06233401701,31904.229168202728,32512.582031157915,25640.817744479864,32512.582031157915,32512.582031157915,128486.13564595999,92045.10481939162,87944.04531248566,100485.78345225053
2024-02-14,88616.72853695042,59143.53121617343,62681.13121704711,88616.72853695042,-576272.0853394318,-19192.385071119643,43351.459299237584,-1913.8099384801462,-99203.06233401701,31904.229168202728,31849.310806009336,24977.546519331285,31849.310806009336,31849.310806009336,127008.06813453743,90567.03730796906,86465.9778010631,99007.71594082797
2024-02-15,88616.72853695042,59143.53121617343,62681.13121704711,88616.72853695042,-576272.0853394318,-19192.385071119643,43351.459299237584,-1913.8099384801462,-99203.06233401701,31904.229168202728,33788.60624119139,26916.841954513337,33788.60624119139,33788.60624119139,126452.60965114948,90011.57882458111,85910.51931767515,98452.25745744002
2024-02-16,88616.72853695042,59143.53121617343,62681.13121704711,88616.72853695042,-576272.0853394318,-19192.385071119643,43351.459299237584,-1913.8099384801462,-99203.06233401701,31904.229168202728,31977.028825205634,25105.264538527583,31977.028825205634,31977.028825205634,126213.64575510914,89772.61492854077,85671.55542163481,98213.29356139968
2024-02-20,88616.72853695042,59143.53121617343,62681.13121704711,88616.72853695042,-576272.0853394318,-19192.385071119643,43351.459299237584,-1913.8099384801462,-99203.06233401701,31904.229168202728,29628.726708562463,22756.96242188441,29628.726708562463,29628.726708562463,126621.35642532818,90180.32559875981,86079.26609185385,98621.00423161872
2024-02-21,88616.72853695042,59143.53121617343,62681.13121704711,88616.72853695042,-576272.0853394318,-19192.385071119643,43351.459299237584,-1913.8099384801462,-99203.06233401701,31904.229168202728,29636.847480784636,22765.083194106584,29636.847480784636,29636.847480784636,126677.23149958136,90236.200673013,86135.14116610703,98676.8793058719
2024-02-22,88616.72853695042,59143.53121617343,62681.13121704711,88616.72853695042,-576272.0853394318,-19192.385071119643,43351.459299237584,-1913.8099384801462,-99203.06233401701,31904.229168202728,28811.289699723013,21939.52541304496,28811.289699723013,28811.289699723013,126626.3135626975,90185.28273612913,86084.22322922316,98625.96136898804
2024-02-23,88616.72853695042,59143.53121617343,62681.13121704711,88616.72853695042,-576272.0853394318,-19192.385071119643,43351.459299237584,-1913.8099384801462,-99203.06233401701,31904.229168202728,28824.53952805535,21952.775241377298,28824.53952805535,28824.53952805535,126771.64006981393,90330.60924324556,86229.5497363396,98771.28787610447
2024-02-26,88616.72853695042,59143.53121617343,62681.13121704711,88616.72853695042,-576272.0853394318,-19192.385071119643,43351.459299237584,-1913.8099384801462,-99203.06233401701,31904.229168202728,28932.192278913804,22060.427992235753,28932.192278913804,28932.192278913804,127284.3353428822,90843.30451631383,86742.24500940787,99283.98314917274
2024-02-27,88616.72853695042,59143.53121617343,62681.13121704711,88616.72853695042,-576272.0853394318,-19192.385071119643,43351.459299237584,-1913.8099384801462,-99203.06233401701,31904.229168202728,29210.290504910634,22338.526218232582,29210.290504910634,29210.290504910634,127519.11919394042,91078.08836737205,86977.02886046609,99518.76700023096
2024-02-28,88616.72853695042,59143.53121617343,62681.13121704711,88616.72853695042,-576272.0853394318,-19192.385071119643,43351.459299237584,-1913.8099384801462,-99203.06233401701,31904.229168202728,29335.99789009802,22464.23360341997,29335.99789009802,29335.99789009802,127625.18100144272,91184.15017487435,87083.09066796838,99624.82880773325
2024-02-29,88616.72853695042,59143.53121617343,62681.13121704711,88616.72853695042,-576272.0853394318,-19192.385071119643,43351.459299237584,-1913.8099384801462,-99203.06233401701,31904.229168202728,30210.347305793897,23338.583019115846,30210.347305793897,30210.347305793897,127887.66789819184,91446.63707162347,87345.5775647175,99887.31570448237
2024-03-01,88616.72853695042,59143.53121617343,62681.13121704711,88616.72853695042,-576272.0853394318,-19192.385071119643,43351.459299237584,-1913.8099384801462,-99203.06233401701,31904.229168202728,30785.524225174217,23913.759938496165,30785.524225174217,30785.524225174217,127534.92901733983,91093.89819077146,86992.8386838655,99534.57682363037
2024-03-04,88616.72853695042,59143.53121617343,62681.13121704711,88616.72853695042,-576272.0853394318,-19192.385071119643,43351.459299237584,-1913.8099384801462,-99203.06233401701,31904.229168202728,31728.106560917222,24856.34227423917,31728.106560917222,31728.106560917222,127699.47414502269,91258.44331845432,87157.38381154835,99699.12195131322
2024-03-05,88616.72853695042,59143.53121617343,62681.13121704711,88616.72853695042,-576272.0853394318,-19192.385071119643,43351.459299237584,-1913.8099384801462,-99203.06233401701,31904.229168202728,29864.065734810545,22992.301448132494,29864.065734810545,29864.065734810545,127901.86299347808,91460.8321669097,87359.77266000374,99901.51079976861
2024-03-06,88616.72853695042,59143.53121617343,62681.13121704711,88616.72853695042,-576272.0853394318,-19192.385071119643,43351.459299237584,-1913.8099384801462,-99203.06233401701,31904.229168202728,31037.58714889805,24165.822862219997,31037.58714889805,31037.58714889805,127796.2428010921,91355.21197452373,87254.15246761777,99795.89060738264
2024-03-07,88616.72853695042,59143.53121617343,62681.13121704711,88616.72853695042,-576272.0853394318,-19192.385071119643,43351.459299237584,-1913.8099384801462,-99203.06233401701,31904.229168202728,32703.950106128585,25832.185819450533,32703.950106128585,32703.950106128585,127566.22219766211,91125.19137109374,87024.13186418777,99565.87000395264
2024-03-08,88616.72853695042,59143.53121617343,62681.13121704711,88616.72853695042,-576272.0853394318,-19192.385071119643,43351.459299237584,-1913.8099384801462,-99203.06233401701,31904.229168202728,32360.38425681903,25488.61997014098,32360.38425681903,32360.38425681903,128876.07581449812,92435.04498792975,88333.98548102379,100875.72362078866
2024-03-11,88616.72853695042,59143.53121617343,62681.13121704711,88616.72853695042,-576272.0853394318,-19192.385071119643,43351.459299237584,-1913.8099384801462,-99203.06233401701,31904.229168202728,32111.212542052264,25239.448255374213,32111.212542052264,32111.212542052264,129498.42976612994,93057.39893956156,88956.3394326556,101498.07757242047
2024-03-12,88616.72853695042,59143.53121617343,62681.13121704711,88616.72853695042,-576272.0853394318,-19192.385071119643,43351.459299237584,-1913.8099384801462,-99203.06233401701,31904.229168202728,34894.31779530097,28022.55350862292,34894.31779530097,34894.31779530097,128011.39825609047,91570.3674295221,87469.30792261614,100011.046062381
2024-03-13,88616.72853695042,59143.53121617343,62681.13121704711,88616.72853695042,-576272.0853394318,-19192.385071119643,43351.459299237584,-1913.8099384801462,-99203.06233401701,31904.229168202728,35060.79142615176,28189.027139473706,35060.79142615176,35060.79142615176,128463.59053880232,92022.55971223395,87921.50020532799,100463.23834509286
2024-03-14,88616.72853695042,59143.53121617343,62681.13121704711,88616.72853695042,-576272.0853394318,-19192.385071119643,43351.459299237584,-1913.8099384801462,-99203.06233401701,31904.229168202728,36381.96973724174,29510.20545056369,36381.96973724174,36381.96973724174,129457.84452579822,93016.81369922985,88915.75419232389,101457.49233208876
2024-03-15,88616.72853695042,59143.53121617343,62681.13121704711,88616.72853695042,-576272.0853394318,-19192.385071119643,43351.459299237584,-1913.8099384801462,-99203.06233401701,31904.229168202728,38470.78974265419,31599.025455976138,38470.78974265419,38470.78974265419,129059.13043018547,92618.0996036171,88517.04009671113,101058.778236476
2024-03-18,88616.72853695042,59143.53121617343,62681.13121704711,88616.72853695042,-576272.0853394318,-19192.385071119643,43351.459299237584,-1913.8099384801462,-99203.06233401701,31904.229168202728,38862.371587056434,31990.607300378382,38862.371587056434,38862.371587056434,129192.68168315548,92751.6508565871,88650.59134968114,101192.32948944601
2024-03-19,88616.72853695042,59143.53121617343,62681.13121704711,88616.72853695042,-576272.0853394318,-19192.385071119643,43351.459299237584,-1913.8099384801462,-99203.06233401701,31904.229168202728,37980.97339904099,31109.209112362936,37980.97339904099,37980.97339904099,129208.51713459264,92767.48630802426,88666.4268011183,101208.16494088317
2024-03-20,88616.72853695042,59143.53121617343,62681.13121704711,88616.72853695042,-576272.0853394318,-19192.385071119643,43351.459299237584,-1913.8099384801462,-99203.06233401701,31904.229168202728,38390.04035406187,31518.27606738382,38390.04035406187,38390.04035406187,129221.98718342604,92780.95635685767,88679.8968499517,101221.63498971658
2024-03-21,88616.72853695042,59143.53121617343,62681.13121704711,88616.72853695042,-576272.0853394318,-19192.385071119643,43351.459299237584,-1913.8099384801462,-99203.06233401701,31904.229168202728,39938.89595316909,33067.13166649104,39938.89595316909,39938.89595316909,128296.47660803027,91855.4457814619,87754.38627455593,100296.1244143208
2024-03-22,88616.72853695042,59143.53121617343,62681.13121704711,88616.72853695042,-576272.0853394318,-19192.385071119643,43351.459299237584,-1913.8099384801462,-99203.06233401701,31904.229168202728,40033.05181521783,33161.287528539775,40033.05181521783,40033.05181521783,128222.5629397973,91781.53211322892,87680.47260632296,100222.21074608783
2024-03-25,88616.72853695042,59143.53121617343,62681.13121704711,88616.72853695042,-576272.0853394318,-19192.385071119643,43351.459299237584,-1913.8099384801462,-99203.06233401701,31904.229168202728,39725.144650818314,32853.38036414026,39725.144650818314,39725.144650818314,127861.69403805025,91420.66321148188,87319.60370457591,99861.34184434079
2024-03-26,88616.72853695042,59143.53121617343,62681.13121704711,88616.72853695042,-576272.0853394318,-19192.385071119643,43351.459299237584,-1913.8099384801462,-99203.06233401701,31904.229168202728,39947.538124572835,33075.77383789478,39947.538124572835,39947.538124572835,127764.54393113358,91323.51310456521,87222.45359765925,99764.19173742412
2024-03-27,88616.72853695042,59143.53121617343,62681.13121704711,88616.72853695042,-576272.0853394318,-19192.385071119643,43351.459299237584,-1913.8099384801462,-99203.06233401701,31904.229168202728,40442.334403289366,33570.570116611314,40442.334403289366,40442.334403289366,127782.02721244725,91340.99638587888,87239.93687897292,99781.67501873779
2024-03-28,88616.72853695042,59143.53121617343,62681.13121704711,88616.72853695042,-576272.0853394318,-19192.385071119643,43351.459299237584,-1913.8099384801462,-99203.06233401701,31904.229168202728,40671.981657724944,33800.21737104689,40671.981657724944,40671.981657724944,128042.02963539073,91600.99880882236,87499.9393019164,100041.67744168127
2024-04-01,88616.72853695042,59143.53121617343,62681.13121704711,88616.72853695042,-576272.0853394318,-19192.385071119643,43351.459299237584,-1913.8099384801462,-99203.06233401701,31904.229168202728,40289.48116098647,33417.71687430842,40289.48116098647,40289.48116098647,127535.75231289584,91094.72148632747,86993.66197942151,99535.40011918638
2024-04-02,88616.72853695042,59143.53121617343,62681.13121704711,88616.72853695042,-576272.0853394318,-19192.385071119643,43351.459299237584,-1913.8099384801462,-99203.06233401701,31904.229168202728,39592.13041032001,32720.366123641958,39592.13041032001,39592.13041032001,127494.6988092463,91053.66798267793,86952.60847577197,99494.34661553684
2024-04-03,88616.72853695042,59143.53121617343,62681.13121704711,88616.72853695042,-576272.0853394318,-19192.385071119643,43351.459299237584,-1913.8099384801462,-99203.06233401701,31904.229168202728,40607.8450380736,33736.08075139555,40607.8450380736,40607.8450380736,126691.96114830486,90250.9303217365,86149.87081483053,98691.6089545954
2024-04-04,88616.72853695042,59143.53121617343,62681.13121704711,88616.72853695042,-576272.0853394318,-19192.385071119643,43351.459299237584,-1913.8099384801462,-99203.06233401701,31904.229168202728,38294.900497897645,31423.136211219593,38294.900497897645,38294.900497897645,126917.50444995379,90476.47362338542,86375.41411647946,98917.15225624433
2024-04-05,88616.72853695042,59143.53121617343,62681.13121704711,88616.72853695042,-576272.0853394318,-19192.385071119643,43351.459299237584,-1913.8099384801462,-99203.06233401701,31904.229168202728,41124.75583262078,34252.99154594273,41124.75583262078,41124.75583262078,126930.5671994912,90489.53637292283,86388.47686601686,98930.21500578173
2024-04-08,88616.72853695042,59143.53121617343,62681.13121704711,88616.72853695042,-576272.0853394318,-19192.385071119643,43351.459299237584,-1913.8099384801462,-99203.06233401701,31904.229168202728,41099.33463263267,34227.57034595462,41099.33463263267,41099.33463263267,127263.33160867775,90822.30078210938,86721.24127520341,99262.97941496829
2024-04-09,88616.72853695042,59143.53121617343,62681.13121704711,88616.72853695042,-576272.0853394318,-19192.385071119643,43351.459299237584,-1913.8099384801462,-99203.06233401701,31904.229168202728,41049.04054346052,34177.27625678247,41049.04054346052,41049.04054346052,127723.17674479424,91282.14591822587,87181.0864113199,99722.82455108478
2024-04-10,88616.72853695042,59143.53121617343,62681.13121704711,88616.72853695042,-576272.0853394318,-19192.385071119643,43351.459299237584,-1913.8099384801462,-99203.06233401701,31904.229168202728,39895.502169279265,33023.737882601214,39895.502169279265,39895.502169279265,127236.9403721143,90795.90954554593,86694.85003863997,99236.58817840484
2024-04-11,88616.72853695042,59143.53121617343,62681.13121704711,88616.72853695042,-576272.0853394318,-19192.385071119643,43351.459299237584,-1913.8099384801462,-99203.06233401701,31904.229168202728,42159.61275956652,35287.848472888465,42159.61275956652,42159.61275956652,127181.52473718673,90740.49391061836,86639.4344037124,99181.17254347727
2024-04-12,88616.72853695042,59143.53121617343,62681.13121704711,88616.72853695042,-576272.0853394318,-19192.385071119643,43351.459299237584,-1913.8099384801462,-99203.06233401701,31904.229168202728,39972.10888632538,33100.34459964733,39972.10888632538,39972.10888632538,127533.1650038329,91092.13417726452,86991.07467035856,99532.81281012343
2024-04-15,88616.72853695042,59143.53121617343,62681.13121704711,88616.72853695042,-576272.0853394318,-19192.385071119643,43351.459299237584,-1913.8099384801462,-99203.06233401701,31904.229168202728,36099.05929883744,29227.29501215939,36099.05929883744,36099.05929883744,127620.63511242787,91179.6042858595,87078.54477895354,99620.28291871841
2024-04-16,88616.72853695042,59143.53121617343,62681.13121704711,88616.72853695042,-576272.0853394318,-19192.385071119643,43351.459299237584,-1913.8099384801462,-99203.06233401701,31904.229168202728,36165.14610813558,29293.38182145753,36165.14610813558,36165.14610813558,127503.35150375706,91062.32067718869,86961.26117028273,99502.9993100476
2024-04-17,88616.72853695042,59143.53121617343,62681.13121704711,88616.72853695042,-576272.0853394318,-19192.385071119643,43351.459299237584,-1913.8099384801462,-99203.06233401701,31904.229168202728,36123.00416094903,29251.239874270977,36123.00416094903,36123.00416094903,128324.24572586571,91883.21489929734,87782.15539239137,100323.89353215625
2024-04-18,88616.72853695042,59143.53121617343,62681.13121704711,88616.72853695042,-576272.0853394318,-19192.385071119643,43351.459299237584,-1913.8099384801462,-99203.06233401701,31904.229168202728,36103.35708123667,29231.592794558615,36103.35708123667,36103.35708123667,129135.15367623116,92694.12284966279,88593.06334275682,101134.8014825217
2024-04-19,88616.72853695042,59143.53121617343,62681.13121704711,88616.72853695042,-576272.0853394318,-19192.385071119643,43351.459299237584,-1913.8099384801462,-99203.06233401701,31904.229168202728,37920.41324045998,31048.64895378193,37920.41324045998,37920.41324045998,130152.6892830485,93711.65845648013,89610.59894957417,102152.33708933904
2024-04-22,88616.72853695042,59143.53121617343,62681.13121704711,88616.72853695042,-576272.0853394318,-19192.385071119643,43351.459299237584,-1913.8099384801462,-99203.06233401701,31904.229168202728,37309.619572452386,30437.855285774334,37309.619572452386,37309.619572452386,130883.8583806029,94442.82755403453,90341.76804712857,102883.50618689344
2024-04-23,88616.72853695042,59143.53121617343,62681.13121704711,88616.72853695042,-576272.0853394318,-19192.385071119643,43351.459299237584,-1913.8099384801462,-99203.06233401701,31904.229168202728,37669.55506919895,30797.790782520897,37669.55506919895,37669.55506919895,130211.52540613734,93770.49457956897,89669.43507266301,102211.17321242788
2024-04-24,88616.72853695042,59143.53121617343,62681.13121704711,88616.72853695042,-576272.0853394318,-19192.385071119643,43351.459299237584,-1913.8099384801462,-99203.06233401701,31904.229168202728,38051.26329127606,31179.49900459801,38051.26329127606,38051.26329127606,129851.6060064442,93410.57517987583,89309.51567296986,101851.25381273474
2024-04-25,88616.72853695042,59143.53121617343,62681.13121704711,88616.72853695042,-576272.0853394318,-19192.385071119643,43351.459299237584,-1913.8099384801462,-99203.06233401701,31904.229168202728,38621.372505652136,31749.608218974085,38621.372505652136,38621.372505652136,129708.08225264004,93267.05142607167,89165.99191916571,101707.73005893058
2024-04-26,88616.72853695042,59143.53121617343,62681.13121704711,88616.72853695042,-576272.0853394318,-19192.385071119643,43351.459299237584,-1913.8099384801462,-99203.06233401701,31904.229168202728,40489.364667881746,33617.600381203694,40489.364667881746,40489.364667881746,128874.06588433962,92433.03505777125,88331.97555086529,100873.71369063016
2024-04-29,88616.72853695042,59143.53121617343,62681.13121704711,88616.72853695042,-576272.0853394318,-19192.385071119643,43351.459299237584,-1913.8099384801462,-99203.06233401701,31904.229168202728,40803.34994959389,33931.58566291584,40803.34994959389,40803.34994959389,129349.22000949271,92908.18918292434,88807.12967601838,101348.86781578325
2024-04-30,88616.72853695042,59143.53121617343,62681.13121704711,88616.72853695042,-576272.0853394318,-19192.385071119643,43351.459299237584,-1913.8099384801462,-99203.06233401701,31904.229168202728,38387.15072337119,31515.386436693138,38387.15072337119,38387.15072337119,130100.85752499802,93659.82669842965,89558.76719152369,102100.50533128856
2024-05-01,88616.72853695042,59143.53121617343,62681.13121704711,88616.72853695042,-576272.0853394318,-19192.385071119643,43351.459299237584,-1913.8099384801462,-99203.06233401701,31904.229168202728,38585.507169448654,31713.742882770603,38585.507169448654,38585.507169448654,128820.12963932334,92379.09881275496,88278.039305849,100819.77744561387
2024-05-02,88616.72853695042,59143.53121617343,62681.13121704711,88616.72853695042,-576272.0853394318,-19192.385071119643,43351.459299237584,-1913.8099384801462,-99203.06233401701,31904.229168202728,40263.64483586431,33391.88054918626,40263.64483586431,40263.64483586431,128699.83567945659,92258.80485288822,88157.74534598226,100699.48348574713
2024-05-03,88616.72853695042,59143.53121617343,62681.13121704711,88616.72853695042,-576272.0853394318,-19192.385071119643,43351.459299237584,-1913.8099384801462,-99203.06233401701,31904.229168202728,42413.367773817154,35541.6034871391,42413.367773817154,42413.367773817154,128774.86508128815,92333.83425471978,88232.77474781382,100774.51288757869
2024-05-06,88616.72853695042,59143.53121617343,62681.13121704711,88616.72853695042,-576272.0853394318,-19192.385071119643,43351.459299237584,-1913.8099384801462,-99203.06233401701,31904.229168202728,41641.38367594918,34769.61938927113,41641.38367594918,41641.38367594918,130322.03384596878,93881.0030194004,89779.94351249444,102321.68165225931
2024-05-07,88616.72853695042,59143.53121617343,62681.13121704711,88616.72853695042,-576272.0853394318,-19192.385071119643,43351.459299237584,-1913.8099384801462,-99203.06233401701,31904.229168202728,41728.0361547682,34856.271868090145,41728.0361547682,41728.0361547682,130396.97929707053,93955.94847050216,89854.8889635962,102396.62710336107
2024-05-08,88616.72853695042,59143.53121617343,62681.13121704711,88616.72853695042,-576272.0853394318,-19192.385071119643,43351.459299237584,-1913.8099384801462,-99203.06233401701,31904.229168202728,41633.41868126998,34761.654394591926,41633.41868126998,41633.41868126998,130972.2943803342,94531.26355376584,90430.20404685987,102971.94218662474
2024-05-09,88616.72853695042,59143.53121617343,62681.13121704711,88616.72853695042,-576272.0853394318,-19192.385071119643,43351.459299237584,-1913.8099384801462,-99203.06233401701,31904.229168202728,41158.2896372322,34286.52535055415,41158.2896372322,41158.2896372322,131115.98109735805,94674.95027078968,90573.89076388371,103115.62890364858
2024-05-10,88616.72853695042,59143.53121617343,62681.13121704711,88616.72853695042,-576272.0853394318,-19192.385071119643,43351.459299237584,-1913.8099384801462,-99203.06233401701,31904.229168202728,40930.99523591669,34059.23094923864,40930.99523591669,40930.99523591669,131807.63360486738,95366.60277829901,91265.54327139305,103807.28141115792
2024-05-13,88616.72853695042,59143.53121617343,62681.13121704711,88616.72853695042,-576272.0853394318,-19192.385071119643,43351.459299237584,-1913.8099384801462,-99203.06233401701,31904.229168202728,38940.59733417316,32068.833047495107,38940.59733417316,38940.59733417316,133986.0995289362,97545.06870236783,93444.00919546187,105985.74733522674
2024-05-14,88616.72853695042,59143.53121617343,62681.13121704711,88616.72853695042,-576272.0853394318,-19192.385071119643,43351.459299237584,-1913.8099384801462,-99203.06233401701,31904.229168202728,39030.96959709353,32159.205310415477,39030.96959709353,39030.96959709353,133743.62729074224,97302.59646417387,93201.5369572679,105743.27509703278
2024-05-15,88616.72853695042,59143.53121617343,62681.13121704711,88616.72853695042,-576272.0853394318,-19192.385071119643,43351.459299237584,-1913.8099384801462,-99203.06233401701,31904.229168202728,38319.440711213625,31447.676424535573,38319.440711213625,38319.440711213625,133320.1363387194,96879.10551215103,92778.04600524507,105319.78414500994
2024-05-16,88616.72853695042,59143.53121617343,62681.13121704711,88616.72853695042,-576272.0853394318,-19192.385071119643,43351.459299237584,-1913.8099384801462,-99203.06233401701,31904.229168202728,38567.82317698363,31696.058890305576,38567.82317698363,38567.82317698363,133462.73015547637,97021.699328908,92920.63982200203,105462.3779617669
2024-05-17,88616.72853695042,59143.53121617343,62681.13121704711,88616.72853695042,-576272.0853394318,-19192.385071119643,43351.459299237584,-1913.8099384801462,-99203.06233401701,31904.229168202728,36428.13291226409,29556.368625586038,36428.13291226409,36428.13291226409,133574.29216918955,97133.26134262118,93032.20183571521,105573.93997548008
2024-05-20,88616.72853695042,59143.53121617343,62681.13121704711,88616.72853695042,-576272.0853394318,-19192.385071119643,43351.459299237584,-1913.8099384801462,-99203.06233401701,31904.229168202728,34895.980297994334,28024.216011316283,34895.980297994334,34895.980297994334,133683.6525093601,97242.62168279174,93141.56217588577,105683.30031565065
2024-05-21,88616.72853695042,59143.53121617343,62681.13121704711,88616.72853695042,-576272.0853394318,-19192.385071119643,43351.459299237584,-1913.8099384801462,-99203.06233401701,31904.229168202728,35544.54358931095,28672.7793026329,35544.54358931095,35544.54358931095,133765.34734057868,97324.31651401031,93223.25700710434,105764.99514686922
2024-05-22,88616.72853695042,59143.53121617343,62681.13121704711,88616.72853695042,-576272.0853394318,-19192.385071119643,43351.459299237584,-1913.8099384801462,-99203.06233401701,31904.229168202728,36124.214538509026,29252.450251830975,36124.214538509026,36124.214538509026,133870.64776683785,97429.61694026948,93328.55743336352,105870.29557312839
2024-05-23,88616.72853695042,59143.53121617343,62681.13121704711,88616.72853695042,-576272.0853394318,-19192.385071119643,43351.459299237584,-1913.8099384801462,-99203.06233401701,31904.229168202728,35831.02535175544,28959.261065077386,35831.02535175544,35831.02535175544,133399.5488883159,96958.51806174754,92857.45855484158,105399.19669460645
2024-05-24,88616.72853695042,59143.53121617343,62681.13121704711,88616.72853695042,-576272.0853394318,-19192.385071119643,43351.459299237584,-1913.8099384801462,-99203.06233401701,31904.229168202728,37638.81042291527,30767.046136237215,37638.81042291527,37638.81042291527,132988.45361389988,96547.42278733151,92446.36328042555,104988.10142019042
2024-05-28,88616.72853695042,59143.53121617343,62681.13121704711,88616.72853695042,-576272.0853394318,-19192.385071119643,43351.459299237584,-1913.8099384801462,-99203.06233401701,31904.229168202728,36906.62293899304,30034.858652314986,36906.62293899304,36906.62293899304,132589.41369801643,96148.38287144806,92047.3233645421,104589.06150430697
2024-05-29,88616.72853695042,59143.53121617343,62681.13121704711,88616.72853695042,-576272.0853394318,-19192.385071119643,43351.459299237584,-1913.8099384801462,-99203.06233401701,31904.229168202728,36402.79270087532,29531.028414197266,36402.79270087532,36402.79270087532,132598.17582199303,96157.1449954249,92056.0854885187,104597.82362828357
2024-05-30,88616.72853695042,59143.53121617343,62681.13121704711,88616.72853695042,-576272.0853394318,-19192.385071119643,43351.459299237584,-1913.8099384801462,-99203.06233401701,31904.229168202728,36297.53259559546,29425.76830891741,36297.53259559546,36297.53259559546,130961.17570351483,94520.14487694646,90419.0853700405,102960.82350980537
2024-05-31,88616.72853695042,59143.53121617343,62681.13121704711,88616.72853695042,-576272.0853394318,-19192.385071119643,43351.459299237584,-1913.8099384801462,-99203.06233401701,31904.229168202728,36975.90576670552,30104.141480027465,36975.90576670552,36975.90576670552,131950.14599594986,95509.11516938149,91408.05566247553,103949.7938022404
2024-06-03,88616.72853695042,59143.53121617343,62681.13121704711,88616.72853695042,-576272.0853394318,-19192.385071119643,43351.459299237584,-1913.8099384801462,-99203.06233401701,31904.229168202728,36490.8904709738,29619.126184295746,36490.8904709738,36490.8904709738,131381.77778962115,94940.74696305278,90839.68745614681,103381.42559591169
2024-06-04,88616.72853695042,59143.53121617343,62681.13121704711,88616.72853695042,-576272.0853394318,-19192.385071119643,43351.459299237584,-1913.8099384801462,-99203.06233401701,31904.229168202728,36417.526345888735,29545.762059210683,36417.526345888735,36417.526345888735,131417.53506708262,94976.50424051424,90875.44473360828,103417.18287337315
2024-06-05,88616.72853695042,59143.53121617343,62681.13121704711,88616.72853695042,-576272.0853394318,-19192.385071119643,43351.459299237584,-1913.8099384801462,-99203.06233401701,31904.229168202728,35897.65881131496,29025.89452463691,35897.65881131496,35897.65881131496,130640.80523735471,94199.77441078634,90098.71490388038,102640.45304364525
2024-06-06,88616.72853695042,59143.53121617343,62681.13121704711,88616.72853695042,-576272.0853394318,-19192.385071119643,43351.459299237584,-1913.8099384801462,-99203.06233401701,31904.229168202728,36337.19880981697,29465.434523138916,36337.19880981697,36337.19880981697,131011.21847225726,94570.18764568889,90469.12813878292,103010.8662785478
2024-06-07,88616.72853695042,59143.53121617343,62681.13121704711,88616.72853695042,-576272.0853394318,-19192.385071119643,43351.459299237584,-1913.8099384801462,-99203.06233401701,31904.229168202728,36954.45460852585,30082.690321847796,36954.45460852585,36954.45460852585,131231.71901635476,94790.6881897864,90689.62868288043,103231.3668226453
2024-06-10,88616.72853695042,59143.53121617343,62681.13121704711,88616.72853695042,-576272.0853394318,-19192.385071119643,43351.459299237584,-1913.8099384801462,-99203.06233401701,31904.229168202728,36350.06131797552,29478.297031297465,36350.06131797552,36350.06131797552,131222.0616144056,94781.03078783723,90679.97128093126,103221.70942069613
2024-06-11,88616.72853695042,59143.53121617343,62681.13121704711,88616.72853695042,-576272.0853394318,-19192.385071119643,43351.459299237584,-1913.8099384801462,-99203.06233401701,31904.229168202728,37553.37135270599,30681.607066027937,37553.37135270599,37553.37135270599,131210.72276061564,94769.69193404727,90668.6324271413,103210.37056690617
2024-06-12,88616.72853695042,59143.53121617343,62681.13121704711,88616.72853695042,-576272.0853394318,-19192.385071119643,43351.459299237584,-1913.8099384801462,-99203.06233401701,31904.229168202728,39870.76500998298,32999.000723304925,39870.76500998298,39870.76500998298,130282.93157220446,93841.90074563609,89740.84123873012,102282.579378495
2024-06-13,88616.72853695042,59143.53121617343,62681.13121704711,88616.72853695042,-576272.0853394318,-19192.385071119643,43351.459299237584,-1913.8099384801462,-99203.06233401701,31904.229168202728,40312.50144553406,33440.737158856005,40312.50144553406,40312.50144553406,129522.36996974587,93081.3391431775,88980.27963627153,101522.0177760364
2024-06-14,88616.72853695042,59143.53121617343,62681.13121704711,88616.72853695042,-576272.0853394318,-19192.385071119643,43351.459299237584,-1913.8099384801462,-99203.06233401701,31904.229168202728,40776.61190676887,33904.84762009082,40776.61190676887,40776.61190676887,129340.29870381719,92899.26787724881,88798.20837034285,101339.94651010772
2024-06-17,88616.72853695042,59143.53121617343,62681.13121704711,88616.72853695042,-576272.0853394318,-19192.385071119643,43351.459299237584,-1913.8099384801462,-99203.06233401701,31904.229168202728,38686.33655006834,31814.57226339029,38686.33655006834,38686.33655006834,129158.08044863818,92717.04962206981,88615.99011516385,101157.72825492872
2024-06-18,88616.72853695042,59143.53121617343,62681.13121704711,88616.72853695042,-576272.0853394318,-19192.385071119643,43351.459299237584,-1913.8099384801462,-99203.06233401701,31904.229168202728,39068.30965218088,32196.545365502825,39068.30965218088,39068.30965218088,128484.2140418624,91674.42538739555,87942.12370838807,100483.86184815294
2024-06-20,88616.72853695042,59143.53121617343,62681.13121704711,88616.72853695042,-576272.0853394318,-19192.385071119643,43351.459299237584,-1913.8099384801462,-99203.06233401701,31904.229168202728,38726.02035019151,31854.256063513458,38726.02035019151,38726.02035019151,129896.11913926643,91674.42538739555,89354.0288057921,101895.76694555697
2024-06-21,88616.72853695042,59143.53121617343,62681.13121704711,88616.72853695042,-576272.0853394318,-19192.385071119643,43351.459299237584,-1913.8099384801462,-99203.06233401701,31904.229168202728,39211.35163633118,32339.587349653128,39211.35163633118,39211.35163633118,130425.51564504695,91674.42538739555,89883.42531157262,102425.16345133749
2024-06-24,88616.72853695042,59143.53121617343,62681.13121704711,88616.72853695042,-576272.0853394318,-19192.385071119643,43351.459299237584,-1913.8099384801462,-99203.06233401701,31904.229168202728,38645.71877057862,31773.95448390057,38645.71877057862,38645.71877057862,130566.4732176608,91815.38296000939,90024.38288418646,102566.12102395133
2024-06-25,88616.72853695042,59143.53121617343,62681.13121704711,88616.72853695042,-576272.0853394318,-19192.385071119643,43351.459299237584,-1913.8099384801462,-99203.06233401701,31904.229168202728,38925.024266771856,32053.259980093804,38925.024266771856,38925.024266771856,130686.53566282289,91935.44540517149,90144.44532934856,102686.18346911343
2024-06-26,88616.72853695042,59143.53121617343,62681.13121704711,88616.72853695042,-576272.0853394318,-19192.385071119643,43351.459299237584,-1913.8099384801462,-99203.06233401701,31904.229168202728,39369.05480608961,32497.29051941156,39369.05480608961,39369.05480608961,130802.11362211662,92051.02336446522,90260.02328864229,102801.76142840716
2024-06-27,88616.72853695042,59143.53121617343,62681.13121704711,88616.72853695042,-576272.0853394318,-19192.385071119643,43351.459299237584,-1913.8099384801462,-99203.06233401701,31904.229168202728,40325.97264991957,33454.208363241516,40325.97264991957,40325.97264991957,130916.79101448366,92165.70075683226,90374.70068100933,102916.4388207742
2024-06-28,88616.72853695042,59143.53121617343,62681.13121704711,88616.72853695042,-576272.0853394318,-19192.385071119643,43351.459299237584,-1913.8099384801462,-99203.06233401701,31904.229168202728,41380.1626234611,34508.39833678305,41380.1626234611,41380.1626234611,129462.06147168088,90710.97121402947,88919.97113820654,101461.70927797141
2024-07-01,88616.72853695042,59143.53121617343,62681.13121704711,88616.72853695042,-576272.0853394318,-19192.385071119643,43351.459299237584,-1913.8099384801462,-99203.06233401701,31904.229168202728,41589.63187313522,34717.86758645717,41589.63187313522,41589.63187313522,129895.71640363405,91144.62614598265,89353.62607015972,101895.36420992459
2024-07-02,88616.72853695042,59143.53121617343,62681.13121704711,88616.72853695042,-576272.0853394318,-19192.385071119643,43351.459299237584,-1913.8099384801462,-99203.06233401701,31904.229168202728,43000.255843808176,36128.491557130124,43000.255843808176,43000.255843808176,129733.79772531171,90982.70746766031,89191.70739183738,101733.44553160225
2024-07-03,88616.72853695042,59143.53121617343,62681.13121704711,88616.72853695042,-576272.0853394318,-19192.385071119643,43351.459299237584,-1913.8099384801462,-99203.06233401701,31904.229168202728,43594.44048255752,36722.67619587947,43594.44048255752,43594.44048255752,129823.92984407558,91072.83958642418,89281.83951060125,101823.57765036612
2024-07-05,88616.72853695042,59143.53121617343,62681.13121704711,88616.72853695042,-576272.0853394318,-19192.385071119643,43351.459299237584,-1913.8099384801462,-99203.06233401701,31904.229168202728,44294.24285713781,37422.47857045976,44294.24285713781,44294.24285713781,130296.08315147622,91544.99289382482,89753.99281800189,102295.73095776676
2024-07-08,88616.72853695042,59143.53121617343,62681.13121704711,88616.72853695042,-576272.0853394318,-19192.385071119643,43351.459299237584,-1913.8099384801462,-99203.06233401701,31904.229168202728,43557.019215235254,36685.2549285572,43557.019215235254,43557.019215235254,130238.34049750306,91487.25023985165,89696.25016402872,102237.9883037936
2024-07-09,88616.72853695042,59143.53121617343,62681.13121704711,88616.72853695042,-576272.0853394318,-19192.385071119643,43351.459299237584,-1913.8099384801462,-99203.06233401701,31904.229168202728,43718.98312859284,36847.218841914786,43718.98312859284,43718.98312859284,129846.00986306113,91094.91960540973,89303.9195295868,101845.65766935167
2024-07-10,88616.72853695042,59143.53121617343,62681.13121704711,88616.72853695042,-576272.0853394318,-19192.385071119643,43351.459299237584,-1913.8099384801462,-99203.06233401701,31904.229168202728,42508.99441490322,35637.23012822517,42508.99441490322,42508.99441490322,129922.49935629452,91171.40909864311,89380.40902282018,101922.14716258505
2024-07-11,88616.72853695042,59143.53121617343,62681.13121704711,88616.72853695042,-576272.0853394318,-19192.385071119643,43351.459299237584,-1913.8099384801462,-99203.06233401701,31904.229168202728,44656.94239321852,37785.178106540465,44656.94239321852,44656.94239321852,129764.89831811655,91013.80806046515,89222.80798464222,101764.54612440709
2024-07-12,88616.72853695042,59143.53121617343,62681.13121704711,88616.72853695042,-576272.0853394318,-19192.385071119643,43351.459299237584,-1913.8099384801462,-99203.06233401701,31904.229168202728,45153.11448914488,38281.35020246683,45153.11448914488,45153.11448914488,129991.47802157025,91240.38776391884,89449.38768809591,101991.12582786079
2024-07-15,88616.72853695042,59143.53121617343,62681.13121704711,88616.72853695042,-576272.0853394318,-19192.385071119643,43351.459299237584,-1913.8099384801462,-99203.06233401701,31904.229168202728,43879.25304353528,37007.48875685723,43879.25304353528,43879.25304353528,129190.47910388187,90439.38884623046,88648.38877040753,101190.1269101724
2024-07-16,88616.72853695042,59143.53121617343,62681.13121704711,88616.72853695042,-576272.0853394318,-19192.385071119643,43351.459299237584,-1913.8099384801462,-99203.06233401701,31904.229168202728,45164.82751596684,38293.06322928879,45164.82751596684,45164.82751596684,127563.38000193913,88812.28974428773,87021.2896684648,99563.02780822967
2024-07-17,88616.72853695042,59143.53121617343,62681.13121704711,88616.72853695042,-576272.0853394318,-19192.385071119643,43351.459299237584,-1913.8099384801462,-99203.06233401701,31904.229168202728,48978.673325129086,42106.90903845115,48978.673325129086,48978.673325129086,126165.11386565608,87414.02360800467,85623.02353218175,98164.76167194662
2024-07-18,88616.72853695042,59143.53121617343,62681.13121704711,88616.72853695042,-576272.0853394318,-19192.385071119643,43351.459299237584,-1913.8099384801462,-99203.06233401701,31904.229168202728,49354.37465243088,42482.610365752946,49354.37465243088,49354.37465243088,126292.41896301159,87541.32870536018,85750.32862953725,98292.06676930212
2024-07-19,88616.72853695042,59143.53121617343,62681.13121704711,88616.72853695042,-576272.0853394318,-19192.385071119643,43351.459299237584,-1913.8099384801462,-99203.06233401701,31904.229168202728,44839.371148592676,37967.606861914624,44839.371148592676,44839.371148592676,126009.73554788437,87258.64529023296,85467.64521441003,98009.3833541749
2024-07-22,88616.72853695042,59143.53121617343,62681.13121704711,88616.72853695042,-576272.0853394318,-19192.385071119643,43351.459299237584,-1913.8099384801462,-99203.06233401701,31904.229168202728,43833.948205197,36962.183918518946,43833.948205197,43833.948205197,126151.18444503099,87400.09418737958,85609.09411155665,98150.83225132152
2024-07-23,88616.72853695042,59143.53121617343,62681.13121704711,88616.72853695042,-576272.0853394318,-19192.385071119643,43351.459299237584,-1913.8099384801462,-99203.06233401701,31904.229168202728,43557.65809267468,36685.89380599663,43557.65809267468,43557.65809267468,125419.27436842886,86668.18411077745,84877.18403495452,97418.9221747194
2024-07-24,88616.72853695042,59143.53121617343,62681.13121704711,88616.72853695042,-576272.0853394318,-19192.385071119643,43351.459299237584,-1913.8099384801462,-99203.06233401701,31904.229168202728,39198.526540991385,32326.762254313333,39198.526540991385,39198.526540991385,125494.27126789815,86743.18101024674,84952.18093442381,97493.91907418869
2024-07-25,88616.72853695042,59143.53121617343,62681.13121704711,88616.72853695042,-576272.0853394318,-19192.385071119643,43351.459299237584,-1913.8099384801462,-99203.06233401701,31904.229168202728,38883.836464656284,32012.072177978233,38883.836464656284,38883.836464656284,123106.81802041736,84355.72776276595,82564.72768694302,95106.46582670789
2024-07-26,88616.72853695042,59143.53121617343,62681.13121704711,88616.72853695042,-576272.0853394318,-19192.385071119643,43351.459299237584,-1913.8099384801462,-99203.06233401701,31904.229168202728,40135.41994568193,33263.65565900388,40135.41994568193,40135.41994568193,123275.74100278481,84524.6507451334,82733.65066931047,95275.38880907535
2024-07-29,88616.72853695042,59143.53121617343,62681.13121704711,88616.72853695042,-576272.0853394318,-19192.385071119643,43351.459299237584,-1913.8099384801462,-99203.06233401701,31904.229168202728,39036.92937753664,32165.165090858587,39036.92937753664,39036.92937753664,125488.13666350115,86737.04640584975,84946.04633002682,97487.78446979169
2024-07-30,88616.72853695042,59143.53121617343,62681.13121704711,88616.72853695042,-576272.0853394318,-19192.385071119643,43351.459299237584,-1913.8099384801462,-99203.06233401701,31904.229168202728,39111.165041981614,32239.400755303563,39111.165041981614,39111.165041981614,123847.83404415357,85096.74378650216,83305.74371067923,95847.4818504441
2024-07-31,88616.72853695042,59143.53121617343,62681.13121704711,88616.72853695042,-576272.0853394318,-19192.385071119643,43351.459299237584,-1913.8099384801462,-99203.06233401701,31904.229168202728,39195.855650419486,32324.091363741434,39195.855650419486,39195.855650419486,125562.10060509644,86811.01034744503,85020.0102716221,97561.74841138697
2024-08-01,88616.72853695042,59143.53121617343,62681.13121704711,88616.72853695042,-576272.0853394318,-19192.385071119643,43351.459299237584,-1913.8099384801462,-99203.06233401701,31904.229168202728,39587.24169642269,32715.477409744635,39587.24169642269,39587.24169642269,123020.73189293034,84269.64163527894,82478.64155945601,95020.37969922088
2024-08-02,88616.72853695042,59143.53121617343,62681.13121704711,88616.72853695042,-576272.0853394318,-19192.385071119643,43351.459299237584,-1913.8099384801462,-99203.06233401701,31904.229168202728,41332.29990735988,34460.535620681825,41332.29990735988,41332.29990735988,118443.92074436834,78513.47027819348,77901.830410894,90443.56855065888
2024-08-05,88616.72853695042,59143.53121617343,62681.13121704711,88616.72853695042,-576272.0853394318,-19192.385071119643,43351.459299237584,-1913.8099384801462,-99203.06233401701,31904.229168202728,41666.341207035584,34794.57692035753,41666.341207035584,41666.341207035584,118099.11912185117,78513.47027819348,77557.02878837683,90098.7669281417
2024-08-06,88616.72853695042,59143.53121617343,62681.13121704711,88616.72853695042,-576272.0853394318,-19192.385071119643,43351.459299237584,-1913.8099384801462,-99203.06233401701,31904.229168202728,41539.58330847882,34667.819021800766,41539.58330847882,41539.58330847882,120011.82361464063,78513.47027819348,79469.7332811663,92011.47142093116
2024-08-07,88616.72853695042,59143.53121617343,62681.13121704711,88616.72853695042,-576272.0853394318,-19192.385071119643,43351.459299237584,-1913.8099384801462,-99203.06233401701,31904.229168202728,41506.47665539,34634.712368711946,41506.47665539,41506.47665539,117280.77958980249,78513.47027819348,76738.68925632816,89280.42739609303
2024-08-08,88616.72853695042,59143.53121617343,62681.13121704711,88616.72853695042,-576272.0853394318,-19192.385071119643,43351.459299237584,-1913.8099384801462,-99203.06233401701,31904.229168202728,41247.2125987903,34375.44831211225,41247.2125987903,41247.2125987903,120585.86336674984,78513.47027819348,80043.7730332755,92585.51117304037
2024-08-09,88616.72853695042,59143.53121617343,62681.13121704711,88616.72853695042,-576272.0853394318,-19192.385071119643,43351.459299237584,-1913.8099384801462,-99203.06233401701,31904.229168202728,41570.96602703002,34699.20174035197,41570.96602703002,41570.96602703002,120617.07638853951,78513.47027819348,80074.98605506518,92616.72419483005
2024-08-12,88616.72853695042,59143.53121617343,62681.13121704711,88616.72853695042,-576272.0853394318,-19192.385071119643,43351.459299237584,-1913.8099384801462,-99203.06233401701,31904.229168202728,40630.077655692585,33758.31336901453,40630.077655692585,40630.077655692585,121303.86144648702,78513.47027819348,80761.77111301268,93303.50925277756
2024-08-13,88616.72853695042,59143.53121617343,62681.13121704711,88616.72853695042,-576272.0853394318,-19192.385071119643,43351.459299237584,-1913.8099384801462,-99203.06233401701,31904.229168202728,40354.8401719837,33483.07588530565,40354.8401719837,40354.8401719837,121096.76965379692,78513.47027819348,80554.67932032258,93096.41746008745
2024-08-14,88616.72853695042,59143.53121617343,62681.13121704711,88616.72853695042,-576272.0853394318,-19192.385071119643,43351.459299237584,-1913.8099384801462,-99203.06233401701,31904.229168202728,40095.14796984347,33223.38368316542,40095.14796984347,40095.14796984347,120646.16193224024,78513.47027819348,80104.0715987659,92645.80973853078
2024-08-15,88616.72853695042,59143.53121617343,62681.13121704711,88616.72853695042,-576272.0853394318,-19192.385071119643,43351.459299237584,-1913.8099384801462,-99203.06233401701,31904.229168202728,40441.49966218276,33569.73537550471,40441.49966218276,40441.49966218276,122846.238967655,78513.47027819348,82304.14863418066,94845.88677394553
2024-08-16,88616.72853695042,59143.53121617343,62681.13121704711,88616.72853695042,-576272.0853394318,-19192.385071119643,43351.459299237584,-1913.8099384801462,-99203.06233401701,31904.229168202728,38544.531333306455,31672.767046628403,38544.531333306455,38544.531333306455,123320.94053014996,78513.47027819348,82778.85019667563,95320.5883364405
2024-08-19,88616.72853695042,59143.53121617343,62681.13121704711,88616.72853695042,-576272.0853394318,-19192.385071119643,43351.459299237584,-1913.8099384801462,-99203.06233401701,31904.229168202728,37448.58581473422,30576.82152805617,37448.58581473422,37448.58581473422,123412.02103917534,78604.55078721885,82869.930705701,95411.66884546587
2024-08-20,88616.72853695042,59143.53121617343,62681.13121704711,88616.72853695042,-576272.0853394318,-19192.385071119643,43351.459299237584,-1913.8099384801462,-99203.06233401701,31904.229168202728,36082.94314802892,29211.17886135087,36082.94314802892,36082.94314802892,123543.93309163209,78736.4628396756,83001.84275815776,95543.58089792263
2024-08-21,88616.72853695042,59143.53121617343,62681.13121704711,88616.72853695042,-576272.0853394318,-19192.385071119643,43351.459299237584,-1913.8099384801462,-99203.06233401701,31904.229168202728,35228.99826323625,28357.2339765582,35228.99826323625,35228.99826323625,123235.69609951763,78428.22584756115,82693.6057660433,95235.34390580817
2024-08-22,88616.72853695042,59143.53121617343,62681.13121704711,88616.72853695042,-576272.0853394318,-19192.385071119643,43351.459299237584,-1913.8099384801462,-99203.06233401701,31904.229168202728,34332.800105681294,27461.035819003242,34332.800105681294,34332.800105681294,123457.48682514275,78650.01657318627,82915.39649166842,95457.13463143329
2024-08-23,88616.72853695042,59143.53121617343,62681.13121704711,88616.72853695042,-576272.0853394318,-19192.385071119643,43351.459299237584,-1913.8099384801462,-99203.06233401701,31904.229168202728,34161.15033588628,27289.38604920823,34161.15033588628,34161.15033588628,123269.81618495821,78462.34593300172,82727.72585148388,95269.46399124875
2024-08-26,88616.72853695042,59143.53121617343,62681.13121704711,88616.72853695042,-576272.0853394318,-19192.385071119643,43351.459299237584,-1913.8099384801462,-99203.06233401701,31904.229168202728,34068.94773771742,27197.183451039367,34068.94773771742,34068.94773771742,123400.25115901907,78592.78090706258,82858.16082554474,95399.8989653096
2024-08-27,88616.72853695042,59143.53121617343,62681.13121704711,88616.72853695042,-576272.0853394318,-19192.385071119643,43351.459299237584,-1913.8099384801462,-99203.06233401701,31904.229168202728,34366.73857877182,27494.97429209377,34366.73857877182,34366.73857877182,123514.71674328693,78707.24649133044,82972.6264098126,95514.36454957747
2024-08-28,88616.72853695042,59143.53121617343,62681.13121704711,88616.72853695042,-576272.0853394318,-19192.385071119643,43351.459299237584,-1913.8099384801462,-99203.06233401701,31904.229168202728,34407.60923762503,27535.84495094698,34407.60923762503,34407.60923762503,123417.06668415992,78609.59643220343,82874.97635068558,95416.71449045045
2024-08-29,88616.72853695042,59143.53121617343,62681.13121704711,88616.72853695042,-576272.0853394318,-19192.385071119643,43351.459299237584,-1913.8099384801462,-99203.06233401701,31904.229168202728,35744.6454894786,28872.88120280055,35744.6454894786,35744.6454894786,123506.21693726652,78698.74668531003,82964.12660379219,95505.86474355706
2024-08-30,88616.72853695042,59143.53121617343,62681.13121704711,88616.72853695042,-576272.0853394318,-19192.385071119643,43351.459299237584,-1913.8099384801462,-99203.06233401701,31904.229168202728,35844.966843124246,28973.202556446195,35844.966843124246,35844.966843124246,123749.63975101314,78942.16949905665,83207.5494175388,95749.28755730367
2024-09-03,88616.72853695042,59143.53121617343,62681.13121704711,88616.72853695042,-576272.0853394318,-19192.385071119643,43351.459299237584,-1913.8099384801462,-99203.06233401701,31904.229168202728,34331.00360754633,27459.239320868277,34331.00360754633,34331.00360754633,122927.22113058995,78119.75087863347,82385.13079711562,94926.86893688049
2024-09-04,88616.72853695042,59143.53121617343,62681.13121704711,88616.72853695042,-576272.0853394318,-19192.385071119643,43351.459299237584,-1913.8099384801462,-99203.06233401701,31904.229168202728,34541.81988838536,27670.05560170731,34541.81988838536,34541.81988838536,122783.81223870977,77976.34198675328,82241.72190523543,94783.4600450003
2024-09-05,88616.72853695042,59143.53121617343,62681.13121704711,88616.72853695042,-576272.0853394318,-19192.385071119643,43351.459299237584,-1913.8099384801462,-99203.06233401701,31904.229168202728,34717.32841425738,27845.56412757933,34717.32841425738,34717.32841425738,123124.69148431974,78317.22123236326,82582.60115084541,95124.33929061028
2024-09-06,88616.72853695042,59143.53121617343,62681.13121704711,88616.72853695042,-576272.0853394318,-19192.385071119643,43351.459299237584,-1913.8099384801462,-99203.06233401701,31904.229168202728,32665.99062863004,25794.226341951988,32665.99062863004,32665.99062863004,122392.18989703245,77584.71964507597,81850.09956355812,94391.83770332299
2024-09-09,88616.72853695042,59143.53121617343,62681.13121704711,88616.72853695042,-576272.0853394318,-19192.385071119643,43351.459299237584,-1913.8099384801462,-99203.06233401701,31904.229168202728,34473.25466967712,27601.490382999065,34473.25466967712,34473.25466967712,123248.51405758597,78441.04380562948,82706.42372411164,95248.1618638765
2024-09-10,88616.72853695042,59143.53121617343,62681.13121704711,88616.72853695042,-576272.0853394318,-19192.385071119643,43351.459299237584,-1913.8099384801462,-99203.06233401701,31904.229168202728,34754.964502874296,27883.200216196245,34754.964502874296,34754.964502874296,122434.28989217081,77626.81964021432,81892.19955869648,94433.93769846135
2024-09-11,88616.72853695042,59143.53121617343,62681.13121704711,88616.72853695042,-576272.0853394318,-19192.385071119643,43351.459299237584,-1913.8099384801462,-99203.06233401701,31904.229168202728,34556.09281526576,27684.328528587706,34556.09281526576,34556.09281526576,123572.51454286324,78765.04429090675,83030.4242093889,95572.16234915378
2024-09-12,88616.72853695042,59143.53121617343,62681.13121704711,88616.72853695042,-576272.0853394318,-19192.385071119643,43351.459299237584,-1913.8099384801462,-99203.06233401701,31904.229168202728,34135.437431353144,27263.673144675093,34135.437431353144,34135.437431353144,123384.37399403355,78576.90374207706,82842.28366055922,95384.02180032409
2024-09-13,88616.72853695042,59143.53121617343,62681.13121704711,88616.72853695042,-576272.0853394318,-19192.385071119643,43351.459299237584,-1913.8099384801462,-99203.06233401701,31904.229168202728,33925.850352597656,27054.086065919604,33925.850352597656,33925.850352597656,123460.79415573855,78653.32390378206,82918.70382226421,95460.44196202909
2024-09-16,88616.72853695042,59143.53121617343,62681.13121704711,88616.72853695042,-576272.0853394318,-19192.385071119643,43351.459299237584,-1913.8099384801462,-99203.06233401701,31904.229168202728,32368.56887303409,25496.80458635604,32368.56887303409,32368.56887303409,122741.21088698064,77933.74063502415,82199.1205535063,94740.85869327118
2024-09-17,88616.72853695042,59143.53121617343,62681.13121704711,88616.72853695042,-576272.0853394318,-19192.385071119643,43351.459299237584,-1913.8099384801462,-99203.06233401701,31904.229168202728,32203.437573804054,25331.673287126003,32203.437573804054,32203.437573804054,123162.92988276947,78355.45963081298,82620.83954929514,95162.57768906001
2024-09-18,88616.72853695042,59143.53121617343,62681.13121704711,88616.72853695042,-576272.0853394318,-19192.385071119643,43351.459299237584,-1913.8099384801462,-99203.06233401701,31904.229168202728,33875.38566667633,27003.62137999828,33875.38566667633,33875.38566667633,122961.39268719126,78153.92243523477,82419.30235371692,94961.04049348179
2024-09-19,88616.72853695042,59143.53121617343,62681.13121704711,88616.72853695042,-576272.0853394318,-19192.385071119643,43351.459299237584,-1913.8099384801462,-99203.06233401701,31904.229168202728,33175.99229237356,26304.228005695506,33175.99229237356,33175.99229237356,124553.21811938076,79745.74786742427,84011.12778590643,96552.8659256713
2024-09-20,88616.72853695042,59143.53121617343,62681.13121704711,88616.72853695042,-576272.0853394318,-19192.385071119643,43351.459299237584,-1913.8099384801462,-99203.06233401701,31904.229168202728,33938.922056775424,27067.157770097372,33938.922056775424,33938.922056775424,124267.46051073191,79459.99025877542,83725.37017725757,96267.10831702244
2024-09-23,88616.72853695042,59143.53121617343,62681.13121704711,88616.72853695042,-576272.0853394318,-19192.385071119643,43351.459299237584,-1913.8099384801462,-99203.06233401701,31904.229168202728,33788.326369351475,26916.562082673423,33788.326369351475,33788.326369351475,124348.25450114929,79540.7842491928,83806.16416767496,96347.90230743983
2024-09-24,88616.72853695042,59143.53121617343,62681.13121704711,88616.72853695042,-576272.0853394318,-19192.385071119643,43351.459299237584,-1913.8099384801462,-99203.06233401701,31904.229168202728,34102.140188581776,27230.375901903724,34102.140188581776,34102.140188581776,124409.65207903297,79602.18182707648,83867.56174555863,96409.2998853235
2024-09-25,88616.72853695042,59143.53121617343,62681.13121704711,88616.72853695042,-576272.0853394318,-19192.385071119643,43351.459299237584,-1913.8099384801462,-99203.06233401701,31904.229168202728,35098.56537665939,28226.801089981338,35098.56537665939,35098.56537665939,124455.8380563003,79648.36780434381,83913.74772282597,96455.48586259084
2024-09-26,88616.72853695042,59143.53121617343,62681.13121704711,88616.72853695042,-576272.0853394318,-19192.385071119643,43351.459299237584,-1913.8099384801462,-99203.06233401701,31904.229168202728,36989.3742069375,30117.60992025945,36989.3742069375,36989.3742069375,124307.57541668694,79500.10516473046,83765.48508321261,96307.22322297748
2024-09-27,88616.72853695042,59143.53121617343,62681.13121704711,88616.72853695042,-576272.0853394318,-19192.385071119643,43351.459299237584,-1913.8099384801462,-99203.06233401701,31904.229168202728,35912.891924256575,29041.127637578524,35912.891924256575,35912.891924256575,124422.22031355347,79614.75006159698,83880.12998007913,96421.868119844
2024-09-30,88616.72853695042,59143.53121617343,62681.13121704711,88616.72853695042,-576272.0853394318,-19192.385071119643,43351.459299237584,-1913.8099384801462,-99203.06233401701,31904.229168202728,34779.345915345824,27907.581628667773,34779.345915345824,34779.345915345824,124586.41454394464,79778.94429198815,84044.32421047031,96586.06235023518
2024-10-01,88616.72853695042,59143.53121617343,62681.13121704711,88616.72853695042,-576272.0853394318,-19192.385071119643,43351.459299237584,-1913.8099384801462,-99203.06233401701,31904.229168202728,35258.904707220965,28387.140420542913,35258.904707220965,35258.904707220965,124594.00676969928,79786.53651774279,84051.91643622494,96593.65457598981
2024-10-02,88616.72853695042,59143.53121617343,62681.13121704711,88616.72853695042,-576272.0853394318,-19192.385071119643,43351.459299237584,-1913.8099384801462,-99203.06233401701,31904.229168202728,35592.608132021036,28720.843845342984,35592.608132021036,35592.608132021036,124578.6292734819,79771.15902152541,84036.53894000757,96578.27707977244
2024-10-03,88616.72853695042,59143.53121617343,62681.13121704711,88616.72853695042,-576272.0853394318,-19192.385071119643,43351.459299237584,-1913.8099384801462,-99203.06233401701,31904.229168202728,35515.869652767666,28644.105366089614,35515.869652767666,35515.869652767666,124460.29882624443,79652.82857428794,83918.20849277009,96459.94663253496
2024-10-04,88616.72853695042,59143.53121617343,62681.13121704711,88616.72853695042,-576272.0853394318,-19192.385071119643,43351.459299237584,-1913.8099384801462,-99203.06233401701,31904.229168202728,36134.17317502096,29262.408888342907,36134.17317502096,36134.17317502096,124553.05711260648,79745.58686064999,84010.96677913214,96552.70491889701
2024-10-07,88616.72853695042,59143.53121617343,62681.13121704711,88616.72853695042,-576272.0853394318,-19192.385071119643,43351.459299237584,-1913.8099384801462,-99203.06233401701,31904.229168202728,34768.18491180439,27896.42062512634,34768.18491180439,34768.18491180439,124734.82087016432,79927.35061820783,84192.73053668998,96734.46867645485
2024-10-08,88616.72853695042,59143.53121617343,62681.13121704711,88616.72853695042,-576272.0853394318,-19192.385071119643,43351.459299237584,-1913.8099384801462,-99203.06233401701,31904.229168202728,35096.70681887551,28224.942532197456,35096.70681887551,35096.70681887551,124788.0675348253,79980.59728286881,84245.97720135096,96787.71534111584
2024-10-09,88616.72853695042,59143.53121617343,62681.13121704711,88616.72853695042,-576272.0853394318,-19192.385071119643,43351.459299237584,-1913.8099384801462,-99203.06233401701,31904.229168202728,34848.54926150723,27976.784974829177,34848.54926150723,34848.54926150723,124797.22610845533,79989.75585649884,84255.135774981,96796.87391474587
2024-10-10,88616.72853695042,59143.53121617343,62681.13121704711,88616.72853695042,-576272.0853394318,-19192.385071119643,43351.459299237584,-1913.8099384801462,-99203.06233401701,31904.229168202728,36153.32514955511,29281.560862877057,36153.32514955511,36153.32514955511,124904.06631778553,80096.59606582904,84361.9759843112,96903.71412407607
2024-10-11,88616.72853695042,59143.53121617343,62681.13121704711,88616.72853695042,-576272.0853394318,-19192.385071119643,43351.459299237584,-1913.8099384801462,-99203.06233401701,31904.229168202728,38290.502164654084,31418.737877976033,38290.502164654084,38290.502164654084,124887.6198072501,80080.14955529361,84345.52947377576,96887.26761354064
2024-10-14,88616.72853695042,59143.53121617343,62681.13121704711,88616.72853695042,-576272.0853394318,-19192.385071119643,43351.459299237584,-1913.8099384801462,-99203.06233401701,31904.229168202728,36023.16823354771,29151.403946869657,36023.16823354771,36023.16823354771,124907.92874733591,80100.45849537943,84365.83841386158,96907.57655362645
2024-10-15,88616.72853695042,59143.53121617343,62681.13121704711,88616.72853695042,-576272.0853394318,-19192.385071119643,43351.459299237584,-1913.8099384801462,-99203.06233401701,31904.229168202728,38784.32850118657,31912.564214508515,38784.32850118657,38784.32850118657,124885.20183399646,80077.73158203997,84343.11150052212,96884.849640287
2024-10-16,88616.72853695042,59143.53121617343,62681.13121704711,88616.72853695042,-576272.0853394318,-19192.385071119643,43351.459299237584,-1913.8099384801462,-99203.06233401701,31904.229168202728,39118.603160581784,32246.838873903733,39118.603160581784,39118.603160581784,124941.39894885547,80133.92869689898,84399.30861538113,96941.046755146
2024-10-17,88616.72853695042,59143.53121617343,62681.13121704711,88616.72853695042,-576272.0853394318,-19192.385071119643,43351.459299237584,-1913.8099384801462,-99203.06233401701,31904.229168202728,39413.59911038994,32541.83482371189,39413.59911038994,39413.59911038994,124847.25073013874,80039.78047818225,84305.1603966644,96846.89853642927
2024-10-18,88616.72853695042,59143.53121617343,62681.13121704711,88616.72853695042,-576272.0853394318,-19192.385071119643,43351.459299237584,-1913.8099384801462,-99203.06233401701,31904.229168202728,37530.005738652195,30658.241451974143,37530.005738652195,37530.005738652195,124711.31248583924,79903.84223388275,84169.2221523649,96710.96029212978
2024-10-21,88616.72853695042,59143.53121617343,62681.13121704711,88616.72853695042,-576272.0853394318,-19192.385071119643,43351.459299237584,-1913.8099384801462,-99203.06233401701,31904.229168202728,36119.791954203974,29248.027667525923,36119.791954203974,36119.791954203974,125759.75847577816,80952.28822382167,85217.66814230382,97759.4062820687
2024-10-22,88616.72853695042,59143.53121617343,62681.13121704711,88616.72853695042,-576272.0853394318,-19192.385071119643,43351.459299237584,-1913.8099384801462,-99203.06233401701,31904.229168202728,35994.07074704289,29122.306460364838,35994.07074704289,35994.07074704289,125337.65537475911,80530.18512280262,84795.56504128478,97337.30318104965
2024-10-23,88616.72853695042,59143.53121617343,62681.13121704711,88616.72853695042,-576272.0853394318,-19192.385071119643,43351.459299237584,-1913.8099384801462,-99203.06233401701,31904.229168202728,34681.19215829845,27809.4278716204,34681.19215829845,34681.19215829845,125926.73099608417,81119.26074412768,85384.64066260983,97926.3788023747
2024-10-24,88616.72853695042,59143.53121617343,62681.13121704711,88616.72853695042,-576272.0853394318,-19192.385071119643,43351.459299237584,-1913.8099384801462,-99203.06233401701,31904.229168202728,36954.490923777455,30082.726637099404,36954.490923777455,36954.490923777455,124988.0835093977,80180.6132574412,84445.99317592336,96987.73131568823
2024-10-25,88616.72853695042,59143.53121617343,62681.13121704711,88616.72853695042,-576272.0853394318,-19192.385071119643,43351.459299237584,-1913.8099384801462,-99203.06233401701,31904.229168202728,38055.88214597304,31184.117859294987,38055.88214597304,38055.88214597304,124588.17358067958,79780.70332872309,84046.08324720524,96587.82138697011
2024-10-28,88616.72853695042,59143.53121617343,62681.13121704711,88616.72853695042,-576272.0853394318,-19192.385071119643,43351.459299237584,-1913.8099384801462,-99203.06233401701,31904.229168202728,36752.61662805849,29880.852341380436,36752.61662805849,36752.61662805849,125855.2174620924,81047.74721013592,85313.12712861807,97854.86526838294
2024-10-29,88616.72853695042,59143.53121617343,62681.13121704711,88616.72853695042,-576272.0853394318,-19192.385071119643,43351.459299237584,-1913.8099384801462,-99203.06233401701,31904.229168202728,36368.758454444236,29496.994167766185,36368.758454444236,36368.758454444236,125189.6967532374,80382.22650128091,84647.60641976306,97189.34455952793
2024-10-30,88616.72853695042,59143.53121617343,62681.13121704711,88616.72853695042,-576272.0853394318,-19192.385071119643,43351.459299237584,-1913.8099384801462,-99203.06233401701,31904.229168202728,36671.65574089845,29799.8914542204,36671.65574089845,36671.65574089845,125356.78652418056,80549.31627222407,84814.69619070622,97356.4343304711
2024-10-31,88616.72853695042,59143.53121617343,62681.13121704711,88616.72853695042,-576272.0853394318,-19192.385071119643,43351.459299237584,-1913.8099384801462,-99203.06233401701,31904.229168202728,37155.81945947895,30284.0551728009,37155.81945947895,37155.81945947895,125694.20018826029,80886.7299363038,85152.10985478596,97693.84799455083
2024-11-01,88616.72853695042,59143.53121617343,62681.13121704711,88616.72853695042,-576272.0853394318,-19192.385071119643,43351.459299237584,-1913.8099384801462,-99203.06233401701,31904.229168202728,36998.629275527084,30126.864988849033,36998.629275527084,36998.629275527084,125840.22724306094,81032.75699110446,85298.13690958661,97839.87504935148
2024-11-04,88616.72853695042,59143.53121617343,62681.13121704711,88616.72853695042,-576272.0853394318,-19192.385071119643,43351.459299237584,-1913.8099384801462,-99203.06233401701,31904.229168202728,36060.65088169277,29188.886595014716,36060.65088169277,36060.65088169277,128287.14984605159,83479.6795940951,87745.05951257725,100286.79765234212
2024-11-05,88616.72853695042,59143.53121617343,62681.13121704711,88616.72853695042,-576272.0853394318,-19192.385071119643,43351.459299237584,-1913.8099384801462,-99203.06233401701,31904.229168202728,35392.03716708743,28520.27288040938,35392.03716708743,35392.03716708743,127644.4819379875,82837.01168603101,87102.39160451316,99644.12974427803
2024-11-06,88616.72853695042,59143.53121617343,62681.13121704711,88616.72853695042,-576272.0853394318,-19192.385071119643,43351.459299237584,-1913.8099384801462,-99203.06233401701,31904.229168202728,39125.40193051961,32253.63764384156,39125.40193051961,39125.40193051961,119848.03788659349,73980.26513445098,79305.94755311916,91847.68569288403
2024-11-07,88616.72853695042,59143.53121617343,62681.13121704711,88616.72853695042,-576272.0853394318,-19192.385071119643,43351.459299237584,-1913.8099384801462,-99203.06233401701,31904.229168202728,37924.15850966703,31052.39422298898,37924.15850966703,37924.15850966703,118748.93685481511,73980.26513445098,78206.84652134078,90748.58466110565
2024-11-08,88616.72853695042,59143.53121617343,62681.13121704711,88616.72853695042,-576272.0853394318,-19192.385071119643,43351.459299237584,-1913.8099384801462,-99203.06233401701,31904.229168202728,38617.141111391014,31745.376824712963,38617.141111391014,38617.141111391014,119221.10614161775,73980.26513445098,78679.01580814342,91220.75394790829
2024-11-11,88616.72853695042,59143.53121617343,62681.13121704711,88616.72853695042,-576272.0853394318,-19192.385071119643,43351.459299237584,-1913.8099384801462,-99203.06233401701,31904.229168202728,37989.31725934695,31117.5529726689,37989.31725934695,37989.31725934695,119529.19840353169,73980.26513445098,78987.10807005735,91528.84620982222
2024-11-12,88616.72853695042,59143.53121617343,62681.13121704711,88616.72853695042,-576272.0853394318,-19192.385071119643,43351.459299237584,-1913.8099384801462,-99203.06233401701,31904.229168202728,39407.194326029625,32535.430039351573,39407.194326029625,39407.194326029625,118600.3806754807,73980.26513445098,78058.29034200637,90600.02848177124
2024-11-13,88616.72853695042,59143.53121617343,62681.13121704711,88616.72853695042,-576272.0853394318,-19192.385071119643,43351.459299237584,-1913.8099384801462,-99203.06233401701,31904.229168202728,40599.06781453767,33727.30352785962,40599.06781453767,40599.06781453767,118461.60154186795,73980.26513445098,77919.51120839361,90461.24934815848
2024-11-14,88616.72853695042,59143.53121617343,62681.13121704711,88616.72853695042,-576272.0853394318,-19192.385071119643,43351.459299237584,-1913.8099384801462,-99203.06233401701,31904.229168202728,40250.932475249865,33379.16818857181,40250.932475249865,40250.932475249865,117958.94697238202,73980.26513445098,77416.85663890769,89958.59477867256
2024-11-15,88616.72853695042,59143.53121617343,62681.13121704711,88616.72853695042,-576272.0853394318,-19192.385071119643,43351.459299237584,-1913.8099384801462,-99203.06233401701,31904.229168202728,36132.342922193464,29260.578635515412,36132.342922193464,36132.342922193464,114925.10002608923,73980.26513445098,74383.0096926149,86924.74783237977
2024-11-18,88616.72853695042,59143.53121617343,62681.13121704711,88616.72853695042,-576272.0853394318,-19192.385071119643,43351.459299237584,-1913.8099384801462,-99203.06233401701,31904.229168202728,35088.40172105958,28216.637434381526,35088.40172105958,35088.40172105958,115176.1746177501,74231.33972611185,74634.08428427577,87175.82242404064
2024-11-19,88616.72853695042,59143.53121617343,62681.13121704711,88616.72853695042,-576272.0853394318,-19192.385071119643,43351.459299237584,-1913.8099384801462,-99203.06233401701,31904.229168202728,34403.835588695714,27532.071302017663,34403.835588695714,34403.835588695714,115199.5740649621,74254.73917332385,74657.48373148777,87199.22187125264
2024-11-20,88616.72853695042,59143.53121617343,62681.13121704711,88616.72853695042,-576272.0853394318,-19192.385071119643,43351.459299237584,-1913.8099384801462,-99203.06233401701,31904.229168202728,32703.320928106783,25831.55664142873,32703.320928106783,32703.320928106783,115408.78752981755,74463.9526381793,74866.69719634322,87408.43533610809
2024-11-21,88616.72853695042,59143.53121617343,62681.13121704711,88616.72853695042,-576272.0853394318,-19192.385071119643,43351.459299237584,-1913.8099384801462,-99203.06233401701,31904.229168202728,31819.227831076016,24947.463544397964,31819.227831076016,31819.227831076016,114889.72163846879,73944.88674683054,74347.63130499446,86889.36944475933
2024-11-22,88616.72853695042,59143.53121617343,62681.13121704711,88616.72853695042,-576272.0853394318,-19192.385071119643,43351.459299237584,-1913.8099384801462,-99203.06233401701,31904.229168202728,33883.65995512321,27011.895668445155,33883.65995512321,33883.65995512321,114590.17341582594,73645.33852418768,74048.0830823516,86589.82122211647
2024-11-25,88616.72853695042,59143.53121617343,62681.13121704711,88616.72853695042,-576272.0853394318,-19192.385071119643,43351.459299237584,-1913.8099384801462,-99203.06233401701,31904.229168202728,33726.229755426175,26854.465468748123,33726.229755426175,33726.229755426175,114929.02165890182,73984.18676726357,74386.93132542749,86928.66946519236
2024-11-26,88616.72853695042,59143.53121617343,62681.13121704711,88616.72853695042,-576272.0853394318,-19192.385071119643,43351.459299237584,-1913.8099384801462,-99203.06233401701,31904.229168202728,33683.64801827364,26811.88373159559,33683.64801827364,33683.64801827364,115186.25372191751,74241.41883027926,74644.16338844318,87185.90152820805
2024-11-27,88616.72853695042,59143.53121617343,62681.13121704711,88616.72853695042,-576272.0853394318,-19192.385071119643,43351.459299237584,-1913.8099384801462,-99203.06233401701,31904.229168202728,34573.70019095263,27701.93590427458,34573.70019095263,34573.70019095263,115339.40824650647,74394.57335486822,74797.31791303214,87339.05605279701
2024-11-29,88616.72853695042,59143.53121617343,62681.13121704711,88616.72853695042,-576272.0853394318,-19192.385071119643,43351.459299237584,-1913.8099384801462,-99203.06233401701,31904.229168202728,33245.003247535904,26373.238960857852,33245.003247535904,33245.003247535904,116089.9956545732,75145.16076293495,75547.90532109886,88089.64346086374
2024-12-02,88616.72853695042,59143.53121617343,62681.13121704711,88616.72853695042,-576272.0853394318,-19192.385071119643,43351.459299237584,-1913.8099384801462,-99203.06233401701,31904.229168202728,32272.70879740722,25400.94451072917,32272.70879740722,32272.70879740722,116991.36772200023,76046.53283036198,76449.2773885259,88991.01552829077
2024-12-03,88616.72853695042,59143.53121617343,62681.13121704711,88616.72853695042,-576272.0853394318,-19192.385071119643,43351.459299237584,-1913.8099384801462,-99203.06233401701,31904.229168202728,32883.44698831707,26011.682701639016,32883.44698831707,32883.44698831707,117330.7902264276,76385.95533478935,76788.69989295327,89330.43803271814
2024-12-04,88616.72853695042,59143.53121617343,62681.13121704711,88616.72853695042,-576272.0853394318,-19192.385071119643,43351.459299237584,-1913.8099384801462,-99203.06233401701,31904.229168202728,33732.994821698056,26861.230535020004,33732.994821698056,33732.994821698056,117067.73767829081,76122.90278665256,76525.64734481648,89067.38548458135
2024-12-05,88616.72853695042,59143.53121617343,62681.13121704711,88616.72853695042,-576272.0853394318,-19192.385071119643,43351.459299237584,-1913.8099384801462,-99203.06233401701,31904.229168202728,34583.62215649395,27711.857869815896,34583.62215649395,34583.62215649395,117227.1817439415,76282.34685230325,76685.09141046717,89226.82955023204
2024-12-06,88616.72853695042,59143.53121617343,62681.13121704711,88616.72853695042,-576272.0853394318,-19192.385071119643,43351.459299237584,-1913.8099384801462,-99203.06233401701,31904.229168202728,37270.46487999649,30398.70059331844,37270.46487999649,37270.46487999649,117327.40854816022,76382.57365652197,76785.31821468589,89327.05635445076
2024-12-09,88616.72853695042,59143.53121617343,62681.13121704711,88616.72853695042,-576272.0853394318,-19192.385071119643,43351.459299237584,-1913.8099384801462,-99203.06233401701,31904.229168202728,35721.535161353066,28849.770874675014,35721.535161353066,35721.535161353066,117805.26884073508,76860.43394909683,77263.17850726075,89804.91664702562
2024-12-10,88616.72853695042,59143.53121617343,62681.13121704711,88616.72853695042,-576272.0853394318,-19192.385071119643,43351.459299237584,-1913.8099384801462,-99203.06233401701,31904.229168202728,36970.49090033455,30098.7266136565,36970.49090033455,36970.49090033455,117913.29658873496,76968.4616970967,77371.20625526062,89912.9443950255
2024-12-11,88616.72853695042,59143.53121617343,62681.13121704711,88616.72853695042,-576272.0853394318,-19192.385071119643,43351.459299237584,-1913.8099384801462,-99203.06233401701,31904.229168202728,39255.162590062595,32383.398303384543,39255.162590062595,39255.162590062595,118602.62842292408,77657.79353128583,78060.53808944975,90602.27622921462
2024-12-12,88616.72853695042,59143.53121617343,62681.13121704711,88616.72853695042,-576272.0853394318,-19192.385071119643,43351.459299237584,-1913.8099384801462,-99203.06233401701,31904.229168202728,40820.49946701131,33948.73518033326,40820.49946701131,40820.49946701131,118980.95548563683,78036.12059399858,78438.8651521625,90980.60329192737
2024-12-13,88616.72853695042,59143.53121617343,62681.13121704711,88616.72853695042,-576272.0853394318,-19192.385071119643,43351.459299237584,-1913.8099384801462,-99203.06233401701,31904.229168202728,44750.37232656125,37878.6080398832,44750.37232656125,44750.37232656125,118887.15969079756,77942.32479915931,78345.06935732323,90886.8074970881
2024-12-16,88616.72853695042,59143.53121617343,62681.13121704711,88616.72853695042,-576272.0853394318,-19192.385071119643,43351.459299237584,-1913.8099384801462,-99203.06233401701,31904.229168202728,49039.32435814035,42167.56007146218,49039.32435814035,49039.32435814035,119323.12752116611,78378.29262952786,78781.03718769178,91322.77532745665
2024-12-17,88616.72853695042,59143.53121617343,62681.13121704711,88616.72853695042,-576272.0853394318,-19192.385071119643,43351.459299237584,-1913.8099384801462,-99203.06233401701,31904.229168202728,48829.70672268141,41957.942436003475,48829.70672268141,48829.70672268141,119251.57487046905,78306.7399788308,78709.48453699471,91251.22267675959
2024-12-18,88616.72853695042,59143.53121617343,62681.13121704711,88616.72853695042,-576272.0853394318,-19192.385071119643,43351.459299237584,-1913.8099384801462,-99203.06233401701,31904.229168202728,33661.278331253445,26789.514044575393,33661.278331253445,33661.278331253445,118887.14688328584,77942.31199164758,78345.0565498115,90886.79468957637
2024-12-19,88616.72853695042,59143.53121617343,62681.13121704711,88616.72853695042,-576272.0853394318,-19192.385071119643,43351.459299237584,-1913.8099384801462,-99203.06233401701,31904.229168202728,37155.93273646536,30284.168449787307,37155.93273646536,37155.93273646536,117653.4666829384,76708.63179130014,77111.37634946406,89653.11448922893
2024-12-20,88616.72853695042,59143.53121617343,62681.13121704711,88616.72853695042,-576272.0853394318,-19192.385071119643,43351.459299237584,-1913.8099384801462,-99203.06233401701,31904.229168202728,47115.607943937066,40243.843657259014,47115.607943937066,47115.607943937066,118887.3755402884,77942.54064865015,78345.28520681406,90887.02334657894
2024-12-23,88616.72853695042,59143.53121617343,62681.13121704711,88616.72853695042,-576272.0853394318,-19192.385071119643,43351.459299237584,-1913.8099384801462,-99203.06233401701,31904.229168202728,47838.27693909139,40966.51265241334,47838.27693909139,47838.27693909139,118941.00296045141,77996.16806881316,78398.91262697708,90940.65076674195
2024-12-24,88616.72853695042,59143.53121617343,62681.13121704711,88616.72853695042,-576272.0853394318,-19192.385071119643,43351.459299237584,-1913.8099384801462,-99203.06233401701,31904.229168202728,48524.14470476424,41652.38041808619,48524.14470476424,48524.14470476424,118906.14117780724,77961.30628616898,78364.0508443329,90905.78898409777
2024-12-26,88616.72853695042,59143.53121617343,62681.13121704711,88616.72853695042,-576272.0853394318,-19192.385071119643,43351.459299237584,-1913.8099384801462,-99203.06233401701,31904.229168202728,47431.574330030126,40559.810043352074,47431.574330030126,47431.574330030126,118967.89492743369,78023.06003579544,78425.80459395936,90967.54273372423
2024-12-27,88616.72853695042,59143.53121617343,62681.13121704711,88616.72853695042,-576272.0853394318,-19192.385071119643,43351.459299237584,-1913.8099384801462,-99203.06233401701,31904.229168202728,47618.80770310259,40747.04341642454,47618.80770310259,47618.80770310259,119042.85395039618,78098.01905875793,78500.76361692185,91042.50175668672
2024-12-30,88616.72853695042,59143.53121617343,62681.13121704711,88616.72853695042,-576272.0853394318,-19192.385071119643,43351.459299237584,-1913.8099384801462,-99203.06233401701,31904.229168202728,45482.851222240715,38611.086935562664,45482.851222240715,45482.851222240715,119169.38057383918,78224.54568220093,78627.29024036485,91169.02838012972
2024-12-31,88616.72853695042,59143.53121617343,62681.13121704711,88616.72853695042,-576272.0853394318,-19192.385071119643,43351.459299237584,-1913.8099384801462,-99203.06233401701,31904.229168202728,45469.134912370006,38597.370625691954,45469.134912370006,45469.134912370006,119198.57072718279,78253.73583554453,78656.48039370845,91198.21853347332
2025-01-02,88616.72853695042,59143.53121617343,62681.13121704711,88616.72853695042,-576272.0853394318,-19192.385071119643,43351.459299237584,-1913.8099384801462,-99203.06233401701,31904.229168202728,44959.46782158385,38087.7035349058,44959.46782158385,44959.46782158385,119255.6055108246,78310.77061918634,78713.51517735026,91255.25331711513
2025-01-03,88616.72853695042,59143.53121617343,62681.13121704711,88616.72853695042,-576272.0853394318,-19192.385071119643,43351.459299237584,-1913.8099384801462,-99203.06233401701,31904.229168202728,45903.51577223174,39031.75148555369,45903.51577223174,45903.51577223174,119263.18759191851,78318.35270028026,78721.09725844418,91262.83539820905
2025-01-06,88616.72853695042,59143.53121617343,62681.13121704711,88616.72853695042,-576272.0853394318,-19192.385071119643,43351.459299237584,-1913.8099384801462,-99203.06233401701,31904.229168202728,46706.19388818892,39834.42960151087,46706.19388818892,46706.19388818892,119405.72611022997,78460.89121859171,78863.63577675563,91405.3739165205
2025-01-07,88616.72853695042,59143.53121617343,62681.13121704711,88616.72853695042,-576272.0853394318,-19192.385071119643,43351.459299237584,-1913.8099384801462,-99203.06233401701,31904.229168202728,47121.77800372336,40250.01371704531,47121.77800372336,47121.77800372336,119373.46206478449,78428.62717314623,78831.37173131015,91373.10987107502
2025-01-08,88616.72853695042,59143.53121617343,62681.13121704711,88616.72853695042,-576272.0853394318,-19192.385071119643,43351.459299237584,-1913.8099384801462,-99203.06233401701,31904.229168202728,47550.97352403193,40679.209237353876,47550.97352403193,47550.97352403193,119428.66312827473,78483.82823663647,78886.57279480039,91428.31093456526
2025-01-10,88616.72853695042,59143.53121617343,62681.13121704711,88616.72853695042,-576272.0853394318,-19192.385071119643,43351.459299237584,-1913.8099384801462,-99203.06233401701,31904.229168202728,46669.89940545068,39798.135118772625,46669.89940545068,46669.89940545068,119499.18663332285,78554.3517416846,78957.09629984852,91498.83443961339
2025-01-13,88616.72853695042,59143.53121617343,62681.13121704711,88616.72853695042,-576272.0853394318,-19192.385071119643,43351.459299237584,-1913.8099384801462,-99203.06233401701,31904.229168202728,45769.592333306675,38897.82804662862,45769.592333306675,45769.592333306675,119629.0780618852,78684.24317024695,79086.98772841087,91628.72586817574
2025-01-14,88616.72853695042,59143.53121617343,62681.13121704711,88616.72853695042,-576272.0853394318,-19192.385071119643,43351.459299237584,-1913.8099384801462,-99203.06233401701,31904.229168202728,45812.37117890478,38940.60689222673,45812.37117890478,45812.37117890478,119590.15585769736,78645.32096605911,79048.06552422303,91589.8036639879
2025-01-15,88616.72853695042,59143.53121617343,62681.13121704711,88616.72853695042,-576272.0853394318,-19192.385071119643,43351.459299237584,-1913.8099384801462,-99203.06233401701,31904.229168202728,46357.62449922622,39485.86021254817,46357.62449922622,46357.62449922622,119069.00366718974,78124.16877555149,78526.9133337154,91068.65147348028
2025-01-16,88616.72853695042,59143.53121617343,62681.13121704711,88616.72853695042,-576272.0853394318,-19192.385071119643,43351.459299237584,-1913.8099384801462,-99203.06233401701,31904.229168202728,47153.20683398773,40281.44254730968,47153.20683398773,47153.20683398773,118906.1715523589,77961.33666072064,78364.08121888456,90905.81935864943
2025-01-17,88616.72853695042,59143.53121617343,62681.13121704711,88616.72853695042,-576272.0853394318,-19192.385071119643,43351.459299237584,-1913.8099384801462,-99203.06233401701,31904.229168202728,47860.07553520438,40988.31124852633,47860.07553520438,47860.07553520438,118755.02714654151,77810.19225490326,78212.93681306718,90754.67495283205
2025-01-21,88616.72853695042,59143.53121617343,62681.13121704711,88616.72853695042,-576272.0853394318,-19192.385071119643,43351.459299237584,-1913.8099384801462,-99203.06233401701,31904.229168202728,46474.2464550751,39602.48216839705,46474.2464550751,46474.2464550751,119272.37407042412,78327.53917878587,78730.28373694979,91272.02187671466
2025-01-22,88616.72853695042,59143.53121617343,62681.13121704711,88616.72853695042,-576272.0853394318,-19192.385071119643,43351.459299237584,-1913.8099384801462,-99203.06233401701,31904.229168202728,45983.29594421014,39111.53165753209,45983.29594421014,45983.29594421014,119370.95495710545,78426.1200654672,78828.86462363112,91370.60276339599
2025-01-23,88616.72853695042,59143.53121617343,62681.13121704711,88616.72853695042,-576272.0853394318,-19192.385071119643,43351.459299237584,-1913.8099384801462,-99203.06233401701,31904.229168202728,44813.28727051488,37941.522983836825,44813.28727051488,44813.28727051488,118413.2243780347,77468.38948639645,77871.13404456037,90412.87218432524
2025-01-24,88616.72853695042,59143.53121617343,62681.13121704711,88616.72853695042,-576272.0853394318,-19192.385071119643,43351.459299237584,-1913.8099384801462,-99203.06233401701,31904.229168202728,45862.146089380025,38990.38180270197,45862.146089380025,45862.146089380025,118781.15651898575,77836.3216273475,78239.06618551142,90780.80432527629
2025-01-27,88616.72853695042,59143.53121617343,62681.13121704711,88616.72853695042,-576272.0853394318,-19192.385071119643,43351.459299237584,-1913.8099384801462,-99203.06233401701,31904.229168202728,47808.64124661125,40936.8769599332,47808.64124661125,47808.64124661125,118823.68049457017,77878.84560293192,78281.59016109584,90823.32830086071
2025-01-28,88616.72853695042,59143.53121617343,62681.13121704711,88616.72853695042,-576272.0853394318,-19192.385071119643,43351.459299237584,-1913.8099384801462,-99203.06233401701,31904.229168202728,48249.06405884656,41377.29977216851,48249.06405884656,48249.06405884656,120027.2559137633,79082.42102212505,79485.16558028897,92026.90372005384
2025-01-29,88616.72853695042,59143.53121617343,62681.13121704711,88616.72853695042,-576272.0853394318,-19192.385071119643,43351.459299237584,-1913.8099384801462,-99203.06233401701,31904.229168202728,48297.053233862156,41425.288947184104,48297.053233862156,48297.053233862156,119081.24705254217,78136.41216090391,78539.15671906783,91080.8948588327
2025-01-30,88616.72853695042,59143.53121617343,62681.13121704711,88616.72853695042,-576272.0853394318,-19192.385071119643,43351.459299237584,-1913.8099384801462,-99203.06233401701,31904.229168202728,48616.03910193988,41744.27481526183,48616.03910193988,48616.03910193988,117221.28997591138,76276.45508427313,76679.19964243704,89220.93778220192
2025-01-31,88616.72853695042,59143.53121617343,62681.13121704711,88616.72853695042,-576272.0853394318,-19192.385071119643,43351.459299237584,-1913.8099384801462,-99203.06233401701,31904.229168202728,48891.63392491592,42019.869638237986,48891.63392491592,48891.63392491592,117034.55928729521,76089.72439565696,76492.46895382088,89034.20709358575
2025-02-03,88616.72853695042,59143.53121617343,62681.13121704711,88616.72853695042,-576272.0853394318,-19192.385071119643,43351.459299237584,-1913.8099384801462,-99203.06233401701,31904.229168202728,47752.25322869455,40880.4889420165,47752.25322869455,47752.25322869455,115126.27060989896,74181.4357182607,74584.18027642462,87125.9184161895
2025-02-04,88616.72853695042,59143.53121617343,62681.13121704711,88616.72853695042,-576272.0853394318,-19192.385071119643,43351.459299237584,-1913.8099384801462,-99203.06233401701,31904.229168202728,50362.7661497097,43491.00186303165,50362.7661497097,50362.7661497097,113124.60261436598,71033.78746371297,72582.51228089165,85124.25042065652
2025-02-05,88616.72853695042,59143.53121617343,62681.13121704711,88616.72853695042,-576272.0853394318,-19192.385071119643,43351.459299237584,-1913.8099384801462,-99203.06233401701,31904.229168202728,50914.31104799663,44042.546761318576,50914.31104799663,50914.31104799663,113010.85017234646,71033.78746371297,72468.75983887212,85010.497978637
2025-02-06,88616.72853695042,59143.53121617343,62681.13121704711,88616.72853695042,-576272.0853394318,-19192.385071119643,43351.459299237584,-1913.8099384801462,-99203.06233401701,31904.229168202728,53128.56298147794,46256.79869479989,53128.56298147794,53128.56298147794,112722.02501213155,71033.78746371297,72179.93467865721,84721.67281842208
2025-02-07,88616.72853695042,59143.53121617343,62681.13121704711,88616.72853695042,-576272.0853394318,-19192.385071119643,43351.459299237584,-1913.8099384801462,-99203.06233401701,31904.229168202728,54771.121098448755,47899.356811770704,54771.121098448755,54771.121098448755,111232.05082009453,71033.78746371297,70689.9604866202,83231.69862638507
2025-02-10,88616.72853695042,59143.53121617343,62681.13121704711,88616.72853695042,-576272.0853394318,-19192.385071119643,43351.459299237584,-1913.8099384801462,-99203.06233401701,31904.229168202728,56010.71028149966,49138.94599482161,56010.71028149966,56010.71028149966,111697.30921171396,71033.78746371297,71155.21887823963,83696.9570180045
2025-02-11,88616.72853695042,59143.53121617343,62681.13121704711,88616.72853695042,-576272.0853394318,-19192.385071119643,43351.459299237584,-1913.8099384801462,-99203.06233401701,31904.229168202728,56129.78780115931,49258.02351448126,56129.78780115931,56129.78780115931,111073.16678910167,71033.78746371297,70531.07645562734,83072.8145953922
2025-02-12,88616.72853695042,59143.53121617343,62681.13121704711,88616.72853695042,-576272.0853394318,-19192.385071119643,43351.459299237584,-1913.8099384801462,-99203.06233401701,31904.229168202728,56560.19160431065,49688.427317632595,56560.19160431065,56560.19160431065,109433.05544091621,71033.78746371297,67622.98151881294,81432.70324720675
2025-02-13,88616.72853695042,59143.53121617343,62681.13121704711,88616.72853695042,-576272.0853394318,-19192.385071119643,43351.459299237584,-1913.8099384801462,-99203.06233401701,31904.229168202728,57724.67703637201,50852.91274969396,57724.67703637201,57724.67703637201,109965.99561183108,71033.78746371297,67622.98151881294,81965.64341812162
2025-02-14,88616.72853695042,59143.53121617343,62681.13121704711,88616.72853695042,-576272.0853394318,-19192.385071119643,43351.459299237584,-1913.8099384801462,-99203.06233401701,31904.229168202728,58630.832911716774,51759.06862503872,58630.832911716774,58630.832911716774,110966.81662808312,71033.78746371297,67622.98151881294,82966.46443437366
2025-02-18,88616.72853695042,59143.53121617343,62681.13121704711,88616.72853695042,-576272.0853394318,-19192.385071119643,43351.459299237584,-1913.8099384801462,-99203.06233401701,31904.229168202728,62046.42741851974,55174.663131841924,62046.42741851974,62046.42741851974,109233.90919465711,71033.78746371297,67622.98151881294,81233.55700094765
2025-02-19,88616.72853695042,59143.53121617343,62681.13121704711,88616.72853695042,-576272.0853394318,-19192.385071119643,43351.459299237584,-1913.8099384801462,-99203.06233401701,31904.229168202728,62513.91450713202,55642.15022045397,62513.91450713202,62513.91450713202,111454.12714375579,71033.78746371297,67622.98151881294,83453.77495004633
2025-02-20,88616.72853695042,59143.53121617343,62681.13121704711,88616.72853695042,-576272.0853394318,-19192.385071119643,43351.459299237584,-1913.8099384801462,-99203.06233401701,31904.229168202728,62962.66860867082,56090.90432199277,62962.66860867082,62962.66860867082,111038.33490778436,71033.78746371297,67622.98151881294,83037.9827140749
2025-02-21,88616.72853695042,59143.53121617343,62681.13121704711,88616.72853695042,-576272.0853394318,-19192.385071119643,43351.459299237584,-1913.8099384801462,-99203.06233401701,31904.229168202728,57512.45762138395,50640.693334705895,57512.45762138395,57512.45762138395,109833.19666547398,71033.78746371297,67622.98151881294,81832.84447176452
2025-02-24,88616.72853695042,59143.53121617343,62681.13121704711,88616.72853695042,-576272.0853394318,-19192.385071119643,43351.459299237584,-1913.8099384801462,-99203.06233401701,31904.229168202728,53712.00575365918,46840.24146698124,53712.00575365918,53712.00575365918,110110.70858506486,71311.29938330385,67900.49343840382,82110.3563913554
2025-02-25,88616.72853695042,59143.53121617343,62681.13121704711,88616.72853695042,-576272.0853394318,-19192.385071119643,43351.459299237584,-1913.8099384801462,-99203.06233401701,31904.229168202728,52521.92869682587,45650.16441014793,52521.92869682587,52521.92869682587,110012.58999293298,71213.18079117197,67802.37484627194,82012.23779922351
2025-02-26,88616.72853695042,59143.53121617343,62681.13121704711,88616.72853695042,-576272.0853394318,-19192.385071119643,43351.459299237584,-1913.8099384801462,-99203.06233401701,31904.229168202728,52099.15216405317,45227.38787737524,52099.15216405317,52099.15216405317,110089.24052810739,71289.83132634638,67879.02538144635,82088.88833439793
2025-02-27,88616.72853695042,59143.53121617343,62681.13121704711,88616.72853695042,-576272.0853394318,-19192.385071119643,43351.459299237584,-1913.8099384801462,-99203.06233401701,31904.229168202728,50458.402675933205,43586.63838925515,50458.402675933205,50458.402675933205,110002.23089831648,71202.82169655547,67792.01575165545,82001.87870460702
2025-02-28,88616.72853695042,59143.53121617343,62681.13121704711,88616.72853695042,-576272.0853394318,-19192.385071119643,43351.459299237584,-1913.8099384801462,-99203.06233401701,31904.229168202728,53317.92698836909,46446.162701691035,53317.92698836909,53317.92698836909,110092.77736685844,71293.36816509743,67882.5622201974,82092.42517314898
2025-03-03,88616.72853695042,59143.53121617343,62681.13121704711,88616.72853695042,-576272.0853394318,-19192.385071119643,43351.459299237584,-1913.8099384801462,-99203.06233401701,31904.229168202728,51205.18454726669,44333.42026058864,51205.18454726669,51205.18454726669,109455.00266678957,70655.59346502856,67244.78752012854,81454.65047308011
2025-03-04,88616.72853695042,59143.53121617343,62681.13121704711,88616.72853695042,-576272.0853394318,-19192.385071119643,43351.459299237584,-1913.8099384801462,-99203.06233401701,31904.229168202728,51411.805690585636,44540.04140390747,51411.805690585636,51411.805690585636,110080.874570966,71281.46536920499,67870.65942430496,82080.52237725654
2025-03-05,88616.72853695042,59143.53121617343,62681.13121704711,88616.72853695042,-576272.0853394318,-19192.385071119643,43351.459299237584,-1913.8099384801462,-99203.06233401701,31904.229168202728,52228.32189435535,45356.557607677416,52228.32189435535,52228.32189435535,110734.17802487058,71934.76882310957,68523.96287820954,82733.82583116111
2025-03-06,88616.72853695042,59143.53121617343,62681.13121704711,88616.72853695042,-576272.0853394318,-19192.385071119643,43351.459299237584,-1913.8099384801462,-99203.06233401701,31904.229168202728,51365.530260074884,44493.765973396716,51365.530260074884,51365.530260074884,109338.21803999646,70538.80883823545,67128.00289333542,81337.865846287
2025-03-07,88616.72853695042,59143.53121617343,62681.13121704711,88616.72853695042,-576272.0853394318,-19192.385071119643,43351.459299237584,-1913.8099384801462,-99203.06233401701,31904.229168202728,52571.27590543195,45699.511618753895,52571.27590543195,52571.27590543195,110376.88239437784,71577.47319261683,68166.6672477168,82376.53020066838
2025-03-10,88616.72853695042,59143.53121617343,62681.13121704711,88616.72853695042,-576272.0853394318,-19192.385071119643,43351.459299237584,-1913.8099384801462,-99203.06233401701,31904.229168202728,52726.41872120043,45854.65443452238,52726.41872120043,52726.41872120043,109747.11277787131,70947.7035761103,67536.89763121027,81746.76058416185
2025-03-11,88616.72853695042,59143.53121617343,62681.13121704711,88616.72853695042,-576272.0853394318,-19192.385071119643,43351.459299237584,-1913.8099384801462,-99203.06233401701,31904.229168202728,52875.373045129934,46003.60875845223,52875.373045129934,52875.373045129934,110303.5221345278,71504.11293276679,68093.30698786676,82303.16994081833
2025-03-12,88616.72853695042,59143.53121617343,62681.13121704711,88616.72853695042,-576272.0853394318,-19192.385071119643,43351.459299237584,-1913.8099384801462,-99203.06233401701,31904.229168202728,52596.09984651813,45724.33555984043,52596.09984651813,52596.09984651813,111668.51980399922,72869.11060223822,69458.30465733819,83668.16761028976
2025-03-13,88616.72853695042,59143.53121617343,62681.13121704711,88616.72853695042,-576272.0853394318,-19192.385071119643,43351.459299237584,-1913.8099384801462,-99203.06233401701,31904.229168202728,54149.78569930117,47278.02141262288,54149.78569930117,54149.78569930117,109652.67203413066,70853.26283236966,67442.45688746963,81652.3198404212
2025-03-14,88616.72853695042,59143.53121617343,62681.13121704711,88616.72853695042,-576272.0853394318,-19192.385071119643,43351.459299237584,-1913.8099384801462,-99203.06233401701,31904.229168202728,53332.2742838643,46460.50999718625,53332.2742838643,53332.2742838643,110745.85587002453,71946.44666826352,68535.6407233635,82745.50367631507
2025-03-17,88616.72853695042,59143.53121617343,62681.13121704711,88616.72853695042,-576272.0853394318,-19192.385071119643,43351.459299237584,-1913.8099384801462,-99203.06233401701,31904.229168202728,52980.29651533603,46108.532228657976,52980.29651533603,52980.29651533603,111447.19391868939,72647.78471692838,69236.97877202835,83446.84172497992
2025-03-18,88616.72853695042,59143.53121617343,62681.13121704711,88616.72853695042,-576272.0853394318,-19192.385071119643,43351.459299237584,-1913.8099384801462,-99203.06233401701,31904.229168202728,52916.248946696986,46044.484660018934,52916.248946696986,52916.248946696986,110999.35312885744,72199.94392709644,68789.13798219641,82999.00093514798
2025-03-19,88616.72853695042,59143.53121617343,62681.13121704711,88616.72853695042,-576272.0853394318,-19192.385071119643,43351.459299237584,-1913.8099384801462,-99203.06233401701,31904.229168202728,53207.957203979604,46336.192917301436,53207.957203979604,53207.957203979604,111206.55872590584,72407.14952414483,68996.3435792448,83206.20653219637
2025-03-20,88616.72853695042,59143.53121617343,62681.13121704711,88616.72853695042,-576272.0853394318,-19192.385071119643,43351.459299237584,-1913.8099384801462,-99203.06233401701,31904.229168202728,53486.885851003695,46615.12156432576,53486.885851003695,53486.885851003695,110900.59673962672,72101.18753786571,68690.38159296568,82900.24454591726
2025-03-21,88616.72853695042,59143.53121617343,62681.13121704711,88616.72853695042,-576272.0853394318,-19192.385071119643,43351.459299237584,-1913.8099384801462,-99203.06233401701,31904.229168202728,52311.27292189002,45439.50863521162,52311.27292189002,52311.27292189002,110655.13186997594,71855.72266821493,68444.9167233149,82654.77967626648
2025-03-24,85489.07987673068,56015.882555953925,59553.482556827366,85489.07987673068,-579399.7339996514,-22320.03373133915,40223.81063901808,-5041.4585986996535,-102356.25968531659,28754.067786784493,52311.27292189002,45439.50863521162,52311.27292189002,52311.27292189002,110769.39981114748,71969.99060938647,68559.18466448644,82769.04761743802
2025-03-25,85380.56599185546,55907.3686710787,59444.96867195214,85380.56599185546,-579508.2478845266,-22428.547616214375,40115.29675414285,-5149.972483574878,-102412.48797993653,28771.66793791647,52311.27292189002,45439.50863521162,52311.27292189002,52311.27292189002,110796.43098623608,71997.02178447507,68586.21583957504,82796.07879252662
2025-03-26,87350.92451971513,57877.72719893814,61415.327199811814,87350.92451971513,-577537.8893566671,-20458.189088354935,42085.65528200229,-3179.6139557154384,-102293.69448796171,28631.308592893067,52311.27292189002,45439.50863521162,52311.27292189002,52311.27292189002,111072.7681896172,72273.35898785619,68862.55304295616,83072.41599590774
2025-03-27,88393.41958009265,58920.22225931566,62457.822260189336,88393.41958009265,-576495.3942962895,-19415.694027977413,43128.15034237981,-2137.118895337917,-102209.64504166646,28581.900064266752,52311.27292189002,45439.50863521162,52311.27292189002,52311.27292189002,111160.1519976356,72360.7427958746,68949.93685097457,83159.79980392614
2025-03-28,90215.49747555121,60742.30015477445,64279.90015564789,90215.49747555121,-574673.3164008308,-17593.616132518742,44943.63506886852,-328.22733781917486,-102073.509626191,27600.253937052796,52311.27292189002,45439.50863521162,52311.27292189002,52311.27292189002,111292.9532671005,72493.54406533949,69082.73812043946,83292.60107339104
2025-03-31,88687.84268009919,59214.64535932196,62752.24536019564,88687.84268009919,-576200.9711962829,-19121.270927971113,42973.384567360394,-2741.07354538294,-104501.40512117709,26061.163198239985,52311.27292189002,45439.50863521162,52311.27292189002,52311.27292189002,111577.18686990021,72777.7776681392,69366.97172323917,83576.83467619075
2025-04-01,88681.67191538913,59208.47459461191,62746.07459548558,88681.67191538913,-576207.141960993,-19127.44169268117,42779.756479969714,-3122.1589554542443,-104207.75474309153,26629.213874808396,52311.27292189002,45439.50863521162,52311.27292189002,52311.27292189002,111457.93019528035,72658.52099351934,69247.71504861931,83457.57800157089
2025-04-02,87537.16664467333,58063.96932389657,61601.56932477001,87537.16664467333,-577351.6472317082,-20271.946963396622,41214.0059955311,-5109.1546536159,-105134.55070746713,26221.428690241533,52311.27292189002,45439.50863521162,52311.27292189002,52311.27292189002,111790.97005826235,72991.56085650134,69580.75491160131,83790.61786455289
2025-04-03,91160.83242829307,61687.63510751631,65225.235108389985,91160.83242829307,-573817.9814480883,-16693.281179776648,48138.66403646255,5116.495644627023,-103850.65976977209,24969.97242998425,52311.27292189002,45439.50863521162,52311.27292189002,52311.27292189002,110678.12106094765,71878.71185918665,68467.90591428662,82677.76886723819
2025-04-04,83981.1642660289,54507.96694525145,58045.56694612466,83981.1642660289,-528309.0079817577,2471.371472256258,44673.17324051296,5365.182214992237,-87147.89956148935,24456.63500436896,52311.27292189002,45439.50863521162,52311.27292189002,52311.27292189002,108569.84862211323,69770.43942035222,66359.6334754522,80569.49642840377
2025-04-07,82510.96621867176,53037.768897894304,56575.36889876751,82510.96621867176,-528269.9828250092,1755.7850269520422,43558.30429402494,4605.642369373352,-87912.00173836597,22982.14592933806,52311.27292189002,45439.50863521162,52311.27292189002,52311.27292189002,108899.86063049734,70100.45142873633,66689.6454838363,80899.50843678787
2025-04-08,84180.73937136866,54707.542050591204,58245.142051464645,84180.73937136866,-513352.65313525865,10049.336448175833,48347.06100078975,12513.382630206179,-80243.51711014914,24370.289865285275,52311.27292189002,45439.50863521162,52311.27292189002,52311.27292189002,109343.8126965093,70544.40349474829,67133.59754984826,81343.46050279983
2025-04-09,75265.60901597119,45310.101135101635,49330.01169606694,75265.60901597119,-609702.1664727642,-42582.98539827566,18846.519153204397,-37572.57070956705,-127654.9048528563,18561.36637748871,52311.27292189002,45439.50863521162,52311.27292189002,52311.27292189002,107210.76356650004,68411.35436473903,65000.548419839004,79210.41137279058
2025-04-10,83831.36778732063,45310.101135101635,57895.77046741638,83831.36778732063,-560823.3443222491,-13860.694937343244,36903.52118454897,-10024.325418227003,-118669.46442960354,19460.819363649818,52311.27292189002,45439.50863521162,52311.27292189002,52311.27292189002,108072.23884412111,69272.8296423601,65862.02369746007,80071.88665041164
2025-04-11,85485.08738170634,45310.101135101635,59549.49006180209,85485.08738170634,-574865.4420020847,-20054.88398006826,34858.64892964857,-15767.78952241328,-126195.57564826822,19031.19580957282,52311.27292189002,45439.50863521162,52311.27292189002,52311.27292189002,107754.03798657306,68954.62878481206,65543.82283991203,79753.6857928636
2025-04-14,88078.99039781163,45310.101135101635,62143.393077907385,88078.99039781163,-580958.026348598,-21804.22464527213,35717.257152191596,-16644.476093432517,-127084.65443965863,21614.874277212424,52311.27292189002,45439.50863521162,52311.27292189002,52311.27292189002,108606.58649791102,69807.17729615001,66396.37135124998,80606.23430420156
2025-04-15,92269.68372899247,45310.101135101635,66334.08640908799,92269.68372899247,-574235.1051567948,-16347.417383780354,40413.81224765233,-11442.05923369166,-122430.72252509138,25321.899545810185,52311.27292189002,45439.50863521162,52311.27292189002,52311.27292189002,109193.83610551013,70394.42690374912,66983.62095884909,81193.48391180066
2025-04-16,91561.44468906219,45310.101135101635,65625.84736915794,91561.44468906219,-554904.1271684745,-7036.047909585177,43708.79655043199,-4143.851588202291,-113437.07937841909,25882.755229335395,52311.27292189002,45439.50863521162,52311.27292189002,52311.27292189002,109098.51734204171,70299.1081402807,66888.30219538067,81098.16514833225
2025-04-17,100082.97797766328,45310.101135101635,74147.3806577588,100082.97797766328,-547728.6063571349,812.4791403854033,51979.07220634958,3875.1664350326173,-107294.39488331124,32623.85841129243,52311.27292189002,45439.50863521162,52311.27292189002,52311.27292189002,109113.05603373982,70313.64683197881,66902.84088707878,81112.70384003036
2025-04-21,98641.92390521639,43869.04706265463,72706.32658531191,98641.92390521639,-549259.6604295818,-628.5749320616014,50538.01813390269,2434.1123625856126,-108804.52751903597,31127.29091247928,52311.27292189002,45439.50863521162,52311.27292189002,52311.27292189002,110846.50625356613,72047.09705180512,68636.29110690509,82846.15405985666
2025-04-22,98437.27454014053,43664.39769757888,72501.67722023604,98437.27454014053,-572972.6997446355,-833.2242971373489,50333.368768826826,2229.462997509865,-112478.1701157745,30989.375420099706,52311.27292189002,45439.50863521162,52311.27292189002,52311.27292189002,111212.59356435994,72413.18436259893,69002.3784176989,83212.24137065047
2025-04-23,97038.98867667769,42266.11183411593,71103.39135677321,97038.98867667769,-574370.9856080983,-2231.510160600301,48935.08290536399,831.1771340469131,-112633.68577526836,32006.434728900087,52311.27292189002,45439.50863521162,52311.27292189002,52311.27292189002,111228.19688543607,72428.78768367507,69017.98173877504,83227.84469172661
2025-04-24,94771.70492362813,39998.828081066255,68836.10760372365,94771.70492362813,-576638.2693611481,-4498.793913649977,46667.7991523142,-1436.1066190027632,-113028.72071547515,32515.66558068525,52311.27292189002,45439.50863521162,52311.27292189002,52311.27292189002,109327.05370939756,70527.64450763655,67116.83856273652,81326.7015156881
2025-04-25,94291.97640741919,39519.099564857665,68356.37908751471,94291.97640741919,-577117.9978773568,-4978.522429858567,46187.92711447936,-1916.1221784638474,-112419.10667882825,33185.65006675117,52311.27292189002,45439.50863521162,52311.27292189002,52311.27292189002,108666.7521153607,69867.34291359968,66456.53696869966,80666.39992165123
2025-04-28,93813.82261379762,39040.945771235856,67878.22529389313,93813.82261379762,-577596.1516709786,-5456.6762234803755,45710.32027124858,-2393.182071303483,-112900.74278601806,32703.920744283474,52311.27292189002,45439.50863521162,52311.27292189002,52311.27292189002,110719.69218474231,71920.2829829813,68509.47703808127,82719.33999103284
2025-04-29,93986.26931027323,39213.39246771182,68050.67199036875,93986.26931027323,-577423.7049745026,-5284.229527004412,45891.81154122262,-2202.64622783137,-112609.42074728431,32914.94393525564,52311.27292189002,45439.50863521162,52311.27292189002,52311.27292189002,110857.0801197961,72057.67091803509,68646.86497313506,82856.72792608663
2025-04-30,93247.08513851417,38474.208295952645,67311.48781860969,93247.08513851417,-578162.8891462622,-6023.413698763587,45153.20084258192,-2940.6834533535875,-113446.12461748195,32070.167539370712,52311.27292189002,45439.50863521162,52311.27292189002,52311.27292189002,110514.32296277978,71714.91376101878,68304.10781611875,82513.97076907032
2025-05-01,94605.65149062662,39832.77464806533,68670.05417072214,94605.65149062662,-576804.3227941496,-4664.847346650902,46522.01030436903,-1561.630881892168,-111483.26709034096,33857.599883495364,52311.27292189002,45439.50863521162,52311.27292189002,52311.27292189002,110735.21501941071,71935.8058176497,68524.99987274967,82734.86282570125
2025-05-02,95438.13639561669,40665.25955305598,69502.53907571221,95438.13639561669,-575971.8378891592,-3832.3624416602543,47374.48729815555,-689.1617993095424,-109767.66159126337,35106.55766736076,52311.27292189002,45439.50863521162,52311.27292189002,52311.27292189002,108909.72645724355,70110.31725548254,66699.51131058251,80909.37426353409
2025-05-05,94623.06971898838,39850.192876427434,68687.4723990839,94623.06971898838,-576786.9045657879,-4647.429118288797,46458.30821923609,-1706.453280519927,-110789.5961680552,34287.701439743745,52311.27292189002,45439.50863521162,52311.27292189002,52311.27292189002,109699.36543983268,70899.95623807167,67489.15029317164,81699.01324612321
2025-05-06,94151.07262855442,39378.19578599336,68215.47530864994,94151.07262855442,-577258.9016562223,-5119.426208722871,45839.779220716795,-2471.514187124325,-111623.61433598388,33818.58888267481,52311.27292189002,45439.50863521162,52311.27292189002,52311.27292189002,111073.8817273227,72274.4725255617,68863.66658066167,83073.52953361324
2025-05-07,93819.85559953633,39046.97875697573,67884.25827963185,93819.85559953633,-577590.1186852402,-5450.6432377405,45581.674681900884,-2656.5062357384013,-111546.50996356364,33693.07352095982,52311.27292189002,45439.50863521162,52311.27292189002,52311.27292189002,111409.53745125327,72610.12824949226,69199.32230459224,83409.18525754381
2025-05-08,94586.21928179543,39813.342439234606,68650.62196189095,94586.21928179543,-576823.7550029815,-4684.279555481626,46469.68210495333,-1646.8550718924962,-110372.3244971194,34513.27925588889,52311.27292189002,45439.50863521162,52311.27292189002,52311.27292189002,111356.20470357151,72556.7955018105,69145.98955691047,83355.85250986204
2025-05-09,94817.74148987257,40044.86464731244,68882.14416996809,94817.74148987257,-576592.2327949039,-4452.757347403793,46677.88028523291,-1461.9809194112895,-110621.16655729385,34328.508163647726,52311.27292189002,45439.50863521162,52311.27292189002,52311.27292189002,110750.27125181048,71950.86205004947,68540.05610514944,82749.91905810102
2025-05-12,99068.5535933876,44295.676750826766,73132.95627348311,99068.5535933876,-572341.4206913898,-201.94524388946593,51814.30420302437,4560.054812657414,-104614.48475072149,38568.38373653393,52311.27292189002,45439.50863521162,52311.27292189002,52311.27292189002,109911.66629563738,71112.25709387637,67701.45114897634,81911.31410192791
2025-05-13,100679.34797716117,45906.4711346,74743.75065725669,100679.34797716117,-570730.6263076167,1408.849139883765,53607.921610179124,6536.495243193465,-103579.55399767985,39530.194178476,52311.27292189002,45439.50863521162,52311.27292189002,52311.27292189002,105584.3499982336,66784.9407964726,63374.13485157257,77583.99780452414
2025-05-14,101057.34554405278,46284.46870149067,75121.7482241483,101057.34554405278,-570352.6287407258,1786.846706774435,54021.535046636825,6985.724549218197,-103760.89087493194,39344.97219616745,52311.27292189002,45439.50863521162,52311.27292189002,52311.27292189002,104260.19929332146,63761.95046886103,62049.984146660194,76259.847099612
2025-05-15,101706.87085749721,46933.994014935684,75771.27353759273,101706.87085749721,-569703.1034272811,2436.3720202194527,54807.34232822829,7907.813798955991,-103145.16532393103,39957.819902473595,52311.27292189002,45439.50863521162,52311.27292189002,52311.27292189002,106218.44832121325,63761.95046886103,64008.23317455221,78218.09612750378
2025-05-16,102523.56011165516,47750.683269093046,76587.96279175067,102523.56011165516,-568886.4141731237,3253.0612743768143,55801.6247771373,9079.68944261584,-102801.14507186471,40301.833995134104,52311.27292189002,45439.50863521162,52311.27292189002,52311.27292189002,107622.72061416344,63761.95046886103,65412.5054675024,79622.36842045397
2025-05-19,102523.56011165516,47750.683269093046,76587.96279175067,102523.56011165516,-568886.4141731237,3253.0612743768143,55801.6247771373,9079.68944261584,-102801.14507186471,40301.833995134104,50596.57244946482,43724.80816278653,50596.57244946482,50596.57244946482,107842.93156258622,63982.161417283816,65632.71641592518,79842.57936887676
2025-05-20,102523.56011165516,47750.683269093046,76587.96279175067,102523.56011165516,-568886.4141731237,3253.0612743768143,55801.6247771373,9079.68944261584,-102801.14507186471,40301.833995134104,51138.401198968524,44266.63691229012,51138.401198968524,51138.401198968524,107895.91185502359,64035.14170972118,65685.69670836255,79895.55966131412
2025-05-21,102523.56011165516,47750.683269093046,76587.96279175067,102523.56011165516,-568886.4141731237,3253.0612743768143,55801.6247771373,9079.68944261584,-102801.14507186471,40301.833995134104,50502.26098489412,43630.49669821572,50502.26098489412,50502.26098489412,108005.12373362854,64144.353588326136,65794.9085869675,80004.77153991908
2025-05-22,102523.56011165516,47750.683269093046,76587.96279175067,102523.56011165516,-568886.4141731237,3253.0612743768143,55801.6247771373,9079.68944261584,-102801.14507186471,40301.833995134104,50347.76148979156,43475.997203113046,50347.76148979156,50347.76148979156,108096.1787184698,64235.4085731674,65885.96357180877,80095.82652476034
2025-05-23,102523.56011165516,47750.683269093046,76587.96279175067,102523.56011165516,-568886.4141731237,3253.0612743768143,55801.6247771373,9079.68944261584,-102801.14507186471,40301.833995134104,49150.05841792212,42278.294131243834,49150.05841792212,49150.05841792212,107718.51823699265,63857.74809169024,65508.30309033161,79718.16604328318
2025-05-27,102523.56011165516,47750.683269093046,76587.96279175067,102523.56011165516,-568886.4141731237,3253.0612743768143,55801.6247771373,9079.68944261584,-102801.14507186471,40301.833995134104,47559.87597515364,40688.11168847524,47559.87597515364,47559.87597515364,108108.3663361501,64247.59619084769,65898.15118948906,80108.01414244063
2025-05-28,102523.56011165516,47750.683269093046,76587.96279175067,102523.56011165516,-568886.4141731237,3253.0612743768143,55801.6247771373,9079.68944261584,-102801.14507186471,40301.833995134104,47939.85074456851,41068.08645789011,47939.85074456851,47939.85074456851,108173.63960459642,64312.869459294016,65963.42445793538,80173.28741088696
2025-05-29,102523.56011165516,47750.683269093046,76587.96279175067,102523.56011165516,-568886.4141731237,3253.0612743768143,55801.6247771373,9079.68944261584,-102801.14507186471,40301.833995134104,47599.4106396588,40727.6463529804,47599.4106396588,47599.4106396588,107970.53654592135,64109.766400618944,65760.32139926031,79970.18435221189
2025-05-30,102523.56011165516,47750.683269093046,76587.96279175067,102523.56011165516,-568886.4141731237,3253.0612743768143,55801.6247771373,9079.68944261584,-102801.14507186471,40301.833995134104,48067.378204528126,41195.613917849725,48067.378204528126,48067.378204528126,108195.07309117983,64334.302945877425,65984.8579445188,80194.72089747037
2025-06-02,102523.56011165516,47750.683269093046,76587.96279175067,102523.56011165516,-568886.4141731237,3253.0612743768143,55801.6247771373,9079.68944261584,-102801.14507186471,40301.833995134104,47108.066381358774,40236.30209468037,47108.066381358774,47108.066381358774,108331.78902706644,64471.01888176403,66121.5738804054,80331.43683335697
2025-06-03,102523.56011165516,47750.683269093046,76587.96279175067,102523.56011165516,-568886.4141731237,3253.0612743768143,55801.6247771373,9079.68944261584,-102801.14507186471,40301.833995134104,46850.450249655405,39978.685962977004,46850.450249655405,46850.450249655405,108432.8258659495,64572.0557206471,66222.61071928847,80432.47367224004
2025-06-04,102523.56011165516,47750.683269093046,76587.96279175067,102523.56011165516,-568886.4141731237,3253.0612743768143,55801.6247771373,9079.68944261584,-102801.14507186471,40301.833995134104,47000.73875808332,40128.974471404916,47000.73875808332,47000.73875808332,108553.53107123612,64692.76092593372,66343.31592457509,80553.17887752666
2025-06-05,102523.56011165516,47750.683269093046,76587.96279175067,102523.56011165516,-568886.4141731237,3253.0612743768143,55801.6247771373,9079.68944261584,-102801.14507186471,40301.833995134104,48185.663658425794,41313.89937174739,48185.663658425794,48185.663658425794,108645.34479303495,64784.574647732545,66435.12964637391,80644.99259932549
2025-06-06,102523.56011165516,47750.683269093046,76587.96279175067,102523.56011165516,-568886.4141731237,3253.0612743768143,55801.6247771373,9079.68944261584,-102801.14507186471,40301.833995134104,47919.02479696495,41047.26051028655,47919.02479696495,47919.02479696495,109217.89264490898,65357.12249960657,67007.67749824794,81217.54045119951
2025-06-09,102523.56011165516,47750.683269093046,76587.96279175067,102523.56011165516,-568886.4141731237,3253.0612743768143,55801.6247771373,9079.68944261584,-102801.14507186471,40301.833995134104,47408.02564407152,40536.261357393116,47408.02564407152,47408.02564407152,109740.91838774737,65880.14824244496,67530.70324108633,81740.5661940379
2025-06-10,102523.56011165516,47750.683269093046,76587.96279175067,102523.56011165516,-568886.4141731237,3253.0612743768143,55801.6247771373,9079.68944261584,-102801.14507186471,40301.833995134104,47054.765711195185,40183.001424516784,47054.765711195185,47054.765711195185,110141.90181864705,66281.13167334464,67931.68667198601,82141.54962493759
2025-06-11,102523.56011165516,47750.683269093046,76587.96279175067,102523.56011165516,-568886.4141731237,3253.0612743768143,55801.6247771373,9079.68944261584,-102801.14507186471,40301.833995134104,47502.17268647335,40630.40839979495,47502.17268647335,47502.17268647335,109860.0347531382,65999.2646078358,67649.81960647716,81859.68255942874
2025-06-12,102523.56011165516,47750.683269093046,76587.96279175067,102523.56011165516,-568886.4141731237,3253.0612743768143,55801.6247771373,9079.68944261584,-102801.14507186471,40301.833995134104,48650.49146202137,41778.72717534297,48650.49146202137,48650.49146202137,108547.37532593333,64686.605180630926,66337.1601792723,80547.02313222387
2025-06-13,102523.56011165516,47750.683269093046,76587.96279175067,102523.56011165516,-568886.4141731237,3253.0612743768143,55801.6247771373,9079.68944261584,-102801.14507186471,40301.833995134104,50889.947171758395,44018.18288507988,50889.947171758395,50889.947171758395,107642.74705815595,63781.97691285354,65432.53191149491,79642.39486444648
2025-06-16,102523.56011165516,47750.683269093046,76587.96279175067,102523.56011165516,-568886.4141731237,3253.0612743768143,55801.6247771373,9079.68944261584,-102801.14507186471,40301.833995134104,49777.216288765194,42905.45200208691,49777.216288765194,49777.216288765194,108339.14865848469,64478.37851318228,66128.93351182365,80338.79646477522
2025-06-17,102523.56011165516,47750.683269093046,76587.96279175067,102523.56011165516,-568886.4141731237,3253.0612743768143,55801.6247771373,9079.68944261584,-102801.14507186471,40301.833995134104,48993.39957881905,42121.63529214065,48993.39957881905,48993.39957881905,108094.97890168335,64234.20875638095,65884.76375502232,80094.62670797389
2025-06-18,102523.56011165516,47750.683269093046,76587.96279175067,102523.56011165516,-568886.4141731237,3253.0612743768143,55801.6247771373,9079.68944261584,-102801.14507186471,40301.833995134104,49529.792174662696,42658.02788798418,49529.792174662696,49529.792174662696,107693.1985869403,63832.428441637894,65482.98344027926,79692.84639323084
2025-06-20,102523.56011165516,47750.683269093046,76587.96279175067,102523.56011165516,-568886.4141731237,3253.0612743768143,55801.6247771373,9079.68944261584,-102801.14507186471,40301.833995134104,50597.49160473165,43725.72731805255,50597.49160473165,50597.49160473165,108215.6791432281,64354.9089979257,66005.46399656706,80215.32694951864
2025-06-23,101043.08032286353,46270.203480301425,75107.48300295882,101043.08032286353,-570366.8939619153,1772.5814855851931,54321.14498834568,7599.209653824219,-104316.38398024032,38791.7566435514,50110.75040639867,43238.98611971957,50110.75040639867,50110.75040639867,108281.51953512873,64420.74938982632,66071.30438846769,80281.16734141926
2025-06-24,100227.01397915091,45454.13713658892,74291.41665924643,100227.01397915091,-571182.9603056279,956.5151418726891,53505.07864463306,6783.1433101117145,-103688.58665399475,39992.85450821312,52325.656734115444,45453.89244743623,52325.656734115444,52325.656734115444,108264.21571891033,64403.445573607925,66054.0005722493,80263.86352520087
2025-06-25,100441.98640835402,45669.10956579202,74506.38908844953,100441.98640835402,-570967.9878764247,1171.4875710757915,53720.051073836396,6998.115739314817,-103297.95930458733,40395.83538587252,52370.87244645413,45499.10815977503,52370.87244645413,52370.87244645413,108304.89685325278,64444.126707950374,66094.68170659174,80304.54465954332
2025-06-26,99600.52637401456,44827.649531452684,73664.92905411008,99600.52637401456,-571809.447910764,330.027536736452,52878.59103949694,6156.655704975477,-103536.3801195334,40293.591772146756,51084.99357340601,44213.22928672703,51084.99357340601,51084.99357340601,108359.30478068767,64498.534635385266,66149.08963402663,80358.95258697821
2025-06-27,99773.8591446199,45000.98230205837,73838.26182471542,99773.8591446199,-571636.1151401582,503.36030734214,53051.45226808963,6329.045391555177,-103085.1555710641,40745.99063518131,50060.46417329181,43188.69988661271,50060.46417329181,50060.46417329181,108401.31025126111,64540.5401059587,66191.09510460007,80400.95805755164
2025-06-30,99567.09432029212,44794.217477730475,73631.49700038764,99567.09432029212,-571842.8799644861,296.59548301424365,52867.232240639394,6167.370160982711,-103253.86030590779,40533.443313407945,48601.98865378066,41730.22436710156,48601.98865378066,48601.98865378066,108501.98588727298,64641.215741970576,66291.77074061194,80501.63369356352
2025-07-01,99416.91455729539,44644.037714733975,73481.3172373909,99416.91455729539,-571993.0597274825,146.4157200177433,52715.51919235382,6014.1238274079515,-103348.7540648348,40445.90801913664,49158.58728642203,42286.82299974281,49158.58728642203,49158.58728642203,108535.11558285984,64674.34543755744,66324.9004361988,80534.76338915038
2025-07-02,99304.65567696001,44531.778834399185,73369.05835705553,99304.65567696001,-572105.3186078174,34.15683968295343,52624.73199895746,5944.808320949902,-102875.83595417987,40808.15468656167,48653.857484258944,41782.09319757996,48653.857484258944,48653.857484258944,108582.87827557884,64722.108130276436,66372.6631289178,80582.52608186938
2025-07-03,99529.3603249006,44756.48348233965,73593.76300499612,99529.3603249006,-571880.613959877,258.86148762342054,52886.93524501263,6244.51016511966,-102497.17870498274,40960.88528026582,47701.72756985156,40829.96328317246,47701.72756985156,47701.72756985156,108636.5190444896,64775.748899187194,66426.30389782856,80636.16685078014
2025-07-07,98747.21524147433,43974.33839891362,72811.61792156985,98747.21524147433,-572662.7590433031,-523.2835958026117,52067.503822683124,5387.79240388656,-103526.85339990095,40153.80540326575,47368.284656363656,40496.52036968456,47368.284656363656,47368.284656363656,108719.64891711506,64858.878771812655,66509.43377045402,80719.2967234056
2025-07-08,98515.25404041912,43742.37719785818,72579.65672051464,98515.25404041912,-572894.7202443585,-755.2447968580527,51824.440301368246,5133.626562312245,-103784.33014512574,39918.80663501844,48578.50889560906,41706.74460892996,48578.50889560906,48578.50889560906,108813.60239465162,64952.832249349216,66603.38724799058,80813.25020094216
2025-07-09,98510.0483241491,43737.17148158804,72574.45100424462,98510.0483241491,-572899.9259606285,-760.4505131281912,51940.72568965168,5371.4030551491305,-103362.23788080993,40081.91983706399,48362.20620462706,41490.44191794796,48362.20620462706,48362.20620462706,108866.90550333378,65006.13535803137,66656.69035667274,80866.55330962432
2025-07-10,98916.74906041054,44143.87221784936,72981.15174050606,98916.74906041054,-572493.2252243672,-353.74977686686907,52404.905936206225,5893.062811996904,-103031.17799004668,40301.68675183237,48205.78807142202,41334.02378474292,48205.78807142202,48205.78807142202,108883.31197961723,65022.54183431482,66673.09683295619,80882.95978590776
2025-07-11,98643.51944053709,43870.642597975675,72707.9221206326,98643.51944053709,-572766.4548442404,-626.9793967405567,52059.82541313558,5476.131385729415,-103618.76626414096,39843.61269627651,49464.62079896708,42592.8565122881,49464.62079896708,49464.62079896708,108983.86064021126,65123.09049490886,66773.64549355023,80983.5084465018
2025-07-14,98188.43614690541,43415.559304343886,72252.83882700093,98188.43614690541,-573221.5381378725,-1082.062690372346,51643.42833206197,5098.420517213759,-103639.99090514018,39741.51588418917,47168.39548758883,40296.63120090973,47168.39548758883,47168.39548758883,109043.04988238029,65182.279737077886,66832.83473571925,81042.69768867083
2025-07-15,97091.17324620695,42318.296403645654,71155.57592630247,97091.17324620695,-574318.8010385704,-2179.3255910705775,50466.53099075565,3841.888735299348,-104902.10460404353,38639.80988789874,47735.83597294567,40864.07168626657,47735.83597294567,47735.83597294567,109221.86466888105,65361.09452357865,67011.64952222002,81221.51247517159
2025-07-16,97220.71904308512,42447.84220052441,71285.12172318064,97220.71904308512,-574189.2552416916,-2049.779794191825,50658.11514821742,4095.5112533443607,-104445.66097171069,38936.20135537232,47797.084700904554,40925.320414225454,47797.084700904554,47797.084700904554,109149.19931537635,65288.42917007394,66938.98416871531,81148.84712166688
2025-07-17,97420.97225355636,42648.0954109953,71485.37493365188,97420.97225355636,-573989.0020312205,-1849.52658372093,50972.30556016718,4523.638866773108,-104143.53674437548,39071.55113783071,47587.981740913354,40716.217454234255,47587.981740913354,47587.981740913354,108806.92410130845,64946.15395600605,66596.70895464742,80806.57190759899
2025-07-18,97541.56407671841,42768.687234157114,71605.96675681393,97541.56407671841,-573868.4102080588,-1728.9347605591174,51079.17996943416,4616.795862144325,-104146.23005149688,39069.90704047156,43055.589228161145,36183.824941482046,43055.589228161145,43055.589228161145,108614.88583028293,64754.11568498053,66404.6706836219,80614.53363657347
2025-07-21,97541.56407671841,42768.687234157114,71605.96675681393,97541.56407671841,-573868.4102080588,-1728.9347605591174,51079.17996943416,4616.795862144325,-104146.23005149688,39069.90704047156,42001.36840481218,35129.60411813308,42001.36840481218,42001.36840481218,109326.18574876501,65465.41560346261,67115.97060210397,81325.83355505555
2025-07-22,97541.56407671841,42768.687234157114,71605.96675681393,97541.56407671841,-573868.4102080588,-1728.9347605591174,51079.17996943416,4616.795862144325,-104146.23005149688,39069.90704047156,41660.99017473927,34789.22588806017,41660.99017473927,41660.99017473927,108738.49178438773,64877.72163908533,66528.2766377267,80738.13959067827
2025-07-23,97541.56407671841,42768.687234157114,71605.96675681393,97541.56407671841,-573868.4102080588,-1728.9347605591174,51079.17996943416,4616.795862144325,-104146.23005149688,39069.90704047156,41612.79340719117,34741.029120512074,41612.79340719117,41612.79340719117,107536.49471956515,63675.72457426274,65326.27957290411,79536.14252585568
2025-07-24,97541.56407671841,42768.687234157114,71605.96675681393,97541.56407671841,-573868.4102080588,-1728.9347605591174,51079.17996943416,4616.795862144325,-104146.23005149688,39069.90704047156,41118.3355360321,34246.571249353,41118.3355360321,41118.3355360321,106864.034955143,63003.26480984059,64653.81980848196,78863.68276143353
2025-07-25,97541.56407671841,42768.687234157114,71605.96675681393,97541.56407671841,-573868.4102080588,-1728.9347605591174,51079.17996943416,4616.795862144325,-104146.23005149688,39069.90704047156,41517.343073553755,34645.578786874656,41517.343073553755,41517.343073553755,107021.96363365115,63161.19348834874,64811.74848699011,79021.61143994168
2025-07-28,97541.56407671841,42768.687234157114,71605.96675681393,97541.56407671841,-573868.4102080588,-1728.9347605591174,51079.17996943416,4616.795862144325,-104146.23005149688,39069.90704047156,40627.67493276938,33755.910646090284,40627.67493276938,40627.67493276938,108665.65971102938,64804.889565726975,66455.44456436834,80665.30751731992
2025-07-29,97541.56407671841,42768.687234157114,71605.96675681393,97541.56407671841,-573868.4102080588,-1728.9347605591174,51079.17996943416,4616.795862144325,-104146.23005149688,39069.90704047156,41187.26864702918,34315.50436035008,41187.26864702918,41187.26864702918,108532.97353594494,64672.203390642535,66322.7583892839,80532.62134223548
2025-07-30,97541.56407671841,42768.687234157114,71605.96675681393,97541.56407671841,-573868.4102080588,-1728.9347605591174,51079.17996943416,4616.795862144325,-104146.23005149688,39069.90704047156,40997.67094711051,34125.906660431414,40997.67094711051,40997.67094711051,108856.913964384,64996.1438190816,66646.69881772297,80856.56177067454
2025-07-31,97541.56407671841,42768.687234157114,71605.96675681393,97541.56407671841,-573868.4102080588,-1728.9347605591174,51079.17996943416,4616.795862144325,-104146.23005149688,39069.90704047156,41941.56628864154,35069.80200196244,41941.56628864154,41941.56628864154,108276.27336751926,64415.50322221685,66066.05822085822,80275.9211738098
2025-08-01,97541.56407671841,42768.687234157114,71605.96675681393,97541.56407671841,-573868.4102080588,-1728.9347605591174,51079.17996943416,4616.795862144325,-104146.23005149688,39069.90704047156,39789.887649485725,32918.123362806626,39789.887649485725,39789.887649485725,107853.05539481784,63992.28524951544,65642.8402481568,79852.70320110838
2025-08-04,97541.56407671841,42768.687234157114,71605.96675681393,97541.56407671841,-573868.4102080588,-1728.9347605591174,51079.17996943416,4616.795862144325,-104146.23005149688,39069.90704047156,39621.6946330755,32749.930346396402,39621.6946330755,39621.6946330755,108144.47186985658,64283.70172455418,65934.25672319555,80144.11967614712
2025-08-05,97541.56407671841,42768.687234157114,71605.96675681393,97541.56407671841,-573868.4102080588,-1728.9347605591174,51079.17996943416,4616.795862144325,-104146.23005149688,39069.90704047156,39797.96326682798,32926.19898014888,39797.96326682798,39797.96326682798,108042.25846405164,64181.48831874924,65832.0433173906,80041.90627034218
2025-08-06,97541.56407671841,42768.687234157114,71605.96675681393,97541.56407671841,-573868.4102080588,-1728.9347605591174,51079.17996943416,4616.795862144325,-104146.23005149688,39069.90704047156,40679.33257069776,33807.568284018664,40679.33257069776,40679.33257069776,107621.15349095315,63760.38334565074,65410.93834429211,79620.80129724368
2025-08-07,97541.56407671841,42768.687234157114,71605.96675681393,97541.56407671841,-573868.4102080588,-1728.9347605591174,51079.17996943416,4616.795862144325,-104146.23005149688,39069.90704047156,41588.552082083304,34716.787795404205,41588.552082083304,41588.552082083304,105387.56394746108,61526.793802158674,63177.34880080004,77387.21175375162
2025-08-08,97541.56407671841,42768.687234157114,71605.96675681393,97541.56407671841,-573868.4102080588,-1728.9347605591174,51079.17996943416,4616.795862144325,-104146.23005149688,39069.90704047156,42936.523572692065,36064.759286012966,42936.523572692065,42936.523572692065,104429.5213967713,60568.7512514689,62219.30625011027,76429.16920306184
2025-08-11,97541.56407671841,42768.687234157114,71605.96675681393,97541.56407671841,-573868.4102080588,-1728.9347605591174,51079.17996943416,4616.795862144325,-104146.23005149688,39069.90704047156,41320.21111798019,34448.44683130109,41320.21111798019,41320.21111798019,105965.55255805515,62104.78241275274,63755.33741139411,77965.20036434568
2025-08-12,97541.56407671841,42768.687234157114,71605.96675681393,97541.56407671841,-573868.4102080588,-1728.9347605591174,51079.17996943416,4616.795862144325,-104146.23005149688,39069.90704047156,42289.264411664684,35417.500124985585,42289.264411664684,42289.264411664684,105982.41742974287,62121.64728444046,63772.20228308183,77982.0652360334
2025-08-13,97541.56407671841,42768.687234157114,71605.96675681393,97541.56407671841,-573868.4102080588,-1728.9347605591174,51079.17996943416,4616.795862144325,-104146.23005149688,39069.90704047156,41143.57357008301,34271.80928340391,41143.57357008301,41143.57357008301,107831.0581181182,63970.2879728158,65620.84297145717,79830.70592440874
2025-08-14,97541.56407671841,42768.687234157114,71605.96675681393,97541.56407671841,-573868.4102080588,-1728.9347605591174,51079.17996943416,4616.795862144325,-104146.23005149688,39069.90704047156,40782.35179815779,33910.58751147869,40782.35179815779,40782.35179815779,108168.99407760915,64308.22393230675,65958.77893094812,80168.64188389969
2025-08-15,97541.56407671841,42768.687234157114,71605.96675681393,97541.56407671841,-573868.4102080588,-1728.9347605591174,51079.17996943416,4616.795862144325,-104146.23005149688,39069.90704047156,36290.12296349334,29418.35867681424,36290.12296349334,36290.12296349334,108533.41171470378,64672.64156940137,66323.19656804274,80533.05952099431
2025-08-18,97541.56407671841,42768.687234157114,71605.96675681393,97541.56407671841,-573868.4102080588,-1728.9347605591174,51079.17996943416,4616.795862144325,-104146.23005149688,39069.90704047156,35455.93378140766,28584.169494728558,35455.93378140766,35455.93378140766,108825.33773097745,64964.567585675046,66615.12258431641,80824.98553726799
2025-08-19,97541.56407671841,42768.687234157114,71605.96675681393,97541.56407671841,-573868.4102080588,-1728.9347605591174,51079.17996943416,4616.795862144325,-104146.23005149688,39069.90704047156,35174.77537920466,28303.011092525558,35174.77537920466,35174.77537920466,108839.12006744137,64978.349922138965,66628.90492078033,80838.76787373191
2025-08-20,97541.56407671841,42768.687234157114,71605.96675681393,97541.56407671841,-573868.4102080588,-1728.9347605591174,51079.17996943416,4616.795862144325,-104146.23005149688,39069.90704047156,33970.69468068867,27098.93039400957,33970.69468068867,33970.69468068867,108711.67999901902,64850.909853716614,66501.46485235798,80711.32780530956
2025-08-21,97541.56407671841,42768.687234157114,71605.96675681393,97541.56407671841,-573868.4102080588,-1728.9347605591174,51079.17996943416,4616.795862144325,-104146.23005149688,39069.90704047156,33025.89073892264,26154.126452243538,33025.89073892264,33025.89073892264,108888.69201067905,65027.921865376644,66678.47686401801,80888.33981696959
2025-08-22,97541.56407671841,42768.687234157114,71605.96675681393,97541.56407671841,-573868.4102080588,-1728.9347605591174,51079.17996943416,4616.795862144325,-104146.23005149688,39069.90704047156,35161.34451589966,28289.58022922068,35161.34451589966,35161.34451589966,108647.19515607064,64786.42501076823,66436.9800094096,80646.84296236117
2025-08-25,97541.56407671841,42768.687234157114,71605.96675681393,97541.56407671841,-573868.4102080588,-1728.9347605591174,51079.17996943416,4616.795862144325,-104146.23005149688,39069.90704047156,34321.73303682718,27449.96875014808,34321.73303682718,34321.73303682718,109081.08168835286,65220.311543050455,66870.86654169182,81080.7294946434
2025-08-26,97541.56407671841,42768.687234157114,71605.96675681393,97541.56407671841,-573868.4102080588,-1728.9347605591174,51079.17996943416,4616.795862144325,-104146.23005149688,39069.90704047156,34362.452238446334,27490.687951767235,34362.452238446334,34362.452238446334,109358.17714994005,65497.407004637644,67147.96200327901,81357.82495623059
2025-08-27,97541.56407671841,42768.687234157114,71605.96675681393,97541.56407671841,-573868.4102080588,-1728.9347605591174,51079.17996943416,4616.795862144325,-104146.23005149688,39069.90704047156,33792.4329345671,26920.668647888,33792.4329345671,33792.4329345671,109527.03353687678,65666.26339157438,67316.81839021575,81526.68134316732
2025-08-28,97541.56407671841,42768.687234157114,71605.96675681393,97541.56407671841,-573868.4102080588,-1728.9347605591174,51079.17996943416,4616.795862144325,-104146.23005149688,39069.90704047156,34050.159381809994,27178.395095130894,34050.159381809994,34050.159381809994,109709.03869711747,65848.26855181507,67498.82355045644,81708.68650340801
2025-08-29,97541.56407671841,42768.687234157114,71605.96675681393,97541.56407671841,-573868.4102080588,-1728.9347605591174,51079.17996943416,4616.795862144325,-104146.23005149688,39069.90704047156,34171.97206038772,27300.207773708622,34171.97206038772,34171.97206038772,109696.56592216762,65835.79577686521,67486.35077550658,81696.21372845815
2025-09-02,97541.56407671841,42768.687234157114,71605.96675681393,97541.56407671841,-573868.4102080588,-1728.9347605591174,51079.17996943416,4616.795862144325,-104146.23005149688,39069.90704047156,32262.696273534675,25390.931986855576,32262.696273534675,32262.696273534675,110333.67707356159,66472.90692825918,68123.46192690055,82333.32487985212
2025-09-03,97541.56407671841,42768.687234157114,71605.96675681393,97541.56407671841,-573868.4102080588,-1728.9347605591174,51079.17996943416,4616.795862144325,-104146.23005149688,39069.90704047156,33995.02731648367,27123.26302980457,33995.02731648367,33995.02731648367,109960.22625787882,66099.45611257642,67750.01111121778,81959.87406416936
2025-09-04,97541.56407671841,42768.687234157114,71605.96675681393,97541.56407671841,-573868.4102080588,-1728.9347605591174,51079.17996943416,4616.795862144325,-104146.23005149688,39069.90704047156,34513.731069102534,27641.966782423435,34513.731069102534,34513.731069102534,110042.07790010609,66181.30775480368,67831.86275344505,82041.72570639662
2025-09-05,97541.56407671841,42768.687234157114,71605.96675681393,97541.56407671841,-573868.4102080588,-1728.9347605591174,51079.17996943416,4616.795862144325,-104146.23005149688,39069.90704047156,36507.27880582772,29635.51451914874,36507.27880582772,36507.27880582772,109552.52021874115,65691.75007343874,67342.30507208011,81552.16802503169
2025-09-08,97541.56407671841,42768.687234157114,71605.96675681393,97541.56407671841,-573868.4102080588,-1728.9347605591174,51079.17996943416,4616.795862144325,-104146.23005149688,39069.90704047156,35399.46563808597,28527.701351406984,35399.46563808597,35399.46563808597,109599.55427844287,65738.78413314046,67389.33913178183,81599.2020847334
2025-09-09,97541.56407671841,42768.687234157114,71605.96675681393,97541.56407671841,-573868.4102080588,-1728.9347605591174,51079.17996943416,4616.795862144325,-104146.23005149688,39069.90704047156,36148.41450063349,29276.650213954505,36148.41450063349,36148.41450063349,110274.41716819815,66413.64702289575,68064.20202153712,82274.06497448869
2025-09-10,97541.56407671841,42768.687234157114,71605.96675681393,97541.56407671841,-573868.4102080588,-1728.9347605591174,51079.17996943416,4616.795862144325,-104146.23005149688,39069.90704047156,42758.45179464272,35886.68750796374,42758.45179464272,42758.45179464272,104797.63881129841,60936.86866599601,62587.423664637376,76797.28661758895
2025-09-11,97541.56407671841,42768.687234157114,71605.96675681393,97541.56407671841,-573868.4102080588,-1728.9347605591174,51079.17996943416,4616.795862144325,-104146.23005149688,39069.90704047156,40773.54217041668,33901.7778837377,40773.54217041668,40773.54217041668,106480.25584940542,62619.48570410302,64270.04070274439,78479.90365569596
2025-09-12,97541.56407671841,42768.687234157114,71605.96675681393,97541.56407671841,-573868.4102080588,-1728.9347605591174,51079.17996943416,4616.795862144325,-104146.23005149688,39069.90704047156,41635.11536034092,34763.351073661936,41635.11536034092,41635.11536034092,107005.58086093492,63144.81071563251,64795.36571427388,79005.22866722546
2025-09-15,97541.56407671841,42768.687234157114,71605.96675681393,97541.56407671841,-573868.4102080588,-1728.9347605591174,51079.17996943416,4616.795862144325,-104146.23005149688,39069.90704047156,40793.741959275096,33921.97767259611,40793.741959275096,40793.741959275096,106314.0307218954,62453.26057659299,64103.81557523436,78313.67852818593
2025-09-16,97541.56407671841,42768.687234157114,71605.96675681393,97541.56407671841,-573868.4102080588,-1728.9347605591174,51079.17996943416,4616.795862144325,-104146.23005149688,39069.90704047156,40726.15857145691,33854.394284777925,40726.15857145691,40726.15857145691,106652.47879288695,62791.70864758454,64442.26364622591,78652.12659917749
2025-09-17,97541.56407671841,42768.687234157114,71605.96675681393,97541.56407671841,-573868.4102080588,-1728.9347605591174,51079.17996943416,4616.795862144325,-104146.23005149688,39069.90704047156,42467.00401786971,35595.239731190726,42467.00401786971,42467.00401786971,107332.52308307122,63471.75293776882,65122.30793641019,79332.17088936176
2025-09-18,97541.56407671841,42768.687234157114,71605.96675681393,97541.56407671841,-573868.4102080588,-1728.9347605591174,51079.17996943416,4616.795862144325,-104146.23005149688,39069.90704047156,46425.608723360114,39553.84443668113,46425.608723360114,46425.608723360114,108699.31871223426,64838.54856693186,66489.10356557323,80698.9665185248
2025-09-19,97541.56407671841,42768.687234157114,71605.96675681393,97541.56407671841,-573868.4102080588,-1728.9347605591174,51079.17996943416,4616.795862144325,-104146.23005149688,39069.90704047156,43837.54776265833,36965.78347597935,43837.54776265833,43837.54776265833,109193.70973271481,65332.9395874124,66983.49458605377,81193.35753900534
2025-09-22,97541.56407671841,42768.687234157114,71605.96675681393,97541.56407671841,-573868.4102080588,-1728.9347605591174,51079.17996943416,4616.795862144325,-104146.23005149688,39069.90704047156,41423.600899508456,34551.83661282947,41423.600899508456,41423.600899508456,109236.30032264907,65375.53017734666,67026.08517598803,81235.9481289396
2025-09-23,97541.56407671841,42768.687234157114,71605.96675681393,97541.56407671841,-573868.4102080588,-1728.9347605591174,51079.17996943416,4616.795862144325,-104146.23005149688,39069.90704047156,41445.348307489534,34573.58402081055,41445.348307489534,41445.348307489534,109435.42020143406,65574.65005613165,67225.20505477302,81435.06800772459
2025-09-24,97541.56407671841,42768.687234157114,71605.96675681393,97541.56407671841,-573868.4102080588,-1728.9347605591174,51079.17996943416,4616.795862144325,-104146.23005149688,39069.90704047156,42601.655477199936,35729.89119052095,42601.655477199936,42601.655477199936,109573.20304078539,65712.43289548298,67362.98789412435,81572.85084707593
2025-09-25,97541.56407671841,42768.687234157114,71605.96675681393,97541.56407671841,-573868.4102080588,-1728.9347605591174,51079.17996943416,4616.795862144325,-104146.23005149688,39069.90704047156,43643.14551933599,36771.381232657004,43643.14551933599,43643.14551933599,109570.18603318906,65709.41588788666,67359.97088652803,81569.8338394796
2025-09-26,97541.56407671841,42768.687234157114,71605.96675681393,97541.56407671841,-573868.4102080588,-1728.9347605591174,51079.17996943416,4616.795862144325,-104146.23005149688,39069.90704047156,44970.96650961309,38099.20222293411,44970.96650961309,44970.96650961309,109600.7519251008,65739.9817797984,67390.53677843977,81600.39973139134
2025-09-29,97541.56407671841,42768.687234157114,71605.96675681393,97541.56407671841,-573868.4102080588,-1728.9347605591174,51079.17996943416,4616.795862144325,-104146.23005149688,39069.90704047156,44114.98980010231,37243.22551342333,44114.98980010231,44114.98980010231,109842.32270856062,65981.55256325821,67632.10756189958,81841.97051485116
2025-09-30,97541.56407671841,42768.687234157114,71605.96675681393,97541.56407671841,-573868.4102080588,-1728.9347605591174,51079.17996943416,4616.795862144325,-104146.23005149688,39069.90704047156,44265.267302502296,37393.50301582331,44265.267302502296,44265.267302502296,109865.89195093489,66005.12180563249,67655.67680427385,81865.53975722543
2025-10-01,97541.56407671841,42768.687234157114,71605.96675681393,97541.56407671841,-573868.4102080588,-1728.9347605591174,51079.17996943416,4616.795862144325,-104146.23005149688,39069.90704047156,45785.460964886355,38913.69667820737,45785.460964886355,45785.460964886355,109613.45405587857,65752.68391057616,67403.23890921753,81613.1018621691
2025-10-02,97541.56407671841,42768.687234157114,71605.96675681393,97541.56407671841,-573868.4102080588,-1728.9347605591174,51079.17996943416,4616.795862144325,-104146.23005149688,39069.90704047156,45772.481207636185,38900.7169209572,45772.481207636185,45772.481207636185,109637.94005185552,65777.16990655311,67427.72490519448,81637.58785814606
2025-10-03,97541.56407671841,42768.687234157114,71605.96675681393,97541.56407671841,-573868.4102080588,-1728.9347605591174,51079.17996943416,4616.795862144325,-104146.23005149688,39069.90704047156,46522.692526662606,39650.92823998362,46522.692526662606,46522.692526662606,109625.2397990094,65764.469653707,67415.02465234837,81624.88760529994
2025-10-06,97541.56407671841,42768.687234157114,71605.96675681393,97541.56407671841,-573868.4102080588,-1728.9347605591174,51079.17996943416,4616.795862144325,-104146.23005149688,39069.90704047156,48865.71141918842,41993.947132509435,48865.71141918842,48865.71141918842,109726.45365506806,65865.68350976566,67516.23850840703,81726.1014613586
2025-10-07,97541.56407671841,42768.687234157114,71605.96675681393,97541.56407671841,-573868.4102080588,-1728.9347605591174,51079.17996943416,4616.795862144325,-104146.23005149688,39069.90704047156,49496.60108520114,42624.83679852204,49496.60108520114,49496.60108520114,109862.27337069949,66001.50322539709,67652.05822403845,81861.92117699003
2025-10-08,97541.56407671841,42768.687234157114,71605.96675681393,97541.56407671841,-573868.4102080588,-1728.9347605591174,51079.17996943416,4616.795862144325,-104146.23005149688,39069.90704047156,52676.75721269357,45804.99292601459,52676.75721269357,52676.75721269357,109485.80467212922,65625.03452682681,67275.58952546818,81485.45247841976
2025-10-09,97541.56407671841,42768.687234157114,71605.96675681393,97541.56407671841,-573868.4102080588,-1728.9347605591174,51079.17996943416,4616.795862144325,-104146.23005149688,39069.90704047156,52633.70981287584,45761.945526196854,52633.70981287584,52633.70981287584,109763.43967740028,65902.66953209788,67553.22453073924,81763.08748369082
2025-10-10,97541.56407671841,42768.687234157114,71605.96675681393,97541.56407671841,-573868.4102080588,-1728.9347605591174,51079.17996943416,4616.795862144325,-104146.23005149688,39069.90704047156,46577.60744407191,39705.84315739293,46577.60744407191,46577.60744407191,109703.81121545471,65843.0410701523,67493.59606879367,81703.45902174525
2025-10-13,97541.56407671841,42768.687234157114,71605.96675681393,97541.56407671841,-573868.4102080588,-1728.9347605591174,51079.17996943416,4616.795862144325,-104146.23005149688,39069.90704047156,46423.114272990846,39551.34998631186,46423.114272990846,46423.114272990846,109783.44160736585,65922.67146206344,67573.22646070481,81783.08941365639
2025-10-14,97541.56407671841,42768.687234157114,71605.96675681393,97541.56407671841,-573868.4102080588,-1728.9347605591174,51079.17996943416,4616.795862144325,-104146.23005149688,39069.90704047156,46102.56805822218,39230.8037715432,46102.56805822218,46102.56805822218,110185.59998586611,66324.8298405637,67975.38483920507,82185.24779215665
2025-10-15,97541.56407671841,42768.687234157114,71605.96675681393,97541.56407671841,-573868.4102080588,-1728.9347605591174,51079.17996943416,4616.795862144325,-104146.23005149688,39069.90704047156,46651.26872760127,39779.50444092229,46651.26872760127,46651.26872760127,110200.54596725642,66339.77582195401,67990.33082059538,82200.19377354695
2025-10-16,97541.56407671841,42768.687234157114,71605.96675681393,97541.56407671841,-573868.4102080588,-1728.9347605591174,51079.17996943416,4616.795862144325,-104146.23005149688,39069.90704047156,46677.10147780704,39805.337191128056,46677.10147780704,46677.10147780704,109431.2628922197,65570.4927469173,67221.04774555867,81430.91069851024
2025-10-17,97541.56407671841,42768.687234157114,71605.96675681393,97541.56407671841,-573868.4102080588,-1728.9347605591174,51079.17996943416,4616.795862144325,-104146.23005149688,39069.90704047156,46719.90890751593,39848.144620836945,46719.90890751593,46719.90890751593,109431.3867799535,65570.61663465109,67221.17163329246,81431.03458624403
2025-10-20,97541.56407671841,42768.687234157114,71605.96675681393,97541.56407671841,-573868.4102080588,-1728.9347605591174,51079.17996943416,4616.795862144325,-104146.23005149688,39069.90704047156,46719.90890751593,39848.144620836945,46719.90890751593,46719.90890751593,110033.34346289211,66172.5733175897,67823.12831623107,82032.99126918265
2025-10-21,97541.56407671841,42768.687234157114,71605.96675681393,97541.56407671841,-573868.4102080588,-1728.9347605591174,51079.17996943416,4616.795862144325,-104146.23005149688,39069.90704047156,46719.90890751593,39848.144620836945,46719.90890751593,46719.90890751593,110033.86091617681,66173.0907708744,67823.64576951577,82033.50872246735
2025-10-22,97541.56407671841,42768.687234157114,71605.96675681393,97541.56407671841,-573868.4102080588,-1728.9347605591174,51079.17996943416,4616.795862144325,-104146.23005149688,39069.90704047156,46719.90890751593,39848.144620836945,46719.90890751593,46719.90890751593,109925.87685893592,66065.10671363352,67715.66171227489,81925.52466522646
2025-10-23,97541.56407671841,42768.687234157114,71605.96675681393,97541.56407671841,-573868.4102080588,-1728.9347605591174,51079.17996943416,4616.795862144325,-104146.23005149688,39069.90704047156,46719.90890751593,39848.144620836945,46719.90890751593,46719.90890751593,109517.44086562074,65656.67072031833,67307.2257189597,81517.08867191128
2025-10-24,97541.56407671841,42768.687234157114,71605.96675681393,97541.56407671841,-573868.4102080588,-1728.9347605591174,51079.17996943416,4616.795862144325,-104146.23005149688,39069.90704047156,46719.90890751593,39848.144620836945,46719.90890751593,46719.90890751593,109409.14514784166,65548.37500253925,67198.93000118062,81408.7929541322
2025-10-27,97541.56407671841,42768.687234157114,71605.96675681393,97541.56407671841,-573868.4102080588,-1728.9347605591174,51079.17996943416,4616.795862144325,-104146.23005149688,39069.90704047156,46719.90890751593,39848.144620836945,46719.90890751593,46719.90890751593,110441.47739571938,66580.70725041698,68231.26224905835,82441.12520200992
2025-10-28,97541.56407671841,42768.687234157114,71605.96675681393,97541.56407671841,-573868.4102080588,-1728.9347605591174,51079.17996943416,4616.795862144325,-104146.23005149688,39069.90704047156,46719.90890751593,39848.144620836945,46719.90890751593,46719.90890751593,111902.98221683525,68042.21207153285,69692.76707017422,83902.63002312579
2025-10-29,97541.56407671841,42768.687234157114,71605.96675681393,97541.56407671841,-573868.4102080588,-1728.9347605591174,51079.17996943416,4616.795862144325,-104146.23005149688,39069.90704047156,46719.90890751593,39848.144620836945,46719.90890751593,46719.90890751593,111380.52318670112,67519.75304139871,69170.30804004008,83380.17099299165
2025-10-30,97541.56407671841,42768.687234157114,71605.96675681393,97541.56407671841,-573868.4102080588,-1728.9347605591174,51079.17996943416,4616.795862144325,-104146.23005149688,39069.90704047156,46719.90890751593,39848.144620836945,46719.90890751593,46719.90890751593,111220.53322483832,67359.76307953591,69010.31807817728,83220.18103112886
2025-10-31,97541.56407671841,42768.687234157114,71605.96675681393,97541.56407671841,-573868.4102080588,-1728.9347605591174,51079.17996943416,4616.795862144325,-104146.23005149688,39069.90704047156,46719.90890751593,39848.144620836945,46719.90890751593,46719.90890751593,110804.50420328486,66943.73405798245,68594.28905662382,82804.1520095754
2025-11-03,97541.56407671841,42768.687234157114,71605.96675681393,97541.56407671841,-573868.4102080588,-1728.9347605591174,51079.17996943416,4616.795862144325,-104146.23005149688,39069.90704047156,46719.90890751593,39848.144620836945,46719.90890751593,46719.90890751593,110834.13982515153,66973.36967984913,68623.9246784905,82833.78763144207
2025-11-04,97541.56407671841,42768.687234157114,71605.96675681393,97541.56407671841,-573868.4102080588,-1728.9347605591174,51079.17996943416,4616.795862144325,-104146.23005149688,39069.90704047156,46719.90890751593,39848.144620836945,46719.90890751593,46719.90890751593,113478.44018218247,69617.67003688007,71268.22503552143,85478.08798847301
2025-11-05,97541.56407671841,42768.687234157114,71605.96675681393,97541.56407671841,-573868.4102080588,-1728.9347605591174,51079.17996943416,4616.795862144325,-104146.23005149688,39069.90704047156,46719.90890751593,39848.144620836945,46719.90890751593,46719.90890751593,112397.1408443253,68536.3706990229,70186.92569766426,84396.78865061584
2025-11-06,97541.56407671841,42768.687234157114,71605.96675681393,97541.56407671841,-573868.4102080588,-1728.9347605591174,51079.17996943416,4616.795862144325,-104146.23005149688,39069.90704047156,46719.90890751593,39848.144620836945,46719.90890751593,46719.90890751593,111363.549345118,67502.77919981536,69153.33419845672,83363.19715140853
2025-11-07,97541.56407671841,42768.687234157114,71605.96675681393,97541.56407671841,-573868.4102080588,-1728.9347605591174,51079.17996943416,4616.795862144325,-104146.23005149688,39069.90704047156,46719.90890751593,39848.144620836945,46719.90890751593,46719.90890751593,112990.37003134354,69129.59988604113,70780.1548846825,84990.01783763408
2025-11-10,97541.56407671841,42768.687234157114,71605.96675681393,97541.56407671841,-573868.4102080588,-1728.9347605591174,51079.17996943416,4616.795862144325,-104146.23005149688,39069.90704047156,46719.90890751593,39848.144620836945,46719.90890751593,46719.90890751593,112516.4938949726,68655.7237496702,70306.27874831157,84516.14170126314
2025-11-11,97541.56407671841,42768.687234157114,71605.96675681393,97541.56407671841,-573868.4102080588,-1728.9347605591174,51079.17996943416,4616.795862144325,-104146.23005149688,39069.90704047156,46719.90890751593,39848.144620836945,46719.90890751593,46719.90890751593,113111.39930755482,69250.62916225241,70901.18416089378,85111.04711384536
2025-11-12,97541.56407671841,42768.687234157114,71605.96675681393,97541.56407671841,-573868.4102080588,-1728.9347605591174,51079.17996943416,4616.795862144325,-104146.23005149688,39069.90704047156,46719.90890751593,39848.144620836945,46719.90890751593,46719.90890751593,113421.2975386018,69560.52739329939,71211.08239194076,85420.94534489233
2025-11-13,97541.56407671841,42768.687234157114,71605.96675681393,97541.56407671841,-573868.4102080588,-1728.9347605591174,51079.17996943416,4616.795862144325,-104146.23005149688,39069.90704047156,46719.90890751593,39848.144620836945,46719.90890751593,46719.90890751593,115007.68075222685,71146.91060692444,72797.46560556581,87007.32855851739
2025-11-14,97541.56407671841,42768.687234157114,71605.96675681393,97541.56407671841,-573868.4102080588,-1728.9347605591174,51079.17996943416,4616.795862144325,-104146.23005149688,39069.90704047156,46719.90890751593,39848.144620836945,46719.90890751593,46719.90890751593,116465.26993204956,72604.49978674715,74255.05478538852,88464.9177383401
2025-11-17,97541.56407671841,42768.687234157114,71605.96675681393,97541.56407671841,-573868.4102080588,-1728.9347605591174,51079.17996943416,4616.795862144325,-104146.23005149688,39069.90704047156,46719.90890751593,39848.144620836945,46719.90890751593,46719.90890751593,117350.08197096968,73489.31182566728,75139.86682430864,89349.72977726022
2025-11-18,97541.56407671841,42768.687234157114,71605.96675681393,97541.56407671841,-573868.4102080588,-1728.9347605591174,51079.17996943416,4616.795862144325,-104146.23005149688,39069.90704047156,46719.90890751593,39848.144620836945,46719.90890751593,46719.90890751593,116200.90977615956,72340.13963085716,73990.69462949852,88200.5575824501
2025-11-19,97541.56407671841,42768.687234157114,71605.96675681393,97541.56407671841,-573868.4102080588,-1728.9347605591174,51079.17996943416,4616.795862144325,-104146.23005149688,39069.90704047156,46719.90890751593,39848.144620836945,46719.90890751593,46719.90890751593,115893.19521752442,72032.42507222202,73682.98007086338,87892.84302381496
2025-11-20,97541.56407671841,42768.687234157114,71605.96675681393,97541.56407671841,-573868.4102080588,-1728.9347605591174,51079.17996943416,4616.795862144325,-104146.23005149688,39069.90704047156,46719.90890751593,39848.144620836945,46719.90890751593,46719.90890751593,113171.99307867535,69311.22293337295,70961.77793201432,85171.64088496589
2025-11-21,97541.56407671841,42768.687234157114,71605.96675681393,97541.56407671841,-573868.4102080588,-1728.9347605591174,51079.17996943416,4616.795862144325,-104146.23005149688,39069.90704047156,46719.90890751593,39848.144620836945,46719.90890751593,46719.90890751593,113313.36361861858,69452.59347331617,71103.14847195754,85313.01142490911
2025-11-24,97541.56407671841,42768.687234157114,71605.96675681393,97541.56407671841,-573868.4102080588,-1728.9347605591174,51079.17996943416,4616.795862144325,-104146.23005149688,39069.90704047156,46719.90890751593,39848.144620836945,46719.90890751593,46719.90890751593,113133.94491271023,69273.17476740782,70923.72976604919,85133.59271900076
2025-11-25,97541.56407671841,42768.687234157114,71605.96675681393,97541.56407671841,-573868.4102080588,-1728.9347605591174,51079.17996943416,4616.795862144325,-104146.23005149688,39069.90704047156,46719.90890751593,39848.144620836945,46719.90890751593,46719.90890751593,112942.38869899581,69081.6185536934,70732.17355233477,84942.03650528635
2025-11-26,97541.56407671841,42768.687234157114,71605.96675681393,97541.56407671841,-573868.4102080588,-1728.9347605591174,51079.17996943416,4616.795862144325,-104146.23005149688,39069.90704047156,46719.90890751593,39848.144620836945,46719.90890751593,46719.90890751593,112605.74986174167,68744.97971643927,70395.53471508063,84605.39766803221
2025-11-28,97541.56407671841,42768.687234157114,71605.96675681393,97541.56407671841,-573868.4102080588,-1728.9347605591174,51079.17996943416,4616.795862144325,-104146.23005149688,39069.90704047156,46719.90890751593,39848.144620836945,46719.90890751593,46719.90890751593,112440.15794125549,68579.38779595308,70229.94279459445,84439.80574754602
2025-12-01,97541.56407671841,42768.687234157114,71605.96675681393,97541.56407671841,-573868.4102080588,-1728.9347605591174,51079.17996943416,4616.795862144325,-104146.23005149688,39069.90704047156,46719.90890751593,39848.144620836945,46719.90890751593,46719.90890751593,113114.1049228902,69253.33477758779,70903.88977622916,85113.75272918073
2025-12-02,97541.56407671841,42768.687234157114,71605.96675681393,97541.56407671841,-573868.4102080588,-1728.9347605591174,51079.17996943416,4616.795862144325,-104146.23005149688,39069.90704047156,46719.90890751593,39848.144620836945,46719.90890751593,46719.90890751593,113141.38621367863,69280.61606837623,70931.1710670176,85141.03401996917
2025-12-03,97541.56407671841,42768.687234157114,71605.96675681393,97541.56407671841,-573868.4102080588,-1728.9347605591174,51079.17996943416,4616.795862144325,-104146.23005149688,39069.90704047156,46719.90890751593,39848.144620836945,46719.90890751593,46719.90890751593,113099.45408080309,69238.68393550068,70889.23893414205,85099.10188709362
2025-12-04,97541.56407671841,42768.687234157114,71605.96675681393,97541.56407671841,-573868.4102080588,-1728.9347605591174,51079.17996943416,4616.795862144325,-104146.23005149688,39069.90704047156,46719.90890751593,39848.144620836945,46719.90890751593,46719.90890751593,113317.31251695286,69456.54237165046,71107.09737029183,85316.9603232434
2025-12-05,97541.56407671841,42768.687234157114,71605.96675681393,97541.56407671841,-573868.4102080588,-1728.9347605591174,51079.17996943416,4616.795862144325,-104146.23005149688,39069.90704047156,46719.90890751593,39848.144620836945,46719.90890751593,46719.90890751593,112351.97286180663,68491.20271650422,70141.75771514559,84351.62066809717
2025-12-08,97541.56407671841,42768.687234157114,71605.96675681393,97541.56407671841,-573868.4102080588,-1728.9347605591174,51079.17996943416,4616.795862144325,-104146.23005149688,39069.90704047156,46719.90890751593,39848.144620836945,46719.90890751593,46719.90890751593,112224.45831652428,68363.68817122187,70014.24316986324,84224.10612281482
2025-12-09,97541.56407671841,42768.687234157114,71605.96675681393,97541.56407671841,-573868.4102080588,-1728.9347605591174,51079.17996943416,4616.795862144325,-104146.23005149688,39069.90704047156,46719.90890751593,39848.144620836945,46719.90890751593,46719.90890751593,111865.51949040662,68004.74934510421,69655.30434374558,83865.16729669715
2025-12-10,97541.56407671841,42768.687234157114,71605.96675681393,97541.56407671841,-573868.4102080588,-1728.9347605591174,51079.17996943416,4616.795862144325,-104146.23005149688,39069.90704047156,46719.90890751593,39848.144620836945,46719.90890751593,46719.90890751593,111291.85784173827,67431.08769643586,69081.64269507723,83291.5056480288
2025-12-11,97541.56407671841,42768.687234157114,71605.96675681393,97541.56407671841,-573868.4102080588,-1728.9347605591174,51079.17996943416,4616.795862144325,-104146.23005149688,39069.90704047156,46719.90890751593,39848.144620836945,46719.90890751593,46719.90890751593,112407.63408498559,68546.86393968319,70197.41893832455,84407.28189127613
2025-12-12,97541.56407671841,42768.687234157114,71605.96675681393,97541.56407671841,-573868.4102080588,-1728.9347605591174,51079.17996943416,4616.795862144325,-104146.23005149688,39069.90704047156,46719.90890751593,39848.144620836945,46719.90890751593,46719.90890751593,113694.62133819936,69833.85119289695,71484.40619153832,85694.2691444899
2025-12-15,97541.56407671841,42768.687234157114,71605.96675681393,97541.56407671841,-573868.4102080588,-1728.9347605591174,51079.17996943416,4616.795862144325,-104146.23005149688,39069.90704047156,46719.90890751593,39848.144620836945,46719.90890751593,46719.90890751593,114531.87414664659,70671.10400134418,72321.65899998555,86531.52195293712
2025-12-16,97541.56407671841,42768.687234157114,71605.96675681393,97541.56407671841,-573868.4102080588,-1728.9347605591174,51079.17996943416,4616.795862144325,-104146.23005149688,39069.90704047156,46719.90890751593,39848.144620836945,46719.90890751593,46719.90890751593,115169.2775746088,71308.5074293064,72959.06242794776,87168.92538089934
2025-12-17,97541.56407671841,42768.687234157114,71605.96675681393,97541.56407671841,-573868.4102080588,-1728.9347605591174,51079.17996943416,4616.795862144325,-104146.23005149688,39069.90704047156,46719.90890751593,39848.144620836945,46719.90890751593,46719.90890751593,114699.12939846236,70838.35925315996,72488.91425180133,86698.7772047529
2025-12-18,97541.56407671841,42768.687234157114,71605.96675681393,97541.56407671841,-573868.4102080588,-1728.9347605591174,51079.17996943416,4616.795862144325,-104146.23005149688,39069.90704047156,46719.90890751593,39848.144620836945,46719.90890751593,46719.90890751593,114090.69477551035,70229.92463020794,71880.47962884931,86090.34258180088
2025-12-19,97541.56407671841,42768.687234157114,71605.96675681393,97541.56407671841,-573868.4102080588,-1728.9347605591174,51079.17996943416,4616.795862144325,-104146.23005149688,39069.90704047156,46719.90890751593,39848.144620836945,46719.90890751593,46719.90890751593,114278.81403129757,70418.04388599517,72068.59888463654,86278.46183758811
2025-12-22,97541.56407671841,42768.687234157114,71605.96675681393,97541.56407671841,-573868.4102080588,-1728.9347605591174,51079.17996943416,4616.795862144325,-104146.23005149688,39069.90704047156,46290.21312944533,39418.448842766345,46290.21312944533,46290.21312944533,114280.16772959614,70419.39758429374,72069.9525829351,86279.81553588668
2025-12-23,97541.56407671841,42768.687234157114,71605.96675681393,97541.56407671841,-573868.4102080588,-1728.9347605591174,51079.17996943416,4616.795862144325,-104146.23005149688,39069.90704047156,45290.24505656434,38418.480769885355,45290.24505656434,45290.24505656434,114283.0664916772,70422.29634637479,72072.85134501616,86282.71429796773
2025-12-24,97541.56407671841,42768.687234157114,71605.96675681393,97541.56407671841,-573868.4102080588,-1728.9347605591174,51079.17996943416,4616.795862144325,-104146.23005149688,39069.90704047156,45036.492919311975,38164.72863263299,45036.492919311975,45036.492919311975,114293.30259162001,70432.53244631761,72083.08744495898,86292.95039791055
2025-12-26,97541.56407671841,42768.687234157114,71605.96675681393,97541.56407671841,-573868.4102080588,-1728.9347605591174,51079.17996943416,4616.795862144325,-104146.23005149688,39069.90704047156,44187.23929938197,37315.475012702984,44187.23929938197,44187.23929938197,114314.76600583037,70453.99586052797,72104.55085916934,86314.41381212091
2025-12-29,97541.56407671841,42768.687234157114,71605.96675681393,97541.56407671841,-573868.4102080588,-1728.9347605591174,51079.17996943416,4616.795862144325,-104146.23005149688,39069.90704047156,43994.74990253302,37122.985615854035,43994.74990253302,43994.74990253302,114325.30282676523,70464.53268146282,72115.08768010419,86324.95063305576
2025-12-30,97541.56407671841,42768.687234157114,71605.96675681393,97541.56407671841,-573868.4102080588,-1728.9347605591174,51079.17996943416,4616.795862144325,-104146.23005149688,39069.90704047156,43893.15549669508,37021.391210016096,43893.15549669508,43893.15549669508,114307.84019131027,70447.07004600787,72097.62504464923,86307.48799760081
2025-12-31,97541.56407671841,42768.687234157114,71605.96675681393,97541.56407671841,-573868.4102080588,-1728.9347605591174,51079.17996943416,4616.795862144325,-104146.23005149688,39069.90704047156,43405.818601608975,36534.05431492999,43405.818601608975,43405.818601608975,114327.32552891201,70466.55538360961,72117.11038225098,86326.97333520255
2026-01-02,97541.56407671841,42768.687234157114,71605.96675681393,97541.56407671841,-573868.4102080588,-1728.9347605591174,51079.17996943416,4616.795862144325,-104146.23005149688,39069.90704047156,45373.96671008039,38502.20242340141,45373.96671008039,45373.96671008039,114371.57899376261,70510.8088484602,72161.36384710157,86371.22680005315
2026-01-05,97541.56407671841,42768.687234157114,71605.96675681393,97541.56407671841,-573868.4102080588,-1728.9347605591174,51079.17996943416,4616.795862144325,-104146.23005149688,39069.90704047156,44539.94851573184,37668.18422905286,44539.94851573184,44539.94851573184,114418.66535233939,70557.89520703699,72208.45020567835,86418.31315862993
2026-01-06,97541.56407671841,42768.687234157114,71605.96675681393,97541.56407671841,-573868.4102080588,-1728.9347605591174,51079.17996943416,4616.795862144325,-104146.23005149688,39069.90704047156,45560.0546754899,38688.290388810914,45560.0546754899,45560.0546754899,114453.70457398007,70592.93442867766,72243.48942731903,86453.3523802706
2026-01-07,97541.56407671841,42768.687234157114,71605.96675681393,97541.56407671841,-573868.4102080588,-1728.9347605591174,51079.17996943416,4616.795862144325,-104146.23005149688,39069.90704047156,46427.134256767924,39555.36997008894,46427.134256767924,46427.134256767924,114463.72832487477,70602.95817957236,72253.51317821373,86463.3761311653
2026-01-08,97541.56407671841,42768.687234157114,71605.96675681393,97541.56407671841,-573868.4102080588,-1728.9347605591174,51079.17996943416,4616.795862144325,-104146.23005149688,39069.90704047156,46431.38303824118,39559.6187515622,46431.38303824118,46431.38303824118,114465.53482382186,70604.76467851945,72255.31967716082,86465.1826301124
2026-01-09,97541.56407671841,42768.687234157114,71605.96675681393,97541.56407671841,-573868.4102080588,-1728.9347605591174,51079.17996943416,4616.795862144325,-104146.23005149688,39069.90704047156,48375.05168427189,41503.28739759291,48375.05168427189,48375.05168427189,114453.79922072473,70593.02907542232,72243.58407406369,86453.44702701527
2026-01-12,97541.56407671841,42768.687234157114,71605.96675681393,97541.56407671841,-573868.4102080588,-1728.9347605591174,51079.17996943416,4616.795862144325,-104146.23005149688,39069.90704047156,48285.09083172935,41413.32654505037,48285.09083172935,48285.09083172935,114452.0489991582,70591.2788538558,72241.83385249716,86451.69680544874
2026-01-13,97541.56407671841,42768.687234157114,71605.96675681393,97541.56407671841,-573868.4102080588,-1728.9347605591174,51079.17996943416,4616.795862144325,-104146.23005149688,39069.90704047156,53562.8347308205,46691.070444141515,53562.8347308205,53562.8347308205,114471.35801319475,70610.58786789235,72261.14286653372,86471.00581948529
2026-01-14,97541.56407671841,42768.687234157114,71605.96675681393,97541.56407671841,-573868.4102080588,-1728.9347605591174,51079.17996943416,4616.795862144325,-104146.23005149688,39069.90704047156,54361.32255581184,47489.55826913298,54361.32255581184,54361.32255581184,114532.1139482786,70671.34380297619,72321.89880161756,86531.76175456913
2026-01-15,97541.56407671841,42768.687234157114,71605.96675681393,97541.56407671841,-573868.4102080588,-1728.9347605591174,51079.17996943416,4616.795862144325,-104146.23005149688,39069.90704047156,55798.99900337681,48927.23471669783,55798.99900337681,55798.99900337681,114436.34228909388,70575.57214379148,72226.12714243284,86435.99009538442
2026-01-16,97541.56407671841,42768.687234157114,71605.96675681393,97541.56407671841,-573868.4102080588,-1728.9347605591174,51079.17996943416,4616.795862144325,-104146.23005149688,39069.90704047156,55819.98522373475,48948.22093705577,55819.98522373475,55819.98522373475,114393.8351456318,70533.0650003294,72183.61999897077,86393.48295192234
2026-01-20,97541.56407671841,42768.687234157114,71605.96675681393,97541.56407671841,-573868.4102080588,-1728.9347605591174,51079.17996943416,4616.795862144325,-104146.23005149688,39069.90704047156,53331.52209109953,46459.757804420544,53331.52209109953,53331.52209109953,115116.19505950599,71255.42491420358,72905.97991284495,87115.84286579653
2026-01-21,97541.56407671841,42768.687234157114,71605.96675681393,97541.56407671841,-573868.4102080588,-1728.9347605591174,51079.17996943416,4616.795862144325,-104146.23005149688,39069.90704047156,56084.23628419312,49212.471997514134,56084.23628419312,56084.23628419312,115463.29222209286,71602.52207679045,73253.07707543182,87462.9400283834
2026-01-22,97541.56407671841,42768.687234157114,71605.96675681393,97541.56407671841,-573868.4102080588,-1728.9347605591174,51079.17996943416,4616.795862144325,-104146.23005149688,39069.90704047156,57285.62305394048,50413.858767261496,57285.62305394048,57285.62305394048,114746.07729554293,70885.30715024052,72535.86214888189,86745.72510183346
2026-01-23,97541.56407671841,42768.687234157114,71605.96675681393,97541.56407671841,-573868.4102080588,-1728.9347605591174,51079.17996943416,4616.795862144325,-104146.23005149688,39069.90704047156,55919.61356728757,49047.849280608585,55919.61356728757,55919.61356728757,114635.24246407812,70774.47231877572,72425.02731741709,86634.89027036866
2026-01-26,97541.56407671841,42768.687234157114,71605.96675681393,97541.56407671841,-573868.4102080588,-1728.9347605591174,51079.17996943416,4616.795862144325,-104146.23005149688,39069.90704047156,52720.27155529475,45848.507268615765,52720.27155529475,52720.27155529475,115523.45725411014,71662.68710880773,73313.2421074491,87523.10506040067
2026-01-27,97541.56407671841,42768.687234157114,71605.96675681393,97541.56407671841,-573868.4102080588,-1728.9347605591174,51079.17996943416,4616.795862144325,-104146.23005149688,39069.90704047156,54456.04922268959,47584.28493601049,54456.04922268959,54456.04922268959,115517.47688201931,71656.70673671691,73307.26173535828,87517.12468830985
2026-01-28,97541.56407671841,42768.687234157114,71605.96675681393,97541.56407671841,-573868.4102080588,-1728.9347605591174,51079.17996943416,4616.795862144325,-104146.23005149688,39069.90704047156,54787.061800144846,47915.297513465746,54787.061800144846,54787.061800144846,114745.4849244589,70884.7147791565,72535.26977779786,86745.13273074944
2026-01-29,97541.56407671841,42768.687234157114,71605.96675681393,97541.56407671841,-573868.4102080588,-1728.9347605591174,51079.17996943416,4616.795862144325,-104146.23005149688,39069.90704047156,56728.6871356559,49856.92284897668,56728.6871356559,56728.6871356559,113323.02079094085,69462.25064563844,71112.80564427981,85322.66859723139
2026-01-30,97541.56407671841,42768.687234157114,71605.96675681393,97541.56407671841,-573868.4102080588,-1728.9347605591174,51079.17996943416,4616.795862144325,-104146.23005149688,39069.90704047156,56489.553137316136,49617.78885063715,56489.553137316136,56489.553137316136,112938.27031315095,69077.50016784854,70728.05516648991,84937.91811944149
2026-02-02,97541.56407671841,42768.687234157114,71605.96675681393,97541.56407671841,-573868.4102080588,-1728.9347605591174,51079.17996943416,4616.795862144325,-104146.23005149688,39069.90704047156,57238.317125700414,50366.55283902143,57238.317125700414,57238.317125700414,113932.72066774243,70071.95052244002,71722.50552108139,85932.36847403296
2026-02-03,97541.56407671841,42768.687234157114,71605.96675681393,97541.56407671841,-573868.4102080588,-1728.9347605591174,51079.17996943416,4616.795862144325,-104146.23005149688,39069.90704047156,57194.210273727775,50322.44598704879,57194.210273727775,57194.210273727775,110704.67102236976,66843.90087706735,68494.45587570872,82704.3188286603
2026-02-04,97541.56407671841,42768.687234157114,71605.96675681393,97541.56407671841,-573868.4102080588,-1728.9347605591174,51079.17996943416,4616.795862144325,-104146.23005149688,39069.90704047156,59646.57674406911,52774.81245739013,59646.57674406911,59646.57674406911,108052.55982900527,63201.10059999954,65842.34468234424,80052.20763529581
2026-02-05,97541.56407671841,42768.687234157114,71605.96675681393,97541.56407671841,-573868.4102080588,-1728.9347605591174,51079.17996943416,4616.795862144325,-104146.23005149688,39069.90704047156,57395.861187797505,50524.09690111852,57395.861187797505,57395.861187797505,105008.51973461267,63201.10059999954,61725.598032404436,77008.1675409032
2026-02-06,97541.56407671841,42768.687234157114,71605.96675681393,97541.56407671841,-573868.4102080588,-1728.9347605591174,51079.17996943416,4616.795862144325,-104146.23005149688,39069.90704047156,61561.97852751333,54690.21424083435,61561.97852751333,61561.97852751333,106088.59322373895,63201.10059999954,61725.598032404436,78088.24103002949
2026-02-09,97541.56407671841,42768.687234157114,71605.96675681393,97541.56407671841,-573868.4102080588,-1728.9347605591174,51079.17996943416,4616.795862144325,-104146.23005149688,39069.90704047156,60993.00338419713,54121.23909751815,60993.00338419713,60993.00338419713,108429.39691880881,63201.10059999954,61725.598032404436,80429.04472509935
2026-02-10,97541.56407671841,42768.687234157114,71605.96675681393,97541.56407671841,-573868.4102080588,-1728.9347605591174,51079.17996943416,4616.795862144325,-104146.23005149688,39069.90704047156,61213.31321822014,54341.548931541154,61213.31321822014,61213.31321822014,109141.02703126497,63201.10059999954,61725.598032404436,81140.6748375555
2026-02-11,97541.56407671841,42768.687234157114,71605.96675681393,97541.56407671841,-573868.4102080588,-1728.9347605591174,51079.17996943416,4616.795862144325,-104146.23005149688,39069.90704047156,61743.81548545137,54872.05119877239,61743.81548545137,61743.81548545137,105013.65577906021,63201.10059999954,61725.598032404436,77013.30358535075
2026-02-12,97541.56407671841,42768.687234157114,71605.96675681393,97541.56407671841,-573868.4102080588,-1728.9347605591174,51079.17996943416,4616.795862144325,-104146.23005149688,39069.90704047156,60590.73030198971,53718.966015310725,60590.73030198971,60590.73030198971,102356.94507046416,63201.10059999954,61725.598032404436,74356.5928767547
2026-02-13,97541.56407671841,42768.687234157114,71605.96675681393,97541.56407671841,-573868.4102080588,-1728.9347605591174,51079.17996943416,4616.795862144325,-104146.23005149688,39069.90704047156,61189.7899721514,54318.025685472414,61189.7899721514,61189.7899721514,103073.95582376514,63201.10059999954,61725.598032404436,75073.60363005567
2026-02-17,97541.56407671841,42768.687234157114,71605.96675681393,97541.56407671841,-573868.4102080588,-1728.9347605591174,51079.17996943416,4616.795862144325,-104146.23005149688,39069.90704047156,59082.93926323205,52211.17497655307,59082.93926323205,59082.93926323205,104404.12335012085,63201.10059999954,61725.598032404436,76403.77115641139
2026-02-18,97541.56407671841,42768.687234157114,71605.96675681393,97541.56407671841,-573868.4102080588,-1728.9347605591174,51079.17996943416,4616.795862144325,-104146.23005149688,39069.90704047156,59327.88556435751,52456.121277678525,59327.88556435751,59327.88556435751,106374.69995012507,63201.10059999954,61725.598032404436,78374.3477564156
2026-02-19,97541.56407671841,42768.687234157114,71605.96675681393,97541.56407671841,-573868.4102080588,-1728.9347605591174,51079.17996943416,4616.795862144325,-104146.23005149688,39069.90704047156,59261.477403864264,52389.71311718528,59261.477403864264,59261.477403864264,105414.26879087812,63201.10059999954,61725.598032404436,77413.91659716866
2026-02-20,97541.56407671841,42768.687234157114,71605.96675681393,97541.56407671841,-573868.4102080588,-1728.9347605591174,51079.17996943416,4616.795862144325,-104146.23005149688,39069.90704047156,59496.231811040314,52624.46752436133,59496.231811040314,59496.231811040314,105790.83534454089,63201.10059999954,61725.598032404436,77790.48315083142
2026-02-23,97541.56407671841,42768.687234157114,71605.96675681393,97541.56407671841,-573868.4102080588,-1728.9347605591174,51079.17996943416,4616.795862144325,-104146.23005149688,39069.90704047156,59496.231811040314,52624.46752436133,59496.231811040314,59496.231811040314,105941.78575851326,63352.05101397191,61876.54844637681,77941.4335648038
2026-02-24,97541.56407671841,42768.687234157114,71605.96675681393,97541.56407671841,-573868.4102080588,-1728.9347605591174,51079.17996943416,4616.795862144325,-104146.23005149688,39069.90704047156,59496.231811040314,52624.46752436133,59496.231811040314,59496.231811040314,106041.35411827918,63451.619373737834,61976.11680614273,78041.00192456972
2026-02-25,97541.56407671841,42768.687234157114,71605.96675681393,97541.56407671841,-573868.4102080588,-1728.9347605591174,51079.17996943416,4616.795862144325,-104146.23005149688,39069.90704047156,59496.231811040314,52624.46752436133,59496.231811040314,59496.231811040314,105809.28784427838,63219.55309973704,61744.05053214193,77808.93565056892
2026-02-26,97541.56407671841,42768.687234157114,71605.96675681393,97541.56407671841,-573868.4102080588,-1728.9347605591174,51079.17996943416,4616.795862144325,-104146.23005149688,39069.90704047156,59496.231811040314,52624.46752436133,59496.231811040314,59496.231811040314,106135.13994476525,63545.405200223904,62069.9026326288,78134.78775105579
2026-02-27,97541.56407671841,42768.687234157114,71605.96675681393,97541.56407671841,-573868.4102080588,-1728.9347605591174,51079.17996943416,4616.795862144325,-104146.23005149688,39069.90704047156,59496.231811040314,52624.46752436133,59496.231811040314,59496.231811040314,106322.1782741195,63732.44352957816,62256.940961983055,78321.82608041004
2026-03-02,97541.56407671841,42768.687234157114,71605.96675681393,97541.56407671841,-573868.4102080588,-1728.9347605591174,51079.17996943416,4616.795862144325,-104146.23005149688,39069.90704047156,59496.231811040314,52624.46752436133,59496.231811040314,59496.231811040314,106693.13563487423,64103.40089033288,62627.898322737776,78692.78344116476
2026-03-03,97541.56407671841,42768.687234157114,71605.96675681393,97541.56407671841,-573868.4102080588,-1728.9347605591174,51079.17996943416,4616.795862144325,-104146.23005149688,39069.90704047156,59496.231811040314,52624.46752436133,59496.231811040314,59496.231811040314,106723.12195710791,64133.387212566566,62657.88464497146,78722.76976339845
2026-03-04,97541.56407671841,42768.687234157114,71605.96675681393,97541.56407671841,-573868.4102080588,-1728.9347605591174,51079.17996943416,4616.795862144325,-104146.23005149688,39069.90704047156,59496.231811040314,52624.46752436133,59496.231811040314,59496.231811040314,107002.35044550663,64412.61570096528,62937.11313337018,79001.99825179717
2026-03-05,97541.56407671841,42768.687234157114,71605.96675681393,97541.56407671841,-573868.4102080588,-1728.9347605591174,51079.17996943416,4616.795862144325,-104146.23005149688,39069.90704047156,59496.231811040314,52624.46752436133,59496.231811040314,59496.231811040314,106477.48063999391,63887.745895452565,62412.24332785746,78477.12844628445
2026-03-06,97541.56407671841,42768.687234157114,71605.96675681393,97541.56407671841,-573868.4102080588,-1728.9347605591174,51079.17996943416,4616.795862144325,-104146.23005149688,39069.90704047156,59496.231811040314,52624.46752436133,59496.231811040314,59496.231811040314,106455.26440619747,63865.529661656125,62390.02709406102,78454.91221248801
2026-03-09,97541.56407671841,42768.687234157114,71605.96675681393,97541.56407671841,-573868.4102080588,-1728.9347605591174,51079.17996943416,4616.795862144325,-104146.23005149688,39069.90704047156,59496.231811040314,52624.46752436133,59496.231811040314,59496.231811040314,106900.8396799548,64311.10493541346,62835.602367818356,78900.48748624534
2026-03-10,97541.56407671841,42768.687234157114,71605.96675681393,97541.56407671841,-573868.4102080588,-1728.9347605591174,51079.17996943416,4616.795862144325,-104146.23005149688,39069.90704047156,59496.231811040314,52624.46752436133,59496.231811040314,59496.231811040314,107137.25013464177,64547.51539010042,63072.01282250532,79136.89794093231
2026-03-11,97541.56407671841,42768.687234157114,71605.96675681393,97541.56407671841,-573868.4102080588,-1728.9347605591174,51079.17996943416,4616.795862144325,-104146.23005149688,39069.90704047156,59496.231811040314,52624.46752436133,59496.231811040314,59496.231811040314,106570.71944729355,63980.984702752205,62505.4821351571,78570.36725358409
2026-03-12,97541.56407671841,42768.687234157114,71605.96675681393,97541.56407671841,-573868.4102080588,-1728.9347605591174,51079.17996943416,4616.795862144325,-104146.23005149688,39069.90704047156,59496.231811040314,52624.46752436133,59496.231811040314,59496.231811040314,106669.11497841869,64079.38023387734,62603.877666282235,78668.76278470922
2026-03-13,97541.56407671841,42768.687234157114,71605.96675681393,97541.56407671841,-573868.4102080588,-1728.9347605591174,51079.17996943416,4616.795862144325,-104146.23005149688,39069.90704047156,59496.231811040314,52624.46752436133,59496.231811040314,59496.231811040314,107249.89386248472,64660.159117943374,63184.65655034827,79249.54166877526
2026-03-16,97541.56407671841,42768.687234157114,71605.96675681393,97541.56407671841,-573868.4102080588,-1728.9347605591174,51079.17996943416,4616.795862144325,-104146.23005149688,39069.90704047156,59496.231811040314,52624.46752436133,59496.231811040314,59496.231811040314,107730.69597437978,65140.96122983843,63665.45866224333,79730.34378067032
2026-03-17,97541.56407671841,42768.687234157114,71605.96675681393,97541.56407671841,-573868.4102080588,-1728.9347605591174,51079.17996943416,4616.795862144325,-104146.23005149688,39069.90704047156,59496.231811040314,52624.46752436133,59496.231811040314,59496.231811040314,107727.20586439967,65137.471119858325,63661.96855226322,79726.85367069021
2026-03-18,97541.56407671841,42768.687234157114,71605.96675681393,97541.56407671841,-573868.4102080588,-1728.9347605591174,51079.17996943416,4616.795862144325,-104146.23005149688,39069.90704047156,59496.231811040314,52624.46752436133,59496.231811040314,59496.231811040314,107076.3210930808,64486.58634853945,63011.08378094435,79075.96889937134
2026-03-19,97541.56407671841,42768.687234157114,71605.96675681393,97541.56407671841,-573868.4102080588,-1728.9347605591174,51079.17996943416,4616.795862144325,-104146.23005149688,39069.90704047156,59496.231811040314,52624.46752436133,59496.231811040314,59496.231811040314,107657.87158299657,65068.13683845522,63592.634270860115,79657.5193892871
2026-03-20,97541.56407671841,42768.687234157114,71605.96675681393,97541.56407671841,-573868.4102080588,-1728.9347605591174,51079.17996943416,4616.795862144325,-104146.23005149688,39069.90704047156,59496.231811040314,52624.46752436133,59496.231811040314,59496.231811040314,107670.55239568371,65080.817651142366,63605.31508354726,79670.20020197425
2026-03-23,95775.9690932997,41003.09225073841,69840.37177339522,95775.9690932997,-575634.0051914775,-3494.5297439778224,49313.584986015456,2851.20087872562,-105948.6422875356,37273.20273554558,59496.231811040314,52624.46752436133,59496.231811040314,59496.231811040314,107721.99095248105,65132.2562079397,63656.7536403446,79721.63875877159
2026-03-24,97462.32197447214,42689.445131910965,71526.72465456766,97462.32197447214,-573947.6523103048,-1808.1768628052669,50999.93786718813,4537.5537598981755,-105725.16297998303,37305.63229382457,59496.231811040314,52624.46752436133,59496.231811040314,59496.231811040314,107671.64829578437,65081.91355124302,63606.41098364792,79671.2961020749
2026-03-25,97719.43600621633,42946.559163655154,71783.83868631185,97719.43600621633,-573690.5382785607,-1551.0628310610773,51257.051898932084,4794.667791642365,-105105.79264354717,38274.559855474625,59496.231811040314,52624.46752436133,59496.231811040314,59496.231811040314,107678.57809103746,65088.84334649611,63613.34077890101,79678.225897328
2026-03-26,100492.55738811381,45719.68054555275,74556.96006820933,100492.55738811381,-570917.4168966631,1222.0585508365184,54030.1732808298,7567.789173539961,-105099.07915944816,37449.75842296309,59496.231811040314,52624.46752436133,59496.231811040314,59496.231811040314,107762.770649574,65173.03590503265,63697.53333743755,79762.41845586454
2026-03-27,101107.8191133854,46334.94227082445,75172.22179348092,101107.8191133854,-570392.1551713914,1837.3202761082212,54638.31486396305,8168.810614534654,-105257.23591167049,35749.98261975753,59496.231811040314,52624.46752436133,59496.231811040314,59496.231811040314,107665.69079858973,65075.95605404838,63600.453486453276,79665.33860488026
2026-03-30,102260.60835934151,47487.731516780215,76325.01103943703,102260.60835934151,-566230.3301401502,2990.1095220639836,56029.15702648694,9797.705693626544,-103635.86110878515,36896.12808930187,59496.231811040314,52624.46752436133,59496.231811040314,59496.231811040314,107905.43709973875,65315.7023551974,63840.199787602294,79905.08490602928
2026-03-31,104514.66812894703,49741.79128638632,78579.07080904301,104514.66812894703,-590142.1561864056,5244.169291670085,56220.46578371641,7926.263438479626,-105372.13801753707,39550.29272045777,59496.231811040314,52624.46752436133,59496.231811040314,59496.231811040314,107797.54465609184,65207.80991155049,63732.307343955385,79797.19246238237
2026-04-01,104523.14688373101,49750.2700411703,78587.549563827,104523.14688373101,-590133.6774316216,5252.648046453949,55678.727436827496,6834.307989918045,-105506.44327020645,39821.31556026125,59496.231811040314,52624.46752436133,59496.231811040314,59496.231811040314,107827.34668601002,65237.61194146867,63762.109373873565,79826.99449230055
2026-04-02,105130.49028569227,50357.613443132024,79194.89296578825,105130.49028569227,-589526.3340296599,5859.991448415909,56219.81912573194,7309.147965765209,-105011.33732910652,40343.53794919443,59496.231811040314,52624.46752436133,59496.231811040314,59496.231811040314,107725.92090778821,65136.186163246864,63660.68359565176,79725.56871407875
2026-04-06,103869.58266663318,49096.705824072706,77933.98534672917,103869.58266663318,-590787.2416487195,4599.0838293563575,54603.063316326356,5336.54396601324,-106033.13283626176,39433.96730870567,59496.231811040314,52624.46752436133,59496.231811040314,59496.231811040314,107794.20096101053,65204.46621646918,63728.96364887408,79793.84876730107
2026-04-07,102739.26281908737,47966.38597652712,76803.66549918335,102739.26281908737,-591917.561496265,3468.7639818108873,53474.27745207446,4209.29208505468,-107165.1264966745,38299.5330475684,59496.231811040314,52624.46752436133,59496.231811040314,59496.231811040314,107784.94197983644,65195.20723529509,63719.70466769999,79784.58978612698
2026-04-08,105894.22091724607,51121.344074685825,79958.62359734206,105894.22091724607,-588762.6033981062,6623.72207996971,56718.07480021147,7541.92868317035,-103788.78065456776,41342.05609164329,59496.231811040314,52624.46752436133,59496.231811040314,59496.231811040314,107613.31654136861,65023.58179682726,63548.07922923216,79612.96434765914
2026-04-09,107707.493461465,52934.61661890452,81771.89614156098,107707.493461465,-586949.3308538876,8436.994624188286,58551.98243835755,9396.47141524381,-102801.4405644635,42041.21196336858,59496.231811040314,52624.46752436133,59496.231811040314,59496.231811040314,107214.94255373115,64625.2078091898,63149.7052415947,79214.59036002168
2026-04-10,108043.39194482518,53270.515102264704,82107.79462492117,108043.39194482518,-586613.4323705272,8772.893107548472,58885.50042373361,9727.60890263517,-103184.82211520337,41694.11895716027,59496.231811040314,52624.46752436133,59496.231811040314,59496.231811040314,106869.69867313886,64279.96392859751,62804.46136100241,78869.3464794294
2026-04-13,106400.59386863,51627.71702606953,80464.99654872599,106400.59386863,-588256.2304467224,7130.095031353296,57275.248304061126,8149.902739485726,-101667.72178303287,42637.19844383234,59496.231811040314,52624.46752436133,59496.231811040314,59496.231811040314,107254.85362698534,64665.11888244399,63189.616314848885,79254.50143327587
2026-04-14,107807.12883699057,53034.25199443009,81871.53151708655,107807.12883699057,-586849.6954783618,8536.62999971374,59041.27849848429,10275.428159971489,-99554.91211281926,44034.295571354334,59496.231811040314,52624.46752436133,59496.231811040314,59496.231811040314,106907.86419404717,64318.129449505825,62842.62688191072,78907.51200033771
2026-04-15,110274.6962786552,55501.81943609426,84339.09895875119,110274.6962786552,-584382.1280366972,11004.197441378026,61744.49627427431,13214.296269886894,-98388.63271065231,44990.074630186195,59496.231811040314,52624.46752436133,59496.231811040314,59496.231811040314,107074.89423240651,64485.15948786517,63009.65692027006,79074.54203869705
2026-04-16,110254.08889283752,55481.21205027681,84318.4915729335,110254.08889283752,-584402.735422515,10983.590055560577,61797.8507841737,13341.612675503944,-98589.15764778631,44775.93151792523,59496.231811040314,52624.46752436133,59496.231811040314,59496.231811040314,107239.97061489872,64650.23587035737,63174.733302762266,79239.61842118925
2026-04-17,112564.04600174166,57791.16915918072,86628.44868183765,112564.04600174166,-582092.7783136109,13293.547164463904,64472.465521234786,16380.885040721041,-98657.94096627634,44704.59755989106,59496.231811040314,52624.46752436133,59496.231811040314,59496.231811040314,108336.03250983567,65746.29776529432,64270.79519769922,80335.6803161262
2026-04-20,112564.04600174166,57791.16915918072,86628.44868183765,112564.04600174166,-582092.7783136109,13293.547164463904,64472.465521234786,16380.885040721041,-98657.94096627634,44704.59755989106,56795.19750210154,49923.433215422556,56795.19750210154,56795.19750210154,109257.65326543315,66667.9185208918,65192.4159532967,81257.30107172369
2026-04-21,112564.04600174166,57791.16915918072,86628.44868183765,112564.04600174166,-582092.7783136109,13293.547164463904,64472.465521234786,16380.885040721041,-98657.94096627634,44704.59755989106,57769.71499445941,50897.95070778043,57769.71499445941,57769.71499445941,109330.09287689044,66740.3581323491,65264.85556475399,81329.74068318098
2026-04-22,112564.04600174166,57791.16915918072,86628.44868183765,112564.04600174166,-582092.7783136109,13293.547164463904,64472.465521234786,16380.885040721041,-98657.94096627634,44704.59755989106,62391.02432140685,55519.260034727864,62391.02432140685,62391.02432140685,108966.69726496353,66376.96252042218,64901.45995282708,80966.34507125407
2026-04-23,112564.04600174166,57791.16915918072,86628.44868183765,112564.04600174166,-582092.7783136109,13293.547164463904,64472.465521234786,16380.885040721041,-98657.94096627634,44704.59755989106,60358.52739057038,53486.7631038914,60358.52739057038,60358.52739057038,107033.12288787263,64443.38814333128,62967.885575736174,79032.77069416316
2026-04-24,112564.04600174166,57791.16915918072,86628.44868183765,112564.04600174166,-582092.7783136109,13293.547164463904,64472.465521234786,16380.885040721041,-98657.94096627634,44704.59755989106,64898.789595780894,58027.025309102144,64898.789595780894,64898.789595780894,106699.88136922708,64110.14662468573,62634.64405709063,78699.52917551761
2026-04-27,112564.04600174166,57791.16915918072,86628.44868183765,112564.04600174166,-582092.7783136109,13293.547164463904,64472.465521234786,16380.885040721041,-98657.94096627634,44704.59755989106,64204.19644418056,57332.43215750158,64204.19644418056,64204.19644418056,108263.76663898956,65674.03189444821,64198.52932685311,80263.4144452801
2026-04-28,112564.04600174166,57791.16915918072,86628.44868183765,112564.04600174166,-582092.7783136109,13293.547164463904,64472.465521234786,16380.885040721041,-98657.94096627634,44704.59755989106,64570.467863642145,57698.70357696316,64570.467863642145,64570.467863642145,109418.67550842278,66828.94076388143,65353.438196286326,81418.32331471331
2026-04-29,112564.04600174166,57791.16915918072,86628.44868183765,112564.04600174166,-582092.7783136109,13293.547164463904,64472.465521234786,16380.885040721041,-98657.94096627634,44704.59755989106,65545.1268751712,58673.36258849222,65545.1268751712,65545.1268751712,108666.80535002169,66077.07060548034,64601.56803788524,80666.45315631223
2026-04-30,112564.04600174166,57791.16915918072,86628.44868183765,112564.04600174166,-582092.7783136109,13293.547164463904,64472.465521234786,16380.885040721041,-98657.94096627634,44704.59755989106,67916.89360939316,61045.12932271417,67916.89360939316,67916.89360939316,107068.81524136872,64479.08049682737,63003.57792923227,79068.46304765926
2026-05-01,112564.04600174166,57791.16915918072,86628.44868183765,112564.04600174166,-582092.7783136109,13293.547164463904,64472.465521234786,16380.885040721041,-98657.94096627634,44704.59755989106,68307.3960247382,61435.63173805922,68307.3960247382,68307.3960247382,106087.79382118373,63498.059076642385,62022.55650904728,78087.44162747427
2026-05-04,112564.04600174166,57791.16915918072,86628.44868183765,112564.04600174166,-582092.7783136109,13293.547164463904,64472.465521234786,16380.885040721041,-98657.94096627634,44704.59755989106,67173.30904335575,60301.54475667677,67173.30904335575,67173.30904335575,107493.3340874908,64903.599342949456,63428.09677535435,79492.98189378134
2026-05-05,112564.04600174166,57791.16915918072,86628.44868183765,112564.04600174166,-582092.7783136109,13293.547164463904,64472.465521234786,16380.885040721041,-98657.94096627634,44704.59755989106,68871.8308294143,62000.06654273532,68871.8308294143,68871.8308294143,106147.78164757974,63558.0469030384,62082.544335443294,78147.42945387028
2026-05-06,112564.04600174166,57791.16915918072,86628.44868183765,112564.04600174166,-582092.7783136109,13293.547164463904,64472.465521234786,16380.885040721041,-98657.94096627634,44704.59755989106,67767.86277571786,60896.09848903888,67767.86277571786,67767.86277571786,104917.6199501399,62327.88520559855,60852.382638003444,76917.26775643043
2026-05-07,112564.04600174166,57791.16915918072,86628.44868183765,112564.04600174166,-582092.7783136109,13293.547164463904,64472.465521234786,16380.885040721041,-98657.94096627634,44704.59755989106,68088.55460708239,61216.79032040341,68088.55460708239,68088.55460708239,105803.42701105238,63213.69226651103,61738.18969891593,77803.07481734292
2026-05-08,112564.04600174166,57791.16915918072,86628.44868183765,112564.04600174166,-582092.7783136109,13293.547164463904,64472.465521234786,16380.885040721041,-98657.94096627634,44704.59755989106,69588.5448876305,62716.78060095152,69588.5448876305,69588.5448876305,102987.59112938144,59401.69690748234,58922.35381724499,74987.23893567198
2026-05-11,112564.04600174166,57791.16915918072,86628.44868183765,112564.04600174166,-582092.7783136109,13293.547164463904,64472.465521234786,16380.885040721041,-98657.94096627634,44704.59755989106,68379.98740557674,61508.22311889776,68379.98740557674,68379.98740557674,99053.73387384671,59401.69690748234,53879.55736417929,71053.38168013724
2026-05-12,112564.04600174166,57791.16915918072,86628.44868183765,112564.04600174166,-582092.7783136109,13293.547164463904,64472.465521234786,16380.885040721041,-98657.94096627634,44704.59755989106,68679.53441956779,61807.77013288881,68679.53441956779,68679.53441956779,103362.78643550398,59401.69690748234,53879.55736417929,75362.43424179452
2026-05-13,112564.04600174166,57791.16915918072,86628.44868183765,112564.04600174166,-582092.7783136109,13293.547164463904,64472.465521234786,16380.885040721041,-98657.94096627634,44704.59755989106,68683.30972963874,61811.54544295976,68683.30972963874,68683.30972963874,100077.05336500262,59401.69690748234,53879.55736417929,72076.70117129316
2026-05-14,112564.04600174166,57791.16915918072,86628.44868183765,112564.04600174166,-582092.7783136109,13293.547164463904,64472.465521234786,16380.885040721041,-98657.94096627634,44704.59755989106,67800.07589733531,60928.311610656325,67800.07589733531,67800.07589733531,101694.20732980757,59401.69690748234,53879.55736417929,73693.85513609811
2026-05-15,112564.04600174166,57791.16915918072,86628.44868183765,112564.04600174166,-582092.7783136109,13293.547164463904,64472.465521234786,16380.885040721041,-98657.94096627634,44704.59755989106,66036.73428280232,59164.96999612334,66036.73428280232,66036.73428280232,102890.82855332387,59401.69690748234,53879.55736417929,74890.4763596144
2026-05-18,112564.04600174166,57791.16915918072,86628.44868183765,112564.04600174166,-582092.7783136109,13293.547164463904,64472.465521234786,16380.885040721041,-98657.94096627634,44704.59755989106,64555.21293351683,57683.448646837845,64555.21293351683,64555.21293351683,103115.53199495771,59626.400349116186,54104.26080581313,75115.17980124825
2026-05-19,112564.04600174166,57791.16915918072,86628.44868183765,112564.04600174166,-582092.7783136109,13293.547164463904,64472.465521234786,16380.885040721041,-98657.94096627634,44704.59755989106,64462.50921304221,57590.74492636323,64462.50921304221,64462.50921304221,103200.49720377987,59711.36555793835,54189.22601463529,75200.14501007041
2026-05-20,112564.04600174166,57791.16915918072,86628.44868183765,112564.04600174166,-582092.7783136109,13293.547164463904,64472.465521234786,16380.885040721041,-98657.94096627634,44704.59755989106,65013.59392874269,58141.829642063705,65013.59392874269,65013.59392874269,103117.34180939826,59628.21016355674,54106.07062025368,75116.9896156888
2026-05-21,112564.04600174166,57791.16915918072,86628.44868183765,112564.04600174166,-582092.7783136109,13293.547164463904,64472.465521234786,16380.885040721041,-98657.94096627634,44704.59755989106,65221.53115752828,58349.7668708493,65221.53115752828,65221.53115752828,103225.56213289383,59736.430487052305,54214.29094374925,75225.20993918437
2026-05-22,112564.04600174166,57791.16915918072,86628.44868183765,112564.04600174166,-582092.7783136109,13293.547164463904,64472.465521234786,16380.885040721041,-98657.94096627634,44704.59755989106,65250.40271414793,58378.63842746895,65250.40271414793,65250.40271414793,102384.69105485943,58895.55940901791,53373.41986571485,74384.33886114997
2026-05-26,112564.04600174166,57791.16915918072,86628.44868183765,112564.04600174166,-582092.7783136109,13293.547164463904,64472.465521234786,16380.885040721041,-98657.94096627634,44704.59755989106,64741.1403220722,57869.376035393216,64741.1403220722,64741.1403220722,102981.93451995822,59492.80287411669,53970.66333081364,74981.58232624875
2026-05-27,112564.04600174166,57791.16915918072,86628.44868183765,112564.04600174166,-582092.7783136109,13293.547164463904,64472.465521234786,16380.885040721041,-98657.94096627634,44704.59755989106,66019.99727737159,59148.2329906926,66019.99727737159,66019.99727737159,103253.24671818782,59764.11507234629,54241.97552904324,75252.89452447835
2026-05-28,112564.04600174166,57791.16915918072,86628.44868183765,112564.04600174166,-582092.7783136109,13293.547164463904,64472.465521234786,16380.885040721041,-98657.94096627634,44704.59755989106,67156.03423555708,60284.26994887809,67156.03423555708,67156.03423555708,102983.8470110856,59494.715365244076,53972.57582194102,74983.49481737614
2026-05-29,112564.04600174166,57791.16915918072,86628.44868183765,112564.04600174166,-582092.7783136109,13293.547164463904,64472.465521234786,16380.885040721041,-98657.94096627634,44704.59755989106,70723.54508405318,63851.7807973742,70723.54508405318,70723.54508405318,97949.77394735604,53951.7171774141,48938.502758211456,69949.42175364657
2026-06-01,112564.04600174166,57791.16915918072,86628.44868183765,112564.04600174166,-582092.7783136109,13293.547164463904,64472.465521234786,16380.885040721041,-98657.94096627634,44704.59755989106,73944.3530251137,67072.58873843472,73944.3530251137,73944.3530251137,94526.21535841702,53951.7171774141,45514.94416927232,66525.86316470755
2026-06-02,112564.04600174166,57791.16915918072,86628.44868183765,112564.04600174166,-582092.7783136109,13293.547164463904,64472.465521234786,16380.885040721041,-98657.94096627634,44704.59755989106,75009.85275486344,68138.08846818446,75009.85275486344,75009.85275486344,96193.11608389392,53951.7171774141,47181.84489474923,68192.76389018446
2026-06-03,112564.04600174166,57791.16915918072,86628.44868183765,112564.04600174166,-582092.7783136109,13293.547164463904,64472.465521234786,16380.885040721041,-98657.94096627634,44704.59755989106,76568.89242966613,69697.12814298715,76568.89242966613,76568.89242966613,97903.83133359859,53951.7171774141,48892.56014445401,69903.47913988912
2026-06-04,112564.04600174166,57791.16915918072,86628.44868183765,112564.04600174166,-582092.7783136109,13293.547164463904,64472.465521234786,16380.885040721041,-98657.94096627634,44704.59755989106,77943.63920846442,71071.87492178567,77943.63920846442,77943.63920846442,98439.49144913768,53951.7171774141,49428.220259993104,70439.13925542822
2026-06-05,112564.04600174166,57791.16915918072,86628.44868183765,112564.04600174166,-582092.7783136109,13293.547164463904,64472.465521234786,16380.885040721041,-98657.94096627634,44704.59755989106,74428.61895811721,67556.85467143846,74428.61895811721,74428.61895811721,99453.90444441256,53951.7171774141,50442.63325526798,71453.5522507031
2026-06-08,112564.04600174166,57791.16915918072,86628.44868183765,112564.04600174166,-582092.7783136109,13293.547164463904,64472.465521234786,16380.885040721041,-98657.94096627634,44704.59755989106,72803.98220114503,65932.21791446581,72803.98220114503,72803.98220114503,100372.97125092708,53951.7171774141,51361.700061782496,72372.61905721761
2026-06-09,112564.04600174166,57791.16915918072,86628.44868183765,112564.04600174166,-582092.7783136109,13293.547164463904,64472.465521234786,16380.885040721041,-98657.94096627634,44704.59755989106,72818.39157315483,65946.62728647562,72818.39157315483,72818.39157315483,100976.12591851014,53951.7171774141,51964.85472936556,72975.77372480067
2026-06-10,112564.04600174166,57791.16915918072,86628.44868183765,112564.04600174166,-582092.7783136109,13293.547164463904,64472.465521234786,16380.885040721041,-98657.94096627634,44704.59755989106,72330.34139038948,65458.577103710966,72330.34139038948,72330.34139038948,100627.32167517766,53951.7171774141,51616.05048603332,72626.9694814682
2026-06-11,112564.04600174166,57791.16915918072,86628.44868183765,112564.04600174166,-582092.7783136109,13293.547164463904,64472.465521234786,16380.885040721041,-98657.94096627634,44704.59755989106,75233.2678393072,68361.50355262845,75233.2678393072,75233.2678393072,100183.89177286415,53951.7171774141,51172.620583719574,72183.53957915469
2026-06-12,112564.04600174166,57791.16915918072,86628.44868183765,112564.04600174166,-582092.7783136109,13293.547164463904,64472.465521234786,16380.885040721041,-98657.94096627634,44704.59755989106,76747.74386347854,69875.97957679979,76747.74386347854,76747.74386347854,100217.35014937352,53951.7171774141,51206.078960228944,72216.99795566406
2026-06-15,112564.04600174166,57791.16915918072,86628.44868183765,112564.04600174166,-582092.7783136109,13293.547164463904,64472.465521234786,16380.885040721041,-98657.94096627634,44704.59755989106,77339.49893110478,70467.73464442603,77339.49893110478,77339.49893110478,100994.60489806626,53951.7171774141,51983.33370892168,72994.2527043568
2026-06-16,112564.04600174166,57791.16915918072,86628.44868183765,112564.04600174166,-582092.7783136109,13293.547164463904,64472.465521234786,16380.885040721041,-98657.94096627634,44704.59755989106,76742.47522281227,69870.71093613328,76742.47522281227,76742.47522281227,100762.39713924727,53951.7171774141,51751.125950102694,72762.04494553781
2026-06-17,112564.04600174166,57791.16915918072,86628.44868183765,112564.04600174166,-582092.7783136109,13293.547164463904,64472.465521234786,16380.885040721041,-98657.94096627634,44704.59755989106,71807.55478538317,64935.790498704184,71807.55478538317,71807.55478538317,100052.32575030182,53951.7171774141,51041.054561157245,72051.97355659236
2026-06-18,112564.04600174166,57791.16915918072,86628.44868183765,112564.04600174166,-582092.7783136109,13293.547164463904,64472.465521234786,16380.885040721041,-98657.94096627634,44704.59755989106,75398.40669600363,68526.64240932465,75398.40669600363,75398.40669600363,100330.31406762195,53951.7171774141,51319.04287847737,72329.96187391249
2026-06-22,112564.04600174166,57791.16915918072,86628.44868183765,112564.04600174166,-582092.7783136109,13293.547164463904,64472.465521234786,16380.885040721041,-98657.94096627634,44704.59755989106,73651.17504223762,66779.41075555864,73651.17504223762,73651.17504223762,100444.45634535141,54065.85945514357,51433.18515620683,72444.10415164195
2026-06-23,112564.04600174166,57791.16915918072,86628.44868183765,112564.04600174166,-582092.7783136109,13293.547164463904,64472.465521234786,16380.885040721041,-98657.94096627634,44704.59755989106,71793.5965430357,64921.83225635672,71793.5965430357,71793.5965430357,100272.94238698063,53894.34549677279,51261.671197836054,72272.59019327117
2026-06-24,112564.04600174166,57791.16915918072,86628.44868183765,112564.04600174166,-582092.7783136109,13293.547164463904,64472.465521234786,16380.885040721041,-98657.94096627634,44704.59755989106,71106.66265481315,64234.89836813416,71106.66265481315,71106.66265481315,100100.24966969038,53721.65277948254,51088.978480545804,72099.89747598092
2026-06-25,112564.04600174166,57791.16915918072,86628.44868183765,112564.04600174166,-582092.7783136109,13293.547164463904,64472.465521234786,16380.885040721041,-98657.94096627634,44704.59755989106,72701.21686183475,65829.45257515577,72701.21686183475,72701.21686183475,100064.3901636547,53685.79327344685,51053.118974510115,72064.03796994523
2026-06-26,112564.04600174166,57791.16915918072,86628.44868183765,112564.04600174166,-582092.7783136109,13293.547164463904,64472.465521234786,16380.885040721041,-98657.94096627634,44704.59755989106,75259.61623985996,68387.85195318097,75259.61623985996,75259.61623985996,99601.19786945521,53222.60097924736,50589.92668031063,71600.84567574575
2026-06-29,112564.04600174166,57791.16915918072,86628.44868183765,112564.04600174166,-582092.7783136109,13293.547164463904,64472.465521234786,16380.885040721041,-98657.94096627634,44704.59755989106,74623.63706488372,67751.87277820427,74623.63706488372,74623.63706488372,100298.15801028465,53919.5611200768,51286.88682114007,72297.80581657519
2026-06-30,112564.04600174166,57791.16915918072,86628.44868183765,112564.04600174166,-582092.7783136109,13293.547164463904,64472.465521234786,16380.885040721041,-98657.94096627634,44704.59755989106,75710.27280809218,68838.50852141296,75710.27280809218,75710.27280809218,100690.52156525571,54311.92467504786,51679.25037611113,72690.16937154625
2026-07-01,112564.04600174166,57791.16915918072,86628.44868183765,112564.04600174166,-582092.7783136109,13293.547164463904,64472.465521234786,16380.885040721041,-98657.94096627634,44704.59755989106,76738.05927904951,69866.29499237076,76738.05927904951,76738.05927904951,100410.06075161416,54031.463861406315,51398.78956246958,72409.7085579047
2026-07-02,112564.04600174166,57791.16915918072,86628.44868183765,112564.04600174166,-582092.7783136109,13293.547164463904,64472.465521234786,16380.885040721041,-98657.94096627634,44704.59755989106,76360.24134752434,69488.47706084629,76360.24134752434,76360.24134752434,99883.44278306491,53504.84589285706,50872.17159392033,71883.09058935544
2026-07-06,112564.04600174166,57791.16915918072,86628.44868183765,112564.04600174166,-582092.7783136109,13293.547164463904,64472.465521234786,16380.885040721041,-98657.94096627634,44704.59755989106,75176.51364534209,68304.7493586638,75176.51364534209,75176.51364534209,100537.9858930707,54159.38900286285,51526.71470392612,72537.63369936123
2026-07-07,112564.04600174166,57791.16915918072,86628.44868183765,112564.04600174166,-582092.7783136109,13293.547164463904,64472.465521234786,16380.885040721041,-98657.94096627634,44704.59755989106,75416.8828037763,68545.11851709848,75416.8828037763,75416.8828037763,100027.91293433751,53649.316044129664,51016.64174519293,72027.56074062805
2026-07-08,112564.04600174166,57791.16915918072,86628.44868183765,112564.04600174166,-582092.7783136109,13293.547164463904,64472.465521234786,16380.885040721041,-98657.94096627634,44704.59755989106,74733.43064812385,67861.66636144626,74733.43064812385,74733.43064812385,100431.75610157801,54053.15921137016,51420.48491243343,72431.40390786855
2026-07-09,112564.04600174166,57791.16915918072,86628.44868183765,112564.04600174166,-582092.7783136109,13293.547164463904,64472.465521234786,16380.885040721041,-98657.94096627634,44704.59755989106,75576.4591345673,68704.69484788971,75576.4591345673,75576.4591345673,100907.32773676701,54528.73084655916,51896.05654762243,72906.97554305755
2026-07-10,112564.04600174166,57791.16915918072,86628.44868183765,112564.04600174166,-582092.7783136109,13293.547164463904,64472.465521234786,16380.885040721041,-98657.94096627634,44704.59755989106,76938.00048108259,70066.236194405,76938.00048108259,76938.00048108259,101183.23155714106,54804.63466693321,52171.96036799648,73182.8793634316
2026-07-13,112564.04600174166,57791.16915918072,86628.44868183765,112564.04600174166,-582092.7783136109,13293.547164463904,64472.465521234786,16380.885040721041,-98657.94096627634,44704.59755989106,76863.82643540413,69992.06214872655,76863.82643540413,76863.82643540413,100927.7183055433,54549.12141533545,51916.44711639872,72927.36611183384
2026-07-14,112564.04600174166,57791.16915918072,86628.44868183765,112564.04600174166,-582092.7783136109,13293.547164463904,64472.465521234786,16380.885040721041,-98657.94096627634,44704.59755989106,77503.32374512451,70631.55945844692,77503.32374512451,77503.32374512451,101834.46938102995,55455.872490822105,52823.19819188537,73834.11718732049
2026-07-15,112564.04600174166,57791.16915918072,86628.44868183765,112564.04600174166,-582092.7783136109,13293.547164463904,64472.465521234786,16380.885040721041,-98657.94096627634,44704.59755989106,78077.45614032284,71205.69185364526,78077.45614032284,78077.45614032284,103169.91831141477,56791.32142120693,54158.647122270195,75169.56611770531
2026-07-16,112564.04600174166,57791.16915918072,86628.44868183765,112564.04600174166,-582092.7783136109,13293.547164463904,64472.465521234786,16380.885040721041,-98657.94096627634,44704.59755989106,76732.15689315926,69860.39260648168,76732.15689315926,76732.15689315926,102838.67719619768,56460.08030598983,53827.4060070531,74838.32500248821
2026-07-17,112564.04600174166,57791.16915918072,86628.44868183765,112564.04600174166,-582092.7783136109,13293.547164463904,64472.465521234786,16380.885040721041,-98657.94096627634,44704.59755989106,76455.7310791274,69583.96679244936,76455.7310791274,76455.7310791274,101969.05151195382,55590.45462174597,52957.78032280924,73968.69931824435
2026-07-20,112564.04600174166,57791.16915918072,86628.44868183765,112564.04600174166,-582092.7783136109,13293.547164463904,64472.465521234786,16380.885040721041,-98657.94096627634,44704.59755989106,74683.81316272309,67812.04887604527,74683.81316272309,74683.81316272309,103091.56831322378,56712.97142301593,54080.297124079196,75091.21611951431
2026-07-21,112564.04600174166,57791.16915918072,86628.44868183765,112564.04600174166,-582092.7783136109,13293.547164463904,64472.465521234786,16380.885040721041,-98657.94096627634,44704.59755989106,79393.88721454679,72522.12292786897,79393.88721454679,79393.88721454679,102106.14217050304,55727.54528029519,53094.87098135846,74105.78997679357
2026-07-22,112564.04600174166,57791.16915918072,86628.44868183765,112564.04600174166,-582092.7783136109,13293.547164463904,64472.465521234786,16380.885040721041,-98657.94096627634,44704.59755989106,76898.48097754922,70026.7166908714,76898.48097754922,76898.48097754922,102695.15802240139,56316.56113219354,53683.88683325681,74694.80582869193
2026-07-23,112564.04600174166,57791.16915918072,86628.44868183765,112564.04600174166,-582092.7783136109,13293.547164463904,64472.465521234786,16380.885040721041,-98657.94096627634,44704.59755989106,76340.42205433757,69468.65776765952,76340.42205433757,76340.42205433757,102378.42002092185,55999.82313071401,53367.148831777275,74378.06782721239
2026-07-24,112564.04600174166,57791.16915918072,86628.44868183765,112564.04600174166,-582092.7783136109,13293.547164463904,64472.465521234786,16380.885040721041,-98657.94096627634,44704.59755989106,71607.75947525701,64735.99518857896,71607.75947525701,71607.75947525701,103930.30477163219,57551.70788142434,54919.03358248761,75929.95257792273
2026-07-27,112564.04600174166,57791.16915918072,86628.44868183765,112564.04600174166,-582092.7783136109,13293.547164463904,64472.465521234786,16380.885040721041,-98657.94096627634,44704.59755989106,70575.90719392989,63704.14290725114,70575.90719392989,70575.90719392989,106748.59499145579,60369.99810124794,57737.323802311206,78748.24279774632
2026-07-28,112564.04600174166,57791.16915918072,86628.44868183765,112564.04600174166,-582092.7783136109,13293.547164463904,64472.465521234786,16380.885040721041,-98657.94096627634,44704.59755989106,72784.51007863414,65912.74579195515,72784.51007863414,72784.51007863414,106076.4569708379,59697.86008063005,57065.18578169332,78076.10477712844
2026-07-29,112564.04600174166,57791.16915918072,86628.44868183765,112564.04600174166,-582092.7783136109,13293.547164463904,64472.465521234786,16380.885040721041,-98657.94096627634,44704.59755989106,74003.39910870232,67131.63482202357,74003.39910870232,74003.39910870232,105925.68194183544,59547.0850516276,56914.41075269086,77925.32974812598
2026-07-30,112564.04600174166,57791.16915918072,86628.44868183765,112564.04600174166,-582092.7783136109,13293.547164463904,64472.465521234786,16380.885040721041,-98657.94096627634,44704.59755989106,71257.3954959861,64385.63120930665,71257.3954959861,71257.3954959861,106824.50068113231,60445.903790924465,57813.22949198773,78824.14848742285
2026-07-31,112564.04600174166,57791.16915918072,86628.44868183765,112564.04600174166,-582092.7783136109,13293.547164463904,64472.465521234786,16380.885040721041,-98657.94096627634,44704.59755989106,74731.83729721233,67860.07301053335,74731.83729721233,74731.83729721233,107316.54267450492,60937.94578429707,58305.27148536034,79316.19048079546
2026-08-03,112564.04600174166,57791.16915918072,86628.44868183765,112564.04600174166,-582092.7783136109,13293.547164463904,64472.465521234786,16380.885040721041,-98657.94096627634,44704.59755989106,73050.52080579544,66178.75651911576,73050.52080579544,73050.52080579544,108754.05935495975,62375.46246475191,59742.788165815175,80753.70716125029
2026-08-04,112564.04600174166,57791.16915918072,86628.44868183765,112564.04600174166,-582092.7783136109,13293.547164463904,64472.465521234786,16380.885040721041,-98657.94096627634,44704.59755989106,69977.73797182529,63105.97368514538,69977.73797182529,69977.73797182529,107669.7730341109,61291.17614390305,58658.50184496632,79669.42084040144
2026-08-05,112564.04600174166,57791.16915918072,86628.44868183765,112564.04600174166,-582092.7783136109,13293.547164463904,64472.465521234786,16380.885040721041,-98657.94096627634,44704.59755989106,69670.64980688924,62798.885520209325,69670.64980688924,69670.64980688924,108697.569866949,62318.97297674115,59686.298677804414,80697.21767323953
2026-08-06,112564.04600174166,57791.16915918072,86628.44868183765,112564.04600174166,-582092.7783136109,13293.547164463904,64472.465521234786,16380.885040721041,-98657.94096627634,44704.59755989106,70276.47257211711,63404.70828543673,70276.47257211711,70276.47257211711,108172.82681224798,61794.22992204013,59161.5556231034,80172.47461853852
2026-08-07,112564.04600174166,57791.16915918072,86628.44868183765,112564.04600174166,-582092.7783136109,13293.547164463904,64472.465521234786,16380.885040721041,-98657.94096627634,44704.59755989106,71123.95284239273,64252.18855571165,71123.95284239273,71123.95284239273,107767.60163116781,61389.004740959965,58756.33044202323,79767.24943745835
2026-08-10,112564.04600174166,57791.16915918072,86628.44868183765,112564.04600174166,-582092.7783136109,13293.547164463904,64472.465521234786,16380.885040721041,-98657.94096627634,44704.59755989106,69550.8674291044,62679.10314242309,69550.8674291044,69550.8674291044,108236.92061932129,61858.32372911344,59225.64943017671,80236.56842561183
2026-08-11,112564.04600174166,57791.16915918072,86628.44868183765,112564.04600174166,-582092.7783136109,13293.547164463904,64472.465521234786,16380.885040721041,-98657.94096627634,44704.59755989106,69404.85226075747,62533.08797407546,69404.85226075747,69404.85226075747,107759.82425690489,61381.22736669704,58748.55306776031,79759.47206319543
2026-08-12,112564.04600174166,57791.16915918072,86628.44868183765,112564.04600174166,-582092.7783136109,13293.547164463904,64472.465521234786,16380.885040721041,-98657.94096627634,44704.59755989106,69096.46534522041,62224.701058538165,69096.46534522041,69096.46534522041,107940.5848427487,61561.98795254086,58929.31365360413,79940.23264903924
2026-08-13,112564.04600174166,57791.16915918072,86628.44868183765,112564.04600174166,-582092.7783136109,13293.547164463904,64472.465521234786,16380.885040721041,-98657.94096627634,44704.59755989106,68325.12808271637,61453.3637960339,68325.12808271637,68325.12808271637,109954.95399227459,63576.357102066744,60943.68280313001,81954.60179856513
2026-08-14,112564.04600174166,57791.16915918072,86628.44868183765,112564.04600174166,-582092.7783136109,13293.547164463904,64472.465521234786,16380.885040721041,-98657.94096627634,44704.59755989106,69034.26815744792,62162.50387076498,69034.26815744792,69034.26815744792,110622.43822945654,64243.8413392487,61611.167040311964,82622.08603574708
2026-08-17,112564.04600174166,57791.16915918072,86628.44868183765,112564.04600174166,-582092.7783136109,13293.547164463904,64472.465521234786,16380.885040721041,-98657.94096627634,44704.59755989106,66220.97424335196,58828.073140630964,66220.97424335196,66220.97424335196,111212.52850410924,64833.9316139014,62201.25731496466,83212.17631039978
2026-08-18,112564.04600174166,57791.16915918072,86628.44868183765,112564.04600174166,-582092.7783136109,13293.547164463904,64472.465521234786,16380.885040721041,-98657.94096627634,44704.59755989106,66449.00363719254,58828.073140630964,66449.00363719254,66449.00363719254,113236.22422676696,66857.62733655912,64224.953037622385,85235.8720330575
2026-08-19,112564.04600174166,57791.16915918072,86628.44868183765,112564.04600174166,-582092.7783136109,13293.547164463904,64472.465521234786,16380.885040721041,-98657.94096627634,44704.59755989106,68676.13850304554,58828.073140630964,68676.13850304554,68676.13850304554,110770.55487300106,64391.95798279322,61759.28368385648,82770.2026792916
2026-08-20,112564.04600174166,57791.16915918072,86628.44868183765,112564.04600174166,-582092.7783136109,13293.547164463904,64472.465521234786,16380.885040721041,-98657.94096627634,44704.59755989106,67951.8397172396,58828.073140630964,67951.8397172396,67951.8397172396,114151.7282154439,67773.13132523606,65140.45702629932,86151.37602173444
2026-08-21,112564.04600174166,57791.16915918072,86628.44868183765,112564.04600174166,-582092.7783136109,13293.547164463904,64472.465521234786,16380.885040721041,-98657.94096627634,44704.59755989106,69366.88197060954,58828.073140630964,69366.88197060954,69366.88197060954,112625.09336581267,66246.49647560483,63613.822176668094,84624.74117210321
2026-08-24,112564.04600174166,57791.16915918072,86628.44868183765,112564.04600174166,-582092.7783136109,13293.547164463904,64472.465521234786,16380.885040721041,-98657.94096627634,44704.59755989106,67429.78268066538,56890.9738506868,67429.78268066538,67429.78268066538,112708.52633767761,66329.92944746977,63697.25514853303,84708.17414396815
2026-08-25,112564.04600174166,57791.16915918072,86628.44868183765,112564.04600174166,-582092.7783136109,13293.547164463904,64472.465521234786,16380.885040721041,-98657.94096627634,44704.59755989106,67088.47145364992,56549.66262367135,67088.47145364992,67088.47145364992,112710.44970540097,66331.85281519312,63699.17851625639,84710.0975116915
2026-08-26,112564.04600174166,57791.16915918072,86628.44868183765,112564.04600174166,-582092.7783136109,13293.547164463904,64472.465521234786,16380.885040721041,-98657.94096627634,44704.59755989106,66782.77874694322,56243.96991696465,66782.77874694322,66782.77874694322,112743.13447014592,66364.53757993807,63731.86328100134,84742.78227643645
2026-08-27,112564.04600174166,57791.16915918072,86628.44868183765,112564.04600174166,-582092.7783136109,13293.547164463904,64472.465521234786,16380.885040721041,-98657.94096627634,44704.59755989106,69784.87521901238,59246.066389033804,69784.87521901238,69784.87521901238,112687.30780588207,66308.71091567422,63676.03661673749,84686.9556121726
2026-08-28,112564.04600174166,57791.16915918072,86628.44868183765,112564.04600174166,-582092.7783136109,13293.547164463904,64472.465521234786,16380.885040721041,-98657.94096627634,44704.59755989106,70751.86226286273,60213.05343288393,70751.86226286273,70751.86226286273,112830.56087372825,66451.9639835204,63819.289684583666,84830.20868001878
2026-08-31,112564.04600174166,57791.16915918072,86628.44868183765,112564.04600174166,-582092.7783136109,13293.547164463904,64472.465521234786,16380.885040721041,-98657.94096627634,44704.59755989106,69666.75151437009,59127.942684390815,69666.75151437009,69666.75151437009,112867.97422978003,66489.37733957218,63856.703040635446,84867.62203607056
2026-09-01,112564.04600174166,57791.16915918072,86628.44868183765,112564.04600174166,-582092.7783136109,13293.547164463904,64472.465521234786,16380.885040721041,-98657.94096627634,44704.59755989106,69366.1637628479,58827.35493286885,69366.1637628479,69366.1637628479,113038.31720494688,66659.72031473904,64027.046015802305,85037.96501123742
2026-09-02,112564.04600174166,57791.16915918072,86628.44868183765,112564.04600174166,-582092.7783136109,13293.547164463904,64472.465521234786,16380.885040721041,-98657.94096627634,44704.59755989106,69905.51847651717,59366.709646538366,69905.51847651717,69905.51847651717,112961.20516166184,66582.608271454,63949.93397251726,84960.85296795238
2026-09-03,112564.04600174166,57791.16915918072,86628.44868183765,112564.04600174166,-582092.7783136109,13293.547164463904,64472.465521234786,16380.885040721041,-98657.94096627634,44704.59755989106,69790.83081201673,59252.021982037695,69790.83081201673,69790.83081201673,113054.1649985034,66675.56810829556,64042.89380935882,85053.81280479394
2026-09-04,112564.04600174166,57791.16915918072,86628.44868183765,112564.04600174166,-582092.7783136109,13293.547164463904,64472.465521234786,16380.885040721041,-98657.94096627634,44704.59755989106,70693.13574298075,60154.32691300288,70693.13574298075,70693.13574298075,113106.85660286131,66728.25971265347,64095.58541371673,85106.50440915185
2026-09-08,112564.04600174166,57791.16915918072,86628.44868183765,112564.04600174166,-582092.7783136109,13293.547164463904,64472.465521234786,16380.885040721041,-98657.94096627634,44704.59755989106,68634.71945051267,58095.91062053456,68634.71945051267,68634.71945051267,113409.44800415495,67030.85111394711,64398.176815010374,85409.09581044549
2026-09-09,112564.04600174166,57791.16915918072,86628.44868183765,112564.04600174166,-582092.7783136109,13293.547164463904,64472.465521234786,16380.885040721041,-98657.94096627634,44704.59755989106,68206.1665194463,57667.357689468656,68206.1665194463,68206.1665194463,113469.98311884911,67091.38622864126,64458.71192970453,85469.63092513965
2026-09-10,112564.04600174166,57791.16915918072,86628.44868183765,112564.04600174166,-582092.7783136109,13293.547164463904,64472.465521234786,16380.885040721041,-98657.94096627634,44704.59755989106,66293.67348952265,55754.86465954501,66293.67348952265,66293.67348952265,113590.15703620575,67211.56014599791,64578.885847061174,85589.80484249629
2026-09-11,112564.04600174166,57791.16915918072,86628.44868183765,112564.04600174166,-582092.7783136109,13293.547164463904,64472.465521234786,16380.885040721041,-98657.94096627634,44704.59755989106,68350.45936815324,57811.6505381763,68350.45936815324,68350.45936815324,113510.29529817309,67131.69840796525,64499.02410902851,85509.94310446363
2026-09-14,112564.04600174166,57791.16915918072,86628.44868183765,112564.04600174166,-582092.7783136109,13293.547164463904,64472.465521234786,16380.885040721041,-98657.94096627634,44704.59755989106,68660.0962622494,58121.287432272686,68660.0962622494,68660.0962622494,113669.7715704157,67291.17468020786,64658.50038127112,85669.41937670624
2026-09-15,112564.04600174166,57791.16915918072,86628.44868183765,112564.04600174166,-582092.7783136109,13293.547164463904,64472.465521234786,16380.885040721041,-98657.94096627634,44704.59755989106,68481.94827258121,57943.13944260357,68481.94827258121,68481.94827258121,113609.13918425841,67230.54229405057,64597.86799511383,85608.78699054895
2026-09-16,112564.04600174166,57791.16915918072,86628.44868183765,112564.04600174166,-582092.7783136109,13293.547164463904,64472.465521234786,16380.885040721041,-98657.94096627634,44704.59755989106,68547.33759548375,58008.528765505645,68547.33759548375,68547.33759548375,113667.82039524964,67289.2235050418,64656.54920610506,85667.46820154018
2026-09-17,112564.04600174166,57791.16915918072,86628.44868183765,112564.04600174166,-582092.7783136109,13293.547164463904,64472.465521234786,16380.885040721041,-98657.94096627634,44704.59755989106,70631.85180472769,60093.042974749114,70631.85180472769,70631.85180472769,113897.98735141335,67519.3904612055,64886.71616226877,85897.63515770389
2026-09-18,112564.04600174166,57791.16915918072,86628.44868183765,112564.04600174166,-582092.7783136109,13293.547164463904,64472.465521234786,16380.885040721041,-98657.94096627634,44704.59755989106,70581.63623362617,60042.82740364759,70581.63623362617,70581.63623362617,114457.08213326335,68078.4852430555,65445.81094411877,86456.72993955389
2026-09-21,112564.04600174166,57791.16915918072,86628.44868183765,112564.04600174166,-582092.7783136109,13293.547164463904,64472.465521234786,16380.885040721041,-98657.94096627634,44704.59755989106,69924.06701535173,59385.25818537339,69924.06701535173,69924.06701535173,114510.77036893973,68132.17347873189,65499.49917979515,86510.41817523027
2026-09-22,112564.04600174166,57791.16915918072,86628.44868183765,112564.04600174166,-582092.7783136109,13293.547164463904,64472.465521234786,16380.885040721041,-98657.94096627634,44704.59755989106,72286.3100407701,61747.50121079176,72286.3100407701,72286.3100407701,114531.15187966242,68152.55498945457,65519.880690517835,86530.79968595295
2026-09-23,112564.04600174166,57791.16915918072,86628.44868183765,112564.04600174166,-582092.7783136109,13293.547164463904,64472.465521234786,16380.885040721041,-98657.94096627634,44704.59755989106,73308.25628793356,62769.44745795522,73308.25628793356,73308.25628793356,114549.6739627861,68171.07707257825,65538.40277364152,86549.32176907663
2026-09-24,112564.04600174166,57791.16915918072,86628.44868183765,112564.04600174166,-582092.7783136109,13293.547164463904,64472.465521234786,16380.885040721041,-98657.94096627634,44704.59755989106,74727.62321742997,64188.814387451624,74727.62321742997,74727.62321742997,114583.8400639845,68205.24317377666,65572.56887483993,86583.48787027504
2026-09-25,112564.04600174166,57791.16915918072,86628.44868183765,112564.04600174166,-582092.7783136109,13293.547164463904,64472.465521234786,16380.885040721041,-98657.94096627634,44704.59755989106,71970.69907643343,61431.890246455325,71970.69907643343,71970.69907643343,114611.40662999055,68232.80973978271,65600.13544084597,86611.05443628109
2026-09-28,112564.04600174166,57791.16915918072,86628.44868183765,112564.04600174166,-582092.7783136109,13293.547164463904,64472.465521234786,16380.885040721041,-98657.94096627634,44704.59755989106,69779.64047003514,59240.83164005773,69779.64047003514,69779.64047003514,114705.02752032527,68326.43063011742,65693.75633118069,86704.6753266158
2026-09-29,112564.04600174166,57791.16915918072,86628.44868183765,112564.04600174166,-582092.7783136109,13293.547164463904,64472.465521234786,16380.885040721041,-98657.94096627634,44704.59755989106,69281.97124967189,58743.16241969471,69281.97124967189,69281.97124967189,114744.63719488773,68366.04030467989,65733.36600574316,86744.28500117827
2026-09-30,112564.04600174166,57791.16915918072,86628.44868183765,112564.04600174166,-582092.7783136109,13293.547164463904,64472.465521234786,16380.885040721041,-98657.94096627634,44704.59755989106,68506.71182745625,57967.90299747931,68506.71182745625,68506.71182745625,114721.68726786878,68343.09037766093,65710.4160787242,86721.33507415932
2026-10-01,112564.04600174166,57791.16915918072,86628.44868183765,112564.04600174166,-582092.7783136109,13293.547164463904,64472.465521234786,16380.885040721041,-98657.94096627634,44704.59755989106,69348.47600949649,58809.667179519776,69348.47600949649,69348.47600949649,114721.62229495565,68343.02540474781,65710.35110581107,86721.27010124619
2026-10-02,112564.04600174166,57791.16915918072,86628.44868183765,112564.04600174166,-582092.7783136109,13293.547164463904,64472.465521234786,16380.885040721041,-98657.94096627634,44704.59755989106,71154.09597630892,60615.28714633174,71154.09597630892,71154.09597630892,114894.83057600865,68516.2336858008,65883.55938686407,86894.47838229919
